Price,Close,High,Low,Open,Volume
Ticker,ABEV3.SA,ABEV3.SA,ABEV3.SA,ABEV3.SA,ABEV3.SA
Date,,,,,
2015-01-02,9.641022682189941,9.96600036867234,9.490569773221425,9.713239435690651,19396500
2015-01-05,9.466496467590332,9.610931691975859,9.352152512797918,9.574822742396407,13795900
2015-01-06,9.827583312988281,9.881746448436626,9.36418868269116,9.466496125954157,18610500
2015-01-07,9.965999603271484,10.062289365786995,9.713238689702141,9.833601466778786,20493500
2015-01-08,10.566515922546387,10.655953993766701,10.387638561603426,10.496242456014807,9054500
2015-01-09,10.540960311889648,10.636786980115478,10.413190608587076,10.521794490843604,11695700
2015-01-12,10.675119400024414,10.745392871832658,10.483466027732286,10.57290410566829,11265500
2015-01-13,10.675119400024414,10.853996774398844,10.643177577476534,10.668732010316777,19614100
2015-01-14,10.707058906555176,10.732612112457597,10.560124621735694,10.560124621735694,9324100
2015-01-15,10.726226806640625,10.853995297954512,10.611234311506546,10.662341951732554,12612300
2015-01-16,10.802888870239258,10.860385124259647,10.662343148468524,10.694284970256565,9191600
2015-01-19,10.60484504699707,10.796498381342522,10.566514623828416,10.739002137338451,6363500
2015-01-20,10.79649829864502,10.828441333126044,10.662341209331236,10.719837452894907,7114500
2015-01-21,10.917879104614258,10.988152560116262,10.75816759192944,10.828441047431445,9327600
2015-01-22,11.039260864257812,11.115921712629884,10.847606306323202,10.988153225842359,13341900
2015-01-23,10.879549026489258,10.994540295713671,10.85399459877127,10.892325021846073,7567000
2015-01-26,10.853992462158203,10.937043117390932,10.738999997067927,10.78371901826927,7286700
2015-01-27,10.834827423095703,10.879547666009952,10.713447562120255,10.777332404924296,10007400
2015-01-28,10.879549026489258,10.975375693427358,10.719837508758365,10.751779324903671,9768700
2015-01-29,11.282022476196289,11.320352902536635,10.828442312079067,10.91149177223353,17203000
2015-01-30,11.301187515258789,11.41618000481123,11.058425322092033,11.141475994991996,19490600
2015-02-02,11.173419952392578,11.262858030956979,11.039262834545974,11.19258577715742,9556100
2015-02-03,11.211750030517578,11.320353930428395,11.103146130606762,11.230915854679155,10228200
2015-02-04,11.077591896057129,11.307576890792605,11.000929824977876,11.192584393424866,12135600
2015-02-05,11.333127975463867,11.333127975463867,10.96259734153333,11.077589817322472,10794300
2015-02-06,11.441734313964844,11.448122921609714,11.083980815368317,11.237303743338257,10346700
2015-02-09,11.607833862304688,11.626999684257019,11.339518447483302,11.422567905605568,10351800
2015-02-10,11.524781227111816,11.582276240114485,11.390622947433807,11.537557219722455,10680600
2015-02-11,11.524781227111816,11.543945825278733,11.294796301093468,11.480060988217867,12420900
2015-02-12,11.556724548339844,11.620609393758665,11.473673883744752,11.556724548339844,10312000
2015-02-13,11.499229431152344,11.639775129983414,11.37784833486512,11.588667492362825,9207400
2015-02-18,11.626999855041504,11.7419911329378,11.531171962374518,11.582279603162517,12971300
2015-02-19,11.646162986755371,11.729213654102594,11.537559111495083,11.60144395903092,4536700
2015-02-20,11.607833862304688,11.690883320426954,11.531171792997611,11.684495931611762,5547500
2015-02-23,11.80587387084961,11.805873870849611,11.601443344367686,11.601443344367686,9354500
2015-02-24,11.80587387084961,11.88253592753136,11.729213032669914,11.805873870849611,10065500
2015-02-25,11.658939361572266,11.78032044131167,11.607831730919154,11.78032044131167,9801500
2015-02-26,11.812263488769531,11.812263488769533,11.55033670196924,11.748378639147036,15277800
2015-02-27,11.697272300720215,12.061414399909683,11.68449630418021,11.697272300720215,19534900
2015-03-02,11.620229721069336,11.767889801743317,11.575289802996465,11.755049475287947,9160400
2015-03-03,11.8320951461792,11.88987541481498,11.588133739823364,11.671594672084575,9012500
2015-03-04,11.755050659179688,11.825671237275744,11.55603047716114,11.645910322358992,12821800
2015-03-05,11.787151336669922,11.896291672176904,11.69085010423591,11.774311009075916,23429800
2015-03-06,11.703691482543945,11.838512485342669,11.626651959105656,11.793572559250144,7333600
2015-03-09,11.710110664367676,11.76147075052416,11.568870733567607,11.626650983558783,10550500
2015-03-10,11.363432884216309,11.742214061991605,11.13873199874466,11.671593468823607,13599600
2015-03-11,11.64591121673584,11.678012038572513,11.299230912547772,11.331330509863301,9992700
2015-03-12,11.581708908081055,11.793569377154693,11.453308104300321,11.748628238666864,11867600
2015-03-13,11.64591121673584,11.678012038572513,11.235030493395568,11.292810748180436,16727500
2015-03-16,11.556032180786133,11.78715321624865,11.530351521503082,11.716532627741495,8016300
2015-03-17,11.665173530578613,11.755053396707773,11.575293664449454,11.67159369594803,11610600
2015-03-18,11.8320951461792,12.005435952086541,11.607394237542437,11.645914008459144,14337800
2015-03-19,11.877031326293945,11.941231740529474,11.748630497822887,11.806410748182758,7329200
2015-03-20,11.986169815063477,12.133829887873649,11.921969410726616,11.979749652177704,16893900
2015-03-23,12.095314025878906,12.178773721199384,11.92197324576569,12.011853106037169,8901700
2015-03-24,11.973332405090332,12.12741267830858,11.825672296321322,12.101733245032786,8195300
2015-03-25,11.825672149658203,12.133832692272863,11.79999149217974,12.031112511401309,11088000
2015-03-26,11.607390403747559,11.79999041923884,11.568870645553508,11.767890824830639,16105200
2015-03-27,11.735793113708496,11.7935733725323,11.556032172420972,11.60739226642866,9339600
2015-03-30,11.973332405090332,11.973332405090332,11.729372278625062,11.729372278625062,7648500
2015-03-31,11.864191055297852,11.94765196155961,11.761470881838038,11.812830968567946,8654300
2015-04-01,12.165933609008789,12.198033206586079,11.825672241892192,11.973332349981579,19780900
2015-04-02,12.10173511505127,12.236554915754807,11.99901491703295,12.10173511505127,16451500
2015-04-06,12.352113723754883,12.441993578368482,12.14667335634027,12.191613283647069,10617600
2015-04-07,12.480515480041504,12.583235671274664,12.358534793756652,12.448414654955348,10859100
2015-04-08,12.474095344543457,12.641015961822665,12.390634423643217,12.608915136660546,11241600
2015-04-09,12.409893989562988,12.596075087999358,12.339273404015236,12.441993587800413,9188900
2015-04-10,12.531872749328613,12.576812669792604,12.358532006520944,12.384212660798077,10474500
2015-04-13,12.461251258850098,12.589652071758014,12.461251258850098,12.461251258850098,7812300
2015-04-14,12.275074005126953,12.544714789247015,12.23655301845183,12.531874460355308,9021900
2015-04-15,12.287908554077148,12.429149670482168,12.198028734198106,12.384209760542646,11306200
2015-04-16,12.262235641479492,12.281494913382538,12.153095277450586,12.223715873152042,10102200
2015-04-17,12.242972373962402,12.320013117701142,12.15951269072309,12.19803245033192,9685500
2015-04-20,12.127413749694824,12.313594861607283,12.037533888507442,12.198034340354209,9854000
2015-04-22,12.172351837158203,12.198032493335345,12.024691737702888,12.17877200120249,10326700
2015-04-23,12.108155250549316,12.230134720068573,12.011853993689112,12.14667501858059,11694800
2015-04-24,12.153092384338379,12.262232722385813,12.101732297287887,12.217292799281763,9154900
2015-04-27,12.069631576538086,12.230132002952267,12.011851325067294,12.191612243478765,12587700
2015-04-28,12.133835792541504,12.191616062110105,11.947655876337146,12.191616062110105,10194900
2015-04-29,12.10173511505127,12.140254883177802,12.024694354276855,12.05037501604211,8790600
2015-04-30,12.165933609008789,12.198033206586079,12.037532769657314,12.037532769657314,9396600
2015-05-04,12.416312217712402,12.506192058376808,12.198031555080854,12.217292045732224,9874100
2015-05-05,12.563976287841797,12.666696488163298,12.281495124696981,12.326436283793845,11569000
2015-05-06,12.737313270568848,13.026214512780136,12.544713258775328,12.67953302212659,19716900
2015-05-07,12.525452613830566,12.698793357026718,12.493351795912208,12.660272375524686,6641700
2015-05-08,12.762993812561035,12.788674469448576,12.53187402317875,12.698794619384417,10733600
2015-05-11,12.666692733764648,12.76299273995763,12.61533264882699,12.679533061129316,5292100
2015-05-12,12.480515480041504,12.705216357559516,12.467675150007043,12.634595766891243,12868700
2015-05-13,12.519033432006836,12.531873760181137,12.364953167478514,12.506193103832537,6990900
2015-05-14,12.454832077026367,12.628172820752708,12.403471992720895,12.551132082034002,7393500
2015-05-15,12.628171920776367,12.647432410213652,12.416311435049908,12.416311435049908,9548600
2015-05-18,12.377798080444336,12.685958723645056,12.358537581048711,12.570398176314399,11291500
2015-05-19,12.352113723754883,12.474094401102754,12.294333467354376,12.441993578368482,8007400
2015-05-20,11.864191055297852,12.255812481939047,11.78073137355715,12.19803223130277,11007100
2015-05-21,12.095314025878906,12.127413626112645,11.84493371539621,11.88345348058095,10942700
2015-05-22,12.0375337600708,12.191614045257158,11.934813569946565,12.120993455351273,12629700
2015-05-25,12.133835792541504,12.165936622591538,11.934815544317132,12.031115585424315,2710100
2015-05-26,11.896294593811035,12.133834590032883,11.84493449534242,11.992594625374522,10073800
2015-05-27,11.877031326293945,11.9219712489025,11.729371230716964,11.844931731436708,9311200
2015-05-28,11.864191055297852,11.902712038736075,11.652330544471855,11.748630554025297,8894300
2015-05-29,11.896294593811035,11.909133700037186,11.697273140788978,11.780734066126316,19991200
2015-06-01,11.941231727600098,11.986171650159994,11.86419098569667,11.877031313434083,11308900
2015-06-02,11.973506927490234,12.018691008515828,11.876686359001752,11.992871533644061,12307700
2015-06-03,11.889594078063965,11.986414630116222,11.676588371092954,11.986414630116222,20628200
2015-06-05,12.070327758789062,12.070327758789062,11.837957428146122,11.941232857067378,15198600
2015-06-08,11.915412902832031,12.14132835614689,11.915412902832031,12.044507799337715,17427000
2015-06-09,11.96059513092041,11.979958500607188,11.87668309181109,11.908957426522361,15863100
2015-06-10,12.109057426452637,12.154240279017621,11.947689392354611,12.057419704786884,10555700
2015-06-11,12.050962448120117,12.25751329386077,12.050962448120117,12.141328135346614,12381300
2015-06-12,12.096146583557129,12.14132943199574,12.01223575519118,12.025144261073438,13970800
2015-06-15,11.812137603759766,11.979960478546648,11.812137603759766,11.9605971056629,9410400
2015-06-16,12.089690208435059,12.180057125191086,11.921867341476874,11.97350505199169,13264500
2015-06-17,12.044507026672363,12.096144735733999,11.941231608549092,12.038052159147146,9599400
2015-06-18,12.050962448120117,12.218785318069436,11.915412686140218,12.096145291733366,11190200
2015-06-19,12.180057525634766,12.205875766170934,11.999324917320898,11.999324917320898,13488500
2015-06-22,12.231695175170898,12.367243707356607,12.18651109996883,12.251058547688762,10484300
2015-06-23,12.205875396728516,12.393062867295754,12.205875396728516,12.328515421198771,7479100
2015-06-24,12.199418067932129,12.347876302207593,12.1929632015106,12.276875233850568,6618200
2015-06-25,12.21233081817627,12.251058795134387,12.102600524178115,12.218785686192655,8910400
2015-06-26,12.354333877563477,12.418881324792178,12.173602502691299,12.1929658750618,10507500
2015-06-29,12.23814868927002,12.328515607628363,12.205875581303568,12.328515607628363,6181200
2015-06-30,12.257516860961914,12.373702053287513,12.225243743600586,12.263971730662282,19852600
2015-07-01,12.347879409790039,12.438246331294115,12.296241696562081,12.296241696562081,11488900
2015-07-02,12.289789199829102,12.483430334613761,12.276879462539375,12.412428010660575,9698500
2015-07-03,12.36078929901123,12.39306363964115,12.212331025534226,12.270423607527873,3145100
2015-07-06,12.40597152709961,12.444700733927311,12.231695020935543,12.244603525404628,7129500
2015-07-07,12.464064598083496,12.489884070320906,12.283333216982422,12.309151458079633,9841600
2015-07-08,12.328516006469727,12.48342914577259,12.322061138439583,12.418881696611347,8821900
2015-07-10,12.541522979736328,12.657708153604815,12.393064693633402,12.457610918102281,16642900
2015-07-13,12.612524032592773,12.74807256768159,12.606069164568517,12.631887405525353,10619500
2015-07-14,12.683526039123535,12.715800381587224,12.547977494196884,12.593160342505767,9391200
2015-07-15,12.748074531555176,12.748074531555176,12.60607110656611,12.60607110656611,9788200
2015-07-16,12.735161781311035,12.838437198901204,12.62543149622897,12.780344622614223,10172500
2015-07-17,12.715799331665039,12.838438129480135,12.664161619127057,12.70934446370527,11119200
2015-07-20,12.741616249084473,12.793253956259624,12.651250569312968,12.72225164721627,9206000
2015-07-21,12.664161682128906,12.812619952521635,12.56733989339086,12.767437107718646,7856200
2015-07-22,12.606066703796387,12.76743467948233,12.483426697555881,12.573792369975227,7946000
2015-07-23,12.38660717010498,12.573793396997191,12.36078770093913,12.476972849905353,13250100
2015-07-24,12.23814868927002,12.444700766131838,12.205875581303568,12.412426427025233,12659100
2015-07-27,12.057417869567871,12.289788197265649,12.031598397094692,12.218785879104615,11884500
2015-07-28,12.128419876098633,12.19942096129514,11.87023008256166,12.134873512910897,13952400
2015-07-29,12.012234687805176,12.231695273126359,11.986415216054366,12.03805292841581,13833800
2015-07-30,12.19296932220459,12.251061918020088,12.063875622390537,12.115513348544258,10116700
2015-07-31,12.567338943481445,12.573793810985432,12.238148087618653,12.276877292642576,13350700
2015-08-03,12.651252746582031,12.677070989042878,12.470520124795051,12.489884729995884,8680800
2015-08-04,12.735161781311035,12.741616648802932,12.560884052450092,12.560884052450092,9232200
2015-08-05,12.877166748046875,12.883620384571183,12.631886701359058,12.78034496422056,8460200
2015-08-06,12.831982612609863,12.948167767729911,12.722252325123165,12.793254637949886,13756600
2015-08-07,12.509247779846191,12.812620431095212,12.502794142753439,12.7545278481386,10133400
2015-08-10,12.612524032592773,12.715799458700497,12.547976583490398,12.59961429654426,8460300
2015-08-11,12.735161781311035,12.748071516294829,12.489882972319407,12.631886363720866,11079800
2015-08-12,12.199418067932129,12.683521969287689,12.121962133153575,12.586701435244553,26481200
2015-08-13,12.044507026672363,12.354333281042175,12.012233920186377,12.244602995393688,11600900
2015-08-14,11.979961395263672,12.134874545888687,11.979961395263672,12.057418586146321,8693600
2015-08-17,11.999324798583984,12.10260022198706,11.941232219027233,12.005779666439196,10787900
2015-08-18,12.057417869567871,12.412426998092622,11.915413233245804,11.967052178192162,18604700
2015-08-19,11.695953369140625,12.134873302017025,11.689498501300363,11.97996016727121,16872800
2015-08-20,11.928319931030273,11.954139396926566,11.57331089293552,11.650766828344608,13520800
2015-08-21,11.657224655151367,11.896049850781749,11.618496677611919,11.82504753267592,12298100
2015-08-24,11.670133590698242,11.676588458368654,10.947204416433694,11.198939331019272,26010200
2015-08-25,11.818592071533203,12.005779544004952,11.68304354137654,11.863774914918757,23538400
2015-08-26,12.173604011535645,12.199422254943046,11.896050815849303,11.954143402441343,14208800
2015-08-27,12.302696228027344,12.489883702820189,12.102600248635811,12.263968251950955,16167900
2015-08-28,12.418882369995117,12.42533723837526,12.14778405373041,12.27687895905275,11792500
2015-08-31,12.322061538696289,12.360789516994954,11.973506040587598,12.263968955678173,22414200
2015-09-01,12.0767822265625,12.263969723820798,12.018690871046118,12.038054245838142,14942800
2015-09-02,12.354333877563477,12.373698481074134,12.03805274039701,12.180057370528186,16775500
2015-09-03,12.670615196228027,12.702889535874764,12.238148894083139,12.444700974401735,19103600
2015-09-04,12.812620162963867,12.825529899159669,12.509247518063564,12.55443159474887,29001000
2015-09-08,12.657707214355469,13.025626083544509,12.554431785500308,12.954623764529002,12962200
2015-09-09,12.495095252990723,12.891868605098068,12.449564128774487,12.781292486017172,12570100
2015-09-10,12.469076156616211,12.644697244606698,12.065798240559896,12.111330598676986,15656500
2015-09-11,12.267437934875488,12.443057783896325,12.195888326359274,12.410535911278,12074800
2015-09-14,12.267437934875488,12.378014038659675,12.150357208441653,12.293455184844165,16419800
2015-09-15,12.397526741027832,12.48859021804425,12.234914895691995,12.319473750019387,12608700
2015-09-16,12.651203155517578,12.76828265213734,12.50159930201505,12.683725031140286,33098100
2015-09-17,12.677218437194824,12.859344138008312,12.527615847578298,12.534120469817692,15112200
2015-09-18,12.664210319519043,12.859345282173527,12.501598470955281,12.553634212870486,17755500
2015-09-21,12.573148727416992,12.748769830641624,12.495094490218262,12.527617605980238,8304700
2015-09-22,12.618680953979492,12.644699448867733,12.410537957394034,12.49509558452058,12341600
2015-09-23,12.469076156616211,12.644697244606698,12.423545039129026,12.631687999430387,14577900
2015-09-24,12.436553955078125,12.573147303923706,12.169869398543183,12.260932871736776,12388600
2015-09-25,12.553632736206055,12.826820659283701,12.384517525346858,12.553632736206055,8973300
2015-09-28,12.540630340576172,12.625187983817767,12.391026447717415,12.56664759979268,8048100
2015-09-29,12.59266185760498,12.703237963444154,12.48859037453634,12.54062611607066,9049600
2015-09-30,12.631688117980957,12.846335702884977,12.586157000066455,12.74876884440677,12317500
2015-10-01,12.813814163208008,12.885362532948434,12.586157327090413,12.625183823369733,11101400
2015-10-02,13.047972679138184,13.087000410955481,12.722749024439416,12.742262890348066,10206500
2015-10-05,13.23660659790039,13.3081549777842,13.132535099314737,13.223597350419654,7815300
2015-10-06,12.937397003173828,13.295143779230782,12.82682090739329,13.269125290515444,11701900
2015-10-07,13.008947372436523,13.106514229603818,12.904875892707423,13.080496979986492,14611300
2015-10-08,12.800804138183594,13.100009325824246,12.703237283110765,13.00894709317359,16584900
2015-10-09,12.872355461120605,12.976426952496727,12.605670868760503,12.976426952496727,10745500
2015-10-13,12.16336727142334,12.846336567360106,12.046286537118752,12.846336567360106,26310900
2015-10-14,11.968231201171875,12.397526360428907,11.90318621690841,12.16336615396227,33641900
2015-10-15,12.430049896240234,12.49509364208919,11.877169372114622,12.05929508612951,22550400
2015-10-16,12.547127723693848,12.657702562331309,12.26093059371494,12.456064267419407,12205300
2015-10-19,12.664210319519043,12.664210319519043,12.43005010121559,12.553634212870486,7638800
2015-10-20,12.735763549804688,12.73576354980469,12.501602024315007,12.638196661060755,8221200
2015-10-21,12.813814163208008,12.937398274864174,12.709742679376529,12.781291049116954,12448700
2015-10-22,12.787796974182129,12.96992270974899,12.683725479752514,12.820318850955106,15198200
2015-10-23,12.859345436096191,13.034966532398377,12.800805070662129,13.034966532398377,8648600
2015-10-26,12.800804138183594,12.924389482945106,12.729254532169579,12.878857125989907,7122600
2015-10-27,12.88536262512207,12.917885739445774,12.664210410240704,12.74876926685238,13534100
2015-10-28,12.77479076385498,12.787800013908567,12.651206610237015,12.768286138828188,1124700
2015-10-29,12.358502388000488,12.605671889883238,12.358502388000488,12.436556633170385,9370500
2015-10-30,12.417041778564453,12.527617893432367,12.16336767295043,12.273943787818345,11964400
2015-11-03,12.748770713806152,12.748770713806154,12.319475481048965,12.423546977436763,13504000
2015-11-04,12.748770713806152,12.87235608100295,12.52111385022156,12.807311085603052,10152800
2015-11-05,12.657706260681152,12.787796241580466,12.514608274195908,12.67722013000505,9123700
2015-11-06,12.338984489440918,12.644695505897916,12.267436132069271,12.599164394671487,8831000
2015-11-09,12.16336727142334,12.423545991750203,12.052791160205674,12.338987132250223,7940700
2015-11-10,12.130844116210938,12.156862608473308,11.838143522039251,12.078808372316194,10882400
2015-11-11,12.397526741027832,12.41053598640588,12.163366527372576,12.169869909431675,10527800
2015-11-12,12.28695297241211,12.55363635021091,12.22841259771187,12.39102447396139,9205400
2015-11-13,12.42354679107666,12.48208716199542,12.208899177917898,12.28695217872286,9777100
2015-11-16,12.391022682189941,12.514608037645285,12.286951195689646,12.397527305174957,13456500
2015-11-17,12.436553955078125,12.55363343667582,12.410535465414279,12.55363343667582,6661900
2015-11-18,12.469076156616211,12.631687999430387,12.40403117136456,12.436554284305338,8395900
2015-11-19,12.586159706115723,12.651204705962636,12.469078954517315,12.625186209771798,11994500
2015-11-23,12.397526741027832,12.683723936195284,12.378014113590684,12.59266169980879,13950500
2015-11-24,12.319474220275879,12.404031837201064,12.202393488664105,12.39102259132643,6897800
2015-11-25,12.098320007324219,12.286949078872412,11.99424853875354,12.176372988437345,18395700
2015-11-26,12.234916687011719,12.280447811871198,12.085314065150543,12.098323312433282,7722000
2015-11-27,12.078808784484863,12.234916021495987,12.06579953790976,12.20889876897582,9169000
2015-11-30,12.12433910369873,12.34549131830525,11.968231877028828,12.000754991312114,39865300
2015-12-01,12.182878494262695,12.215401605944436,12.033275902416252,12.15035662321081,21176800
2015-12-02,11.994251251220703,12.195889612097638,11.981242004549921,12.143853866044555,14178100
2015-12-03,12.195887565612793,12.410535137142384,12.072302224238229,12.391021270410663,12319500
2015-12-04,12.059297561645508,12.2804485760634,12.020269817368659,12.156864441077262,10060000
2015-12-07,12.098320007324219,12.215400719623675,12.033275029310104,12.124337254152007,8980300
2015-12-08,11.799118041992188,12.176377567593905,11.773100785380121,12.098324557127471,11347300
2015-12-09,12.02026653289795,12.169869123190582,11.870663942605319,11.961726173108687,16476700
2015-12-10,11.903186798095703,12.072303269186072,11.786107309460782,12.072303269186072,7703100
2015-12-11,11.890180587768555,12.085314338909418,11.818630966722843,11.844648221247562,12966500
2015-12-14,11.74057674407959,11.935711736219416,11.708054865704685,11.870666738839473,5611300
2015-12-15,11.61048698425293,11.890179580318698,11.61048698425293,11.805620718860196,7791500
2015-12-16,11.799118041992188,11.87066766877828,11.519425399788629,11.558453145652079,7726900
2015-12-17,11.805619239807129,12.254428261931364,11.70154776230439,12.00075419059717,12367200
2015-12-18,11.57796573638916,11.779605367402407,11.480398853341264,11.61048885782528,17657600
2015-12-21,11.708053588867188,11.903187319096306,11.57796360829444,11.57796360829444,10020100
2015-12-22,11.77364730834961,11.82612033600288,11.56375394668086,11.80644248148703,8177900
2015-12-23,11.9376220703125,11.97041723354393,11.740847337758058,11.839234078507637,17338900
2015-12-28,11.898269653320312,11.9507426795897,11.806442170112792,11.885152335044687,6944200
2015-12-29,11.9376220703125,11.996654364973303,11.839234078507637,11.86547120993701,5349200
2015-12-30,11.708053588867188,11.9966558141772,11.708053588867186,11.878591210593312,12124900
2016-01-04,11.28826904296875,11.629344312112675,11.28826904296875,11.629344312112675,13206900
2016-01-05,11.465363502502441,11.491600633450055,11.222676296513317,11.314503752719444,10774200
2016-01-06,11.353860855102539,11.46536618561372,11.281711230222754,11.386657276462035,7739100
2016-01-07,11.05213737487793,11.360416120260313,11.05213737487793,11.262029393100413,15316400
2016-01-08,11.196440696716309,11.281710132901674,11.10461322795247,11.10461322795247,10684000
2016-01-11,11.019344329833984,11.340742988311959,10.986549161118516,11.275151399825525,12772700
2016-01-12,11.137409210205078,11.176764914888937,11.006227281092123,11.111173324804698,9573800
2016-01-13,11.039022445678711,11.314506123065126,10.966871571512701,11.229237931732543,10709300
2016-01-14,11.05213737487793,11.111169661384892,10.835686074704105,11.111169661384892,12325600
2016-01-15,10.88160228729248,10.953753154212057,10.488054037544039,10.920956736950705,19870300
2016-01-18,10.652032852172852,10.861924927911359,10.652032852172852,10.842248327720533,9267800
2016-01-19,10.986547470092773,11.052139048483491,10.763536854197511,10.829128432588229,9628400
2016-01-20,10.848809242248535,10.979991183776477,10.69794819546072,10.842249957513792,12363400
2016-01-21,10.704505920410156,10.920957280894351,10.625797017173428,10.842248377657622,11049800
2016-01-22,11.05213737487793,11.05213737487793,10.770094506245803,10.770094506245803,15564500
2016-01-26,11.045580863952637,11.078376030881618,10.855365392809347,10.953753395707144,13892700
2016-01-27,11.688375473022461,11.780202939926413,11.01934356857976,11.025902852080815,28371900
2016-01-28,11.734288215637207,12.009771844142776,11.491601001867599,11.701493051956547,17343800
2016-01-29,12.23934268951416,12.23934268951416,11.780202856148861,11.872031573455159,20667000
2016-02-01,12.153475761413574,12.252552759556174,11.829823562237145,12.094029310561538,12665300
2016-02-02,11.876059532165527,12.153475885701237,11.83642898446968,11.96192718864432,16351800
2016-02-03,11.955323219299316,11.988348469419707,11.62506567876526,11.968533823280486,11406600
2016-02-04,12.127057075500488,12.338421696103392,12.054400014731046,12.113846471754679,18556300
2016-02-05,11.981743812561035,12.318606673223352,11.942113258316235,12.153477894065311,10973700
2016-02-10,11.849638938903809,11.889269484432196,11.605247845175366,11.862848280858385,11694700
2016-02-11,11.790193557739258,11.796798859230508,11.578828949349015,11.664695349070385,11956300
2016-02-12,11.83642864227295,11.935505638564399,11.7373516459815,11.876059188823056,9627500
2016-02-15,11.83642864227295,12.00816269043323,11.790192794659097,11.942110939628142,6378400
2016-02-16,11.86945629119873,12.041190374133347,11.810009829420109,11.876061593599978,10301800
2016-02-17,12.061001777648926,12.311996876009434,11.9024783587109,11.98834473819861,18798000
2016-02-18,12.153475761413574,12.153475761413574,11.948716463941217,11.968532367502691,9991500
2016-02-19,12.10063362121582,12.14686946590877,11.96192608713697,12.05439777652287,6644100
2016-02-22,12.278977394104004,12.430895584345707,12.179900368286926,12.32521325549646,14696300
2016-02-23,12.061001777648926,12.318602175944203,11.955319498356909,12.318602175944203,11394800
2016-02-24,12.008163452148438,12.008163452148438,11.790193542547796,11.928901094188005,10037500
2016-02-25,11.697721481323242,11.790194449361485,11.539198013042373,11.67790683518347,15404600
2016-02-26,11.644880294799805,11.843035574507484,11.56561919078276,11.816614366613447,9258400
2016-02-29,11.651484489440918,11.882664997212704,11.565618091610924,11.823218544933319,15340300
2016-03-01,12.054399490356445,12.146871192889504,11.671300817220608,11.743957874829416,17549200
2016-03-02,11.981743812561035,12.140267289372842,11.8562468474804,12.087426130435574,16032100
2016-03-03,12.179896354675293,12.27897334784377,11.988346409361556,12.067608759795732,21509400
2016-03-04,12.622441291809082,12.681887739010092,12.292183811728949,12.411076706130967,37209600
2016-03-07,12.66207504272461,12.807387917213706,12.51015686578156,12.68189095008647,17079300
2016-03-08,12.58281135559082,12.695098965885382,12.444103798079444,12.675284320430896,23245800
2016-03-09,12.318604469299316,12.714913720341368,12.272368620980348,12.70830841917689,21459800
2016-03-10,12.305392265319824,12.529967436352223,12.047791852595928,12.397865209754011,28065400
2016-03-11,12.034581184387207,12.40447044038182,11.915689559066305,12.232736412919794,22639400
2016-03-14,11.915690422058105,12.113844405109752,11.836428072938068,12.0543979582278,11003000
2016-03-15,12.087424278259277,12.087424278259277,11.757166770549107,11.823218524057623,12363100
2016-03-16,12.080820083618164,12.087424125036131,11.803403730264922,12.008163029696574,12644400
2016-03-17,12.371444702148438,12.37805000282351,12.100633673631851,12.351630059955502,26830900
2016-03-18,12.16668701171875,12.477128625053279,12.133661763856601,12.411078129328981,27248900
2016-03-21,12.371444702148438,12.404471205523805,12.100633673631851,12.100633673631851,14963100
2016-03-22,12.3780517578125,12.378051757812502,12.21292299702018,12.351631811198612,10495100
2016-03-23,12.549784660339355,12.609231109517024,12.285578919456576,12.311998863628679,19093200
2016-03-24,12.549784660339355,12.68188816069692,12.444102363986243,12.47712760915946,21128700
2016-03-28,12.747937202453613,12.794174304207333,12.596019076188012,12.648860218360056,12398500
2016-03-29,12.774357795715332,12.926275914753425,12.721516656057206,12.761147195842765,20856500
2016-03-30,12.648862838745117,12.880043356077097,12.629048193720854,12.880043356077097,11047600
2016-03-31,12.417678833007812,12.417678833007814,12.417678833007814,12.417678833007814,21000
2016-04-01,12.437496185302734,12.437496185302733,12.437496185302733,12.437496185302733,8300
2016-04-04,12.226131439208984,12.226131439208984,12.226131439208984,12.226131439208984,20700
2016-04-05,12.358237266540527,12.358237266540527,12.358237266540527,12.358237266540527,19000
2016-04-06,12.305392265319824,12.305392265319826,12.305392265319826,12.305392265319826,29400
2016-04-07,12.252553939819336,12.252553939819334,12.252553939819334,12.252553939819334,30500
2016-04-08,12.26576042175293,12.523360807141783,12.153472848152031,12.430889132352366,17390600
2016-04-11,12.02137279510498,12.02137279510498,12.02137279510498,12.02137279510498,74200
2016-04-12,12.153475761413574,12.153475761413574,12.153475761413574,12.153475761413574,30700
2016-04-13,12.087424278259277,12.087424278259277,12.087424278259277,12.087424278259277,149800
2016-04-14,12.3780517578125,12.444103514095922,12.12045129412287,12.146871240736758,16442600
2016-04-15,12.543179512023926,12.58281005868067,12.345025518907837,12.404471968809137,14996000
2016-04-18,12.523362159729004,12.62904570497252,12.417679874317704,12.543178060680704,13475900
2016-04-19,12.629047393798828,12.629047393798826,12.629047393798826,12.629047393798826,1900
2016-04-20,12.681889533996582,12.734730687895214,12.556391321050148,12.556391321050148,13665600
2016-04-22,12.655466079711914,12.847016015973391,12.45731210273931,12.45731210273931,12394900
2016-04-25,12.635649681091309,12.701701424094958,12.582808538654833,12.681886783076411,5665400
2016-04-26,12.708308219909668,12.714913520970574,12.589415320478064,12.688492316726947,13162400
2016-04-27,12.78757095336914,12.833806802339119,12.662072749141776,12.767755049596696,17990800
2016-04-28,12.853622436523438,12.899859548887923,12.721520180693817,12.76775603322581,12272300
2016-04-29,12.80738639831543,12.899859361871274,12.602627085856911,12.76775584812434,23867000
2016-05-02,12.886648178100586,12.939489329252838,12.780965875796081,12.780965875796081,10854600
2016-05-03,12.939491271972656,13.018752380684994,12.688494821440838,12.794178399444966,14425300
2016-05-04,12.946093559265137,12.959304160918053,12.60923077610963,12.734728972147716,19044400
2016-05-05,12.642257690429688,12.939489967722619,12.622443045165147,12.932884666023611,11528900
2016-05-06,12.44410228729248,12.71491332750735,12.430891685371673,12.609231031805564,11022900
2016-05-09,12.477128982543945,12.58941659225791,12.285580271756881,12.404473183199018,18522300
2016-05-10,12.609231948852539,12.62244255173413,12.424287288007548,12.615837250293335,12276100
2016-05-11,12.457314491271973,12.68849375545496,12.424287982222614,12.68188971347759,10657200
2016-05-12,12.668678283691406,12.72151943489193,12.424287171993726,12.529969474394772,23591900
2016-05-13,12.391260147094727,12.714912309240992,12.358233644937615,12.714912309240992,10196700
2016-05-16,12.397865295410156,12.457311738731338,12.285577709118169,12.285577709118169,7024100
2016-05-17,12.259160995483398,12.397869833954674,12.173294579159416,12.364843320112616,11191800
2016-05-18,12.153475761413574,12.331815113969684,12.133661117684484,12.212922212265612,12833200
2016-05-19,12.285579681396484,12.338420832850197,12.087424418570738,12.100635021392273,12403900
2016-05-20,12.245949745178223,12.358236095279377,12.226133839954937,12.285580295792306,7364900
2016-05-23,12.179896354675293,12.226132200831762,12.094028703385577,12.100634004241117,8850200
2016-05-24,12.345026969909668,12.378052219366596,12.173292901102121,12.25255400373175,7050400
2016-05-25,12.536572456359863,12.662070639679616,12.338418490976833,12.384654332244063,21104900
2016-05-27,12.747937202453613,12.800778344625659,12.503547392344986,12.516757992846047,15279900
2016-05-30,12.648862838745117,12.72151989672066,12.596021685626305,12.675284045220756,3844200
2016-05-31,12.622441291809082,12.701702381522225,12.516758998970024,12.615835991027604,21746000
2016-06-01,12.774357795715332,12.794173695524183,12.483730897679568,12.543177337273978,12661800
2016-06-02,12.734731674194336,12.754546321045655,12.596022847072188,12.747941018817688,12179300
2016-06-03,12.88004207611084,12.932883223978514,12.72812393347032,12.774359780375493,15233800
2016-06-06,12.827201843261719,12.946094749403205,12.76115008875729,12.866832392031403,8504300
2016-06-07,12.609231948852539,12.820596555628281,12.52996959139542,12.79417660969753,12665600
2016-06-08,12.728123664855957,12.774359510785366,12.536573720482897,12.582809566412307,16188400
2016-06-09,12.655466079711914,12.7413337269437,12.576204992855777,12.681887281885468,8340900
2016-06-10,12.364842414855957,12.648864113940398,12.364842414855957,12.648864113940398,12874500
2016-06-13,12.490337371826172,12.516758574055151,12.265762192208902,12.265762192208902,8294300
2016-06-14,12.26576042175293,12.477124969747075,12.166683447359686,12.450705031163848,16105600
2016-06-15,12.206315994262695,12.391260634114781,12.087423101488662,12.285578342722815,18867800
2016-06-16,12.331815719604492,12.404472776399146,12.100635206029866,12.100635206029866,10088500
2016-06-17,12.292183876037598,12.411076771061623,12.14026447693339,12.39786616942955,15921800
2016-06-20,12.278977394104004,12.444106190410048,12.21953092664721,12.371449116888913,12846800
2016-06-21,12.272367477416992,12.345024523623549,12.212921032308401,12.325208621976598,13354000
2016-06-22,12.10063362121582,12.298788861112826,12.047792475876408,12.27897295917344,15328400
2016-06-23,12.226131439208984,12.31860312576143,12.140263793268366,12.153474394156497,7669300
2016-06-24,12.206315994262695,12.2459477984089,11.935504965091747,11.955320867164849,11737100
2016-06-27,12.358237266540527,12.463920844581805,12.034585009547406,12.074216823750113,10192500
2016-06-28,12.38465690612793,12.510155115529779,12.32521045219192,12.483733909410464,13551900
2016-06-29,12.562996864318848,12.635652664931138,12.404473399574975,12.49694510571744,14591200
2016-06-30,12.58281135559082,12.622443166164778,12.41768259103014,12.54978610661168,15328300
2016-07-01,12.695097923278809,12.695097923278809,12.54317977471932,12.602626225865622,22773000
2016-07-04,12.589414596557617,12.741333992558038,12.53657345094121,12.69509688779043,6702100
2016-07-05,12.741333961486816,12.761148603649469,12.523362819039361,12.52996811970434,13405900
2016-07-06,12.668678283691406,12.734730037650165,12.529969474394772,12.701703530754575,11263900
2016-07-07,12.615839004516602,12.74794127220395,12.556392543115884,12.668680163558063,8916400
2016-07-08,12.813992500305176,12.926280116053436,12.615838477141212,12.668679633973774,12468900
2016-07-11,12.813992500305176,12.847019010720873,12.688494280390637,12.847019010720873,10316000
2016-07-12,12.83393669128418,12.893784168288267,12.77408921428009,12.873835854841053,7635600
2016-07-13,12.700948715209961,12.780744539781097,12.64775107605195,12.734196764059307,11305800
2016-07-14,12.700948715209961,12.767446081240417,12.641101212615728,12.767446081240417,16513300
2016-07-15,12.60119915008545,12.700944532113795,12.534701805956104,12.694294670867725,9036700
2016-07-18,12.674345016479492,12.700944461315498,12.574599635007154,12.601199079843159,11617600
2016-07-19,12.747496604919434,12.760796331910804,12.614501871669288,12.667699511302992,8953000
2016-07-20,12.714245796203613,12.807341328273688,12.641098581959126,12.714245796203613,9986500
2016-07-21,12.767444610595703,12.800692655615302,12.601201848834465,12.71424697756537,7734400
2016-07-22,12.89378833770752,12.940336108577974,12.707597254225703,12.794042933223457,8907900
2016-07-25,12.89378833770752,12.913737925936983,12.760794887839312,12.847240566837066,9501100
2016-07-26,12.867191314697266,12.980236454855612,12.76744590122384,12.900439363077826,7397400
2016-07-27,12.847238540649414,12.933685474344918,12.807340638814567,12.933685474344918,6281700
2016-07-28,12.927037239074707,12.94033569580519,12.780742800055082,12.833940431971785,7435300
2016-07-29,12.50145149230957,12.674344065780964,12.44160401424904,12.581248552500693,32575600
2016-08-01,12.634448051452637,12.674345953324423,12.388408241858519,12.561300841078168,10216200
2016-08-02,12.528055191040039,12.614500872976468,12.44825810374115,12.587902689431289,7872000
2016-08-03,12.395059585571289,12.521404436325007,12.361811541424744,12.468206804691587,11627000
2016-08-04,12.448257446289062,12.508104941519479,12.27536482321582,12.461557171525069,11247300
2016-08-05,12.700948715209961,12.700948715209961,12.448258977960583,12.481508295141692,12098200
2016-08-08,12.800692558288574,12.847240328294747,12.627799935171636,12.627799935171636,11238300
2016-08-09,12.807341575622559,12.860539204737368,12.714246041754524,12.800691713441767,7200700
2016-08-10,12.747496604919434,12.833942293699787,12.687649101790047,12.820643835040192,12055400
2016-08-11,12.966934204101562,12.966934204101562,12.64109857373674,12.80734131994317,18475900
2016-08-12,13.119877815246582,13.153127126979541,12.927036880521648,12.946985199229868,15349800
2016-08-15,13.259526252746582,13.326023627263586,13.053384264910672,13.079983722050246,8758700
2016-08-16,13.299419403076172,13.359266891856532,13.10657721293246,13.10657721293246,11591800
2016-08-17,13.332667350769043,13.35261693633311,13.173074471250894,13.25952140703039,25444800
2016-08-18,13.246221542358398,13.345966932454347,13.166424469282772,13.3326672088865,9435800
2016-08-19,13.199670791625977,13.27281671803613,13.133173457163977,13.179721210788028,6210900
2016-08-22,13.026782035827637,13.226272829174366,12.986884130824597,13.199674648616185,10928000
2016-08-23,13.02013111114502,13.113226637999237,12.973583347717911,13.066678874572128,12252200
2016-08-24,13.02013111114502,13.073328736251918,12.940334039318957,12.966933486038121,8370100
2016-08-25,12.840588569641113,13.12652627840805,12.807340529783692,13.026780890504366,14061800
2016-08-26,12.760793685913086,12.91373670960521,12.694296333076485,12.91373670960521,11069700
2016-08-29,12.79404354095459,12.8804904923903,12.661050084769048,12.740845904814035,13283200
2016-08-30,12.79404354095459,12.847241177095146,12.720896315636942,12.807343267072651,7788900
2016-08-31,12.760793685913086,12.800691590282442,12.661048290823942,12.780742003932009,17650700
2016-09-01,13.079977989196777,13.119875889087268,12.627797562666647,12.667695462557138,28002900
2016-09-02,13.193023681640625,13.212973266637379,13.079978569988537,13.146475918312957,16656100
2016-09-05,13.219623565673828,13.286120922578272,13.139827752053764,13.24622301576824,4211500
2016-09-06,13.299419403076172,13.299419403076172,13.186374287416765,13.232922052394496,12495900
2016-09-08,13.299419403076172,13.299419403076172,13.126526798636405,13.259521499999755,18376900
2016-09-09,13.1331787109375,13.219624392487864,13.07333121281353,13.166426757303409,17325700
2016-09-12,13.1331787109375,13.19302620906147,13.033433303508106,13.033433303508106,14239000
2016-09-13,12.913737297058105,13.119877958730656,12.847239941196504,13.033432283942673,15077600
2016-09-14,13.07332992553711,13.166425460860259,12.80069191352085,12.87383913032135,11980200
2016-09-15,13.119877815246582,13.193025032727535,13.079979909498588,13.119877815246582,5414000
2016-09-16,12.920387268066406,13.086630024951809,12.85388991164593,13.079980162476602,12445900
2016-09-19,12.933685302734375,13.026780828557591,12.867187955004331,13.020130966951445,6147800
2016-09-20,12.960285186767578,13.013482818287644,12.8937878302846,13.000183093324733,8266200
2016-09-21,12.940338134765625,13.040084823199575,12.827294255426564,12.93368953931307,9508100
2016-09-22,13.079977989196777,13.113226027716959,12.993532328045486,13.086627850567089,10250100
2016-09-23,13.119877815246582,13.179725308034351,13.040082003750594,13.166425583341168,9332800
2016-09-26,13.046731948852539,13.060030405298518,12.96028500613007,13.040082086463766,7883300
2016-09-27,13.099926948547363,13.139824846535047,12.940332819934007,13.079977365387867,7263100
2016-09-28,13.199670791625977,13.239568684970711,13.093275563819242,13.159772898281242,8373900
2016-09-29,13.113228797912598,13.239573653976352,13.040082844049698,13.206325608432456,9568300
2016-09-30,13.179725646972656,13.279471048073535,13.113228290128205,13.113228290128205,8749600
2016-10-03,13.1331787109375,13.186376346121955,13.07333121281353,13.106579259179439,14082500
2016-10-04,12.993534088134766,13.153126977646371,12.960284776779302,13.153126977646371,15795000
2016-10-05,13.026782035827637,13.126527432501002,13.000182586937921,13.046731622494923,8711300
2016-10-06,13.066681861877441,13.113229635946304,12.953636724139468,13.026783951008662,13265700
2016-10-07,13.066681861877441,13.12652936234647,12.973586313739718,13.113229635946304,10876200
2016-10-10,13.086630821228027,13.153128181694639,13.053381506828893,13.119878867295505,6074500
2016-10-11,12.933685302734375,13.08662831468149,12.8937861330975,13.05337900665076,14587500
2016-10-13,12.787391662597656,12.913736504143863,12.581251013582312,12.833939428343234,21987200
2016-10-14,12.986884117126465,13.020132159872007,12.754144012913079,12.807341642304864,20405600
2016-10-17,13.006832122802734,13.126527103140088,12.867188824630153,12.95363449468963,9686900
2016-10-18,13.066681861877441,13.139829088746636,12.933688402870938,13.006834361408414,12342400
2016-10-19,13.086630821228027,13.119878867295505,13.026783323641244,13.060031369708721,5848100
2016-10-20,13.066681861877441,13.12652936234647,12.993535903339966,13.093281314677773,4586500
2016-10-21,13.1331787109375,13.206325934940502,12.966935942444621,13.079981075753045,21287800
2016-10-24,13.099926948547363,13.173072883469567,13.060027782228369,13.113225402322385,10105400
2016-10-25,12.986884117126465,13.079979651479208,12.946984943833979,13.046731608733666,9277400
2016-10-26,12.993534088134766,13.046731717971968,12.88048896618927,12.960284776779302,9041700
2016-10-27,12.966934204101562,13.046731280346508,12.920386438096802,12.9735840661496,7798300
2016-10-28,12.700948715209961,12.82729358383465,12.448258977960583,12.501456617118595,35116800
2016-10-31,12.521402359008789,12.754142434417481,12.521402359008789,12.714244534394423,17591900
2016-11-01,12.293377876281738,12.635419641515252,12.29337787628174,12.601886661849706,19058400
2016-11-03,12.004987716674805,12.414096654691415,11.991574015283874,12.293375900574974,22712800
2016-11-04,11.884267807006836,12.145829885911668,11.857441681519788,12.065348951048398,20353300
2016-11-07,12.065348625183105,12.139122706881832,11.917801740986683,12.0318156494297,11219400
2016-11-08,12.11229419708252,12.165947720910093,11.931214353665032,12.072054374012069,8057800
2016-11-09,12.025108337402344,12.132415390740377,11.74342700258976,11.924508134798058,14829200
2016-11-10,12.105589866638184,12.226310640180031,11.743428825213817,12.098884294064684,28019700
2016-11-11,11.7031888961792,12.139124024288776,11.662947785866685,11.844028944669502,23948700
2016-11-14,11.602584838867188,11.797079658181808,11.528812044645163,11.662945211813042,20266800
2016-11-16,11.958039283752441,11.971452983172206,11.5891715041144,11.636118172882792,11543000
2016-11-17,11.8172025680542,12.025109850151079,11.803788864899268,12.025109850151079,7932600
2016-11-18,11.615999221801758,11.837320175872541,11.4349180923254,11.817200903175808,14795900
2016-11-21,11.7031888961792,11.7501355790093,11.602587399599079,11.622707954755336,10984000
2016-11-22,11.515400886535645,11.890975628406252,11.481867907140494,11.830615242134044,12788200
2016-11-23,11.83061408996582,11.83061408996582,11.42150640854253,11.508692913999644,11650500
2016-11-24,11.636120796203613,11.837321216056845,11.622707093759779,11.82390751361301,5978100
2016-11-25,11.555642127990723,11.636123079243246,11.434921340712602,11.569055833066365,6446100
2016-11-28,11.770254135131836,11.770254135131836,11.508693330102579,11.569053712678729,8694400
2016-11-29,11.441624641418457,11.72330596455776,11.441624641418457,11.716599114101951,13470600
2016-11-30,11.501985549926758,11.917801343071138,11.461745724526006,11.595880181463157,20399300
2016-12-01,11.153236389160156,11.44162456072128,11.066049892251428,11.401384737471167,28765600
2016-12-02,11.206892013549805,11.206892013549806,10.905091363811083,11.133119203632068,22659500
2016-12-05,11.03922176361084,11.31419749544688,10.998981943010788,11.253837124946386,9090100
2016-12-06,11.233716011047363,11.233716011047363,10.931914173697127,10.985567691537083,11012400
2016-12-07,11.159944534301758,11.327611976363748,11.146532111129607,11.287372148445169,10908100
2016-12-08,11.03922176361084,11.30078379551325,11.012395642944416,11.240423425012759,10189000
2016-12-09,11.159944534301758,11.267251594885346,11.01239764579959,11.092878580837814,14663500
2016-12-12,10.804489135742188,11.099582878877369,10.750835611608434,11.005689531443531,12483300
2016-12-13,10.925211906433105,10.965451737179126,10.744130749274278,10.831317262424184,19703600
2016-12-14,10.838024139404297,11.04593142447918,10.737423922703622,10.918505080285533,20370100
2016-12-15,10.945330619812012,11.086171938988103,10.744130197218842,10.79778372852376,15837600
2016-12-16,11.186772346496582,11.206891621588131,10.958744514650883,10.992277492604204,23240300
2016-12-19,10.931916236877441,11.233718131186743,10.918503814286701,11.133117926150645,13277100
2016-12-20,10.998985290527344,11.086173087430502,10.791077995083322,10.965452309688418,13460100
2016-12-21,10.95874309539795,11.072756996555002,10.898382719538276,10.972156796522532,10466100
2016-12-22,10.75479507446289,11.040320664787522,10.734400574676691,11.026723899377084,13056700
2016-12-23,10.877164840698242,10.917953845786315,10.781989414943496,10.802384565817079,6730800
2016-12-26,10.999533653259277,11.094708435016305,10.890762103634344,10.890762103634344,2621500
2016-12-27,10.951944351196289,11.074312647335075,10.924750820205926,11.013128499265681,5663900
2016-12-28,11.033523559570312,11.081110947357715,10.958743934472569,10.965541021305853,5002400
2016-12-29,11.149093627929688,11.149093627929688,10.985936312007876,11.067515618298325,8687000
2017-01-02,11.087909698486328,11.325847941971602,11.053919076556621,11.108304849639618,4265400
2017-01-03,11.312251091003418,11.332646242006104,11.176287307629476,11.217076312975747,9535500
2017-01-04,11.223876953125,11.325850135321224,11.169491169509723,11.325850135321224,9426500
2017-01-05,11.28505802154541,11.387031175727587,11.203478720204265,11.230672252870981,11555800
2017-01-06,11.18988037109375,11.312248657467315,11.121899142360723,11.2782580431008,7863200
2017-01-09,11.237472534179688,11.380234714817155,11.128700978458028,11.18988384397464,8753100
2017-01-10,11.108304977416992,11.33264645604731,11.0879098260291,11.298655833726615,7887800
2017-01-11,11.155892372131348,11.210278145863345,10.992735050935355,11.17628752352802,9694800
2017-01-12,11.509400367736816,11.570584524300283,11.25106697410015,11.291857276248532,18340400
2017-01-13,11.631769180297852,11.64536465160529,11.400629311502305,11.618172412331253,10099300
2017-01-16,11.590978622436523,11.69295308329257,11.48900545823961,11.652162780286499,8201000
2017-01-17,11.692954063415527,11.692954063415527,11.421023873884602,11.54339219984167,18257800
2017-01-18,11.733742713928223,11.924093581440028,11.590979239129567,11.706549177144021,18812200
2017-01-19,11.760934829711914,11.896899918877041,11.658961661167663,11.740540973998577,10832000
2017-01-20,11.79492473602295,11.896897887152463,11.672556436003946,11.896897887152463,9858700
2017-01-23,11.788128852844238,11.828917862613947,11.672558911280698,11.767733699629764,6555000
2017-01-24,11.80860424041748,11.910992028433574,11.692565875658739,11.794953663674832,11136000
2017-01-26,11.8154296875,11.924642108380082,11.808603748455651,11.849559382721745,7789000
2017-01-27,11.82225513458252,11.870035403989922,11.61748217943231,11.80860325706192,13214700
2017-01-30,11.583353042602539,11.822255703041598,11.528746831809162,11.767649492248221,6124600
2017-01-31,11.740346908569336,11.774475301721472,11.542398582925665,11.556050460952417,7057100
2017-02-01,11.82225513458252,11.897339159031121,11.760822987654517,11.788126742695717,10992500
2017-02-02,11.713044166564941,11.835908475613119,11.678915770458163,11.767650381484703,6398900
2017-02-03,11.842733383178711,11.87686177631136,11.562876393363807,11.65161099665754,13562500
2017-02-06,11.651612281799316,11.870037146535337,11.624309824664758,11.870037146535337,6596100
2017-02-07,11.617483139038086,11.781301777072636,11.617483139038086,11.67208935171627,9300200
2017-02-08,11.576528549194336,11.67209040645261,11.474142053910043,11.624310128780934,13096700
2017-02-09,11.528746604919434,11.658436841219391,11.487792273109086,11.597004692546502,11002200
2017-02-10,11.69939136505127,11.760823514732442,11.460490007307556,11.528746794140185,12688200
2017-02-13,11.774476051330566,11.856386022791044,11.644785805649326,11.7471722935388,9005500
2017-02-14,11.863211631774902,11.965599429963504,11.760825135501237,11.79495483553575,10668300
2017-02-15,12.300061225891113,12.341015559179942,11.917816442146119,11.945120198948525,18161900
2017-02-16,12.2659330368042,12.327365195242002,12.184024360163754,12.211326818405588,12169400
2017-02-17,12.218151092529297,12.293235120807964,12.149893003359125,12.252280788071765,7025800
2017-02-20,12.17719841003418,12.293236786774443,12.136244071747894,12.272758966673829,3507600
2017-02-21,12.334189414978027,12.354667232239478,12.184022660804997,12.23862887158744,8323600
2017-02-22,12.477532386779785,12.559441057607406,12.361494018178279,12.368319957733057,11232800
2017-02-23,12.375144004821777,12.689130699783577,12.36149342827849,12.498008307114883,10925500
2017-02-24,12.17719841003418,12.347843005127805,12.143070011781433,12.286410846740905,12946300
2017-03-01,12.224977493286133,12.395622071698183,12.163545340904609,12.279583706301397,8762400
2017-03-02,11.747171401977539,11.924641908410276,11.706217070312977,11.808603550431746,19515700
2017-03-03,11.870038032531738,11.904167733891036,11.658439091764036,11.788129353099395,12016300
2017-03-06,11.774476051330566,11.863210660324157,11.610657410324443,11.835908204447218,11989900
2017-03-07,11.48096752166748,11.753998598501484,11.48096752166748,11.740348021095935,17651100
2017-03-08,11.685741424560547,11.760824154544036,11.433186873030191,11.487793086615833,21297600
2017-03-09,11.80860424041748,11.863210453132487,11.644785602272458,11.672089359587364,13084700
2017-03-10,11.80860424041748,11.92464260517622,11.774475845688652,11.842733937061114,12386500
2017-03-13,11.849559783935547,11.938294390687043,11.808604148282736,11.842733844660078,6258700
2017-03-14,11.672089576721191,11.883688492188831,11.672089576721191,11.815430399546576,7321400
2017-03-15,11.80860424041748,11.835907997732386,11.61065720754363,11.61065720754363,12800100
2017-03-16,11.794952392578125,11.87003511327313,11.692564615595968,11.815428906442824,5855300
2017-03-17,11.747171401977539,11.917815969480396,11.672088677578298,11.835907306151272,17182600
2017-03-20,12.040681838989258,12.136243694573945,11.685742081680802,11.842734791828283,14252900
2017-03-21,11.89051342010498,12.081635802861326,11.86320966460491,12.081635802861326,10175600
2017-03-22,11.8154296875,11.924642108380082,11.706217266619916,11.856385321766094,8537200
2017-03-23,11.904167175292969,12.006553670736448,11.692566942539534,11.733522582248865,9162800
2017-03-24,12.033856391906738,12.033856391906738,11.890515555532815,11.89734149563371,7812100
2017-03-27,12.14306926727295,12.170371723818208,11.945120924181662,11.965598743026753,8736700
2017-03-28,12.245454788208008,12.245454788208008,12.074810217086604,12.115764549619609,9862500
2017-03-29,12.409274101257324,12.409274101257324,12.204499823525078,12.245455460220423,9521200
2017-03-30,12.47070598602295,12.511660319922154,12.33418980380587,12.40244789491441,9191600
2017-03-31,12.450228691101074,12.538964603844063,12.402448415892476,12.436576811922944,12291400
2017-04-03,12.286409378051758,12.45022801352934,12.286409378051758,12.422925558573803,13499300
2017-04-04,12.361493110656738,12.361493110656738,12.20449911625232,12.293235022035002,5538800
2017-04-05,12.204501152038574,12.409275452061403,12.15672087260774,12.341017352053793,8734100
2017-04-06,12.272759437561035,12.320539717714116,12.129418597101791,12.204501336521638,9731500
2017-04-07,12.320539474487305,12.375145693857812,12.231804856228342,12.28641107559885,8071400
2017-04-10,12.286409378051758,12.381969923268318,12.224977227008317,12.35466746831278,15477000
2017-04-11,12.027030944824219,12.327364477574456,11.876862876534235,12.28641014163849,24885700
2017-04-12,12.0611572265625,12.163543699409503,11.9860732055812,12.04750534967233,19716200
2017-04-13,12.122591972351074,12.224978467171818,11.945121440434823,11.992901717890176,15008500
2017-04-17,12.327363014221191,12.381969222958588,12.095286301608574,12.149892510345971,11646300
2017-04-18,12.395623207092285,12.45022942510928,12.293236711049785,12.293236711049785,11850500
2017-04-19,12.354667663574219,12.416099815588575,12.279583632908938,12.402447936937651,24670100
2017-04-20,12.272759437561035,12.416101579935269,12.231805097703393,12.279585377856474,11200800
2017-04-24,12.306888580322266,12.409275076275659,12.259107000423413,12.388797256319007,9175400
2017-04-25,12.504836082458496,12.55944230239397,12.265933382022677,12.306889023410518,12074400
2017-04-26,12.429752349853516,12.498010451943122,12.354669609278458,12.491184511542661,8025000
2017-04-27,12.422924041748047,12.450226493369984,12.29323381627862,12.436574616601703,12905300
2017-04-28,12.463878631591797,12.559439167145083,12.368318096038513,12.422924302342484,10489400
2017-05-02,12.675477981567383,12.716432312313572,12.470705025921733,12.538963111775182,11291100
2017-05-03,12.668656349182129,12.716436634946842,12.518489550790868,12.675482290279252,9659800
2017-05-04,12.98946762084961,13.125982521804238,12.607222773580652,12.695958696020408,35564100
2017-05-05,12.90073013305664,12.98946604472933,12.87342767694455,12.928033891083572,8540800
2017-05-08,12.893906593322754,12.921210356431375,12.811997907827054,12.85977819135206,9409800
2017-05-09,12.934859275817871,13.009942003341976,12.8324714895231,12.928033336603901,11333100
2017-05-10,13.098678588867188,13.139632924354993,12.928034005434005,12.968988340921811,11358800
2017-05-11,13.330753326416016,13.364881717216274,13.050896355726998,13.07137286944129,22824200
2017-05-12,13.439967155456543,13.508225246164136,13.296625034779119,13.358057186224473,10667500
2017-05-15,13.47409439086914,13.549178414380565,13.296623891060568,13.446791938083418,10826700
2017-05-16,13.528702735900879,13.556006494915296,13.385361906819846,13.43314218318019,13418200
2017-05-17,13.405839920043945,13.596962348726425,13.317105297175491,13.426317741589756,12218500
2017-05-18,12.832470893859863,13.112327879068204,12.320537193808303,12.457053367921276,47330400
2017-05-19,12.709609031677246,12.962162283795529,12.559440966392478,12.75056336679362,27409800
2017-05-22,12.675477981567383,12.852948484020473,12.586743381298188,12.586743381298188,25852800
2017-05-23,12.893906593322754,12.955338758402071,12.675481696114113,12.675481696114113,16500500
2017-05-24,12.873427391052246,13.064548485337003,12.85977551234196,13.023594151120957,10225100
2017-05-25,12.914383888244629,12.996293872310295,12.811997384598818,12.941686348323165,8864900
2017-05-26,12.98946762084961,13.023596020609517,12.852951417979982,12.968989799844666,11820600
2017-05-29,12.98946762084961,12.98946762084961,12.98946762084961,12.98946762084961,0
2017-05-30,12.825647354125977,12.928033842512622,12.825647354125977,12.90755602406936,9445200
2017-05-31,12.771040916442871,12.887079293587965,12.709610059756594,12.839299015101446,15346500
2017-06-01,12.66182804107666,12.85295045032214,12.648177463349406,12.777866414205183,17828200
2017-06-02,12.675477981567383,12.805168214497467,12.498007479114293,12.702781736674643,27939700
2017-06-05,12.90755558013916,12.955335852948629,12.627698580613872,12.641350459106519,16514200
2017-06-06,13.016768455505371,13.091852487903084,12.866601692624782,12.87342763210774,15896400
2017-06-07,12.859776496887207,13.112329762788933,12.791518400024746,13.07137542543742,12376100
2017-06-08,12.648175239562988,12.82564573796367,12.648175239562988,12.78469010623797,13847400
2017-06-09,12.361493110656738,12.743736584257805,12.272757204874056,12.709608190904314,19905900
2017-06-12,12.341014862060547,12.422924825926051,12.238628383664695,12.32736298443051,14460500
2017-06-13,12.552614212036133,12.573092029222424,12.361493125956427,12.361493125956427,13088100
2017-06-14,12.409274101257324,12.620873016523966,12.286409795000942,12.532138407513706,25729100
2017-06-15,12.409274101257324,12.409274101257324,12.409274101257324,12.409274101257324,0
2017-06-16,12.136242866516113,12.43657638667647,12.108939109093455,12.43657638667647,45495200
2017-06-19,12.197676658630371,12.279585338080336,12.054334516720452,12.177198837810385,18928600
2017-06-20,12.334189414978027,12.470705592891518,12.156718904456394,12.21132511523884,22831800
2017-06-21,12.375144004821777,12.47070585211352,12.279583459444824,12.341015610591377,11833200
2017-06-22,12.422924041748047,12.504832698528485,12.354665959821263,12.395620288211482,7722900
2017-06-23,12.450228691101074,12.498008966309673,12.36149408027294,12.491183026720607,4632600
2017-06-26,12.58106803894043,12.66370157417939,12.51220588395039,12.55352265156987,7566700
2017-06-27,12.59483814239502,12.64304124694378,12.436454824459833,12.581065451542203,23318500
2017-06-28,12.601723670959473,12.677472160198752,12.491544766667511,12.649928090843833,8752100
2017-06-29,12.56729507446289,12.64304357466339,12.464002500921696,12.601725494497845,6348800
2017-06-30,12.608611106872559,12.684359602661502,12.567294342549616,12.581067035136016,6962800
2017-07-03,12.58795166015625,12.698130558909105,12.532862210779824,12.643041109532676,5363900
2017-07-04,12.560409545898438,12.608612662461647,12.525979123620838,12.525979123620838,2688500
2017-07-05,12.54663372039795,12.656812620313051,12.484657925016194,12.54663372039795,9175800
2017-07-06,12.243642807006836,12.560406826372908,12.202324733096026,12.546634135069306,19322100
2017-07-07,12.408910751342773,12.505316960402633,12.278072815164329,12.305618196859196,14318800
2017-07-10,12.608611106872559,12.656814217488702,12.395139625528389,12.429570043558131,10145800
2017-07-11,12.753222465515137,12.82896965210478,12.546636005472392,12.608611812141582,10168100
2017-07-12,12.842741966247559,12.925376810511922,12.725676703044213,12.808311547308577,13173900
2017-07-13,12.86340045928955,12.918489915313728,12.773879272352616,12.904717222948625,6512600
2017-07-14,12.911601066589355,12.966690511936031,12.849625276394848,12.870284310938343,5519500
2017-07-17,12.973579406738281,13.02866886291278,12.884058219557074,12.946034021932913,10153300
2017-07-18,12.911601066589355,13.00112092273921,12.842738931547016,13.00112092273921,6024000
2017-07-19,12.959807395935059,13.001124161879858,12.849628477791388,13.001124161879858,10751400
2017-07-20,12.932263374328613,13.00801055995465,12.8840589481931,12.918490681147038,7844500
2017-07-21,12.952920913696289,12.980466299661837,12.849628343198074,12.897831455201487,3845600
2017-07-24,12.959807395935059,13.02866954813393,12.91849062999026,12.959807395935059,4274500
2017-07-25,13.001123428344727,13.076871922833316,12.973579357081023,13.001123428344727,13671700
2017-07-26,12.966691970825195,13.049326804860486,12.911602519280377,12.980464662070432,6330200
2017-07-27,13.159504890441895,13.366089992542237,13.001121577833182,13.001121577833182,19358200
2017-07-28,13.152623176574707,13.235256721137512,13.028671546293989,13.056215623336088,10988300
2017-07-31,13.187050819396973,13.338547808197651,13.131961363497517,13.14573405583144,15242400
2017-08-01,13.24902629852295,13.290343061081401,13.145733735408719,13.193936843966279,8865400
2017-08-02,13.359206199645996,13.379865239177391,13.18016513068278,13.200824170214178,14957200
2017-08-03,13.262798309326172,13.359204521489744,13.242139272389922,13.338546797989626,9970100
2017-08-04,13.262798309326172,13.297228724117124,13.15261940587177,13.276571000617007,8045200
2017-08-07,13.324776649475098,13.37986611171506,13.193938684116544,13.25591449331605,11358100
2017-08-08,13.352319717407227,13.469384980022562,13.283458879875147,13.297230259319793,9884300
2017-08-09,13.372976303100586,13.393635338631531,13.235252026433036,13.283456442671909,4751100
2017-08-10,13.359206199645996,13.393637932198324,13.235254589330209,13.338548473550896,10295700
2017-08-11,13.441841125488281,13.48315789136422,13.366092626852137,13.455613818592363,11513400
2017-08-14,13.572676658630371,13.655311497054198,13.400521949230576,13.428067333183918,14955300
2017-08-15,13.620881080627441,13.703514605615549,13.558905280168261,13.60710838865069,11605500
2017-08-16,13.641539573669434,13.710401723996423,13.56579239040239,13.675971305551064,14771800
2017-08-17,13.627767562866211,13.66908432577335,13.552019069672946,13.60022217863731,5673300
2017-08-18,13.607109069824219,13.6553121807197,13.53136057359631,13.648425834386595,13220100
2017-08-21,13.593335151672363,13.641538258222171,13.552018390834835,13.607107843096923,13183900
2017-08-22,13.60022258758545,13.751718265091124,13.517587745850197,13.66908473679212,17661900
2017-08-23,13.662196159362793,13.70351291676488,13.510700506597784,13.558903609139557,8926700
2017-08-24,13.634651184082031,13.71039966943411,13.59333442545184,13.682855601492674,13754800
2017-08-25,13.669083595275879,13.703514010285778,13.613994143198358,13.613994143198358,6472500
2017-08-28,13.669083595275879,13.703514010285778,13.600221451819943,13.66908359527588,4165300
2017-08-29,13.703514099121094,13.717286790588792,13.634651955218747,13.641538300952597,4590700
2017-08-30,13.689740180969238,13.7723750089347,13.593333976206226,13.744829628467535,8532700
2017-08-31,13.675971031188965,13.710401448943594,13.613995228481636,13.613995228481636,11193000
2017-09-01,13.607109069824219,13.74483205617756,13.607109069824219,13.724174330614504,17630300
2017-09-04,13.58644962310791,13.641539078683316,13.496929750336463,13.607108661487272,12235200
2017-09-05,13.648427963256836,13.731062818707167,13.57267945521374,13.703517429078234,18386200
2017-09-06,13.861895561218262,13.958303084234501,13.696627210465406,13.72417259230893,20127000
2017-09-07,13.861895561218262,13.861895561218262,13.861895561218262,13.861895561218262,0
2017-09-08,13.841238975524902,14.027166377936963,13.696628335836786,14.01339368588358,14593900
2017-09-11,13.95141887664795,14.047825101001095,13.861897685374627,13.882556724923,11151500
2017-09-12,14.467881202697754,14.605604175179488,14.00650655233988,14.04093696710128,28439700
2017-09-13,14.584948539733887,14.681354765616595,14.412793814408294,14.46099692734965,11039100
2017-09-14,14.59183120727539,14.708896443518222,14.488538660810772,14.584944862386285,8081100
2017-09-15,14.777758598327637,14.777758598327637,14.522970381631565,14.688238733567529,26245400
2017-09-18,14.598721504211426,14.784647612805747,14.543632043621194,14.75021719247548,13922900
2017-09-19,14.736443519592285,14.7915329765213,14.578061495100897,14.598720533987875,10078900
2017-09-20,14.791529655456543,14.791529655456543,14.598717256214277,14.708896145334418,17051700
2017-09-21,14.70889949798584,14.943030019091328,14.646923694549901,14.805305719581185,9042900
2017-09-22,14.819076538085938,14.887938679132176,14.708897637786391,14.722669015246764,12365600
2017-09-25,14.805305480957031,14.860394937185934,14.708899260915514,14.819078173373317,8295000
2017-09-26,14.584948539733887,14.874168530818332,14.536745426792532,14.874168530818332,24397700
2017-09-27,14.529858589172363,14.653810197368012,14.34393117687889,14.646923850975334,13320700
2017-09-28,14.502312660217285,14.60560522536465,14.481654935249546,14.584947500396913,10429400
2017-09-29,14.488541603088379,14.591834170529257,14.343930957922144,14.543631059952597,13225300
2017-10-02,14.254411697387695,14.405907381934338,14.10291469940474,14.405907381934338,17620100
2017-10-03,14.750215530395508,14.812191330755521,14.178661948636867,14.240637748996882,20186000
2017-10-04,14.598721504211426,14.805306653065713,14.516086656607905,14.715786772145215,13302000
2017-10-05,14.619378089904785,14.839735915065464,14.59183401847782,14.70201293105816,17195000
2017-10-06,14.509200096130371,14.550516862605354,14.385248483269102,14.53674548273791,7564200
2017-10-09,14.509200096130371,14.598721289168545,14.371477103401658,14.433451596395967,5283100
2017-10-10,14.846622467041016,15.032549877135702,14.598720567017693,14.674467749568809,32801000
2017-10-11,14.894828796386719,14.970577308742484,14.75710578071033,14.88105741422466,26552700
2017-10-12,14.894828796386719,14.894828796386717,14.894828796386717,14.894828796386717,0
2017-10-13,15.23913288116455,15.631646685385043,15.018775083772324,15.04632046516439,26243900
2017-10-16,15.094525337219238,15.32176950657709,14.984346425617627,15.32176950657709,13271300
2017-10-17,14.977460861206055,15.142729237234594,14.901712362987697,15.094526125072473,7051900
2017-10-18,14.99811840057373,15.108297306905536,14.929256255757313,15.011889778788081,14515700
2017-10-19,15.032548904418945,15.053207942015872,14.777759361134887,14.943029035037949,7696100
2017-10-20,14.825963973999023,15.087638553097854,14.777759552315905,15.032549098896196,11901300
2017-10-23,14.667581558227539,14.908598427922339,14.584948028492121,14.908598427922339,8081700
2017-10-24,14.681351661682129,14.76398649027972,14.626262213762416,14.76398649027972,11173800
2017-10-25,14.59183120727539,14.770872234084193,14.337041700122409,14.73644050963866,15875200
2017-10-26,14.488541603088379,14.667581352819898,14.357703650497262,14.653809973681035,11557100
2017-10-27,14.399022102355957,14.688242113148839,14.385249408166674,14.571176839412757,14504400
2017-10-30,14.433450698852539,14.454109737523511,14.219979219664134,14.37147620971211,17553000
2017-10-31,14.392133712768555,14.578061117628323,14.281954801763408,14.495426277656351,14383100
2017-11-01,14.281951904296875,14.612488570254328,14.281951904296875,14.460992926716152,16742000
2017-11-02,14.281951904296875,14.281951904296875,14.281951904296875,14.281951904296875,0
2017-11-03,14.18554973602295,14.30950134933783,14.068484469385153,14.281955962629487,20765200
2017-11-06,14.144230842590332,14.281953815114251,14.040936971402227,14.21997801777584,12867100
2017-11-07,13.910101890563965,14.137346068249906,13.841239739930227,14.068483917616168,17643000
2017-11-08,13.958305358886719,14.054711584177266,13.675971716161849,13.875670513326027,19153700
2017-11-09,13.923874855041504,14.02716874946927,13.820582274050164,14.00650970789643,12872400
2017-11-10,13.916983604431152,14.027163807229691,13.737943894293945,13.992732083406409,15202100
2017-11-13,13.923874855041504,14.00650970789643,13.76549280995902,13.910103474096038,9161800
2017-11-14,13.910101890563965,14.040938531988163,13.910101890563965,13.958305001976699,14925800
2017-11-15,13.910101890563965,13.910101890563965,13.910101890563965,13.910101890563965,0
2017-11-16,14.061596870422363,14.178662126634661,13.903214851263433,13.923872576018642,15850600
2017-11-17,14.144230842590332,14.240637054700688,13.978961174063818,14.040936971402227,9254300
2017-11-20,14.144230842590332,14.144230842590332,14.144230842590332,14.144230842590332,0
2017-11-21,14.330157279968262,14.426564807928605,14.123572159291832,14.240637411258119,13285900
2017-11-22,14.3439302444458,14.48165453647398,14.254410374032817,14.261295406541656,16883600
2017-11-23,14.261296272277832,14.357703807924482,14.123573285325328,14.288841657730096,5661300
2017-11-24,14.199318885803223,14.281952398433619,14.130456749653892,14.226862952201353,4749100
2017-11-27,14.281951904296875,14.309497283177974,14.020277372106213,14.185545705084941,8687300
2017-11-28,14.309499740600586,14.447222718349883,14.213092211396278,14.302613394697694,15988200
2017-11-29,14.158002853393555,14.433450124191836,14.123572437082341,14.433450124191836,15064800
2017-11-30,14.158002853393555,14.261295415763387,14.013393528763029,14.11668609113286,24640800
2017-12-01,14.082255363464355,14.130458470608765,13.97896148994215,14.082255363464357,7933800
2017-12-04,14.171774864196777,14.281953767220891,14.04782326993562,14.109799067066199,11058600
2017-12-05,14.151119232177734,14.392136133071512,14.102916114686268,14.123575156512516,15592800
2017-12-06,14.261296272277832,14.323272076109154,14.054711135130942,14.054711135130942,8274000
2017-12-07,14.268182754516602,14.323272212509474,14.02028085026682,14.144232459109853,12967300
2017-12-08,14.474769592285156,14.529859051744127,14.281955827460596,14.316387560520152,18886800
2017-12-11,14.564289093017578,14.584948132316631,14.412793411800026,14.495426942123679,13067700
2017-12-12,14.805305480957031,14.805305480957031,14.419679287354716,14.529858199812521,23500800
2017-12-13,14.4954252243042,14.956799873149707,14.467881155272595,14.908596767267301,27138100
2017-12-14,14.440337181091309,14.529858369405822,14.288841503052623,14.529858369405822,18025500
2017-12-15,14.392133712768555,14.52297166212575,14.316386532350156,14.392133712768555,18692900
2017-12-18,14.399022102355957,14.502314681902755,14.316388564093081,14.440338871487395,18404300
2017-12-19,14.392030715942383,14.433969237087775,14.301162364725561,14.426979261363284,8259800
2017-12-20,14.46891975402832,14.48289837289244,14.371061422769841,14.399021326901295,8924800
2017-12-21,14.657642364501953,14.713560834185643,14.399019942165447,14.46891836257043,18289100
2017-12-22,14.699584007263184,14.77647107919316,14.524838601565245,14.643665530767908,9495400
2017-12-25,14.699584007263184,14.699584007263184,14.699584007263184,14.699584007263184,0
2017-12-26,14.853358268737793,14.916266716296805,14.615704429781866,14.69958280426106,8193200
2017-12-27,14.958205223083496,15.007133719317075,14.867338206249922,14.867338206249922,5441900
2017-12-28,14.874330520629883,14.993157458681408,14.839380636966645,14.95820757501817,9896000
2017-12-29,14.874330520629883,14.874330520629883,14.874330520629883,14.874330520629883,0
2018-01-02,15.160908699035645,15.202847214607141,14.797438008879006,14.909274939203915,12717900
2018-01-03,15.19586181640625,15.356627285516472,15.070044898597633,15.070044898597633,9389900
2018-01-04,15.111981391906738,15.251776899157898,15.021113045652083,15.19585842961714,9150100
2018-01-05,15.167899131774902,15.202847673606076,15.056062198073453,15.111980664924177,11510200
2018-01-08,15.139941215515137,15.167901119204755,15.021114291237438,15.167901119204755,7074000
2018-01-09,15.098004341125488,15.160912798091982,15.042085860844354,15.132952891350548,5850700
2018-01-10,15.098004341125488,15.181881394946323,14.986167380563218,14.993157357248577,5434100
2018-01-11,15.272747039794922,15.286726990676923,15.042083183047877,15.167900074582901,8663800
2018-01-12,15.098004341125488,15.335658215620745,15.000146000732203,15.160912798091982,15529600
2018-01-15,15.251778602600098,15.272748530970528,15.09800312748849,15.09800312748849,4853800
2018-01-16,15.307696342468262,15.426523264451506,15.237797917795492,15.251777869370358,9196800
2018-01-17,15.398566246032715,15.419534842306208,15.237799453126323,15.342647767300573,11318200
2018-01-18,15.321681022644043,15.433518003355156,15.265762532288488,15.321681022644043,7703100
2018-01-19,15.377596855163574,15.419535382381168,15.258769917045603,15.370606878427017,10712900
2018-01-22,15.307696342468262,15.370604791353601,15.265757820945224,15.30070636668083,9900600
2018-01-23,15.251778602600098,15.377595506419425,15.139941651027723,15.300707102262809,9624900
2018-01-24,15.30070686340332,15.3985651944027,15.111982843822126,15.349635362302209,21173700
2018-01-25,15.30070686340332,15.30070686340332,15.30070686340332,15.30070686340332,0
2018-01-26,15.293718338012695,15.328668221399505,15.174891400901004,15.314688268044781,14872900
2018-01-29,15.26575756072998,15.272747536398265,15.153920616440507,15.237797658056843,8321700
2018-01-30,15.28672981262207,15.377596843726232,15.188871471584811,15.188871471584811,12080100
2018-01-31,15.342644691467285,15.559328586464183,15.321674766196065,15.349633333356264,12252600
2018-02-01,15.588068962097168,15.79142273462976,15.447826226267736,15.447826226267736,23424100
2018-02-02,15.433807373046875,15.5039294361448,15.209417841107207,15.370697650005456,12316800
2018-02-05,15.202401161193848,15.426790629076649,15.202401161193848,15.314595895135248,12556400
2018-02-06,15.16032886505127,15.314596293870567,14.795695301514646,15.090206820145493,18958500
2018-02-07,15.16032886505127,15.447828045444863,15.062157467196478,15.20240155700803,12915900
2018-02-08,15.18837833404541,15.370695133261249,15.083195925354282,15.223438691120156,20079400
2018-02-09,15.069170951843262,15.279537102564507,14.900878833746386,15.13228066331295,17136400
2018-02-14,15.595083236694336,15.707277974281098,15.188376978575633,15.223437332521456,17857000
2018-02-15,15.637154579162598,15.742338306854414,15.5810572152114,15.595081890565863,10312600
2018-02-16,15.728316307067871,15.791426019431988,15.461852779871178,15.616121560079858,13084500
2018-02-19,15.665205955505371,15.784413036499407,15.567035890263284,15.756363682163478,2501800
2018-02-20,15.924656867980957,15.924656867980957,15.531975243106638,15.588072618088683,15588100
2018-02-21,15.70727825164795,16.00178977738052,15.686242573895706,15.97374176122193,22576300
2018-02-22,15.721303939819336,15.77740131321208,15.60209685417639,15.742340956391695,16270400
2018-02-23,15.405755996704102,15.88258435840799,15.300573584555757,15.763377267982019,32687400
2018-02-26,15.531974792480469,15.595084504687645,15.286548282504436,15.5810598269823,19128700
2018-02-27,15.581055641174316,15.672214684302556,15.461848587637284,15.602092652080799,9223300
2018-02-28,15.426793098449707,15.700267639023712,15.426793098449707,15.637157923896336,62731700
2018-03-01,15.665205955505371,15.945692811530503,15.496913841890294,15.90362011749344,20943200
2018-03-02,15.833500862121582,15.83350086212158,15.440819194418056,15.581061978435782,13813000
2018-03-05,15.791425704956055,16.00179051700258,15.6932543001964,15.707278977657332,13439700
2018-03-06,15.966728210449219,16.071910603624243,15.735326410477493,15.826484127904727,16957900
2018-03-07,16.177091598510742,16.24020129645412,15.875567783329382,15.945689818540536,13617400
2018-03-08,16.3383731842041,16.4645925943127,16.085935701453636,16.099959040102693,16683100
2018-03-09,16.436548233032227,16.51368129388057,16.296304115634655,16.37343851395002,10929200
2018-03-12,16.815202713012695,16.927397455283103,16.352399066780553,16.436545792216773,18557700
2018-03-13,16.801177978515625,16.93440973605704,16.639898204235752,16.84325200982354,8862600
2018-03-14,17.018556594848633,17.067641627626497,16.70300804489546,16.70300804489546,8575500
2018-03-15,16.745080947875977,17.039592485682512,16.6889835757922,16.871300369431186,20333500
2018-03-16,16.555753707885742,16.815203560918754,16.506668672850683,16.688984135133225,20736400
2018-03-19,16.68197250366211,16.688983504859287,16.345386935123184,16.464594017477904,9433700
2018-03-20,16.61185073852539,16.79416753450681,16.527704010585172,16.79416753450681,8410300
2018-03-21,16.752094268798828,16.878313697754688,16.520692428202064,16.56276646283197,9439300
2018-03-22,16.83623695373535,16.88532197820495,16.639895518390354,16.822212278896437,10445800
2018-03-23,16.773130416870117,16.93441019552587,16.674960349421717,16.674960349421717,8839900
2018-03-26,16.829227447509766,16.934409851563334,16.59782562360518,16.934409851563334,9371800
2018-03-27,16.717031478881836,16.878311242434005,16.60483674445713,16.801176860966997,10656100
2018-03-28,16.70301055908203,16.808192979076516,16.54874309892126,16.604840478749455,8930200
2018-03-29,16.878313064575195,16.976483133428328,16.67496058802701,16.703008605927813,12454500
2018-04-02,16.72404670715332,16.92038685759395,16.653924651652968,16.878314159280524,5557700
2018-04-03,16.969470977783203,16.969470977783203,16.738069161607378,16.759104839235405,9681500
2018-04-04,16.962459564208984,17.025569275467376,16.731057735417167,16.752093414192057,12759600
2018-04-05,16.850265502929688,17.22191010934637,16.850265502929688,17.1027030207397,12111900
2018-04-06,16.303312301635742,16.492641410646744,16.071910503111194,16.492641410646744,24189300
2018-04-09,16.33135986328125,16.457577917990275,16.170078785797735,16.170078785797735,16524900
2018-04-10,16.688987731933594,16.724049434134326,16.31734305087613,16.422525482543954,15457400
2018-04-11,16.72404670715332,16.86428948068706,16.55575457643265,16.55575457643265,11508300
2018-04-12,16.33135986328125,16.829223757455367,16.27526116678852,16.801174409209004,12543200
2018-04-13,16.310327529907227,16.429534619209853,16.14904774363512,16.324352208052694,13368500
2018-04-16,16.113983154296875,16.394469979497863,16.02282543765656,16.310324600670906,21613800
2018-04-17,16.20514488220215,16.310327291823953,15.966730707077044,16.142035168935685,11712400
2018-04-18,16.373435974121094,16.49965539270649,16.163069830656493,16.28928924924189,21079600
2018-04-19,16.478618621826172,16.478618621826172,16.22617978090668,16.282277152503585,15997900
2018-04-20,16.42953109741211,16.485628460502152,16.275262345814518,16.443555772551278,8479200
2018-04-23,16.443561553955078,16.513682279371448,16.289292748118005,16.345390130931367,8104000
2018-04-24,16.345388412475586,16.583802598733712,16.324352732049082,16.49264486279594,11955300
2018-04-25,16.247215270996094,16.373434679602315,16.198130242641835,16.282275623401507,9453300
2018-04-26,16.345388412475586,16.54172990041374,16.24020599794217,16.24020599794217,12020200
2018-04-27,16.254230499267578,16.492644682925537,16.254230499267578,16.485632343704193,8596100
2018-04-30,16.359411239624023,16.46459364225361,16.28227685354448,16.289289192048695,6094800
2018-05-02,15.896607398986816,16.373435711566945,15.805449674507344,16.247216295005522,19421600
2018-05-03,15.847522735595703,16.02983952625573,15.798437703007778,15.80545004158703,11561100
2018-05-04,15.777402877807617,15.973744372886237,15.721305498851871,15.756365859149083,23312500
2018-05-07,15.665205955505371,15.90362011749344,15.5880715685484,15.86855842457353,12905400
2018-05-08,15.73532772064209,15.93166784759214,15.588071287962748,15.602095964878266,23215000
2018-05-09,15.36368179321289,15.672217997739766,15.314596761520006,15.672217997739766,32018000
2018-05-10,15.286552429199219,15.475881617178983,15.209419355830134,15.454845932381616,27321400
2018-05-11,15.321610450744629,15.370695486764914,15.167341666147252,15.286548755396623,9202600
2018-05-14,15.22343921661377,15.426793039574102,15.209415875779937,15.328622966402596,13097400
2018-05-15,15.048130989074707,15.13227770038047,14.970997952633244,15.083192676063193,13753400
2018-05-16,15.083195686340332,15.244475466275489,14.96398860172155,14.999048958240715,15282900
2018-05-17,14.788684844970703,15.069171722815835,14.725575130272183,15.034111364635294,23567200
2018-05-18,14.466123580932617,14.648440381469785,14.185636709901168,14.592343007263494,64364800
2018-05-21,14.234723091125488,14.571308705656287,14.178625711614862,14.438076927768408,27295100
2018-05-22,14.129538536071777,14.339904680540435,14.052405486820078,14.339904680540435,26645200
2018-05-23,14.059415817260742,14.2347202605556,14.045392478271893,14.066428155488548,19890600
2018-05-24,14.255758285522461,14.297830980404159,13.933198728984676,13.968259085141616,21344000
2018-05-25,14.136550903320312,14.276794999917337,14.003319145299821,14.220697628771893,23578900
2018-05-28,13.856064796447754,14.080454293156722,13.70880835331568,13.933199187491548,12122600
2018-05-29,13.736856460571289,13.996306291009105,13.596612369141761,13.884111552852195,21280400
2018-05-30,13.806979179382324,13.975271294822006,13.631674725282634,13.715820114269054,32485100
2018-06-01,13.982283592224121,14.087465996880201,13.743869428354689,13.743869428354689,14595000
2018-06-04,14.052404403686523,14.248744518430211,14.024355051599297,14.129537446992948,11908700
2018-06-05,13.856064796447754,14.150576345244998,13.8350277795812,14.038381596890515,19039400
2018-06-06,13.694784164428711,13.912161308714838,13.58960042407937,13.828014583928729,17144300
2018-06-07,13.37923812866211,13.75789645504708,13.267043366207393,13.456372529399879,32312300
2018-06-08,13.295087814331055,13.456368912290587,13.196917757938326,13.400271546142356,18958000
2018-06-11,13.316125869750977,13.449357626324197,13.217955805679557,13.267040837715266,14660000
2018-06-12,13.238993644714355,13.37923776267998,13.154848243908607,13.281067682584261,15225500
2018-06-13,13.119786262512207,13.29509073745203,12.972531145546917,13.253018037957235,16002800
2018-06-14,13.274052619934082,13.449357062696091,13.12679619253128,13.161857883563735,20899000
2018-06-15,13.126795768737793,13.302100205840167,12.902406303241428,13.253015177446176,33244000
2018-06-18,13.112652778625488,13.24703173749404,12.836819373112911,12.942908521850034,19846300
2018-06-19,13.296538352966309,13.430918645025097,13.013633539945088,13.105578447299834,18676900
2018-06-20,13.112652778625488,13.388484835141348,13.02778065023776,13.38141204535931,19540200
2018-06-21,12.822675704956055,13.204598316136899,12.822675704956055,13.084363569912957,12710600
2018-06-22,12.843893051147461,13.084362524380138,12.77316649743253,12.907546814591218,10671500
2018-06-25,12.886326789855957,13.048998247220942,12.829745823945373,12.872182560125788,10669300
2018-06-26,12.794384956359863,12.957055086726731,12.582206642750629,12.921692484124131,19940100
2018-06-27,12.695368766784668,12.886328712095272,12.638787792433963,12.688295976366225,11532700
2018-06-28,12.737801551818848,12.858036266316727,12.617566837320968,12.681220589054938,10416400
2018-06-29,12.716585159301758,12.94998183556492,12.681222557957582,12.794384501055069,13306900
2018-07-02,12.82974624633789,12.900472793303802,12.589276796051799,12.681221711806488,7294300
2018-07-03,12.794384956359863,13.020708850608864,12.794384956359863,12.829747558962463,10977800
2018-07-04,12.801457405090332,12.90047376893295,12.716585272513244,12.808530195221488,7882400
2018-07-05,13.013636589050293,13.034854960872075,12.737804500351501,12.836820870859402,11574400
2018-07-06,12.794384956359863,13.013636060288981,12.716585611837962,13.013636060288981,19331000
2018-07-10,12.865111351013184,12.87925558248072,12.737803824827738,12.829747399852335,12608800
2018-07-11,12.66707706451416,12.914619322607868,12.589277722228394,12.872183930905077,13464200
2018-07-12,12.900473594665527,12.942908985882436,12.667076919477378,12.667076919477378,18946300
2018-07-13,13.041926383972168,13.070216194438018,12.850965104589942,12.907546074518372,11875400
2018-07-16,13.402628898620605,13.459209861479835,13.105578506360521,13.105578506360521,18208300
2018-07-17,13.5582275390625,13.69968063458296,13.374339054484583,13.40970165386635,14126700
2018-07-18,13.26824951171875,13.600662522584452,13.197522966067398,13.515791747000154,11851300
2018-07-19,13.353121757507324,13.353121757507324,13.048999871016422,13.16216181691927,10294600
2018-07-20,13.289468765258789,13.636027378136644,13.225815004832576,13.579446407646316,14247100
2018-07-23,13.190450668334961,13.374339154285071,13.09850709985826,13.28946837553684,6126000
2018-07-24,13.41677474975586,13.466284278615673,13.204596450629278,13.261177420329481,13453000
2018-07-25,13.367267608642578,13.437994163513066,13.218743057511702,13.416775792352869,14883100
2018-07-26,14.06745719909668,14.102821149849138,13.798697918361913,13.89771428247523,33046900
2018-07-27,14.010876655578613,14.357435289575616,13.940150100906466,14.109894371718347,16978200
2018-07-30,13.933076858520508,13.99673061459775,13.834059155179988,13.904785700709887,12744700
2018-07-31,13.727971076965332,13.996731701041142,13.607736344930734,13.933077940023017,13110300
2018-08-01,13.756261825561523,13.940148964117952,13.6926080664471,13.756261825561525,9261100
2018-08-02,13.643098831176758,13.749187971825789,13.58651651723422,13.650170271422962,8645900
2018-08-03,13.65017032623291,13.848204378837126,13.586516571788579,13.706751291406027,13735700
2018-08-06,13.65017032623291,13.727969659219678,13.558226763700329,13.685534272588995,6327100
2018-08-07,13.5582275390625,13.678462265555883,13.480428201626578,13.650171106853112,14107500
2018-08-08,13.551156044006348,13.671390781986442,13.452139677080444,13.522866231597586,21203400
2018-08-09,13.628955841064453,13.749190583033768,13.508721099095139,13.522866680267263,14312100
2018-08-10,13.37433910369873,13.593590188465203,13.360193524295294,13.551154799251593,18932500
2018-08-13,13.53701114654541,13.586519332507146,13.225816449358243,13.31776003057334,10336600
2018-08-14,13.727971076965332,13.763333677976842,13.508719982901097,13.628954714935695,20005300
2018-08-15,13.735041618347168,13.855276330697649,13.57944431077453,13.57944431077453,17960100
2018-08-16,13.445064544677734,13.742114942707834,13.416773388200301,13.6784611896302,10816900
2018-08-17,13.565300941467285,13.650171723415719,13.13387019473968,13.40263081856882,20326000
2018-08-20,13.544081687927246,13.621881023801997,13.381411575640644,13.473355141586259,13221500
2018-08-21,13.423848152160645,13.636027809966304,13.331904578075946,13.459212102959983,11065800
2018-08-22,13.367267608642578,13.466285325059992,13.268251241221995,13.423848582739602,11062000
2018-08-23,13.395556449890137,13.551153764456094,13.261176153812457,13.388483660728513,14962400
2018-08-24,13.48750114440918,13.551154903216299,13.395557575574847,13.409701806090098,13921900
2018-08-27,13.529936790466309,13.621881710040563,13.45921158955902,13.508719769792817,14945900
2018-08-28,13.508721351623535,13.544083956218033,13.43799479343764,13.529938374781477,11838900
2018-08-29,13.614809036254883,13.770406368173251,13.494574305091723,13.522865464893288,12853800
2018-08-30,13.437992095947266,13.600662202823228,13.247030831877247,13.544081237431735,18010200
2018-08-31,13.331903457641602,13.466283761391972,13.21166873302215,13.4097014448683,26640800
2018-09-03,13.17630672454834,13.381413605145262,13.112654307083883,13.367268023932327,4966100
2018-09-04,12.737801551818848,13.190449253930128,12.737801551818848,13.183376464960068,19372200
2018-09-05,12.82974624633789,12.978272129865973,12.730729889983623,12.737802679579882,15790000
2018-09-06,12.95705509185791,13.063144248704539,12.71658561687391,12.907546908595936,16262200
2018-09-10,12.935836791992188,13.048998727982557,12.865110244749035,12.957053811867452,11868100
2018-09-11,12.865111351013184,12.900473953177228,12.652931691038509,12.836820190084506,14217500
2018-09-12,13.048999786376953,13.133870570755192,12.822674547042462,12.879255519626886,14075600
2018-09-13,12.964128494262695,13.091436028088015,12.879256355380187,12.99949109854889,10927000
2018-09-14,12.893401145935059,13.0489998328439,12.780239200363244,12.914619516603572,10265000
2018-09-17,12.985345840454102,13.020708441946827,12.829747156293848,12.836819946391747,15714800
2018-09-18,13.289468765258789,13.409702147178585,12.928764572509165,12.928764572509165,14866400
2018-09-19,13.289468765258789,13.388485126367678,13.119724504791058,13.183378265217272,13022400
2018-09-20,13.261176109313965,13.4238462124957,13.211667934345314,13.4238462124957,7134900
2018-09-21,13.331903457641602,13.565300117315047,13.296539509814307,13.331903457641602,19894000
2018-09-24,13.006560325622559,13.310683495547897,12.971197731025129,13.289466478388045,12892100
2018-09-25,13.013636589050293,13.091435936733285,12.843893661466662,12.907547427935132,11472300
2018-09-26,13.22581672668457,13.367268496827442,12.942910488404983,13.01363704797488,10959200
2018-09-27,13.070216178894043,13.402630557200384,13.041926368461839,13.289468617478102,25704700
2018-09-28,12.971200942993164,13.084362892522257,12.907547177758444,12.992419314403687,9047100
2018-10-01,13.034852027893066,13.119722798089628,12.978271064763168,12.978271064763168,6236800
2018-10-02,12.90754508972168,13.296539059676283,12.71658382490907,13.289467619346894,26709600
2018-10-03,12.822675704956055,13.254106502994361,12.751950494586492,13.254106502994361,21377300
2018-10-04,12.638788223266602,12.872184919043917,12.490262317410009,12.836820965746213,12303600
2018-10-05,12.48318862915039,12.78731186065834,12.391245055181301,12.75902204905123,16164800
2018-10-08,12.730730056762695,12.978272299887976,12.617568119733429,12.730730056762695,26644000
2018-10-09,12.362953186035156,12.829746517272415,12.320517796558144,12.815602286777885,19569800
2018-10-10,12.164921760559082,12.370027288969004,12.164921760559082,12.320519104490637,11261500
2018-10-11,12.01639461517334,12.235645701897251,11.96688643581601,12.235645701897251,14529800
2018-10-15,11.973959922790527,12.150775630217447,11.924451740550476,12.129557259687372,15583600
2018-10-16,12.313446044921875,12.348808647634582,12.01639559554595,12.023468385887856,13766600
2018-10-17,12.058830261230469,12.271009911698822,12.051758820311925,12.235645962122392,14503400
2018-10-18,11.775924682617188,12.11541048361234,11.775924682617188,12.058829516779815,14101200
2018-10-19,11.924449920654297,11.995175113633632,11.712270294726535,11.882013186070793,8740300
2018-10-22,11.896161079406738,12.05175977183453,11.719345364554684,11.981033216094337,20248500
2018-10-23,11.76177978515625,11.867870284486365,11.66276342471133,11.782998154821621,23081500
2018-10-24,11.238407135009766,11.811290350774232,11.231334344500697,11.811290350774232,32261600
2018-10-25,10.608942031860352,10.672595791971254,10.283601115903366,10.46748960633522,80816400
2018-10-26,10.743322372436523,10.955501361896097,10.4604175028227,10.715031885475142,39461900
2018-10-29,10.913064956665039,11.089880652401034,10.828193503651566,10.948427556213558,31727000
2018-10-30,11.351567268371582,11.40814823775362,10.948427692899964,11.005009336780361,34851100
2018-10-31,11.556674003601074,11.577892372769291,11.280841274899432,11.450584855753402,27263000
2018-11-01,11.577893257141113,11.63447423024823,11.415221779085948,11.577893257141113,22441600
2018-11-05,11.641544342041016,11.705198098141814,11.471801442104438,11.669835499862105,19580700
2018-11-06,11.768853187561035,11.882015133672445,11.429367349226807,11.542529295338216,18079800
2018-11-07,11.56374740600586,11.938595838194678,11.542529035713429,11.825433894628606,16523600
2018-11-08,11.111099243164062,11.768853225692368,11.089881546824028,11.599110305975282,20668200
2018-11-09,11.372784614562988,11.408147211371448,11.111097486090257,11.16767845038175,20738100
2018-11-12,11.280842781066895,11.464730616921514,11.167680828387608,11.344497222572047,11207200
2018-11-13,11.146461486816406,11.42936632678704,11.026226761204303,11.351566989921357,17448400
2018-11-14,11.337423324584961,11.3869315054221,11.089881071402507,11.10402597685667,18774300
2018-11-16,11.669835090637207,11.669835090637207,11.358639110501166,11.386930267330172,19753600
2018-11-19,11.641544342041016,11.648617131496287,11.365712298268658,11.648617131496287,14540100
2018-11-21,11.584964752197266,11.599110332788925,11.266697282865797,11.493021176345103,14321100
2018-11-22,11.669835090637207,11.754707212127622,11.627399704390303,11.691053458258962,7567000
2018-11-23,11.457657814025879,11.719344292633272,11.386931264754761,11.669836112842507,15008800
2018-11-26,11.422292709350586,11.57789137180518,11.273767510505547,11.556673004471394,15378900
2018-11-27,11.698126792907715,11.78299756935874,11.181824623176187,11.422293396950208,21281800
2018-11-28,11.804216384887695,11.832506195110224,11.535455768291708,11.683981656199327,18701500
2018-11-29,11.768853187561035,11.917379084955265,11.563747666107908,11.71227221450533,22012600
2018-11-30,11.966887474060059,11.966887474060059,11.655691442390351,11.740563577935482,35082800
2018-12-03,11.839579582214355,12.030540869588004,11.71934484746022,12.023468079426374,27568700
2018-12-04,11.775924682617188,12.023466918383233,11.72641650526331,11.882013826803592,33320100
2018-12-05,11.698126792907715,11.853724115732374,11.62032745699705,11.846651326195344,9199200
2018-12-06,11.59203815460205,11.676910293636809,11.471803411217662,11.606183735940657,17966500
2018-12-07,11.394003868103027,11.59203658402501,11.358639919547885,11.58496379431398,16990500
2018-12-10,11.238407135009766,11.471803151323195,11.132317300869014,11.394005153717146,20788000
2018-12-11,11.280842781066895,11.450586384584268,11.231334595394317,11.30206047856965,18074400
2018-12-12,11.280842781066895,11.457659175251333,11.22426180472725,11.386932617577559,20917600
2018-12-13,11.542529106140137,11.56374747656203,11.337423588048974,11.337423588048974,13558900
2018-12-14,11.358640670776367,11.627401301583705,11.33742364923675,11.45058559410401,11488300
2018-12-17,11.386931419372559,11.450585179681216,11.316204869141078,11.401076999218203,15399600
2018-12-18,11.23133373260498,11.436439924704572,11.23133373260498,11.436439924704572,13908400
2018-12-19,11.115842819213867,11.469529259020021,11.115842819213867,11.40456642949706,13065100
2018-12-20,10.9787015914917,11.303515109556097,10.89208469923252,11.281861058583768,14676600
2018-12-21,10.949828147888184,11.06531732547815,10.762157890119587,11.014790982374988,46930400
2018-12-26,10.928174018859863,11.151934126703328,10.841557136304026,10.899301724674585,11460500
2018-12-27,10.89930248260498,11.115844359867857,10.86321194027122,10.92817477879802,12544400
2018-12-28,11.101408004760742,11.310732313859587,10.971482334158077,10.993136383135253,15498800
2019-01-02,11.657198905944824,11.765469830423172,11.115842906813583,11.115842906813583,18692900
2019-01-03,11.787124633789062,11.787124633789062,11.469529415355295,11.55614629310996,22739200
2019-01-04,11.945923805236816,12.046977877965485,11.570584630103722,11.765471775691006,27484600
2019-01-07,11.89539623260498,12.00366716383797,11.794343547019466,11.960359066692693,17084500
2019-01-08,11.657198905944824,12.054194131351434,11.613890811501385,11.938704961675928,22108700
2019-01-09,11.823214530944824,11.938705078489843,11.62832741567273,11.693290246343267,16479100
2019-01-10,12.162466049194336,12.27073698251567,11.751035676529503,11.837651872490724,23347300
2019-01-11,12.480062484741211,12.480062484741211,12.184119902478397,12.285173970838748,73632000
2019-01-14,12.660512924194336,12.747129112832711,12.342917020128137,12.443969699119407,31707300
2019-01-15,12.776001930236816,12.840964759254996,12.487277633827357,12.682166120881899,35536600
2019-01-16,12.848185539245605,12.877058528372759,12.674951734702372,12.776005819907514,19990600
2019-01-17,12.884272575378418,12.927580668210803,12.617203019976575,12.761565165070454,22422400
2019-01-18,12.992545127868652,12.992545127868652,12.718258669823525,12.920364046254791,21264700
2019-01-21,12.992545127868652,12.992545127868652,12.7326937847546,12.942018783760837,9103600
2019-01-22,12.660512924194336,13.050288526546016,12.566677113640019,12.91314462167251,22633800
2019-01-23,12.400663375854492,12.718259325279528,12.328482290520663,12.703822832864823,26855900
2019-01-24,12.386225700378418,12.48727838414999,12.23464667472106,12.415098682450045,24197500
2019-01-28,12.95645523071289,12.992545083025448,12.335699858411663,12.342918104222099,32754800
2019-01-29,12.898712158203125,13.136908791007311,12.761568225152295,13.006983104615976,30181400
2019-01-30,12.970890045166016,13.136906941481545,12.725475200253928,12.970890045166016,19243300
2019-01-31,12.638860702514648,13.06472761545283,12.638860702514648,12.992546526071147,22631500
2019-02-01,13.071945190429688,13.071945190429688,12.65329654561378,12.660514791855052,19948900
2019-02-04,13.31735897064209,13.339012330862001,12.920363720155496,13.04307114278014,23329600
2019-02-05,13.454501152038574,13.649389649301598,13.230741049665964,13.266830900237835,23156300
2019-02-06,13.057509422302246,13.468939843700662,13.057509422302246,13.31014254780261,22891100
2019-02-07,13.533899307250977,13.620516868582733,13.129687233428122,13.129687233428122,41426700
2019-02-08,13.15134048461914,13.69991469730243,13.086377658331685,13.461718126494896,38093500
2019-02-11,13.50502872467041,13.526683463031336,13.071944971369298,13.172997663574268,29145400
2019-02-12,13.476156234741211,13.750442685658987,13.425629891946326,13.555555560127225,23990500
2019-02-13,13.2740478515625,13.61329847151727,13.209085025474966,13.61329847151727,32536700
2019-02-14,13.418413162231445,13.476157757197756,13.071945592433583,13.25239762379577,20335700
2019-02-15,13.346231460571289,13.526683483634837,13.281268622129238,13.41119429901334,14836400
2019-02-18,13.129690170288086,13.360668549852296,13.057509082489336,13.353450303398446,14494400
2019-02-19,13.223523139953613,13.403975150873809,13.108033963103855,13.129688700040528,16276800
2019-02-20,13.100817680358887,13.38232379575548,13.093599433631816,13.216306874512435,22077800
2019-02-21,13.223523139953613,13.28848597402405,13.100815717458296,13.165778551528733,15038500
2019-02-22,13.223523139953613,13.223523139953613,12.999763031899654,13.165778551528733,22170000
2019-02-25,13.2740478515625,13.3173573201138,13.172995178421631,13.209085025474966,9837900
2019-02-26,13.346231460571289,13.41119429901334,13.209087537555883,13.295705114391843,12685600
2019-02-27,13.252396583557129,13.367885764424498,13.18743374722678,13.30292292809415,16915100
2019-02-28,12.436753273010254,13.100816782238494,12.393445172356587,13.093598536006267,49931300
2019-03-01,12.097501754760742,12.436751005380929,11.989230834498082,12.371788177875443,37227300
2019-03-06,11.815999031066895,12.104721991523517,11.808780784963021,12.068630761004144,18259400
2019-03-07,12.046977043151855,12.162466223919,11.77268920627517,11.815998681617572,20143000
2019-03-08,11.9747953414917,12.054194665438882,11.837651430148263,11.9747953414917,20486300
2019-03-11,12.350135803222656,12.458406732106182,11.996450034608705,12.046976376305048,24113400
2019-03-12,12.270736694335938,12.50893329274464,12.184119123669328,12.415098853200428,19858900
2019-03-13,12.198554992675781,12.299609049422159,12.083065822170932,12.256299577928207,20265200
2019-03-14,12.025321960449219,12.212992217996083,11.960359126039165,12.212992217996083,20534200
2019-03-15,12.097501754760742,12.119156489509052,11.902613272244286,12.025320682339153,31836900
2019-03-18,12.494495391845703,12.646075779225644,12.111938054473299,12.126373167339473,31559300
2019-03-19,12.407879829406738,12.573895337971315,12.393443339077777,12.465624413983091,16625600
2019-03-20,12.270736694335938,12.487278555893093,12.270736694335938,12.386225870731698,18926100
2019-03-21,12.256299018859863,12.465623991313786,12.039757178225653,12.19133619132171,35961000
2019-03-22,12.06863021850586,12.198555889055955,11.924269433136562,12.054195103686657,33908300
2019-03-25,11.924269676208496,12.111939940079823,11.859306839609205,12.01810411977434,17569800
2019-03-26,12.263518333435059,12.386225754294486,11.765470404448026,12.010885246166879,30804300
2019-03-27,11.938706398010254,12.241864472326487,11.873743560159728,12.12637528875659,32628900
2019-03-28,12.090283393859863,12.227427292471283,11.895394913213016,11.938704382294159,21093200
2019-03-29,12.148030281066895,12.24908297461947,12.05419583373089,12.17690326593317,15839700
2019-04-01,12.140811920166016,12.270737597357563,12.083067327718627,12.176903150907934,12340900
2019-04-02,12.104720115661621,12.364570051433942,12.068628890735287,12.270735620104388,15431100
2019-04-03,12.155247688293457,12.357354438188311,12.119157836441332,12.17690242544849,14753700
2019-04-04,12.501715660095215,12.559460251124353,12.191337967036235,12.234647442862823,15281900
2019-04-05,12.588334083557129,12.739913128948814,12.52337124217791,12.537807735093235,16184700
2019-04-08,12.523368835449219,12.617203267886337,12.386224932589297,12.588331664343945,10742400
2019-04-09,12.76878547668457,12.76878547668457,12.422316547729588,12.422316547729588,25773700
2019-04-10,12.667731285095215,12.819311698180242,12.54502385611768,12.77600359875866,20199100
2019-04-11,12.451188087463379,12.732692768884169,12.4223151064256,12.63885833399041,15229900
2019-04-12,12.314043998718262,12.631639901734648,12.27073590454223,12.314043998718262,29774300
2019-04-15,12.573896408081055,12.573896408081055,12.335699804339285,12.415099131166413,18868300
2019-04-16,12.653295516967773,12.75434820265114,12.51615160301207,12.54502320889035,13454300
2019-04-17,12.306827545166016,12.768785665005991,12.241864706075075,12.768785665005991,31512000
2019-04-18,12.328482627868652,12.41510020798733,12.169685337180761,12.41510020798733,21532200
2019-04-22,12.631640434265137,12.674948530266972,12.227428325855726,12.328481008773192,19577100
2019-04-23,12.75434684753418,12.94201708439208,12.667729285623057,12.674947530510604,13912000
2019-04-24,12.790438652038574,12.833748127989763,12.508933942054107,12.776003536794496,21919500
2019-04-25,13.216304779052734,13.230741270217953,12.703821733343585,12.725475093351841,29435300
2019-04-26,13.20186996459961,13.259614553832987,13.028634820159873,13.136907129619608,14151100
2019-04-29,13.245179176330566,13.346231871803152,13.15134335047198,13.209087944561986,15043300
2019-04-30,13.331794738769531,13.382322460818697,13.144124472805878,13.266831901445972,25093600
2019-05-02,12.95645523071289,13.375103850540793,12.95645523071289,13.180215343877903,23174500
2019-05-03,12.934800148010254,13.064725815650714,12.797656234752036,13.014199473065997,21902300
2019-05-06,13.03585147857666,13.129687285117095,12.682165740496844,12.776001547037279,16137000
2019-05-07,12.739912033081055,13.158560654435764,12.443970837472015,13.136907293665107,43377300
2019-05-08,12.934800148010254,12.98532649059497,12.732693400931806,12.848182577336754,35491400
2019-05-09,12.624422073364258,12.869836909696378,12.581113977758452,12.812092323308793,20651100
2019-05-10,12.48727798461914,12.653294872740158,12.39344354936771,12.63164013687928,15438500
2019-05-13,12.277956008911133,12.407881687853003,12.212993169440198,12.270737762665506,24573100
2019-05-14,12.22742748260498,12.379006496527703,12.097501826820102,12.314043668635263,18510000
2019-05-15,11.989230155944824,12.140809160385757,11.953138933406958,12.068628092049394,26326100
2019-05-16,12.010886192321777,12.104722015115359,11.801562561860136,11.909833500149928,27881900
2019-05-17,11.902615547180176,12.249083108936489,11.873743938737004,11.938706778658776,25763700
2019-05-20,11.902615547180176,12.061412835466893,11.837652707258403,11.974796633397668,43284300
2019-05-21,12.335700035095215,12.436752724409441,11.98923249166961,12.054195328154366,31103500
2019-05-22,12.42231559753418,12.516151412877191,12.249081834677348,12.39344399209449,16255100
2019-05-23,12.42231559753418,12.552241263861694,12.321262913385919,12.400662237639304,12687200
2019-05-24,12.314043998718262,12.516150732772234,12.16968322588499,12.458406148291026,15540300
2019-05-27,12.429535865783691,12.51615344967749,12.30682842503235,12.34291965862968,6924700
2019-05-28,12.494495391845703,12.667729136894618,12.400660962888157,12.480060278979527,40302300
2019-05-29,12.458407402038574,12.617204681157531,12.393444565867268,12.501715500572903,17718300
2019-05-30,12.581114768981934,12.653295850690752,12.429534359719455,12.429534359719455,14045800
2019-05-31,12.667731285095215,12.703822515229582,12.47284414932826,12.552242102144554,23080800
2019-06-03,12.573896408081055,12.725475439216904,12.494497081253929,12.703822078620131,18578500
2019-06-04,12.523368835449219,12.660512738309139,12.429533026272624,12.624421512956804,16407200
2019-06-05,12.566678047180176,12.66773073367834,12.53058819535643,12.552241555754838,13357100
2019-06-06,12.732693672180176,12.812092998927387,12.624422739086457,12.703822065833668,10219400
2019-06-07,12.711041450500488,12.833748886131715,12.68938671124566,12.77600429152524,11447300
2019-06-10,12.739912033081055,12.920364048781181,12.703822180636877,12.711040426473637,14089900
2019-06-11,12.790438652038574,12.95645555637216,12.696604207623636,12.761567044810768,24719200
2019-06-12,12.761565208435059,12.840964526180441,12.581113214824244,12.790436811508272,21035200
2019-06-13,12.884272575378418,12.963670516114549,12.768783409999093,12.776001654927732,17586300
2019-06-14,12.732693672180176,13.021417996082903,12.703822065833668,12.891492325674598,15962500
2019-06-17,12.848185539245605,12.927584882605382,12.631643627751538,12.711042971111315,18256700
2019-06-18,13.02863597869873,13.043072471475705,12.862620441982704,12.884275181148166,13201000
2019-06-19,13.136906623840332,13.252395797860679,12.978107977007689,13.028634318549148,23446200
2019-06-21,13.31735897064209,13.411193410654072,13.194651548017447,13.194651548017447,28297900
2019-06-24,13.209086418151855,13.353448575064595,13.209086418151855,13.310140478686598,14143300
2019-06-25,13.115251541137695,13.29570354287226,13.050288710374092,13.230740712108656,19199900
2019-06-26,13.064725875854492,13.187433298442645,12.978108304781848,13.12968870997408,15422800
2019-06-27,13.02863597869873,13.02863597869873,12.855402195594218,12.97089138433056,12537000
2019-06-28,12.913146018981934,13.13690751344616,12.83374806692849,13.108034529616075,17249500
2019-07-01,12.855401039123535,13.071944281078762,12.768784843733126,13.064726035339627,16148600
2019-07-02,13.086380004882812,13.172997581044173,12.826530029878066,12.848183391363657,15780800
2019-07-03,13.59886360168457,13.707134532479532,12.999762982763565,13.006981228381841,40587600
2019-07-04,13.71435260772705,13.837060028234191,13.63495328365197,13.678262756823594,15014400
2019-07-05,13.71435260772705,13.764878949687715,13.483374257769977,13.69269787114124,22139900
2019-07-08,13.671043395996094,13.844277144331297,13.541117740559828,13.743224468653958,18757800
2019-07-10,13.728789329528809,13.887586603608367,13.584427170009512,13.67826298671893,33415700
2019-07-11,13.490593910217285,13.84427971756699,13.425631070424513,13.764880385211443,18302600
2019-07-12,13.136906623840332,13.497810636838807,13.064725545892726,13.497810636838807,31136800
2019-07-15,13.172996520996094,13.288485695424567,13.064725592061846,13.281267449930343,16291700
2019-07-16,13.064725875854492,13.259614378213252,13.014199533036944,13.172996807140608,9964700
2019-07-17,12.98532772064209,13.136908139494414,12.942019619572731,13.093598661685345,10416500
2019-07-18,13.172996520996094,13.209086371727658,12.934799926644924,13.014199250341834,11537900
2019-07-19,13.057509422302246,13.367887144196427,13.02863643573545,13.158562121806481,15923300
2019-07-22,12.98532772064209,13.172997994262262,12.884275025900347,13.043072314314474,12533800
2019-07-23,13.014198303222656,13.187432052258133,12.963670588440285,12.992543568315925,15130100
2019-07-24,12.963671684265137,13.151341939102284,12.949236569846567,13.129688579104641,11971400
2019-07-25,14.068038940429688,14.234054464003808,13.541119386438982,13.714353155830189,75250600
2019-07-26,14.291797637939453,14.414505051194284,14.039165943067285,14.068037546735754,35478100
2019-07-29,14.797063827514648,14.926989486278462,14.205181494692381,14.291797682708598,36618000
2019-07-30,14.681574821472168,14.991952481567262,14.616611991371357,14.66713833106321,24255200
2019-07-31,14.529994010925293,14.73210074066344,14.320670412928159,14.659919667418425,27074600
2019-08-01,14.739319801330566,14.94142654225323,14.55164955120371,14.55164955120371,26961600
2019-08-02,14.789846420288086,14.883682235484525,14.674357245230594,14.73210183275934,15526900
2019-08-05,14.55164909362793,14.73210109268258,14.49390450900002,14.544430848457004,20704700
2019-08-06,14.782629013061523,14.854810095750658,14.493906059044626,14.558868895790884,21755600
2019-08-07,14.890899658203125,14.955862493681954,14.529995628538352,14.573305103350647,18799000
2019-08-08,14.558869361877441,14.739321386007434,14.392853830095373,14.472251784529583,47777900
2019-08-09,14.486685752868652,14.580521560041502,14.385633077518918,14.55886682529251,18921100
2019-08-12,14.060818672180176,14.270143640548635,13.909239662042536,14.270143640548635,26937600
2019-08-13,13.988638877868652,14.147437524018054,13.916459176971156,13.945330781982245,21165200
2019-08-14,13.721570014953613,13.981421331149813,13.598862601943129,13.930893615536514,27713200
2019-08-15,13.555557250976562,13.822625489559254,13.411195073493118,13.75766264736568,21761100
2019-08-16,13.642171859741211,13.67826308825875,13.468938093075815,13.656608351148227,17271500
2019-08-19,13.793752670288086,13.887587113704493,13.649390505466314,13.714353341962148,16230300
2019-08-20,13.671043395996094,13.764877826733702,13.59886232333823,13.750441336854239,15670100
2019-08-21,13.569989204406738,13.851495247211362,13.533899356817665,13.822622267748555,17575900
2019-08-22,13.331794738769531,13.656608925387326,13.194652194855044,13.656608925387326,26247200
2019-08-23,13.230742454528809,13.505028927522066,13.014200574625697,13.201870846353586,28288000
2019-08-26,13.057509422302246,13.375105390838126,12.963673592699934,13.324577664346233,16632700
2019-08-27,13.115251541137695,13.259613693221153,12.927581294125007,13.10803329585957,31854400
2019-08-28,13.100817680358887,13.13690891399424,12.970891992751197,12.99976497965948,15473700
2019-08-29,13.389537811279297,13.41119254684402,13.006980453479,13.043070302680709,16894600
2019-08-30,13.512245178222656,13.634952592509881,13.40397425426087,13.44006548007446,22981700
2019-09-02,13.26683235168457,13.65660938885385,13.26683235168457,13.512247217293442,8064200
2019-09-03,13.36788558959961,13.606082194115883,13.180215328959573,13.237959918638076,20597800
2019-09-04,13.569989204406738,13.61329867360095,13.403973702713905,13.526681111951964,15174900
2019-09-05,13.490593910217285,13.714354037981444,13.490593910217285,13.642172951907284,15042800
2019-09-06,13.512245178222656,13.627734347347163,13.411192499423587,13.591644498273064,13073200
2019-09-09,13.620518684387207,13.649390290853825,13.468938276033716,13.562774094714358,11456600
2019-09-10,13.584426879882812,13.800970114536979,13.519464047160517,13.620518107361617,23425400
2019-09-11,13.64939022064209,13.916459806967488,13.512246304597175,13.64217197487766,28800600
2019-09-12,13.981420516967773,14.068036699496254,13.72156921590353,13.786532041169592,22002000
2019-09-13,13.786535263061523,14.060821740821238,13.685481190842916,13.966987291696517,16045800
2019-09-16,13.822623252868652,13.88036783917021,13.663825984724252,13.757660421186957,14858800
2019-09-17,14.024734497070312,14.075260854217312,13.73601147284462,13.73601147284462,16934100
2019-09-18,13.902021408081055,14.039165305309824,13.822622092305544,13.974202479082482,18071900
2019-09-19,13.966987609863281,14.147439642608958,13.858716665563826,14.060822061125542,31691000
2019-09-20,13.995859146118164,14.053603741225674,13.78653550513084,14.024732132041791,32308600
2019-09-23,14.010294914245605,14.104130736902976,13.880369237790582,13.887587483898047,13285800
2019-09-24,13.966987609863281,14.082476800681334,13.808188939933645,14.053603814606946,16081600
2019-09-25,14.147439002990723,14.169092364827794,13.89480589322059,13.89480589322059,15272500
2019-09-26,14.09691047668457,14.262925983217604,13.988638177281787,14.125782080249696,33348400
2019-09-27,14.039168357849121,14.19796564718805,13.938114285779147,14.118566314148726,12432300
2019-09-30,13.894805908203125,14.118566033445516,13.837061315342517,14.096912671585095,21606700
2019-10-01,13.938112258911133,14.046383184840273,13.793751483252118,13.930894013617255,24459600
2019-10-02,13.613300323486328,13.923678006631036,13.533900997080119,13.865932040706808,17900100
2019-10-03,13.41119384765625,13.606082356423384,13.331794519623797,13.569991126981526,19307100
2019-10-04,13.865931510925293,13.981422061621549,13.353448473584859,13.418411306027949,35765000
2019-10-07,13.620518684387207,13.916459878553017,13.5555558489128,13.86593215794211,17635100
2019-10-08,13.425629615783691,13.613299868546918,13.346230292030908,13.598863377548309,19185600
2019-10-09,13.476156234741211,13.598863657274329,13.382321794799221,13.497810971684556,13310500
2019-10-10,13.295703887939453,13.52668223587602,13.201869450367555,13.440066043769583,23781900
2019-10-11,13.41119384765625,13.606082356423384,13.324576273735424,13.382322240842395,18950100
2019-10-14,13.512245178222656,13.548336404036249,13.37510265034949,13.490591819473995,7716500
2019-10-15,13.634955406188965,13.743227729233082,13.483376356710844,13.512247966580105,12359100
2019-10-16,13.634955406188965,13.750444599145563,13.490594603363103,13.750444599145563,22029700
2019-10-17,13.548335075378418,13.692695834257137,13.51946209755906,13.671042477631977,12012200
2019-10-18,13.476156234741211,13.62773526312587,13.382321794799221,13.591645411626548,10737900
2019-10-21,13.707134246826172,13.714352492294019,13.425629557277844,13.425629557277844,21747300
2019-10-22,13.548335075378418,13.837057969875213,13.505025608649381,13.620516143187457,23053700
2019-10-23,13.483375549316406,13.606082981577453,13.411194463855843,13.533901896116891,23271200
2019-10-24,13.851495742797852,13.959766666178282,13.432847162784562,13.512245105669153,42853200
2019-10-25,12.703822135925293,13.165778853935066,12.689385644302584,12.92036400330747,82318800
2019-10-28,12.660512924194336,12.934799357201852,12.494496038615042,12.840964923387029,29041200
2019-10-29,12.689386367797852,12.81209380010791,12.537807327335853,12.653296513423003,28627500
2019-10-30,12.674947738647461,12.739910566962706,12.508932233726041,12.711038963677854,15607300
2019-10-31,12.545022964477539,12.739911463132408,12.523369604675592,12.609985797362496,20426500
2019-11-01,12.508934020996094,12.638859696190298,12.458407675473827,12.59555159670545,14655000
2019-11-04,12.682168006896973,12.754349091733669,12.487279490859793,12.523370721647984,12268600
2019-11-05,12.783219337463379,12.826528809794212,12.60998557835865,12.696603146280783,16763700
2019-11-06,12.646077156066895,12.840965656742688,12.523369734538385,12.703821744036805,10565900
2019-11-07,12.674947738647461,12.754347056974863,12.588331552053443,12.696602473665697,13188400
2019-11-08,12.48727798461914,12.674948231861517,12.400661794654669,12.595550287184004,15252400
2019-11-11,12.660512924194336,12.732692622479817,12.429533208766513,12.472842679825195,11838200
2019-11-12,12.53780746459961,12.653296651951132,12.451189885716111,12.5594608267657,14096800
2019-11-13,12.53780746459961,12.59555205827537,12.451189885716111,12.53780746459961,11332700
2019-11-14,12.595551490783691,12.711040672931858,12.49449742384931,12.53780689970961,18222200
2019-11-18,12.674947738647461,12.761565301980943,12.573895062041286,12.696602473665697,9445200
2019-11-19,12.75434684753418,12.797654940120022,12.56667661067628,12.711038754948339,9754500
2019-11-21,13.043070793151855,13.043070793151855,12.754347858462573,12.869837032338285,19540600
2019-11-22,13.129690170288086,13.201871258086836,12.94923813916108,13.006982734052132,17014400
2019-11-25,13.136906623840332,13.209086325048386,13.006980958882552,13.129688378371617,7860100
2019-11-26,13.014198303222656,13.122469224277397,12.790436839404807,13.071942886234483,32541200
2019-11-27,12.963671684265137,13.100815596788355,12.819310902902421,12.956454815425639,8765700
2019-11-28,12.999762535095215,13.08637872605258,12.905926722028614,12.9636713082467,5109500
2019-11-29,13.02863597869873,13.100817065843875,12.884275181148166,13.064727210641166,8325200
2019-12-02,12.970890045166016,13.108033958908553,12.913145456759617,13.028634633572413,10259800
2019-12-03,12.898712158203125,13.06472770115215,12.812094575028976,13.06472770115215,97511800
2019-12-04,13.209086418151855,13.375103311623374,12.956454708663905,12.992544559522308,21779200
2019-12-05,13.100817680358887,13.24517986142072,13.064727823463324,13.194653511071015,34121900
2019-12-06,13.31735897064209,13.37510355912783,13.100815731265879,13.144123828445286,19544400
2019-12-09,13.310141563415527,13.35344966332298,13.165779394737788,13.317359809523383,13479000
2019-12-10,13.259613990783691,13.403974769367272,13.20186940400235,13.274049104924368,14715500
2019-12-11,13.31735897064209,13.353448822168332,13.180215056711114,13.324575839555669,29652200
2019-12-12,13.497812271118164,13.5555568651199,13.302923750084908,13.331795358715917,17463900
2019-12-13,13.721570014953613,13.736006505128843,13.562772753244536,13.569989621592672,15663000
2019-12-16,13.77209758758545,13.909241503057048,13.721571244185283,13.728789489919535,17117700
2019-12-17,13.64939022064209,13.930894921756737,13.634953729113233,13.822623988769534,14087800
2019-12-18,13.779314994812012,13.851496071022527,13.598862992655478,13.685479182716485,31759400
2019-12-19,13.83705997467041,13.83705997467041,13.685479572635627,13.779315387404672,27270600
2019-12-20,14.007880210876465,14.08195706841074,13.718982020681192,13.793058878215465,25816100
2019-12-23,14.044918060302734,14.133810572728061,13.911581411012575,14.08195719585435,16331900
2019-12-26,14.237519264221191,14.259742748576807,13.948621032091909,14.044919971835421,20726100
2019-12-27,14.193073272705078,14.341227004730289,14.141219890365864,14.259742310826553,13210500
2019-12-30,13.830097198486328,14.333818156019834,13.830097198486328,14.222703571363585,17430500
2020-01-02,14.222702980041504,14.259740702420844,13.911581308200018,13.970842511746085,16011300
2020-01-03,14.022696495056152,14.193072286011637,13.993065185551579,14.037512149808439,20059000
2020-01-06,14.089364051818848,14.200478625017732,13.844911425621923,13.970841652020246,14644300
2020-01-07,14.118995666503906,14.24492590825383,13.970843355144284,14.11158783900113,18036600
2020-01-08,14.052327156066895,14.193073058072565,13.970843876294078,14.141219676517498,14051700
2020-01-09,13.94121265411377,14.133811938903174,13.711575643091235,14.074550729190948,21199500
2020-01-10,13.993067741394043,14.104183759432996,13.904176622441513,13.94121435318859,11697800
2020-01-13,14.230109214782715,14.333817379354667,14.007880057511505,14.022695711435858,19314500
2020-01-14,14.148629188537598,14.504196486869086,14.0597366575053,14.222706062248037,21324400
2020-01-15,13.896764755249023,14.074548354388218,13.896764755249023,14.074548354388218,17408600
2020-01-16,13.852323532104492,14.02269935784284,13.837507874327533,14.000475871177402,10783600
2020-01-17,13.852323532104492,13.970845968522378,13.756023169453153,13.896769092536475,16556000
2020-01-20,13.92639446258545,13.985655661506723,13.763426518776551,13.852319023607679,8035600
2020-01-21,13.881952285766602,14.015290368925209,13.822691072462641,13.837506729013326,11249000
2020-01-22,14.111588478088379,14.133811961603163,13.904174950211814,13.963436160019217,13925400
2020-01-23,13.815281867980957,14.096773662808111,13.770836315655115,14.000473317720378,20155900
2020-01-24,14.067142486572266,14.081958141788132,13.86713537985403,13.941212243034709,12738200
2020-01-27,13.741204261779785,13.91898928725803,13.674535230450083,13.837504601655382,12916900
2020-01-28,13.92639446258545,14.037510446848966,13.704165319855276,13.793057824686404,13373600
2020-01-29,13.556013107299805,14.007880681842659,13.496751901859641,13.970842958279528,12931800
2020-01-30,13.58564567565918,13.585645675659181,13.2448926531215,13.481938909751447,15925300
2020-01-31,13.22266960144043,13.474530082450618,13.170816222332206,13.333784187086428,20960400
2020-02-03,13.030071258544922,13.422677662988454,13.030071258544922,13.274523929602555,18733100
2020-02-04,13.074516296386719,13.28933906001152,13.022662915621742,13.170816643149099,16492600
2020-02-05,12.778209686279297,13.333784020465353,12.74857837693138,13.259707159994159,36940300
2020-02-06,12.496720314025879,12.948586514626053,12.407827791752815,12.948586514626053,19619000
2020-02-07,12.533756256103516,12.718947689312552,12.393010371253066,12.400418198129248,77239000
2020-02-10,12.393012046813965,12.667096026695404,12.281897454445323,12.578203505061271,17027200
2020-02-11,12.444864273071289,12.541164613637939,12.311527622353614,12.481903409019449,21283300
2020-02-12,12.333749771118164,12.496719144551244,12.207819533873774,12.385603148883753,36408300
2020-02-13,12.052261352539062,12.348567425544879,12.052261352539062,12.25226848165504,15697100
2020-02-14,12.155966758728027,12.259673519400362,11.926329754568437,12.052259998055693,23398800
2020-02-17,12.296711921691895,12.459679880554718,12.185597340062762,12.259672785883142,19609100
2020-02-18,11.985590934753418,12.267081318597302,11.911514071773878,12.222635765969034,18027400
2020-02-19,11.948552131652832,12.037444652299076,11.85225319610986,11.963367787243653,18162400
2020-02-20,11.978182792663574,12.126336514732698,11.91151375902233,11.93373724120228,23155100
2020-02-21,12.037443161010742,12.037443161010742,11.755952097702428,11.926328583642652,27991000
2020-02-26,11.718914031982422,11.896697643846169,11.65965282802784,11.815213665020936,42590700
2020-02-27,10.74110221862793,11.0892622814513,10.57813357336711,11.037408204148333,91108200
2020-02-28,10.770732879638672,10.770732879638672,10.378127269935147,10.741102280914806,45807500
2020-03-02,10.904073715209961,11.096672302936495,10.667028158359077,10.807774068122004,31307000
2020-03-03,10.918888092041016,11.200379190343007,10.859626882551053,10.926295919839596,26696400
2020-03-04,11.341124534606934,11.518908154327853,10.941111037010211,11.163340208436708,35799500
2020-03-05,11.281862258911133,11.504092129643015,11.067040215375147,11.141117074435536,45949800
2020-03-06,11.348530769348145,11.481868826950686,10.889256101044026,11.007778504935509,43528300
2020-03-09,10.867034912109375,11.096671926534135,10.718881885633827,10.852219256237143,46283500
2020-03-10,10.681842803955078,11.081856304380679,10.17812183806754,10.815180872913382,52663200
2020-03-11,10.185530662536621,10.615174808513125,9.555879393545514,10.474429604741255,39788900
2020-03-12,8.578067779541016,9.392910429967255,8.43732259047795,9.244756707017533,36313400
2020-03-13,9.40772533416748,9.696624244822171,8.622513997181864,9.333649179490155,51339000
2020-03-16,8.170646667480469,8.71881390250633,7.7261876063843555,8.437322810587462,52067300
2020-03-17,8.659551620483398,8.822520289195158,8.18546197542998,8.18546197542998,70142000
2020-03-18,8.289169311523438,8.303984967191708,7.815079633328308,7.948417002096016,62802600
2020-03-19,8.666959762573242,9.007712060555749,7.674333472517713,8.01508577050022,53157300
2020-03-20,8.926228523254395,9.252165182380528,8.71140645767256,8.815113223260742,49887100
2020-03-23,8.526214599609375,9.096603903076524,8.281761940059265,9.096603903076524,50158000
2020-03-24,8.36324691772461,9.326242721527986,8.36324691772461,8.978082553428813,33699600
2020-03-25,8.629921913146973,8.94104362822131,8.192870652875278,8.370654288217938,33700300
2020-03-26,9.481802940368652,9.837370206238413,8.807706135653541,8.81511325718881,45899600
2020-03-27,9.252163887023926,9.792923242471804,8.874373191547233,9.266979540861877,38232500
2020-03-30,9.296611785888672,9.644771941699394,9.163273703567675,9.333650220583324,29822100
2020-03-31,8.82992935180664,9.185496635340087,8.778075966237028,9.185496635340087,27574800
2020-04-01,8.659551620483398,8.829928116511441,8.474360176272084,8.592883293984734,25192600
2020-04-02,8.881781578063965,9.066973024010833,8.496583737848116,8.652144580701458,18013700
2020-04-03,8.437321662902832,8.844742236875987,8.26694518282108,8.844742236875987,22886300
2020-04-06,8.785482406616211,9.311426169213641,8.652145038859365,8.889189876159838,19126100
2020-04-07,9.192902565002441,9.60773168322925,9.111418589301305,9.370686170049968,37535900
2020-04-08,9.118826866149902,9.392910114070181,8.904004822836749,9.259572050479505,22934300
2020-04-09,8.963265419006348,9.422540076760086,8.963265419006348,9.26697924861372,23748200
2020-04-13,8.963265419006348,9.066972166804435,8.815111711096106,8.970672539242472,17076200
2020-04-14,8.95586109161377,9.326244093209379,8.95586109161377,9.10401415096211,21281900
2020-04-15,8.822519302368164,8.933634580335932,8.681774131348053,8.829927128855859,35812700
2020-04-16,8.481768608093262,8.904005611373872,8.44473017532137,8.859559350757733,26018500
2020-04-17,8.592884063720703,8.741037091071192,8.511399368840914,8.666960224171268,16763000
2020-04-20,8.600290298461914,8.778074619400243,8.363245479143192,8.44472945917168,22065800
2020-04-22,8.607698440551758,8.733628682033741,8.526214457542544,8.629921216563487,22788300
2020-04-23,8.555845260620117,8.770667317609396,8.47436056926083,8.68918262625011,23608700
2020-04-24,8.229907035827637,8.55584435382137,7.911378251157843,8.481767497973,50923200
2020-04-27,8.600290298461914,8.770666792184212,8.341022703944382,8.407691735990095,26166300
2020-04-28,8.666959762573242,9.022527715726401,8.578067950897283,8.844743385925161,27108700
2020-04-29,8.644737243652344,8.822520872297538,8.629921588040574,8.755851834943256,27558700
2020-04-30,8.400284767150879,8.652145266637843,8.33361572829264,8.541029966390992,35747500
2020-05-04,8.711405754089355,8.770666960053285,8.22250045166228,8.252131054644245,30157800
2020-05-05,8.844743728637695,9.000304581710564,8.770667569262116,8.815113123597595,25595500
2020-05-06,8.763258934020996,8.933635427141615,8.592883147349662,8.866966395331342,67031600
2020-05-07,8.54843807220459,9.111420300361761,8.400285040176223,8.629922063207845,56937900
2020-05-08,8.918819427490234,9.007711230979595,8.718813046251489,8.755850767868445,23218000
2020-05-11,8.844743728637695,9.148458313360418,8.82992877934232,8.918820594462622,20136100
2020-05-12,8.68177604675293,9.111420187539823,8.674368218630892,8.81511342070272,33395400
2020-05-13,8.341022491455078,8.807704997436945,8.289168408713136,8.770666568749634,46230300
2020-05-14,8.6965913772583,8.755852591930124,8.355839039670611,8.37065469656327,36918000
2020-05-15,8.622514724731445,8.8002983586972,8.533622907748569,8.659552451970622,30012000
2020-05-18,8.963265419006348,9.1929023946586,8.785481110803904,8.881780738365867,30350600
2020-05-19,8.844743728637695,9.148458313360418,8.844743728637695,9.029935186750665,17951200
2020-05-20,8.992897987365723,9.07438197938948,8.785483033478974,8.866967731952123,14121900
2020-05-21,8.800297737121582,9.148457858883905,8.696590271408526,8.992897013538979,38005800
2020-05-22,8.6965913772583,8.881782849720102,8.644737991032805,8.815113806601948,11924400
2020-05-25,9.089197158813477,9.178088974476891,8.8965978716514,8.8965978716514,12781100
2020-05-26,9.2817964553833,9.407726713897828,9.111420638833884,9.14845907482923,30153500
2020-05-27,9.911445617675781,9.97070681995148,9.363279143400929,9.392909744538779,36754400
2020-05-28,9.496617317199707,10.01515394166372,9.42994828225723,9.948484906721243,41520600
2020-05-29,9.244757652282715,9.504025987505292,9.044751236169072,9.489211037565093,46234500
2020-06-01,9.333647727966309,9.481800720730226,9.081787287043053,9.12623283164763,20420100
2020-06-02,9.607732772827148,9.852185434102802,9.363280111551497,9.45217192415634,25304000
2020-06-03,9.815147399902344,10.096638504447052,9.800331743976612,9.815147399902344,29826800
2020-06-04,9.911445617675781,9.985521767295777,9.76329261198653,9.852184415400082,20130800
2020-06-05,10.407759666442871,10.61517389333762,10.089230145303231,10.22997604339023,50766300
2020-06-08,10.815180778503418,10.985556570507919,10.541096815492976,10.622581504233656,47678900
2020-06-09,10.607765197753906,10.800364460192274,10.452204363699728,10.800364460192274,23940800
2020-06-10,10.34109115600586,10.755920337297646,10.229976562571117,10.741104681400023,27039100
2020-06-12,10.052191734313965,10.163307028784638,9.785516299193128,10.015154009273063,29856400
2020-06-15,9.948484420776367,9.948484420776367,9.681808294032553,9.770700100797397,22964800
2020-06-16,9.822553634643555,10.178120841795728,9.718846179332884,10.155898067961028,36070000
2020-06-17,10.200345993041992,10.370721797766754,9.933669837543258,9.955892615018366,28294300
2020-06-18,10.133674621582031,10.348496638258297,10.01515222706398,10.163305220211544,26894400
2020-06-19,10.252199172973633,10.370721592426614,10.148491702727604,10.296644727043828,33153700
2020-06-22,10.452205657958984,10.50405974669746,10.133676829890913,10.148491779209511,24735500
2020-06-23,10.318866729736328,10.607764909082775,10.222567101137765,10.563319361390665,16293000
2020-06-24,10.133674621582031,10.296642560819752,9.948483203535279,10.252197016100082,16263500
2020-06-25,10.504059791564941,10.57072882990679,10.192938083602556,10.222568688815672,25008900
2020-06-26,10.333683013916016,10.585543504924253,10.244791200580638,10.45220543169652,19150700
2020-06-29,10.56332015991211,10.689250398641372,10.28182907960254,10.437389921182847,22168000
2020-06-30,10.474430084228516,10.96333546537896,10.452206598576648,10.570729736038363,34581800
2020-07-01,10.637396812438965,10.852218869791063,10.548504999719063,10.56332065506371,20736100
2020-07-02,10.496650695800781,10.904071998107337,10.370720462243314,10.807772366184022,27363800
2020-07-03,10.474430084228516,10.489245034880346,10.38553826096929,10.44479947647544,7029000
2020-07-06,10.637396812438965,10.674435244351256,10.452205359326836,10.652212467783613,24349100
2020-07-07,10.704065322875977,10.741103752969178,10.489243276074564,10.57813508442867,22581000
2020-07-08,10.8966646194458,11.015187030859192,10.62258136644001,10.78555003535807,39365200
2020-07-09,10.84481143951416,11.007779404965078,10.755919629327483,10.94851819817396,31569000
2020-07-10,11.000372886657715,11.104079650999553,10.778142995790512,10.829996377961432,20193200
2020-07-13,10.370721817016602,11.074449227595712,10.355906161039456,11.044818622090782,36972600
2020-07-14,10.30405330657959,10.392945127654215,10.11886183606177,10.385538005735043,36408700
2020-07-15,10.585543632507324,10.704066051716328,10.385537226704466,10.42998278068317,31872500
2020-07-16,10.407759666442871,10.63739666960687,10.267013768355874,10.563320513226262,23008200
2020-07-17,10.48924446105957,10.511467239046313,10.237383955711916,10.48924446105957,49831400
2020-07-20,10.459613800048828,10.59295188016844,10.392944759989021,10.452205971942323,34419700
2020-07-21,10.874443054199219,10.881850175899965,10.385537699481162,10.504060124085616,41081700
2020-07-22,10.8966646194458,11.207786302630602,10.792957156234435,10.85221836194113,35800700
2020-07-23,10.66702651977539,11.030002274256974,10.6596193991752,10.896664213163769,21059900
2020-07-24,11.059633255004883,11.08185603046554,10.592950731635328,10.733695918151879,32629400
2020-07-27,11.318902015686035,11.400386711497145,11.022595957598456,11.059634391471745,42001500
2020-07-28,11.178154945373535,11.415199752202374,11.133708690868502,11.252231094282923,44883300
2020-07-29,11.222600936889648,11.415200203273253,11.141116957934713,11.230008764008081,39734800
2020-07-30,10.778141975402832,11.792990984287666,10.763326321071283,11.704099177646215,108380100
2020-07-31,10.29664421081543,10.985556622408525,10.192937452218144,10.97074167394433,67776600
2020-08-03,10.155899047851562,10.363313272035997,10.074415064962864,10.32627484110502,35573500
2020-08-04,9.926261901855469,10.15589962143758,9.755886098979508,10.133676844203618,40601100
2020-08-05,9.763293266296387,10.111452676386524,9.666993629532316,10.074414952318984,47510100
2020-08-06,9.822553634643555,9.918853263192913,9.637362204306154,9.800330154359612,35028900
2020-08-07,9.859594345092773,10.022562332883169,9.689217822376298,9.770701816271496,44280200
2020-08-10,9.807738304138184,10.007745394585434,9.666993123283993,9.911445762864455,28095600
2020-08-11,9.93366813659668,10.111451738854294,9.852184162174249,9.911445362926786,40751000
2020-08-12,9.985522270202637,10.059599130002667,9.711439019261391,10.022560700102652,44719600
2020-08-13,9.785517692565918,10.04478604346573,9.778109863923198,10.037378214823011,22611700
2020-08-14,9.822553634643555,9.933668210266298,9.741068953167582,9.807737981120926,22032000
2020-08-17,9.518839836120605,9.911445472040628,9.44476298113981,9.785515242442825,33507900
2020-08-18,9.689216613769531,9.822554683919812,9.555878543619253,9.644771061352317,30227500
2020-08-19,9.518839836120605,9.778107415654896,9.481801408630208,9.68921561354749,15809100
2020-08-20,9.54106330871582,9.65958572020495,9.318833433949052,9.385502467024013,21512900
2020-08-21,9.607732772827148,9.607732772827148,9.407725664629254,9.526248081435712,19407800
2020-08-24,9.526248931884766,9.711440401290025,9.4966183250379,9.674402672568487,18335400
2020-08-25,9.444765090942383,9.585510299106925,9.40772665517822,9.548472569792164,14960200
2020-08-26,9.40772533416748,9.585508953132228,9.252164490961002,9.437355937328272,29757700
2020-08-27,9.392909049987793,9.50402361942614,9.333647852094114,9.40772399623661,20747000
2020-08-28,9.444765090942383,9.518841962470713,9.259573618570965,9.452172919385097,23050600
2020-08-31,9.118826866149902,9.40031723480911,9.118826866149902,9.378094459693758,38488000
2020-09-01,9.370688438415527,9.392911924263052,9.215127569729962,9.259573834975589,31742100
2020-09-02,9.452171325683594,9.496616875947241,9.29661048686226,9.444763498489891,18202600
2020-09-03,9.333647727966309,9.696622736850205,9.259570878359753,9.415131697374164,37438600
2020-09-04,9.333647727966309,9.422539523624659,9.192901855003692,9.400316044873176,22149500
2020-09-08,9.148459434509277,9.296612477866022,9.12623594816869,9.296612477866022,20712000
2020-09-09,9.148459434509277,9.237351260523324,9.01512134226349,9.192904994291583,17716100
2020-09-10,9.118826866149902,9.348463857390195,9.074380609469916,9.126233986888831,30209800
2020-09-11,8.918819427490234,9.170679890601384,8.918819427490234,9.16327206369829,25286500
2020-09-14,9.311427116394043,9.318834944925559,8.978082603419324,8.978082603419324,24419600
2020-09-15,9.548469543457031,9.600322913222579,9.259570683800744,9.341054651496487,29444700
2020-09-16,9.3040189743042,9.585509363147676,9.296611146584809,9.570694414158229,18729400
2020-09-17,9.7484769821167,9.822553838367744,9.185494852666679,9.274387362747635,58483500
2020-09-18,9.474394798278809,9.75588589431809,9.474394798278809,9.711439634333221,46869000
2020-09-21,9.429948806762695,9.481802895962876,9.26698083056029,9.40772602936225,18966300
2020-09-22,9.481802940368652,9.541064151346946,9.311426428969037,9.422541729390359,13753000
2020-09-23,9.215126991271973,9.452172546952974,9.215126991271973,9.392911334645067,27736600
2020-09-24,9.385502815246582,9.504025231133152,9.155865104629362,9.259572571754772,30902200
2020-09-25,9.511433601379395,9.563286984675749,9.259573100026769,9.370687694647344,26495500
2020-09-28,9.244757652282715,9.607733462884198,9.200312096012741,9.607733462884198,37732800
2020-09-29,9.148459434509277,9.400319254991025,9.09660533949734,9.229943431743129,25217400
2020-09-30,9.289202690124512,9.392910151828515,9.155864625997832,9.222533658061172,23817800
2020-10-01,9.40772533416748,9.466986540489064,9.244756663558478,9.29661074892684,20845400
2020-10-02,9.2817964553833,9.504026364905963,9.2817964553833,9.34105767039609,19312900
2020-10-05,9.489211082458496,9.51143386069862,9.28920395894924,9.304019615408912,17239400
2020-10-06,9.881814956665039,10.14849036528993,9.54847051927161,9.578101120229933,55433200
2020-10-07,10.022561073303223,10.267013730716766,9.926261434557082,9.94848491719418,36817600
2020-10-08,10.133674621582031,10.207750764931214,9.948483203535279,10.081820544143488,43108600
2020-10-09,10.052191734313965,10.318867875884125,10.029968957999559,10.104045820980009,24268300
2020-10-13,10.185530662536621,10.274422481726651,10.052192580526885,10.0596004087384,19256200
2020-10-14,10.22256851196289,10.348498758552346,10.192937907262392,10.200345735049853,23282200
2020-10-15,9.955892562866211,10.170714627865241,9.955892562866211,10.081822811981093,17291600
2020-10-16,9.829962730407715,9.97811575251366,9.763293693847707,9.97811575251366,26454900
2020-10-19,9.741069793701172,10.015153755925908,9.733662672749958,9.822554482208263,20184800
2020-10-20,9.911445617675781,9.955891166157928,9.785515386227605,9.896629963882228,20035400
2020-10-21,9.904037475585938,10.037375529687447,9.800330021679294,9.86699904873005,20369800
2020-10-22,10.052191734313965,10.052191734313965,9.822554730683352,9.933669318704704,21189900
2020-10-23,10.289237022399902,10.296644143358819,10.007745938931263,10.059599317890198,25463400
2020-10-26,10.51887321472168,10.674434046131932,10.26701275372896,10.26701275372896,35347700
2020-10-27,10.16330623626709,10.563319710980627,10.09663720607329,10.548504056960109,31147200
2020-10-28,9.904037475585938,10.044783356348471,9.763292301272639,9.963298675975668,30778700
2020-10-29,9.548469543457031,10.052189708270351,9.34846247759133,10.000336338504804,79877400
2020-10-30,9.022527694702148,9.518840838573407,9.022527694702148,9.40031771683232,46496800
2020-11-03,9.466986656188965,9.526247863234802,9.148457844929915,9.18549556949658,40584400
2020-11-04,9.496617317199707,9.726255025729426,9.459579592408836,9.607732610920275,32125300
2020-11-05,9.874407768249512,9.896630543792767,9.592916687720841,9.696624151004867,23251900
2020-11-06,9.815147399902344,9.992931032314994,9.72625558369602,9.778108966537369,20836200
2020-11-09,10.533689498901367,10.555912274304628,10.089229752140403,10.229975644742735,57332800
2020-11-10,11.267048835754395,11.296679442098645,10.444798979864402,10.45220610161343,88015400
2020-11-11,11.037409782409668,11.29667808665021,10.926295198563318,11.259639656551661,44074400
2020-11-12,10.829995155334473,11.148524653166133,10.748511177343492,11.037409367051957,28783200
2020-11-13,11.192971229553223,11.26704809376019,10.785550595762905,10.881849530202896,31182600
2020-11-16,11.378161430358887,11.444830459511945,11.126301673985155,11.311493107655087,24432100
2020-11-17,11.452239990234375,11.622615795463041,11.192971661943652,11.318901912090649,32058700
2020-11-18,10.992964744567871,11.511500670803287,10.97074196805117,11.467054411320557,31701300
2020-11-19,10.911478996276855,11.185562941379754,10.859625620611082,11.037409228421671,30028900
2020-11-23,10.859626770019531,10.904073029901104,10.585543502356273,10.785550612149354,23466400
2020-11-24,10.926295280456543,11.185563586640315,10.822587816693172,10.90407250481057,30059900
2020-11-25,10.733695983886719,10.926295256256703,10.726288156538036,10.926295256256703,19138400
2020-11-26,10.681842803955078,10.807773045426963,10.629989424448766,10.659620027945133,10458000
2020-11-27,10.607765197753906,10.815180114125654,10.607765197753906,10.726287603423899,17499400
2020-11-30,10.355904579162598,10.741103098336515,10.355904579162598,10.681841896378874,41880800
2020-12-01,10.874443054199219,10.9188886102012,10.429983255483144,10.437391083633266,26702100
2020-12-02,11.022594451904297,11.05963288071811,10.726287727843056,10.822587360179265,18287100
2020-12-03,10.889257431030273,11.007779849397782,10.592951385111501,10.918888035622151,32918200
2020-12-04,10.918888092041016,10.97074218018174,10.785550723913271,10.918888092041016,18361200
2020-12-07,11.089264869689941,11.281863452006188,11.000373053286436,11.052226436242808,25164600
2020-12-08,11.148524284362793,11.244823913229691,10.933702252721018,11.044816828710154,23395100
2020-12-09,11.304086685180664,11.318901634361255,11.089264623692012,11.126303056317505,23965900
2020-12-10,11.622614860534668,11.79299135850753,11.378162207901289,11.38557003530213,144062500
2020-12-11,11.481868743896484,11.704098602810136,11.348530687258442,11.600391146930633,31872700
2020-12-14,11.348530769348145,11.600391230842169,11.311493047968995,11.541130028896427,21900800
2020-12-15,11.526317596435547,11.733731848499083,11.348533245360253,11.348533245360253,19882900
2020-12-16,11.718914031982422,11.837436439891587,11.407792357996227,11.555946074331958,36866900
2020-12-17,11.896698951721191,11.926330263405305,11.63002350460835,11.71891532031263,58329100
2020-12-18,12.059185028076172,12.20365161979734,11.89190807453131,11.967942855653066,33239900
2020-12-21,11.724631309509277,12.005961544352148,11.640992826219252,11.899511972332528,24879600
2020-12-22,11.793061256408691,11.975545586553967,11.762647201384478,11.78545756137057,15406100
2020-12-23,11.785459518432617,11.96034018257999,11.785459518432617,11.846287638581998,11560800
2020-12-28,11.990755081176758,12.120014293870273,11.785459629884874,11.838684054236817,11958000
2020-12-29,12.127615928649902,12.173237374002301,11.998356012801093,12.089598178377615,13638800
2020-12-30,11.899511337280273,12.241670398680025,11.899511337280273,12.203651919493002,19432700
2021-01-04,11.770252227783203,12.051583192321424,11.69421743950207,12.005961739250026,17835200
2021-01-05,12.021167755126953,12.18084173489583,11.580162843042372,11.686612404597728,37105800
2021-01-06,12.264479637145996,12.340515142790995,11.88430428430597,11.907114645948141,28371600
2021-01-07,12.203652381896973,12.348119707768236,12.097203536653279,12.188446439902693,32540100
2021-01-08,12.568620681762695,12.735897620960571,12.188444633375813,12.24166904810893,30188800
2021-01-11,12.241668701171875,12.614241044001288,12.203650227256738,12.47737743841977,23618800
2021-01-12,12.77391529083252,12.857554489783851,12.294894083785357,12.294894083785357,30598100
2021-01-13,12.294894218444824,12.637053263123574,12.150426905107507,12.545810367790367,44066900
2021-01-14,12.422250747680664,12.552126734465535,12.261815019455273,12.315294566976187,17183300
2021-01-15,12.185416221618652,12.42988902035044,12.170137081526551,12.238895033401608,27742000
2021-01-18,12.391690254211426,12.59032419001407,12.238895927787643,12.34585210200115,13979800
2021-01-19,12.429889678955078,12.48336776498736,12.208335942914413,12.445169548441031,16980100
2021-01-20,12.238895416259766,12.521565709772204,12.147217658502322,12.468087624900582,18321500
2021-01-21,11.925664901733398,12.277093885101685,11.833987870670056,12.185416854038342,23062400
2021-01-22,11.574235916137695,11.879826748207638,11.421440864394862,11.780509782428728,36117500
2021-01-26,11.765229225158691,11.986782219379725,11.60479424806179,11.62007411663494,28714100
2021-01-27,11.765229225158691,11.910385062266679,11.589515108072876,11.765229225158691,27437800
2021-01-28,11.872186660766602,12.040261579813968,11.658273591078126,11.757590555579556,20208100
2021-01-29,11.54367733001709,11.971504219203858,11.513118318545486,11.765230345332299,23141500
2021-02-01,11.918025970458984,11.994423133814982,11.627715001103896,11.734671175519148,22235900
2021-02-02,11.925664901733398,12.452808012493689,11.788149719430523,12.124298833329446,34642100
2021-02-03,11.979143142700195,12.162497196047426,11.933304265071266,11.994422282853677,17825900
2021-02-04,11.918025970458984,12.055541155933495,11.80342913254855,11.910386035548097,12952800
2021-02-05,11.85690689086914,12.086099089080662,11.849266956639628,11.979142924204412,11336800
2021-02-08,11.413802146911621,11.895107157669582,11.36032405524441,11.872188079609971,35731300
2021-02-09,11.429080963134766,11.5665968759688,11.322124061087818,11.345043865616349,16168600
2021-02-10,11.467280387878418,11.551317488907983,11.367963416524757,11.459640452716371,25616400
2021-02-11,11.421441078186035,11.627714948338186,11.329764045424287,11.551317056744583,17224700
2021-02-12,11.299205780029297,11.436721702537413,11.26864676709242,11.375603676663658,17542300
2021-02-17,11.665913581848145,11.765229818243206,11.467279651889477,11.597155626971354,30687100
2021-02-18,11.299205780029297,11.62771571553898,11.299205780029297,11.604795909398067,30823900
2021-02-19,11.375601768493652,11.467278791926166,11.199886927143172,11.276284810962375,25717400
2021-02-22,11.13877010345459,11.375602985769664,10.94777610205299,11.123490962206295,39438200
2021-02-23,11.222806930541992,11.33740376576389,11.01653379287742,11.199887854931323,28897400
2021-02-24,11.215167999267578,11.29920509762255,11.07765208506463,11.230447140521076,16385700
2021-02-25,10.848458290100098,11.268645206218306,10.833179150040214,11.21516712313236,33159300
2021-02-26,10.710943222045898,10.985974303124841,10.69566335324939,10.8560983326915,33969400
2021-03-01,10.519950866699219,10.909578109900245,10.519950866699219,10.817901068642099,19850200
2021-03-02,10.688024520874023,10.825540439884636,10.199080326319532,10.321316374958155,42904000
2021-03-03,10.825540542602539,11.03945362974984,10.412993510240582,10.649825674579011,40193500
2021-03-04,11.29156494140625,11.329763886667795,10.894297805005317,10.963055760759241,37825700
2021-03-05,11.520758628845215,11.727032509436093,11.383242708451297,11.4214416561812,39950600
2021-03-08,11.222806930541992,11.650633803918712,11.176968779320655,11.299204820689924,40360600
2021-03-09,11.581875801086426,11.665913625621958,11.100570843727175,11.154049658045496,31116200
2021-03-10,11.665913581848145,11.696472591950688,11.329763742135897,11.63535384316133,37414300
2021-03-11,11.528398513793945,11.918026467486683,11.482559631001255,11.742311600129748,19424400
2021-03-12,11.482558250427246,11.635353293724782,11.406161093070597,11.413800298797296,17805500
2021-03-15,11.688833236694336,11.688833236694336,11.421441338604266,11.436721208705096,11348000
2021-03-16,11.497838973999023,11.70411211564258,11.390882071445589,11.635354158899965,16891900
2021-03-17,11.780510902404785,11.811069915658605,11.314485768137953,11.474920769866591,23843400
2021-03-18,11.688833236694336,11.795789413062918,11.581876331741446,11.650634290026568,20329000
2021-03-19,11.918025970458984,11.940945046607354,11.673553153400634,11.727031969192554,32656900
2021-03-22,11.872186660766602,11.979143559902974,11.67355273176374,11.681192666398681,22475500
2021-03-23,11.520758628845215,11.879827571771376,11.520758628845215,11.772870663844513,16016400
2021-03-24,11.306845664978027,11.681193753931163,11.276286652177452,11.467280664327133,25521500
2021-03-25,11.451998710632324,11.551315666315533,11.238085659936909,11.26100473322251,21553400
2021-03-26,11.574235916137695,11.711751826998384,11.451999874743429,11.46727974420985,16410500
2021-03-29,11.688833236694336,11.742311324878628,11.467280220322449,11.513118373456326,13766000
2021-03-30,11.910385131835938,12.017341298135785,11.520757223955588,11.55895616702735,15332100
2021-03-31,11.681192398071289,11.97150335027194,11.681192398071289,11.918025266224326,14580700
2021-04-01,11.459640502929688,11.765230624907417,11.452000567734164,11.757591418296215,15974100
2021-04-05,11.665913581848145,11.757590612155774,11.536037606766268,11.558956682197108,20988000
2021-04-06,11.757591247558594,11.826348477566885,11.581876383534798,11.665914212296562,12645800
2021-04-07,11.627714157104492,11.788149135666467,11.52839719622477,11.635353362876591,11811200
2021-04-08,11.80342960357666,11.971504535401927,11.56659744056246,11.612435594688415,19194000
2021-04-09,11.734670639038086,11.948584435257553,11.620074534951005,11.627714469512613,16710000
2021-04-12,11.84926700592041,11.91802495710352,11.734670177753815,11.841627071659124,11987600
2021-04-13,11.940946578979492,12.024983688030792,11.742312617311637,11.841629598145564,19448300
2021-04-14,12.078459739685059,12.147216961179673,11.933303905388804,11.948583773665977,21466700
2021-04-15,12.124299049377441,12.246535821557698,12.009702940652296,12.063181027579459,17705700
2021-04-16,12.070818901062012,12.19305492378318,12.009700889701428,12.063178967495897,13563400
2021-04-19,12.017341613769531,12.277093559178779,11.849267425574114,11.872186500585443,20032500
2021-04-20,11.933304786682129,12.070820696995563,11.864546831525411,11.971503731611891,12697600
2021-04-22,12.147217750549316,12.307653463548428,11.96386369081357,12.139578544498528,22839800
2021-04-23,12.109021186828613,12.261815528873049,12.086101379796016,12.20833743629906,22545200
2021-04-26,11.910385131835938,12.109019052941711,11.82634731136121,11.918025066167138,19142000
2021-04-27,11.681192398071289,11.918025266224326,11.62007437956423,11.849267313257823,18054400
2021-04-28,11.620075225830078,11.772870283225469,11.597156149366846,11.68883318380408,11855100
2021-04-29,11.658271789550781,11.811066815717183,11.620072850863142,11.620072850863142,14243200
2021-04-30,11.413802146911621,11.688833997964373,11.39088306885201,11.612436099653197,29652900
2021-05-03,11.306845664978027,11.452000793634678,11.16168980773704,11.398522703379754,25143600
2021-05-04,11.184608459472656,11.306844498059636,11.108210571063662,11.261005619297388,16889200
2021-05-05,11.352683067321777,11.398521947776167,11.131130057058183,11.192248078607843,18070800
2021-05-06,12.36113166809082,12.445169492718739,12.009702685914435,12.101379716666848,73311200
2021-05-07,12.384049415588379,12.475727170487328,12.223615165975817,12.368771004078955,22279100
2021-05-10,12.60560417175293,12.720200281880599,12.292374124058616,12.338212276675966,29355000
2021-05-11,12.888275146484375,12.987591380593594,12.414609407920347,12.491007295710482,25719300
2021-05-12,12.888275146484375,13.163305502492948,12.720199501912377,12.720199501912377,35518800
2021-05-13,12.895915031433105,13.094548978501443,12.804238721813052,12.987592798221826,19320300
2021-05-14,13.125107765197754,13.239703872472285,13.033430005076992,13.063989744173433,20899500
2021-05-17,13.293181419372559,13.392499110237772,13.06398921412261,13.16330544781932,16843500
2021-05-18,13.308462142944336,13.438338122837955,13.186226098005468,13.254984055429656,15746000
2021-05-19,13.41541862487793,13.44597836539606,13.239704488404575,13.270264228922704,17538900
2021-05-20,13.400138854980469,13.476535284203148,13.270262885266035,13.40777733216795,21344500
2021-05-21,13.453617095947266,13.468895507669737,13.163305415692799,13.407777489274348,27358200
2021-05-24,13.468896865844727,13.552934696050768,13.323742468248932,13.453618452581612,13845700
2021-05-25,13.453617095947266,13.598771478905999,13.392499077551877,13.568213198292554,13963000
2021-05-26,13.346660614013672,13.598772643633977,13.232064501853284,13.560574425303388,16085400
2021-05-27,13.514735221862793,13.514735221862793,13.140387174066754,13.277901623674035,41881900
2021-05-28,13.63697338104248,13.705731345126612,13.369581460400719,13.43833942448485,17328000
2021-05-31,13.713370323181152,13.713370323181152,13.530014793648503,13.552934599132243,10102100
2021-06-01,14.339828491210938,14.500262736347231,13.690448662203092,13.74392674391519,60016600
2021-06-02,14.79821491241455,15.019767181979939,14.225232945277467,14.339829047271184,60424800
2021-06-04,14.805853843688965,14.86697186377103,14.561381763360709,14.7447358236069,33841600
2021-06-07,14.973932266235352,15.142006488310518,14.660702173131885,14.760018427728843,27901200
2021-06-08,14.966289520263672,15.172563383970662,14.798215329744199,14.874611761782162,23209600
2021-06-09,14.752375602722168,15.09616537278938,14.72945725616337,14.966289399338269,25062800
2021-06-10,14.760016441345215,14.874612552663761,14.584302306845537,14.844054269657502,17134100
2021-06-11,14.469705581665039,14.813493901035821,14.39330769163757,14.698897794578894,30946600
2021-06-14,14.882251739501953,14.897531608821193,14.507903684191799,14.53846342283028,22185300
2021-06-15,14.614859580993652,14.85933311401088,14.614859580993652,14.85933311401088,12469400
2021-06-16,14.584300994873047,14.782934916635197,14.515543042833515,14.622499209486794,36205000
2021-06-17,14.52318286895752,14.912810775221713,14.378027031603766,14.59958075478415,22474800
2021-06-18,14.332189559936523,14.584301575054642,14.240511801180599,14.454425600165397,27084500
2021-06-21,14.309269905090332,14.423866011853184,14.179393928847485,14.286351558038895,13009100
2021-06-22,13.97312068939209,14.26343090642175,13.805045049434709,14.187033020729166,32543400
2021-06-23,13.743927955627441,14.07243786615683,13.675169999601822,13.850884128481264,21757300
2021-06-24,13.713370323181152,13.827966436262582,13.537654728809748,13.827966436262582,21592700
2021-06-25,12.949394226074219,13.751568470662054,12.949394226074219,13.621692487930167,66198100
2021-06-28,13.369580268859863,13.484176379730654,12.987592261178152,13.11746824207668,41325600
2021-06-29,13.209145545959473,13.369579804168588,12.911193919449095,13.254983697280855,46943000
2021-06-30,13.041069984436035,13.339020155802162,13.002871767603454,13.102188005669307,28949400
2021-07-01,13.140386581420898,13.232062877024383,12.850074911950154,12.880634648596946,39119700
2021-07-02,13.316102027893066,13.46889635490856,13.178586113561105,13.285542288188811,24241600
2021-07-05,13.705728530883789,13.751566678471532,13.262622551753111,13.308460699340852,18812100
2021-07-06,13.407777786254883,13.64461138780528,13.232063661622162,13.5529336295973,34060600
2021-07-07,13.575854301452637,13.675170543456865,13.415418578622882,13.514736277795736,25160400
2021-07-08,13.262622833251953,13.46889523035914,13.193864881826736,13.346659196085078,17936500
2021-07-12,13.491814613342285,13.537652760476401,13.20914433931873,13.377218516922778,15673600
2021-07-13,13.598770141601562,13.675168021374947,13.30845994706473,13.361938025755592,22447700
2021-07-14,13.68281078338623,13.881444728988486,13.568214668622643,13.827966639243389,28762700
2021-07-15,13.461257934570312,13.71336995953143,13.339020432400481,13.71336995953143,23006300
2021-07-16,13.316102027893066,13.583493921630922,13.316102027893065,13.545294247000605,23216000
2021-07-19,12.995230674743652,13.216782935532596,12.911192856598655,13.170944787984615,21998300
2021-07-20,13.010510444641113,13.109826673105788,12.888274413991471,13.010510444641113,15847800
2021-07-21,13.140386581420898,13.155664992575849,12.957031075877035,13.041068894487267,13985700
2021-07-22,13.010510444641113,13.140386409352411,12.903552824946356,13.094546804982476,17005900
2021-07-23,12.796598434448242,13.079270205199206,12.781318564209027,13.071630270079599,11774400
2021-07-26,13.056350708007812,13.086908992038877,12.773678930584982,12.796598736484778,11973200
2021-07-27,12.926474571228027,13.048710620261545,12.834796805868566,12.987592595744786,11928000
2021-07-28,13.239704132080078,13.239704132080078,12.87299599874364,13.018151847960869,27723400
2021-07-29,13.086906433105469,13.285540340558056,12.628522062088523,13.155664380191686,54590700
2021-07-30,12.712560653686523,13.247344456745465,12.712560653686523,12.98759249036468,23889000
2021-08-02,12.880636215209961,13.117468374353635,12.880636215209961,12.911194498404972,21537000
2021-08-03,13.041069984436035,13.170945961702808,12.666721922236178,12.865355855536452,26003800
2021-08-04,12.704920768737793,13.033430695586132,12.67436248519094,12.918834582240317,20523000
2021-08-05,12.697281837463379,12.926474055973365,12.674362032744945,12.834796294268218,18203900
2021-08-06,13.063989639282227,13.11746772510306,12.72783979776314,12.758399536614217,18667000
2021-08-09,13.10982894897461,13.262624742396255,12.987592897104765,13.07163072920354,15969000
2021-08-10,12.766037940979004,13.10218778057116,12.766037940979004,13.10218778057116,21467500
2021-08-11,12.65908145904541,12.850075449573357,12.57504363691919,12.766037627447139,17091400
2021-08-12,12.66672134399414,12.8195171186864,12.605603325550936,12.659081409542678,15643300
2021-08-13,12.720199584960938,12.727839519506682,12.452807704533953,12.674361434854989,16218300
2021-08-16,12.529207229614258,12.75840092442246,12.475729137976291,12.628524934515092,18371000
2021-08-17,12.468087196350098,12.597963165360763,12.307652947249643,12.521565279383582,26879900
2021-08-18,12.582683563232422,12.850075441231672,12.39168957282846,12.452807591470988,23317500
2021-08-19,13.1327486038208,13.193866629051511,12.536846764944876,12.575044984275822,39834200
2021-08-20,13.400138854980469,13.445977003947773,12.91883319073408,12.91883319073408,34873200
2021-08-23,13.262622833251953,13.430697016086672,13.155665210385797,13.37721893323783,17262100
2021-08-24,13.438337326049805,13.499455344895418,13.254983269512964,13.354299503698895,18073900
2021-08-25,13.43069839477539,13.461258135065162,13.247344324542627,13.36958037136447,13858600
2021-08-26,13.07162857055664,13.339018979134687,13.033428899925179,13.29318083154537,22172500
2021-08-27,13.018152236938477,13.125108414731933,12.918834537128578,13.125108414731933,16973500
2021-08-30,13.125107765197754,13.163305981899743,12.842436007229919,12.95703211450445,16781900
2021-08-31,13.063989639282227,13.11746772510306,12.842435904117576,13.10218785567752,28079100
2021-09-01,13.186224937438965,13.27790123449006,13.018150754732979,13.109827051784073,17593400
2021-09-02,12.620884895324707,13.079270824007994,12.5215671912395,13.079270824007994,36473800
2021-09-03,12.65144157409668,12.804237349984664,12.559765274298702,12.712559593018172,40771400
2021-09-06,13.1327486038208,13.1327486038208,12.468088804414243,12.651442880106375,10036700
2021-09-08,12.384049415588379,12.995231048188257,12.384049415588379,12.979951179510353,39304600
2021-09-09,12.460448265075684,12.536846157202737,12.231256045863116,12.376411895187658,26356800
2021-09-10,12.300012588500977,12.704918893021611,12.300012588500977,12.552124583508165,23336500
2021-09-13,12.491006851196289,12.682000835290518,12.437528768796858,12.628522752891088,14849500
2021-09-14,12.559765815734863,12.735479945562906,12.506287729019247,12.536846011213067,12461100
2021-09-15,12.238895416259766,12.597963598375317,12.223615547105437,12.575043794643827,20538700
2021-09-16,12.322932243347168,12.567405787458076,12.055541080400069,12.223616004465065,26714500
2021-09-17,12.024981498718262,12.361131330891553,11.727031339046773,12.361131330891553,53864700
2021-09-20,11.925664901733398,12.116658898594766,11.81106879505029,11.864546881024504,22475300
2021-09-21,11.963862419128418,12.223614340436157,11.902744405712973,11.979142286774374,12843400
2021-09-22,12.0097017288208,12.147216899698233,11.940943779089976,12.04790067073617,13740400
2021-09-23,12.131938934326172,12.208336096967136,11.971503945620572,12.070820912779686,21550900
2021-09-24,12.101380348205566,12.154858436789283,11.925665483655147,11.933305418762624,16219600
2021-09-27,12.093740463256836,12.223616446285364,11.956224545089146,11.956224545089146,14263100
2021-09-28,11.795788764953613,12.1242986682287,11.734670745076983,12.0402615730444,17672700
2021-09-29,11.833988189697266,12.055541202885829,11.78051010228136,11.872187135816183,37200600
2021-09-30,11.688833236694336,11.895106382965393,11.681193301643921,11.87982724144887,39267900
2021-10-01,11.665913581848145,11.811068697689157,11.49783866199202,11.77286975291491,24130000
2021-10-04,11.49020004272461,11.63535517518306,11.314485896665204,11.520759056325566,29169100
2021-10-05,11.597155570983887,11.711751676169122,11.36796263202915,11.513117747169398,22871800
2021-10-06,11.536038398742676,11.757591419342322,11.474920374341693,11.49783945134598,36830600
2021-10-07,11.520758628845215,11.612435666246386,11.467280539173949,11.558957576575118,19716000
2021-10-08,11.734670639038086,11.902745556472164,11.574235656165616,11.589515525288833,23980500
2021-10-11,11.642992973327637,11.895104971399297,11.57423502320187,11.696471783750022,20540600
2021-10-13,11.84926700592041,11.979142974025345,11.612434143910166,11.612434143910166,22276300
2021-10-14,11.833988189697266,11.918026016875743,11.749951091103085,11.872187135816183,11517700
2021-10-15,11.864547729492188,11.940945625133878,11.734671744051914,11.849268587514448,19521400
2021-10-18,11.933304786682129,12.009702676541654,11.68883270486649,11.76522986614174,16887800
2021-10-19,11.566596031188965,11.879826051025557,11.513117219779234,11.650633122569634,21370000
2021-10-20,11.772870063781738,11.902746042293037,11.620075009234416,11.688832965926784,19273600
2021-10-21,11.566596031188965,11.673552196839957,11.345043037017895,11.459639136953738,23499300
2021-10-22,11.459640502929688,11.635354640920802,11.108211498363138,11.329764518943072,29599100
2021-10-25,11.665913581848145,11.79578882834575,11.459639717217774,11.467279651889477,19933100
2021-10-26,11.581875801086426,11.704111841955264,11.49783870513517,11.574235866386056,20648000
2021-10-27,11.627714157104492,12.002062197554356,11.627714157104492,11.696472109143087,26056100
2021-10-28,12.75839900970459,12.88827498012081,12.353491229661437,12.536845283689896,91395500
2021-10-29,12.979951858520508,13.15566598600297,12.758399579774911,12.781317926822199,44577500
2021-11-01,13.262622833251953,13.400138736102392,12.964671224686517,13.08690725896058,39314900
2021-11-03,13.621691703796387,13.827965568702616,13.140387476183728,13.140387476183728,42222400
2021-11-04,13.659889221191406,13.73628710693352,13.484175104002473,13.614051072613528,19997300
2021-11-05,13.675168991088867,13.843244629942323,13.621690908605844,13.736287007807817,19208500
2021-11-08,13.552933692932129,13.774487426288461,13.499455607547784,13.614051712966885,16697000
2021-11-09,13.667529106140137,13.820324877072744,13.522374726639471,13.522374726639471,23812900
2021-11-10,13.56057357788086,13.80504565712386,13.514735427314932,13.62169159769161,20848100
2021-11-11,13.453617095947266,13.705729103974301,13.445977161501778,13.698089169528815,24597200
2021-11-12,13.37722110748291,13.690451178366597,13.254985053341407,13.445979070083592,39208600
2021-11-16,13.37722110748291,13.514737032684275,13.32374301594209,13.461258941143457,21469300
2021-11-17,13.400138854980469,13.491815152915077,13.239703147842178,13.484175218559113,18502600
2021-11-18,13.445977210998535,13.55293337929206,13.31610123928418,13.346659520010114,17200900
2021-11-19,13.285542488098145,13.537654515777437,13.26262414014369,13.407778534417279,22010000
2021-11-22,13.232063293457031,13.445977085211426,13.186225144212695,13.331380983516336,26964000
2021-11-23,13.140386581420898,13.331380563958012,13.056348762810664,13.232062877024383,29394600
2021-11-24,13.063989639282227,13.216783962031956,12.972311879897548,13.03342990043115,18485100
2021-11-25,13.16330623626709,13.232064193394198,12.987592104572744,13.05635006169985,12150300
2021-11-26,12.75075912475586,13.041069347134645,12.666721303228726,12.911193376214756,21060500
2021-11-29,12.483367919921875,12.895914200982963,12.414609963550264,12.811877832104331,25888500
2021-11-30,12.269454002380371,12.491007739119686,12.200696775229593,12.483367804352618,54414600
2021-12-01,12.116659164428711,12.376411851016785,11.948584968083916,12.292374024260095,35109400
2021-12-02,12.231255531311035,12.361131505312745,12.017341733788065,12.21597566209471,33321600
2021-12-03,12.223616600036621,12.38405086847115,12.093740615374486,12.231256535271882,26061600
2021-12-06,12.284734725952148,12.483368672199335,12.185417752828554,12.254176441928015,16844300
2021-12-07,12.300012588500977,12.483366634218166,12.261812918246298,12.368770537790976,27590900
2021-12-08,12.284734725952148,12.483368672199335,12.16249867551829,12.315294467144945,23395200
2021-12-09,12.078459739685059,12.307652663753098,11.986781987190467,12.300012729614512,19725400
2021-12-10,12.185416221618652,12.437528954688611,12.124298204081766,12.4146091516741,15656500
2021-12-13,12.231255531311035,12.361131505312745,12.147217707789773,12.261813812575157,29400400
2021-12-14,12.35349178314209,12.567405584343643,12.238895676386049,12.238895676386049,36628700
2021-12-15,12.284734725952148,12.422250646982405,12.177777817530355,12.422250646982405,21743100
2021-12-16,12.300012588500977,12.445168421131912,12.238894573261915,12.368770537790976,21380800
2021-12-17,12.277093887329102,12.414609798241203,12.231255736081252,12.231255736081252,32774400
2021-12-20,12.240262985229492,12.343455954165535,12.097380296392135,12.30376623426422,17585900
2021-12-21,12.224385261535645,12.343454406308435,12.160882020464161,12.264074976459908,18636200
2021-12-22,12.216449737548828,12.31170461329548,12.105318670668506,12.23232517166404,11675500
2021-12-23,12.34345531463623,12.438710183253052,12.176759105302194,12.224386161101403,10634700
2021-12-27,12.327579498291016,12.422834369794636,12.287889779243235,12.3434556887175,8437200
2021-12-28,12.31964111328125,12.359330071938185,12.224385492853191,12.33551654534035,7701300
2021-12-29,12.264076232910156,12.351393766092857,12.176759456745883,12.343455670891078,8847300
2021-12-30,12.240262985229492,12.375207578682899,12.21644945609608,12.367269483298946,11819300
2022-01-03,12.168821334838867,12.335517548618238,12.025938649594142,12.24026267746123,23833600
2022-01-04,12.152946472167969,12.224387061126624,11.93862243423663,12.160883810706625,16357700
2022-01-05,11.91480827331543,12.137069638009612,11.875118554651149,12.10531801448187,24652000
2022-01-06,11.724297523498535,11.954496963525019,11.63697999854543,11.93862077461778,20406300
2022-01-07,11.533788681030273,11.748112719630296,11.470285430412147,11.748112719630296,19673600
2022-01-10,11.629042625427246,11.692545870958522,11.390905833194159,11.462346416653045,16375000
2022-01-11,11.652857780456543,11.692546744113613,11.470285368156507,11.597291868703424,20485500
2022-01-12,11.811615943908691,11.930684349297541,11.55760294200263,11.621106192479147,31912000
2022-01-13,11.898931503295898,11.94655931477617,11.716359866161355,11.803676637353739,20755600
2022-01-14,11.986248970031738,12.073565740776294,11.827490103924,11.890993347559744,14544400
2022-01-17,11.748112678527832,12.04181540086372,11.740174582973724,11.938622429715686,21167400
2022-01-18,11.573478698730469,11.700485203223884,11.422658663899158,11.700485203223884,24913300
2022-01-19,11.541727066040039,11.652858135917786,11.42265865739983,11.62904384857496,31621600
2022-01-20,11.502036094665527,11.613167152470893,11.454409039190654,11.605229057552283,30618200
2022-01-21,11.660794258117676,11.843366656939288,11.438532898569036,11.470284521361698,28616600
2022-01-24,11.668731689453125,11.946558940852295,11.597290352978002,11.740173025928247,29992000
2022-01-25,11.962435722351074,11.97831191314474,11.597291661299625,11.621105947490125,22283700
2022-01-26,11.906869888305664,12.145007437475456,11.811615020041426,12.057689907136107,24257200
2022-01-27,12.224385261535645,12.29582659699565,11.85130390949527,11.954496865491016,24801400
2022-01-28,11.85130500793457,12.16088314759674,11.79573909908313,12.097379900639453,23251700
2022-01-31,11.883057594299316,12.002126002737759,11.724299464041902,11.827491680945363,21318000
2022-02-01,11.787799835205078,12.010061163244762,11.740172029258856,11.85924040859697,14112500
2022-02-02,11.525851249694824,11.859242934247275,11.47028533808737,11.787802345640756,17975400
2022-02-03,11.478222846984863,11.605229340707883,11.44647122355411,11.541726093846373,13206600
2022-02-04,11.438532829284668,11.541725791990372,11.248023093682626,11.44647092418935,18251100
2022-02-07,11.343278884887695,11.517913201914938,11.327403450804377,11.454409951544752,21182100
2022-02-08,11.240086555480957,11.375031159476242,11.200396832479079,11.319466001484713,20758500
2022-02-09,11.541727066040039,11.605230318250614,11.232148143749624,11.232148143749624,45857600
2022-02-10,11.708422660827637,11.76398781426024,11.438533474980524,11.565539972551298,31338100
2022-02-11,11.795738220214844,11.986248703910706,11.708421451408913,11.763986599101928,30852600
2022-02-14,11.954497337341309,11.97831086442846,11.771924944290806,11.890993336744943,33362000
2022-02-15,12.208511352539062,12.462524348507921,11.994187319426509,11.994187319426509,50177400
2022-02-16,11.970373153686523,12.287889381761072,11.875118285264158,12.26407585391008,25057100
2022-02-17,11.787799835205078,11.994184975589922,11.67666879267609,11.978309544953378,19881500
2022-02-18,11.724297523498535,11.898931059368039,11.700483240137677,11.883055627479152,11741300
2022-02-21,11.470284461975098,11.787801445276205,11.470284461975098,11.77192525545287,12423900
2022-02-22,11.676671028137207,11.763987805900454,11.462346995875002,11.462346995875002,24539400
2022-02-23,11.756049156188965,12.11325507976135,11.58141486312442,11.605228389491018,30107000
2022-02-24,11.779863357543945,11.779863357543945,10.95432041168736,11.303588260811209,59579000
2022-02-25,12.065627098083496,12.16882005355947,11.652856033197947,11.652856033197947,42942500
2022-03-02,11.525851249694824,11.890994559300768,11.446471808551864,11.66079508840833,33189500
2022-03-03,11.255961418151855,11.517912499201735,11.152768453341539,11.517912499201735,42098400
2022-03-04,11.057513236999512,11.303588120203,10.970195708040917,11.279774592768105,26285200
2022-03-07,10.66061782836914,10.946382435291834,10.493921618409635,10.946382435291834,49545300
2022-03-08,10.66855525970459,10.898754717661195,10.541548766627622,10.636803636435348,35552000
2022-03-09,11.057513236999512,11.113078386687064,10.77968597452498,10.795562164160502,26552200
2022-03-10,10.620927810668945,10.946382126401682,10.509796754825755,10.93050669386316,37910700
2022-03-11,10.462170600891113,10.76381141527545,10.366915726404235,10.716183599522786,23133200
2022-03-14,10.5733003616333,10.684431421287787,10.446293868895836,10.49392168218159,24625600
2022-03-15,10.692370414733887,10.851128543994909,10.597115537177274,10.597115537177274,26412400
2022-03-16,10.938444137573242,10.994010044542241,10.644741441091123,10.716182780752415,24980000
2022-03-17,11.057513236999512,11.128954576322586,10.867002746465188,10.962258370241544,28381300
2022-03-18,11.311527252197266,11.311527252197266,10.95432127984736,10.994011000557006,44708300
2022-03-21,11.255961418151855,11.398843344258255,11.16070654840812,11.16070654840812,15295600
2022-03-22,11.414719581604004,11.509974451741725,11.279774992987628,11.367091768025935,20799800
2022-03-23,11.263898849487305,11.414719628927791,11.168643978954671,11.359154477038357,20051100
2022-03-24,11.27183723449707,11.398843731806805,11.160706927860272,11.27183723449707,26157200
2022-03-25,11.367091178894043,11.390905462958042,11.073388488603443,11.33533955716042,33591300
2022-03-28,11.700484275817871,11.708422370974139,11.414719663358015,11.454409382120932,19531800
2022-03-29,12.105318069458008,12.224386468973178,11.80367726606537,11.867180513409249,38100100
2022-03-30,12.041815757751465,12.145008731957867,11.922747348984796,12.113257105818857,17703300
2022-03-31,12.224385261535645,12.367267932455654,12.010062012173977,12.089440685004156,23786300
2022-04-01,12.216449737548828,12.438711114291017,12.010063794921853,12.375207863793248,31411400
2022-04-04,12.057690620422363,12.264076559046403,11.970373841936091,12.216449500606052,21788200
2022-04-05,11.962435722351074,12.129131940592353,11.954498383972684,12.025938971488852,11607000
2022-04-06,11.867179870605469,11.978310925946888,11.75604957228243,11.930683114509598,15442400
2022-04-07,11.954497337341309,12.018000580919297,11.763986849588964,11.851304377272482,21276300
2022-04-08,11.85130500793457,12.010063125327788,11.7004842286472,11.859242346040418,22202000
2022-04-11,12.065627098083496,12.256136820338366,11.700483085252493,11.763986326004117,27193900
2022-04-12,11.946560859680176,12.335518468497765,11.890994946264463,12.232325494461133,24636500
2022-04-13,11.77192497253418,12.002124420311283,11.549663619477965,11.91480764943665,33771300
2022-04-14,11.668731689453125,11.835427888888956,11.478221963531706,11.779862741416464,28820100
2022-04-18,11.676671028137207,11.74811237222461,11.58935425037396,11.605229684049807,14601500
2022-04-19,11.629042625427246,11.71636015579655,11.438532888833416,11.55760204196836,25953600
2022-04-20,11.692545890808105,11.922746102522778,11.55760206158886,11.66873236294805,16174800
2022-04-22,11.708422660827637,11.890994311831014,11.549664538864171,11.549664538864171,34086700
2022-04-25,12.00212574005127,12.057690895170609,11.613168140178967,11.716361111842357,34312300
2022-04-26,11.708422660827637,12.02593890475457,11.700484565474854,11.938622126929273,23589700
2022-04-27,11.652857780456543,11.835429435738124,11.621106155319815,11.819554001678988,19261700
2022-04-28,11.676671028137207,11.803677525617728,11.605229684049807,11.676671028137207,24849700
2022-04-29,11.525851249694824,11.906870750336742,11.525851249694824,11.787802345640756,26145100
2022-05-02,11.486160278320312,11.676670007895423,11.36709112957209,11.573477048454311,22755000
2022-05-03,11.3035888671875,11.668732925732359,11.240085618485649,11.470285084284466,21493900
2022-05-04,11.382967948913574,11.44647119562011,11.121016866994509,11.208333641961392,23653200
2022-05-05,10.898754119873047,11.37502919980677,10.811437349926493,11.37502919980677,41147400
2022-05-06,10.739995956420898,10.978133495150205,10.739995956420898,10.898754063234314,21978900
2022-05-09,10.867002487182617,10.994009730181284,10.612989515222022,10.636803042088735,26091800
2022-05-10,10.898754119873047,11.13689165983991,10.890816782254904,10.9622581199468,16310700
2022-05-11,11.073390007019043,11.240086233233027,10.827315094095551,10.890818346270548,29961100
2022-05-12,11.494097709655762,11.509973899092296,10.94638204340773,11.001947192398848,27076500
2022-05-13,11.541727066040039,11.644920040136844,11.470285718048522,11.54966516182098,13385100
2022-05-16,11.660794258117676,11.78780150630673,11.438532898569036,11.533787766947025,16896700
2022-05-17,11.692545890808105,11.81955313910467,11.644918835087996,11.779863421325645,13671500
2022-05-18,11.287712097167969,11.763986406045687,11.25596047657612,11.684607733075241,29516600
2022-05-19,11.224209785461426,11.359154373406131,11.081327102456816,11.311526560065124,19551600
2022-05-20,11.128954887390137,11.343278154331559,10.97813410971061,11.311526531191408,24557200
2022-05-23,11.176581382751465,11.224209193580938,10.994009748111619,11.224209193580938,21490000
2022-05-24,11.216272354125977,11.26389941326691,10.994010978425225,11.113079383296014,21853400
2022-05-25,11.144830703735352,11.21627204751225,11.041637735726324,11.20833395219961,15767900
2022-05-26,11.279776573181152,11.335341732624391,11.09720414540998,11.144831965660272,17300400
2022-05-27,11.279776573181152,11.406783084490566,11.144831965660272,11.255963041565268,14260900
2022-05-30,11.184521675109863,11.414721165812528,11.121018419537991,11.351217910240656,7925000
2022-05-31,11.263898849487305,11.32740285352748,11.160706640840765,11.248023416241075,28066600
2022-06-01,11.208332061767578,11.303586918397984,11.15276691798775,11.224208249715133,15219000
2022-06-02,11.208332061767578,11.351214725222343,11.017822348506762,11.343276631248564,14894700
2022-06-03,11.176581382751465,11.367091112032616,11.144829761204607,11.19245757203408,20761400
2022-06-06,11.152769088745117,11.271837493453836,11.081327743112505,11.208334243340058,13085700
2022-06-07,10.898754119873047,11.08926460605756,10.803499255289978,11.049574889893353,23888200
2022-06-08,10.922568321228027,11.05751290095537,10.74793402563646,10.81937536278839,13145200
2022-06-09,10.803500175476074,10.978134487262,10.771748551243945,10.89875504817246,18417700
2022-06-10,10.78762435913086,10.851127605342061,10.533611374286057,10.755872736025259,29186500
2022-06-13,10.581239700317383,10.763812122849384,10.470108627601448,10.668556485082297,23595500
2022-06-14,10.438356399536133,10.6129907160272,10.311349899185705,10.581239090939594,17505300
2022-06-15,10.366915702819824,10.597115171560693,10.327225982619305,10.597115171560693,28421400
2022-06-17,10.343101501464844,10.422480942518042,10.168467942377331,10.224033096903499,38950600
2022-06-20,10.358976364135742,10.517734468865896,10.224031785860522,10.311348554207518,13366700
2022-06-21,10.454233169555664,10.565364242026073,10.271660747427028,10.382791819897436,19966600
2022-06-22,10.55742359161377,10.628864923986242,10.36691387663272,10.462168734123244,16963200
2022-06-23,10.581239700317383,10.620929423217254,10.51773644648499,10.59711589228473,17466700
2022-06-24,10.851126670837402,10.93050610027441,10.58123751917359,10.636802665568489,25329300
2022-06-27,10.890817642211914,10.994010609579789,10.827314394142213,10.898754980456804,16111400
2022-06-28,10.732059478759766,10.962258941338746,10.620928416576717,10.882879503062506,24086500
2022-06-29,10.803500175476074,10.874941519252973,10.597114996476455,10.716183398092328,27461600
2022-06-30,10.63680362701416,10.747934686867282,10.59711466572657,10.612990098837924,22872000
2022-07-01,10.922568321228027,10.954319942515733,10.557424297910224,10.597114013774448,17714200
2022-07-04,10.859065055847168,10.962258014070086,10.803499150946605,10.890816677068193,7157000
2022-07-05,11.184521675109863,11.224211399096912,10.732060789905645,10.811439480861225,26056900
2022-07-06,11.295650482177734,11.42265773334288,11.128955026373971,11.160706649910653,21918400
2022-07-07,11.295650482177734,11.414719638204105,11.11307883609642,11.390906109806199,19019700
2022-07-08,11.35915470123291,11.398843663641031,11.20833391881569,11.30358879122836,13974800
2022-07-11,11.19245719909668,11.382966922029967,11.136891295477378,11.279773966186516,11484300
2022-07-12,10.946382522583008,11.2003955085399,10.739996592983825,11.2003955085399,50374400
2022-07-13,11.565540313720703,11.644919755553254,10.954321336876529,10.954321336876529,53045500
2022-07-14,11.779863357543945,11.875118225486814,11.406781223670581,11.414719318587087,42313700
2022-07-15,11.581417083740234,11.811616568137973,11.565540891772839,11.756051410289087,25341500
2022-07-18,11.502036094665527,11.684608492701601,11.438532849353432,11.589353624733457,16582000
2022-07-19,11.494097709655762,11.716359819656983,11.446470655382912,11.502035804374028,21362100
2022-07-20,11.351216316223145,11.557602246358826,11.200395537655371,11.438533091118204,48699500
2022-07-21,11.557601928710938,11.581415456297208,11.255961136884068,11.303588192056608,25407300
2022-07-22,11.517912864685059,11.605229642132928,11.398843705963309,11.541726393622035,22205400
2022-07-25,11.652857780456543,11.732236464789139,11.470285368156507,11.533788618429966,14348000
2022-07-26,11.763988494873047,11.811616312726844,11.549665207077172,11.660795520371892,27532200
2022-07-27,11.89099407196045,11.986249700235428,11.629042986750315,11.787801862529665,37333600
2022-07-28,11.986248970031738,12.541902730353698,11.692545521943446,12.256137376974467,70122600
2022-07-29,11.85130500793457,12.089441805515188,11.771925570728753,12.010063125327788,40541400
2022-08-01,11.613166809082031,11.819552728752932,11.4544087004961,11.79573844470126,34565900
2022-08-02,11.676671028137207,11.740174276877466,11.517912906286558,11.557602626003831,12515800
2022-08-03,11.613166809082031,11.763986822984075,11.430594416444427,11.69254548486581,19576600
2022-08-04,11.652857780456543,11.748112655866732,11.430595647480981,11.708422935191205,22962500
2022-08-05,11.589354515075684,11.859242949876839,11.565540228490336,11.692546728871694,20809900
2022-08-08,11.748112678527832,11.763988112617591,11.517913206587895,11.652857802933905,16864800
2022-08-09,11.700484275817871,11.803677241794091,11.60522940499792,11.779863713343708,13704000
2022-08-10,12.033876419067383,12.057689946957488,11.708422095501803,11.867180209799841,19048300
2022-08-11,12.010063171386719,12.152945856097782,11.954498019340603,12.152945856097782,11619800
2022-08-12,12.073566436767578,12.192634836193808,11.970373470656249,12.11325615558246,17954400
2022-08-15,12.240262985229492,12.30376623426422,11.95449836457322,12.010063518223996,21276600
2022-08-16,12.303764343261719,12.391081108009883,12.168819770548351,12.256136535296514,16447100
2022-08-17,12.34345531463623,12.406958560380778,12.184697200274863,12.272013973919014,27664000
2022-08-18,12.700662612915039,12.716538804550055,12.375208254582049,12.430773411267637,34709400
2022-08-19,12.430771827697754,12.875294538591184,12.335516961077731,12.613344223149918,38987700
2022-08-22,12.240262985229492,12.518090267520256,12.176759736194766,12.470462452234989,18162300
2022-08-23,12.256136894226074,12.319640892378882,12.137068506353547,12.184696315713566,14311100
2022-08-24,12.541903495788574,12.613344838493461,12.248200786793925,12.256138124969027,18054400
2022-08-25,12.557779312133789,12.764165251349109,12.502214158121376,12.660972281741449,10482600
2022-08-26,12.438711166381836,12.621282823072878,12.391083349799825,12.613345484491262,12927600
2022-08-29,12.391082763671875,12.454586011431726,12.311704082481274,12.4228343875518,9512400
2022-08-30,12.216449737548828,12.486338173655113,12.113256766235342,12.462524643973065,15374700
2022-08-31,12.121194839477539,12.39902137063896,12.121194839477539,12.24026324468694,22741700
2022-09-01,12.248200416564941,12.462523681182784,11.978311244290444,12.192634508908284,33540800
2022-09-02,12.287888526916504,12.494274439316294,12.184696327734958,12.279951189530626,22400800
2022-09-05,12.34345531463623,12.39108237043544,12.256137783973676,12.383145032481174,9796000
2022-09-06,12.351393699645996,12.43077238018146,12.216449110015446,12.256138071773966,20160400
2022-09-08,12.303764343261719,12.49427406108589,12.184695958876194,12.383143770864287,22311100
2022-09-09,12.478401184082031,12.51015281021889,12.287890670242385,12.303766861820055,13422600
2022-09-12,12.4625244140625,12.541903854229536,12.367269540073126,12.533965758809144,18048600
2022-09-13,12.37520694732666,12.60540640258788,12.295827511573798,12.383145042305628,27453000
2022-09-14,12.208511352539062,12.375207570398237,12.12119457442938,12.375207570398237,17680200
2022-09-15,12.145008087158203,12.256138394235396,12.097380271969092,12.208511336064726,13293700
2022-09-16,12.121194839477539,12.22438705358251,12.01800186835411,12.097380552820892,47764700
2022-09-19,12.279953002929688,12.327580062351506,12.049753530341667,12.145008406203765,14253700
2022-09-20,12.510152816772461,12.510152816772461,12.160884172065542,12.287890676679519,43727000
2022-09-21,12.34345531463623,12.59746829761442,12.279952068891683,12.518089618942938,24983700
2022-09-22,12.438711166381836,12.478400887363769,12.224387127290479,12.47046279176369,32533500
2022-09-23,12.200573921203613,12.287890704065706,12.041815790082316,12.224387451617188,39045900
2022-09-26,12.121194839477539,12.295828399515534,12.041815397992298,12.192635428392105,25475400
2022-09-27,12.256136894226074,12.383144133513342,12.105316885786317,12.216447936280797,34504900
2022-09-28,12.478401184082031,12.541904436355752,12.208511983409473,12.240263609546334,30344400
2022-09-29,12.391082763671875,12.510151920985415,12.279952458601349,12.375207330241125,40055300
2022-09-30,12.335516929626465,12.454585323343313,12.264075590589004,12.383144741324235,28170400
2022-10-03,12.938797950744629,12.95467414056298,12.32757902608765,12.54190304652501,37122200
2022-10-04,12.891170501708984,13.097556420935407,12.772102109780556,13.097556420935407,21559300
2022-10-05,12.795917510986328,12.962612971432875,12.660972160923924,12.946736780713143,38105500
2022-10-06,12.819730758666992,12.907048296828297,12.684786160616312,12.899110201173912,28042900
2022-10-07,12.240262985229492,12.732414300776291,12.145008111677402,12.668910294723121,40213400
2022-10-10,12.065627098083496,12.279951103383981,11.954496805277328,12.272013009035442,29475700
2022-10-11,11.898931503295898,12.12119361417932,11.859241786565404,12.049752275468105,30204200
2022-10-13,11.91480827331543,12.03387667228985,11.668732623211628,11.763987493794849,25868700
2022-10-14,11.77192497253418,12.002124420311283,11.740173350669005,11.922745744157538,16971400
2022-10-17,11.843367576599121,11.954498643512178,11.724299171135348,11.843367576599121,11542800
2022-10-18,11.82749080657959,12.010063210642524,11.7639875591712,11.95449805841479,24386300
2022-10-19,11.81955337524414,11.93862177394165,11.73223584298211,11.851304998698037,31016000
2022-10-20,11.93862247467041,11.994187629721482,11.827491407549804,11.875119224035338,25176800
2022-10-21,12.152946472167969,12.184698097377968,11.867181088259516,11.898932713469515,36933200
2022-10-24,12.049752235412598,12.176758722913284,11.92274574791191,12.03387604596582,19032100
2022-10-25,11.835429191589355,12.065628658336557,11.771925942625883,12.049753224604908,26198600
2022-10-26,11.986248970031738,12.025937929540296,11.589353318799143,11.748111427888507,33679000
2022-10-27,12.351393699645996,12.510151817735345,12.073566425225822,12.105318048843692,51627700
2022-10-28,12.518089294433594,12.518089294433594,12.287889088304139,12.35139308942086,29961700
2022-10-31,12.700662612915039,12.716538804550055,12.462525037519185,12.518090951223257,26748700
2022-11-01,12.533965110778809,12.811791622962371,12.51808967777726,12.724475605926242,28453200
2022-11-03,12.716538429260254,12.732414620426733,12.272014917838849,12.311704638736584,26575500
2022-11-04,13.057868957519531,13.145184980783515,12.732414609081333,12.835606823497649,30212300
2022-11-07,12.98642635345459,13.192812276332788,12.946735879418336,12.962612069032838,32125700
2022-11-08,13.288066864013672,13.319819244385036,12.851482232165203,12.907047383778263,31603000
2022-11-09,13.081682205200195,13.399198469591079,13.034055144050807,13.184875937400342,27623800
2022-11-10,12.692723274230957,13.081680846980468,12.597468404803633,12.827667861840936,56534200
2022-11-11,12.772103309631348,12.859420845132222,12.430772777077266,12.510152217165615,30034900
2022-11-14,12.660971641540527,13.002301400809767,12.526027054032316,12.962612439675452,20762300
2022-11-16,12.256136894226074,12.69272224478925,12.200571747488008,12.653032529825625,42516500
2022-11-17,12.224385261535645,12.327578217531391,11.90686905617823,12.145006588705465,35475900
2022-11-18,12.39902114868164,12.57365546261193,12.24026302557158,12.351394090257845,40152500
2022-11-21,12.438711166381836,12.541904138127476,12.319642760454503,12.526027946927318,15656100
2022-11-22,12.430771827697754,12.605406128343652,12.303765338871058,12.462523449904428,31512300
2022-11-23,12.478401184082031,12.58159415828145,12.343456583745752,12.422835270578663,26642400
2022-11-24,12.732414245605469,12.867357324437268,12.502214022579011,12.613345086417462,14019000
2022-11-25,12.518089294433594,12.75622608129317,12.454585293316873,12.724475216262384,16221100
2022-11-28,12.629219055175781,12.700660390998081,12.478399046120753,12.541902287514276,15172700
2022-11-29,12.510152816772461,12.740351538621434,12.454586903239985,12.629221225593444,23998200
2022-11-30,12.637158393859863,12.700661641505919,12.43077246050097,12.510151898567752,32952700
2022-12-01,12.764164924621582,12.827668172444104,12.60540680506528,12.63715842897654,28272700
2022-12-02,12.962613105773926,13.137246663390195,12.66097229213885,12.819730415889298,42011000
2022-12-05,12.716538429260254,12.859421121684717,12.676848708362519,12.724476524843492,22919200
2022-12-06,12.740350723266602,12.85942063850433,12.637158512635683,12.85942063850433,20081600
2022-12-07,12.700662612915039,12.811792926286216,12.597469638342886,12.803854830468708,26792000
2022-12-08,12.4625244140625,12.668910352882037,12.391083069315858,12.660972257461644,34785200
2022-12-09,12.3117036819458,12.541903136840808,12.3117036819458,12.52602694690813,25402800
2022-12-12,12.097380638122559,12.287890390608316,11.970374136465388,12.287890390608316,31800600
2022-12-13,12.129131317138672,12.375206962662777,12.018001015369027,12.137069412127476,62286000
2022-12-14,12.010063171386719,12.081504513742251,11.684608840227892,12.057690228278126,74145500
2022-12-15,11.906869888305664,12.081504191965966,11.827490452909599,11.91480798324895,36105800
2022-12-16,11.787799835205078,12.01799925707218,11.740172029258856,11.898930120715773,44559500
2022-12-19,12.089442253112793,12.279952758056503,11.843367351297271,11.890994409769364,43156700
2022-12-20,12.133145332336426,12.266843771771722,11.907528618110197,12.041227057545491,23944700
2022-12-21,11.991089820861816,12.291911291519796,11.95766521301093,12.174924765588937,40218600
2022-12-22,12.049582481384277,12.149856303239378,11.932595957433913,12.024514225146877,24158300
2022-12-23,12.216706275939941,12.333692807150124,12.083007838502901,12.116432447862161,30772700
2022-12-26,12.133145332336426,12.233419161912899,12.074651667404316,12.174925496980787,4149300
2022-12-27,12.133145332336426,12.25013106838953,12.049583409236588,12.199994552054074,13135400
2022-12-28,12.15821361541748,12.308623961637613,12.133145357198384,12.199994577053012,15002000
2022-12-29,12.133145332336426,12.258487420080625,12.057939760927683,12.258487420080625,22326300
2023-01-02,11.857391357421875,12.07465172091992,11.715337362571452,12.032870759184826,14995900
2023-01-03,11.840680122375488,12.024515886292196,11.790542806068892,11.832323770173454,36363800
2023-01-04,11.9075288772583,12.091364633935498,11.765474083040317,11.932597135971598,23791800
2023-01-05,11.940954208374023,12.041228046183418,11.815612110338684,11.924242300525268,31031500
2023-01-06,11.966020584106445,11.999445191445632,11.83232215474969,11.949308678889599,20889800
2023-01-09,12.032869338989258,12.091362997276823,11.924239966966924,11.940951871545181,24448600
2023-01-10,12.149858474731445,12.199995793072572,11.90752982937822,11.915886181919348,35535000
2023-01-11,11.940954208374023,12.358762264365984,11.656844602794589,12.12478997614406,74419600
2023-01-12,11.782185554504395,11.840678417686265,11.41451407960423,11.531500602873463,69959500
2023-01-13,11.59835147857666,11.740406278287406,11.506433995136723,11.698625314212666,44291300
2023-01-16,11.030131340026855,11.481363960399142,11.013419433964087,11.464652054336373,58837000
2023-01-17,11.58163833618164,11.656843909290869,11.030131862588073,11.113693787577343,68143400
2023-01-18,11.514788627624512,11.748761688930047,11.473007666898127,11.640131509803664,32154400
2023-01-19,11.397802352905273,11.573281742102905,11.32259678654836,11.422870609389078,51799200
2023-01-20,11.30588436126709,11.397802632135411,11.172185927537377,11.322597063936067,33626000
2023-01-23,11.213967323303223,11.43122768501385,11.16383001025248,11.33095385581792,29938500
2023-01-24,11.372734069824219,11.372734069824219,11.147118152377361,11.213967372132398,17822600
2023-01-25,11.45629596710205,11.481364225227194,11.255748308289787,11.322597527893874,22021000
2023-01-26,11.481363296508789,11.573281563708383,11.305883910016057,11.447938689410435,22793400
2023-01-27,11.406158447265625,11.489720368709364,11.356021931923815,11.489720368709364,23904300
2023-01-30,11.30588436126709,11.447939146331292,11.230678793067746,11.439582794996804,32850700
2023-01-31,11.414515495300293,11.48136471777218,11.280817050356518,11.38109088406435,35608800
2023-02-01,11.013420104980469,11.473008307932773,10.737666864446851,11.397803530709993,136662100
2023-02-02,10.954927444458008,11.305886291365647,10.863009954803402,10.913147274464063,49730600
2023-02-03,10.846295356750488,11.046843803494497,10.787802491440644,10.9215009246663,40568400
2023-02-06,10.879720687866211,11.030131025767947,10.821227026049215,10.89643259345284,25649000
2023-02-07,10.829585075378418,10.929858915337725,10.771092201295234,10.879722393810892,22344400
2023-02-08,11.021775245666504,11.063556207156429,10.8045156803489,10.896433158102287,24324300
2023-02-09,10.879720687866211,11.055199282600649,10.821227026049215,10.988350066443097,17206200
2023-02-10,10.746021270751953,10.854651444334962,10.528761720491437,10.846295093235,49142000
2023-02-13,10.971639633178711,11.005064245742851,10.737667345229726,10.746022900691543,16722700
2023-02-14,10.863008499145508,11.163829986082,10.854652147504217,10.988350586142658,29701200
2023-02-15,11.05519962310791,11.172186153439647,10.80451545324861,10.854651968458255,35211800
2023-02-16,10.929858207702637,11.11369396751205,10.829584374235388,11.071913004340967,34528900
2023-02-17,11.030131340026855,11.071912300542083,10.871364646355632,10.896432903902554,13404000
2023-02-22,11.03848934173584,11.122051275258585,10.904790885623974,10.904790885623974,29184000
2023-02-23,11.071913719177246,11.197255819877373,10.96328352668117,11.038489105863503,24914000
2023-02-24,11.13040542602539,11.197254645642527,10.929857767173983,11.04684429995675,26791100
2023-02-27,11.197254180908203,11.24739149199292,11.080268449886406,11.180542275150314,30248900
2023-02-28,11.188898086547852,11.356021120589636,11.147117128811034,11.222322693356208,39333900
2023-03-01,11.255748748779297,11.389447193219713,11.080269341224856,11.21396778566527,28582000
2023-03-02,10.971639633178711,11.314242111187559,10.921502315879689,11.255749238426718,47796400
2023-03-03,10.954927444458008,11.046845731018275,10.854653602042347,10.963283797219061,22570600
2023-03-06,11.280817985534668,11.347667213548347,10.97164010674499,11.013421073479954,29101800
2023-03-07,11.222323417663574,11.381090111023962,11.113693239298872,11.25574802662921,23803700
2023-03-08,11.381091117858887,11.397803822272973,11.155475186607978,11.197255353831977,24867300
2023-03-09,11.364377975463867,11.514788314318576,11.330953367173318,11.330953367173318,19988600
2023-03-10,11.289173126220703,11.44793982648107,11.247392163971478,11.297529478051663,25089300
2023-03-13,11.372734069824219,11.473007899456773,11.255748333705686,11.280816591887433,15168800
2023-03-14,11.656844139099121,11.765474324964526,11.356022637637256,11.372734544821231,52093500
2023-03-15,11.715336799621582,11.782186016423244,11.489720095236825,11.531501054964245,36367400
2023-03-16,11.915884971618652,12.041227059381969,11.698624609050382,11.698624609050382,29043700
2023-03-17,11.88245964050293,12.03286997730806,11.773829465812524,11.86574693813263,52021500
2023-03-20,11.798896789550781,11.924239656700914,11.740403929690654,11.865745999935339,33729400
2023-03-21,11.656844139099121,11.849036251601172,11.615063175780797,11.815611640327631,16500900
2023-03-22,11.656844139099121,11.773830677009308,11.606707620641606,11.62341952782558,16107100
2023-03-23,11.514788627624512,11.823966461950889,11.4228711515509,11.706980728203662,26202600
2023-03-24,11.606706619262695,11.715336795755936,11.489720091445625,11.564925659549061,27154200
2023-03-27,11.640130996704102,11.790541333021205,11.598350037819431,11.698623860999335,15709700
2023-03-28,12.191638946533203,12.559309677482979,11.615063395048137,11.656844359155196,121741000
2023-03-29,12.375473022460938,12.467390493434545,12.108075366791857,12.250130147236383,40734700
2023-03-30,12.383830070495605,12.576022183595438,12.325337199811376,12.534241220147162,24247000
2023-03-31,11.974377632141113,12.467391216769323,11.857391101191956,12.425610255937086,68236900
2023-04-03,11.974377632141113,11.991090335236228,11.732049015600788,11.890815710476637,24136100
2023-04-04,12.057939529418945,12.216706223973697,11.890815686427993,12.041226826357633,25925800
2023-04-05,12.032869338989258,12.225061421524742,11.87410265942122,12.124787603338802,20359100
2023-04-06,12.057939529418945,12.20834987244304,11.89917203795865,11.89917203795865,39044600
2023-04-10,12.0830078125,12.350404686798635,11.982733984638012,12.116432421787328,31288100
2023-04-11,12.350403785705566,12.425609350341398,12.024514068157604,12.108075186826484,43646400
2023-04-12,12.333693504333496,12.475748301366632,12.233419670587566,12.383830022753667,38015500
2023-04-13,12.191638946533203,12.400542970162887,12.057940498915103,12.308624689746237,25996600
2023-04-14,12.241774559020996,12.308623777877607,12.066295160296004,12.116432472891237,14511000
2023-04-17,12.325336456298828,12.3420491594322,12.17492531572066,12.308623753165454,12975100
2023-04-18,12.225062370300293,12.383829062190063,12.149856801597839,12.33369254765878,17645400
2023-04-19,12.183282852172852,12.26684478215544,12.057940754104594,12.141501887181558,22727300
2023-04-20,12.199995040893555,12.367118096884099,12.166570429695447,12.20835059601389,25584600
2023-04-24,11.982733726501465,12.316979812174305,11.9242408607351,12.250130595039737,39968000
2023-04-25,11.940954208374023,12.016159785957475,11.74876288513242,11.932597855996834,29356500
2023-04-26,11.874105453491211,12.0161602619076,11.823968134147803,11.865749100783034,19935800
2023-04-27,11.832324028015137,11.907529605661054,11.70698192987569,11.849036732783395,16155400
2023-04-28,11.832324028015137,11.882461345414288,11.681912872723302,11.782187507521607,21948100
2023-05-02,11.915884971618652,11.966021487961756,11.665199999186461,11.748761922299044,26656000
2023-05-03,12.183282852172852,12.26684478215544,11.807255761062455,11.907529598898186,34868300
2023-05-04,12.225062370300293,12.793281514358368,12.091363935676165,12.701363242875132,54120800
2023-05-05,12.108076095581055,12.291911845498904,11.94930940036033,12.258487236141617,25846600
2023-05-08,12.124789237976074,12.233419421549156,12.05794001683965,12.174925755375604,18558200
2023-05-09,12.116433143615723,12.174926014126836,12.066295828245059,12.10807679156968,14106700
2023-05-10,12.032869338989258,12.10807490185508,11.932595520803318,12.066293945051237,32128700
2023-05-11,12.116433143615723,12.250131588730037,12.041227569012523,12.041227569012523,24022900
2023-05-12,12.074650764465332,12.116431722890884,11.924240429801047,12.04122615710599,17911800
2023-05-15,12.216706275939941,12.250130885299201,12.091364190069104,12.099719744729757,12250300
2023-05-16,12.199995040893555,12.400542708082208,12.199995040893555,12.258487911263847,12620000
2023-05-17,12.166569709777832,12.250130834375847,12.091364139805737,12.241774482844383,21093400
2023-05-18,12.15821361541748,12.191638225344793,12.007802472291786,12.149857263709261,28578200
2023-05-19,12.183282852172852,12.342050359758645,12.032871696966444,12.19999555693162,26033100
2023-05-22,12.216706275939941,12.400542025868644,12.166569760353825,12.325336455583923,19796100
2023-05-23,12.191638946533203,12.258488170342254,12.083008758617096,12.18328259433067,12569600
2023-05-24,12.250131607055664,12.367118145158491,12.108076809682801,12.108076809682801,13887400
2023-05-25,12.316980361938477,12.475747857398755,12.241774790078932,12.408898637280394,20059400
2023-05-26,12.333693504333496,12.450679245250955,12.233419670587566,12.3754744676207,9976800
2023-05-29,12.333693504333496,12.408899078869343,12.19999505933892,12.25848792979765,5236900
2023-05-30,12.099719047546387,12.442322269870006,12.049582534849126,12.392184960267246,24198200
2023-05-31,12.041226387023926,12.074650995021484,11.899171603807924,12.066294643795715,41149000
2023-06-01,11.89917278289795,12.049583932243973,11.874104523642144,11.99109106167856,21073100
2023-06-02,12.0830078125,12.216706249649317,11.907528414515134,12.032870500116232,26641200
2023-06-05,12.041226387023926,12.133144656696347,11.982733522254577,12.049582738249693,13795200
2023-06-06,12.383830070495605,12.408899126707928,12.041227604649812,12.083008568098087,38723100
2023-06-07,12.408896446228027,12.55930676648344,12.241772628535799,12.442321050385388,29670300
2023-06-09,12.651226997375488,12.676295255174212,12.442322989606506,12.467391247405232,27318300
2023-06-12,12.667939186096191,12.7264320545661,12.475747877177602,12.65122727949289,23053500
2023-06-13,12.759858131408691,12.78492639108238,12.576022367688568,12.709720815155709,17207900
2023-06-14,12.809993743896484,12.893555666100642,12.601089735291643,12.751500876496905,38582700
2023-06-15,12.693007469177246,12.826706706791912,12.525884418290872,12.72643207935452,19514800
2023-06-16,12.592733383178711,12.768212782275874,12.576021476881888,12.651227047481465,42108400
2023-06-19,12.626157760620117,12.684651423847809,12.559308542850356,12.592733151735237,8520800
2023-06-20,12.651226997375488,12.659582552038032,12.542596817706952,12.584377778641857,17804600
2023-06-21,12.76821231842041,12.793281372313238,12.601089276995834,12.642870236578359,15349000
2023-06-22,12.993828773498535,13.035609732281943,12.693006507782401,12.693006507782401,24788600
2023-06-23,12.943692207336426,13.027254129704804,12.901911246152237,12.993829520138563,15765000
2023-06-26,12.818350791931152,12.952049237197327,12.69300790181492,12.943692885141793,17722200
2023-06-27,12.851775169372559,12.918624390789132,12.693007670829015,12.860131521276026,13978600
2023-06-28,12.7180757522583,12.893555144260421,12.667938441583901,12.885198792997102,21624500
2023-06-29,12.7180757522583,12.8267059279649,12.693006698468341,12.75985671166938,14781100
2023-06-30,12.876843452453613,12.926980767063355,12.743145009368412,12.826706934749453,18270700
2023-07-03,12.876843452453613,12.952049025915436,12.801637878991793,12.952049025915436,9309100
2023-07-04,12.651226997375488,12.868486559807012,12.617802388008673,12.868486559807012,12338500
2023-07-05,12.70971965789795,12.793281578409156,12.61780218286005,12.651226791683426,16649000
2023-07-06,12.39218521118164,12.75150034604452,12.367116954325434,12.659582076062565,28789100
2023-07-07,12.408896446228027,12.601087720906497,12.375471842070667,12.392183745696634,18082900
2023-07-10,12.542596817016602,13.186020746518764,12.47574759828665,12.910267520031331,30024500
2023-07-11,12.225062370300293,12.50081559093894,12.183281410253871,12.484102888158159,26625300
2023-07-12,12.275198936462402,12.375473559757795,12.183281461498082,12.208349718869163,17859500
2023-07-13,12.333693504333496,12.442323690117988,12.225063318549006,12.25013157775909,13600600
2023-07-14,12.316980361938477,12.367117675480028,12.166570015124949,12.291912103620483,13152500
2023-07-17,12.383830070495605,12.39218642256638,12.22506336567887,12.300268940504647,21044500
2023-07-18,12.2584867477417,12.475747098360795,12.216705788483333,12.350404220585695,49083400
2023-07-19,12.225062370300293,12.32533619626839,12.091363935676165,12.291911587612358,34813800
2023-07-20,12.467391967773438,12.525884838318706,12.108076798639718,12.325337170530135,42121000
2023-07-21,12.78492546081543,12.926980250139366,12.433966663298122,12.433966663298122,44120600
2023-07-24,12.634514808654785,12.843418824929312,12.542597328380001,12.718076733926827,28477500
2023-07-25,12.559309005737305,12.759857463343552,12.358761345036623,12.734788408076794,25287600
2023-07-26,12.51752758026123,12.576021243478378,12.425610105070765,12.50917202572067,22007900
2023-07-27,12.283555030822754,12.567664598101059,12.26684312522695,12.492459030656153,24140400
2023-07-28,12.500816345214844,12.534240955887654,12.250131366715975,12.325336939956193,15430600
2023-07-31,12.417253494262695,12.617801940252455,12.342048723535243,12.509171764438777,16905900
2023-08-01,12.51752758026123,12.559308540586184,12.250130709230396,12.375473590205251,18921400
2023-08-02,12.576022148132324,12.693007889170895,12.417254646857701,12.492460221471408,22855900
2023-08-03,12.225062370300293,12.910267246201716,12.15821315298823,12.601089416907037,63225600
2023-08-04,12.291912078857422,12.450678777092287,12.149857287165698,12.250131117141228,22648600
2023-08-07,12.266843795776367,12.325336663917382,12.149857262588776,12.325336663917382,15395800
2023-08-08,12.116433143615723,12.266844292822121,12.083008532337145,12.099720439523637,15367000
2023-08-09,12.016159057617188,12.116432889348646,11.940953484592201,12.083008278771493,19585700
2023-08-10,12.00780200958252,12.216706012804703,11.966021049556977,12.09971948411429,9563200
2023-08-11,11.999445915222168,12.091364188628342,11.932596696511615,12.066295133932723,15263200
2023-08-14,11.974377632141113,12.074651459995158,11.87410380428707,11.999445889878238,17113600
2023-08-15,11.865747451782227,12.049583201285916,11.849035545594008,12.007802240457048,14551800
2023-08-16,11.849035263061523,11.991090048349141,11.815610654576528,11.865747168851259,39194000
2023-08-17,11.88245964050293,11.999445369472975,11.765473114627374,11.890815194782569,39513800
2023-08-18,11.999445915222168,12.01615861835258,11.840679220010989,11.882460180931472,20322700
2023-08-21,11.957666397094727,12.0579402305768,11.915885433917465,12.03287117452709,18739800
2023-08-22,12.049582481384277,12.124788047001978,11.899171350148878,11.924240403291776,27151300
2023-08-23,12.074650764465332,12.191637288675775,11.982733293453519,11.982733293453519,27857800
2023-08-24,11.857391357421875,12.108076330926885,11.832323099143043,12.07465172091992,26953700
2023-08-25,11.690269470214844,11.907529855323718,11.422872563561238,11.907529855323718,55070100
2023-08-28,11.874105453491211,11.957667386761672,11.581639483950255,11.715338736564123,35551200
2023-08-29,11.915884971618652,11.982734191346495,11.84067940019844,11.924241323311023,14591500
2023-08-30,11.849035263061523,11.982733697001512,11.840678911713892,11.890815425988626,25045400
2023-08-31,11.56492805480957,11.832324977309685,11.456297855817477,11.815613068106272,44974800
2023-09-01,11.589994430541992,11.698624611852143,11.439583287665544,11.57328252405881,20325700
2023-09-04,11.58163833618164,11.681912168025418,11.498077208097948,11.623419298676275,23856400
2023-09-05,11.706981658935547,11.87410471822221,11.548214154934014,11.615063378648678,37047300
2023-09-06,11.681912422180176,11.832323571671015,11.665200514962079,11.690268774242021,26849800
2023-09-08,11.4479398727417,11.66520023979115,11.4479398727417,11.656843887926422,23119600
2023-09-11,11.589994430541992,11.63177539210829,11.456295991054287,11.52314521079814,14866900
2023-09-12,11.45629596710205,11.615062664435372,11.414515005623107,11.573282499861985,18024700
2023-09-13,11.397802352905273,11.548212688713598,11.389446001775504,11.45629521700265,32126800
2023-09-14,11.30588436126709,11.46465184900027,11.28081610416915,11.431227240567841,21983200
2023-09-15,11.213967323303223,11.372734020303724,11.197254619984456,11.322597504158537,39186700
2023-09-18,11.188898086547852,11.26410285418754,11.122048872931138,11.188898086547852,19997200
2023-09-19,11.222323417663574,11.322597244560484,11.113693239298872,11.122049590766665,25991300
2023-09-20,11.255748748779297,11.330954323003429,11.239036044771451,11.255748748779297,15729400
2023-09-21,11.063555717468262,11.1972541507939,11.030131109136851,11.13040493413108,29875400
2023-09-22,10.963282585144043,11.096981026916868,10.946570678375227,11.071912768310856,16325200
2023-09-25,11.046843528747559,11.138761000077732,10.954925260511885,10.988349867986994,20229100
2023-09-26,10.896432876586914,11.055199569860134,10.86300826763963,11.021774960912849,29094600
2023-09-27,10.837940216064453,10.946570396433367,10.74602194203392,10.929857693189433,32045700
2023-09-28,10.846295356750488,10.971638235578684,10.804515194046612,10.863008059356456,43949200
2023-09-29,10.954927444458008,11.005064764118668,10.90479092170301,10.929859183080508,22876500
2023-10-02,10.938213348388672,10.98834986111724,10.846295080210464,10.954925253663028,17955500
2023-10-03,10.904788970947266,11.105336619902653,10.812870700830242,10.913145322213452,31511700
2023-10-04,11.03848934173584,11.088626661230618,10.896434532890568,10.904790885623974,15774100
2023-10-05,10.77109146118164,11.055200256424897,10.746022405235152,11.013420090325257,31497000
2023-10-06,11.021775245666504,11.096980816967257,10.645748186068296,10.695885499237317,40211800
2023-10-09,11.005064010620117,11.021775918092327,10.90479017507004,10.9883513062423,15459500
2023-10-10,11.071913719177246,11.16383120656363,10.96328352668117,11.00506449254976,18408800
2023-10-11,11.105337142944336,11.138761752677807,11.02177522015788,11.071912533210865,14042700
2023-10-13,10.846295356750488,11.096980317501357,10.796158842743628,11.096980317501357,24773100
2023-10-16,10.87136459350586,10.929857459799502,10.821227281750213,10.87136459350586,12422600
2023-10-17,10.69588565826416,10.854652357999756,10.679172954657483,10.779446785580843,21533400
2023-10-18,10.470269203186035,10.679173222067114,10.436844592041288,10.645748610922364,41902700
2023-10-19,10.4619140625,10.603968067813083,10.453557710156401,10.495338674968776,15581700
2023-10-20,10.436843872070312,10.553830401459576,10.36163830295618,10.403419263231314,14749400
2023-10-23,10.428488731384277,10.503694309229795,10.344927598038078,10.411776823477288,11943700
2023-10-24,10.4619140625,10.520406935093954,10.303146555594097,10.512050582750353,32749400
2023-10-25,10.395064353942871,10.478626286086008,10.361639740466746,10.453558025205325,14976900
2023-10-26,10.55383014678955,10.679172227684838,10.369994404158351,10.42848726898875,25002300
2023-10-27,10.269721031188965,10.553830610397853,10.261364679587398,10.512049649295566,27730300
2023-10-30,10.328213691711426,10.436843869639253,10.278077176917373,10.361638300542639,26078000
2023-10-31,10.746021270751953,10.821226836840614,10.537117274685896,10.821226836840614,64210200
2023-11-01,10.854652404785156,10.863008756624513,10.662461093913397,10.779446832042094,40528700
2023-11-03,11.105337142944336,11.172186362411278,10.90478948454351,10.946570445936738,27360200
2023-11-06,11.289173126220703,11.339309643395314,11.105337370467458,11.147118332716683,20562100
2023-11-07,11.339308738708496,11.35602144103702,11.247391266618134,11.280815874369676,20565500
2023-11-08,11.314241409301758,11.431227944471733,11.297529502509233,11.356022371641433,29629700
2023-11-09,11.205611228942871,11.339309670940711,11.17218661844341,11.339309670940711,18858200
2023-11-10,11.155473709106445,11.272459436888287,11.155473709106445,11.23903482939269,15140600
2023-11-13,11.222323417663574,11.322597244560484,11.105336887831077,11.17218610576235,16559200
2023-11-14,11.4479398727417,11.48972083515976,11.239035857556978,11.280816819975037,24478100
2023-11-16,11.422870635986328,11.531500810209751,11.322596812912131,11.4479388925285,45772900
2023-11-17,11.364377975463867,11.481363706028027,11.29752875888277,11.456295449036496,36893100
2023-11-20,11.364377975463867,11.456295449036496,11.255747799293204,11.372733529857364,15170600
2023-11-21,11.230679512023926,11.381090658051509,11.163830290879572,11.36437875121821,17196400
2023-11-22,11.339308738708496,11.364377792201283,11.222323010030854,11.272459523205413,29650400
2023-11-23,11.32259750366211,11.498076903973683,11.08862523554853,11.3727340198051,32233900
2023-11-24,11.188898086547852,11.314240162852819,11.096979820145757,11.28081555604446,18133100
2023-11-27,11.34766674041748,11.389447705410424,11.172187324971617,11.230680197818364,22972800
2023-11-28,11.406158447265625,11.456295759512978,11.297529065056523,11.297529065056523,14913700
2023-11-29,11.113692283630371,11.439581993795624,11.113692283630371,11.389445483111187,19363500
2023-11-30,11.439582824707031,11.48136378458246,11.071912130995425,11.113693090870854,41991100
2023-12-01,11.765473365783691,11.765473365783691,11.364378063200522,11.439582834755722,30042200
2023-12-04,11.748762130737305,11.7738303893536,11.69026846475852,11.723693075215436,9861400
2023-12-05,11.89917278289795,12.007802968880567,11.757117985605728,11.765474337659526,36765000
2023-12-06,11.690269470214844,11.966022729427783,11.623420243551442,11.924242560442389,20919500
2023-12-07,11.765473365783691,11.93259640852668,11.715336851413559,11.715336851413559,11940500
2023-12-08,11.957666397094727,12.108076748865042,11.840679859579511,11.932597341045016,16690900
2023-12-11,11.966020584106445,12.024514244629149,11.882459464211223,11.899171369428068,11080900
2023-12-12,11.890815734863281,11.982734008263828,11.849035570850901,11.932596695781207,10541600
2023-12-13,12.283555030822754,12.367116949518321,11.81561051746303,11.924240693005059,53960800
2023-12-14,12.116433143615723,12.42561099716897,11.949310087222832,12.408899089982478,60791700
2023-12-15,12.091363906860352,12.174925029848525,12.0245146897076,12.11643216406625,33747300
2023-12-18,12.15821361541748,12.233419186980326,12.057939785635538,12.116432653781947,24363100
2023-12-19,12.283555030822754,12.350404247017,12.158212949684922,12.191637557782045,32674700
2023-12-20,12.08149242401123,12.266144091564223,12.019942147680107,12.257350955357028,24316200
2023-12-21,12.046321868896484,12.151836997787058,11.949599877053384,12.151836997787058,28969600
2023-12-22,12.05511474609375,12.160629872709926,12.011149900363755,12.037528472377877,19864700
2023-12-26,12.107872009277344,12.143043716059632,12.037527757153134,12.063907166159575,6884800
2023-12-27,12.16942310333252,12.16942310333252,12.063907975903357,12.116665120338093,10305900
2023-12-28,12.072701454162598,12.178217430463775,12.072701454162598,12.134252580098247,16500300
2024-01-02,12.05511474609375,12.072700181249937,11.949599619477574,12.063907882951685,11690200
2024-01-03,11.958393096923828,12.090286799310606,11.932013685598706,12.01994337956303,17612200
2024-01-04,12.00235652923584,12.028735939294757,11.888049106552542,11.95839252292365,19996000
2024-01-05,11.958393096923828,12.03752881522007,11.896841975724918,11.975978532580868,18293900
2024-01-08,12.05511474609375,12.090286454965808,11.940806482619639,11.967185054633761,11014600
2024-01-09,11.975977897644043,12.03752817702,11.914427618268085,12.03752817702,15705100
2024-01-10,12.099080085754395,12.160630369153294,11.958393244522787,11.975978680396878,18313300
2024-01-11,11.92322063446045,12.107872309282612,11.879255790253334,12.055114328522142,22254100
2024-01-12,11.949599266052246,12.063907526145538,11.817704732763218,11.888048986986496,20300600
2024-01-15,11.949599266052246,11.958392402650112,11.835291005958954,11.852876440595027,4752100
2024-01-16,11.738569259643555,11.88804923063225,11.729776122865472,11.817704974967267,24233000
2024-01-17,11.808913230895996,11.879256651302251,11.72098353610832,11.72098353610832,12493800
2024-01-18,11.729776382446289,11.8001198011083,11.650639826811602,11.8001198011083,18425500
2024-01-19,11.738569259643555,11.800119539970778,11.659432705760166,11.791326403192695,28017100
2024-01-22,11.747361183166504,11.826497734525741,11.633052924376454,11.764947456161735,16245600
2024-01-23,11.756155014038086,11.808912997580265,11.633053611479472,11.773741288072046,16851900
2024-01-24,11.677019119262695,11.817705965262526,11.597882558747854,11.817705965262526,16080200
2024-01-25,11.606675148010254,11.67701856768743,11.553918002532226,11.624261422209402,12841800
2024-01-26,11.606675148010254,11.685811704787003,11.562710301072093,11.65943313204799,6568000
2024-01-29,11.650640487670898,11.685812198996949,11.536332216221298,11.571503927547349,10163100
2024-01-30,11.465988159179688,11.650639843064994,11.457195022194746,11.624261270669862,22516400
2024-01-31,11.501160621643066,11.624262031813712,11.457195772399281,11.501160621643066,25269100
2024-02-01,11.492366790771484,11.527538500332724,11.342886815496287,11.492366790771484,27075000
2024-02-02,11.492366790771484,11.606675056485441,11.395644799118,11.50115992780172,22938800
2024-02-05,11.509952545166016,11.597881395819343,11.46598770055952,11.501159408532784,16606500
2024-02-06,11.63305377960205,11.694604901050754,11.49236693953595,11.49236693953595,29715800
2024-02-07,11.430816650390625,11.703398031789291,11.369266367535323,11.650640047513521,37752200
2024-02-08,11.38685131072998,11.465987864440823,11.342886465495104,11.395644447488891,23297000
2024-02-09,11.38685131072998,11.413229882447036,11.263750750343936,11.360472739012925,15447300
2024-02-14,11.3604736328125,11.378059069154203,11.272543935424768,11.325301921569356,16255700
2024-02-15,11.298922538757324,11.448402510477639,11.290129401936204,11.369265956206922,27820200
2024-02-16,11.219785690307617,11.342886248336917,11.21099255371705,11.342886248336917,21074800
2024-02-19,11.263751029968262,11.263751029968262,11.123063354012128,11.228579320619152,9229700
2024-02-20,11.298922538757324,11.509952791106116,11.237371419569165,11.263750830032526,26872100
2024-02-21,11.342886924743652,11.360473198973503,11.210993222258612,11.290129779173519,13911900
2024-02-22,11.395644187927246,11.439609032160723,11.30771449946029,11.369265616811022,16110800
2024-02-23,11.334095001220703,11.439610134412053,11.27254387793928,11.430816997006174,18944400
2024-02-26,11.465988159179688,11.518746142529645,11.281336475294383,11.281336475294383,12942000
2024-02-27,11.703398704528809,11.720984141258445,11.49236759385487,11.527539305873901,31668800
2024-02-28,11.826498985290527,11.949600393597338,11.659433566965328,11.668226704392902,34495200
2024-02-29,11.06151294708252,11.422023173470091,10.90323983752322,11.36047289244578,88182100
2024-03-01,10.9384126663208,11.140650642413364,10.815312091669458,10.955998941876578,51174000
2024-03-04,10.973583221435547,11.052719775970077,10.91203294060188,10.94720464944393,16560500
2024-03-05,11.210992813110352,11.281336230343133,10.947204579207584,11.017547996440365,33369400
2024-03-06,11.158235549926758,11.413230663467031,11.05272041727834,11.254958383774273,45103900
2024-03-07,11.123063087463379,11.193406504475915,11.008755663737764,11.105477652490082,12954500
2024-03-08,11.290129661560059,11.360473080627248,11.03513455780157,11.03513455780157,54292500
2024-03-11,11.254958152770996,11.34288700889344,11.149443022288233,11.228579579790235,20348100
2024-03-12,11.290129661560059,11.3428868065806,11.219786242492868,11.281336524536734,25358500
2024-03-13,11.210992813110352,11.351679647575914,11.167027967699944,11.272543093549114,24872300
2024-03-14,11.254958152770996,11.263751289951156,11.140649885108074,11.202200168249757,27666100
2024-03-15,11.105478286743164,11.3077154125644,11.08789201220581,11.3077154125644,36174000
2024-03-18,11.105478286743164,11.149443134526827,11.026341728444516,11.123063722720795,24187500
2024-03-19,11.026341438293457,11.158235139614025,10.964791156151819,11.105477994509679,26464600
2024-03-20,11.026341438293457,11.070306284920214,10.876861462898306,11.017548301256165,48407800
2024-03-21,11.087890625,11.087890625,10.938410664372816,11.008754915161742,29217300
2024-03-22,10.912033081054688,11.052719918233716,10.87686137175993,11.043927619829798,18151900
2024-03-25,10.753759384155273,10.99116903788216,10.753759384155273,10.903239350155243,21593700
2024-03-26,10.912033081054688,10.982376499644202,10.701002825286144,10.727381397617288,32319600
2024-03-27,10.94720458984375,10.94720458984375,10.815310892044058,10.868068035740063,26211600
2024-03-28,10.982377052307129,11.035135038184038,10.868068781706944,10.885655056519159,44405600
2024-04-01,10.841690063476562,11.026341753743841,10.7889329168629,10.991170043148156,21031000
2024-04-02,10.788932800292969,10.920826503961798,10.788932800292969,10.85048308353046,19115800
2024-04-03,10.94720458984375,10.999962572099433,10.665830920639246,10.771346046590935,36137900
2024-04-04,10.964792251586914,11.167029392290866,10.955999113671146,10.964792251586914,31881300
2024-04-05,10.753759384155273,11.035133881745619,10.586693983745711,11.008755310851404,71144500
2024-04-08,10.70100212097168,10.788931807701099,10.657037277606971,10.744966964336388,18919200
2024-04-09,10.868067741394043,10.920825722220853,10.709795476032928,10.736174047166504,23795200
2024-04-10,10.639452934265137,10.885654908367218,10.639452934265137,10.788932913895618,23028800
2024-04-11,10.727380752563477,10.82410357622774,10.613072494589122,10.639451903893727,21019300
2024-04-12,10.657036781311035,10.736173327970212,10.59548650660261,10.692208486652936,16269700
2024-04-15,10.61307430267334,10.683417729016975,10.533937738396805,10.639453716472044,31625300
2024-04-16,10.498764991760254,10.648244967666095,10.498764991760254,10.551522975604547,31317300
2024-04-17,10.472386360168457,10.586694625721226,10.410836078163005,10.551522916209581,26530200
2024-04-18,10.516350746154785,10.569108727391667,10.410835622240683,10.481179038183418,28663900
2024-04-19,10.507558822631836,10.639453371671589,10.507558822631836,10.525145097927707,25809800
2024-04-22,10.507558822631836,10.639453371671589,10.507558822631836,10.542730534663818,23450600
2024-04-23,10.428421020507812,10.551522417257292,10.402042449261375,10.463592728356284,18581900
2024-04-24,10.586695671081543,10.639453659838331,10.41083710615855,10.41083710615855,37013000
2024-04-25,10.569109916687012,10.639453340545183,10.446008505655335,10.604281628616096,23667800
2024-04-26,10.560317039489746,10.621867327243578,10.533937625972579,10.57790247660808,16180400
2024-04-29,10.639452934265137,10.665831507564715,10.516351527934233,10.551523238520245,26520800
2024-04-30,10.683417320251465,10.876862154574829,10.621867034195748,10.621867034195748,25146600
2024-05-02,10.841690063476562,10.999963180437009,10.771346642285193,10.771346642285193,27782000
2024-05-03,10.876860618591309,10.97358260281445,10.859275184441483,10.964790305019354,23380200
2024-05-06,10.94720458984375,10.999962572099433,10.806517755241497,10.894447446147746,18713000
2024-05-07,11.07909870147705,11.10547727231381,10.95599730663943,10.9647904431049,27522500
2024-05-08,10.70100212097168,10.938410933445684,10.472385606322904,10.894446928640615,50692500
2024-05-09,10.595488548278809,10.727382259086026,10.525145124040323,10.533937423150313,25762900
2024-05-10,10.586695671081543,10.630660521952237,10.50755910722625,10.595488808967637,29029300
2024-05-13,10.604280471801758,10.64824447799729,10.516350782291362,10.613072769905065,22472500
2024-05-14,10.692209243774414,10.771345796037295,10.621865828109556,10.621865828109556,32670400
2024-05-15,10.824105262756348,10.929620400736388,10.701003849166412,10.718589286216531,36630700
2024-05-16,10.88565444946289,10.99996271368849,10.762553048321546,10.947204730753716,32475700
2024-05-17,10.88565444946289,10.912033021650432,10.797724757424831,10.903239884734687,28118800
2024-05-20,10.639452934265137,10.894448045653654,10.59548808639269,10.841690060494773,38940700
2024-05-21,10.569109916687012,10.771347050639312,10.569109916687012,10.639453340545183,38371300
2024-05-22,10.52514362335205,10.648244178937684,10.489971916247635,10.533935921208423,49248200
2024-05-23,10.516350746154785,10.613072733436129,10.481179038183418,10.481179038183418,28419600
2024-05-24,10.437214851379395,10.542729981943534,10.437214851379395,10.516351408942429,22790000
2024-05-27,10.3844575881958,10.507558153185,10.366871314020369,10.489972717569275,16530500
2024-05-28,10.19101333618164,10.454801593678201,10.164634761999912,10.454801593678201,40481600
2024-05-29,10.129463195800781,10.208598919483173,9.971190071316467,10.13825549494787,34350900
2024-05-31,10.164634704589844,10.252563564218903,10.076705006401035,10.076705006401035,62942000
2024-06-03,10.155841827392578,10.287735539496989,10.076705264706023,10.173427264345273,24967400
2024-06-04,10.27894115447998,10.314112862677359,10.05911776860645,10.173426029887846,36455800
2024-06-05,10.173425674438477,10.37566361842716,10.129461669647565,10.278940795344017,35635900
2024-06-06,10.39324951171875,10.410835785259643,10.147047552064006,10.147047552064006,34548200
2024-06-07,10.164634704589844,10.340493262407714,10.138255291997352,10.296528413313307,32079700
2024-06-10,10.076704978942871,10.182220113346073,10.050326404982007,10.129462965424345,23774700
2024-06-11,10.023946762084961,10.173426742027328,10.015154463339908,10.173426742027328,20061200
2024-06-12,9.909639358520508,10.085497912299456,9.839295098449199,10.067911637641695,40929700
2024-06-13,9.751365661621094,9.856880787621,9.733779388007935,9.821709078954365,39287400
2024-06-14,9.883259773254395,9.918431483393531,9.654643238070147,9.75136606987256,22356900
2024-06-17,9.883259773254395,9.962396330707382,9.839294925940544,9.85688120028997,18072300
2024-06-18,9.89205265045166,9.99756777809598,9.812916095078496,9.839294667349652,37284200
2024-06-19,9.848087310791016,9.874465881740305,9.707400480981947,9.830501876344709,17907100
2024-06-20,9.918431282043457,10.023946410318848,9.848087863193195,9.892052709614534,29501600
2024-06-21,9.918431282043457,10.006360974886132,9.856881000189404,9.856881000189404,53470500
2024-06-24,9.95360279083252,10.023946208264858,9.865673938321937,9.900845647038105,32197300
2024-06-25,10.006360054016113,10.032738624017458,9.856880093075798,9.892051799264129,43592000
2024-06-26,10.067911148071289,10.129462267820683,9.909638876646378,9.936017448790581,26265300
2024-06-27,10.076704978942871,10.147048401878338,10.006361556007404,10.076704978942871,21499700
2024-06-28,10.03273868560791,10.09428896217544,9.812915310941445,10.050324958089847,51418600
2024-07-01,10.067911148071289,10.111875994018089,9.962396020934785,10.041532575927086,19515400
2024-07-02,10.076704978942871,10.182220113346073,10.015154693514273,10.067911841436,20259500
2024-07-03,10.006360054016113,10.173425448770786,9.988773781642138,10.147046878769443,32807200
2024-07-04,10.067911148071289,10.076704284972587,9.997567729980286,10.067911148071289,7438600
2024-07-05,9.95360279083252,10.094289625697199,9.874466236581217,10.06791105379999,39021700
2024-07-08,9.89205265045166,9.97998234276844,9.883259513508044,9.962396068881207,28570100
2024-07-09,9.89205265045166,9.93601749661005,9.830502368965728,9.89205265045166,25686000
2024-07-10,10.023946762084961,10.076704747353919,9.883259919447376,9.953603340766168,29040100
2024-07-11,10.138256072998047,10.26135749223355,10.023947791970755,10.067912644451992,22185700
2024-07-12,10.234976768493652,10.252562202660188,10.120668511452443,10.120668511452443,16859800
2024-07-15,10.234976768493652,10.252562202660188,10.164633354708236,10.252562202660188,12421100
2024-07-16,10.287734985351562,10.287734985351562,10.182219853639618,10.226184701492858,19050600
2024-07-17,10.39324951171875,10.47238606553341,10.252562677630324,10.296527522922878,30589900
2024-07-18,10.261356353759766,10.42842176838117,10.23497778062159,10.340492911734012,30271600
2024-07-19,10.314114570617676,10.349287123199035,10.243771142574573,10.243771142574573,22774900
2024-07-22,10.3844575881958,10.428421596514967,10.243769910471462,10.261356184646894,23809300
2024-07-23,10.358077049255371,10.402041891347821,10.322905343293334,10.38445645764661,20161400
2024-07-24,10.36687183380127,10.437215256910509,10.314113847189464,10.33170012224665,22727500
2024-07-25,10.419629096984863,10.481179378292115,10.314113131087161,10.366871114036012,21585700
2024-07-26,10.44600772857666,10.44600772857666,10.331699463670587,10.39324974532782,23201600
2024-07-29,10.39324951171875,10.44600749378175,10.340492368215429,10.437214357011303,38125500
2024-07-30,10.234976768493652,10.384456732427571,10.234976768493652,10.366870459701397,29077200
2024-07-31,10.182219505310059,10.31411320579803,10.120669223556964,10.199805779273627,66719000
2024-08-01,10.322906494140625,10.542729890550229,10.226184501601896,10.33169963125134,37947400
2024-08-02,10.437214851379395,10.437214851379395,10.278941736253328,10.28773487344027,29723800
2024-08-05,10.419629096984863,10.472386241374023,10.18221943155457,10.402042823148683,28528000
2024-08-06,10.560317039489746,10.648245902200967,10.375665337668467,10.384458475507524,27415700
2024-08-07,10.99996280670166,11.043927653092446,10.58669459232379,10.613073164734383,48591300
2024-08-08,10.868067741394043,11.043927118443639,10.8241037356913,10.95599742991884,28173200
2024-08-09,10.94720458984375,10.973583161691751,10.82410402884662,10.938411453041189,19122000
2024-08-12,10.894447326660156,11.035134159719389,10.894447326660156,10.991169314748461,17501300
2024-08-13,11.052720069885254,11.131856626524193,10.912033230775897,10.964791214721759,30082000
2024-08-14,11.043928146362305,11.15823557810024,11.026341871596632,11.052720445185406,22128400
2024-08-15,11.457195281982422,11.562710412515157,11.06151333284474,11.123063616015573,48543500
2024-08-16,11.43960952758789,11.782533482629141,11.43960952758789,11.562710090501286,39842400
2024-08-19,11.43960952758789,11.51874608292347,11.395644681450381,11.46598809984652,29029900
2024-08-20,11.378059387207031,11.465989087052678,11.316509100450938,11.422024237129856,16424000
2024-08-21,11.378059387207031,11.465989087052678,11.29013052592115,11.36047395037376,24177300
2024-08-22,11.430816650390625,11.457195223248654,11.351680093256828,11.386851803254103,25724200
2024-08-23,11.501160621643066,11.615468894253006,11.474782047520696,11.483575185081405,33099000
2024-08-26,11.501160621643066,11.624262031813712,11.439610335837619,11.527539195765437,20467700
2024-08-27,11.457195281982422,11.536331839521901,11.386851861627266,11.448402983357814,22335000
2024-08-28,11.38685131072998,11.49236643615788,11.263750750343936,11.465987864440823,21175200
2024-08-29,11.30771541595459,11.413230547531182,11.246165132174843,11.369266538294061,17873300
2024-08-30,11.30771541595459,11.316508553225905,11.210993421649313,11.22857969619194,50852200
2024-09-02,11.316508293151855,11.334094567290318,11.167028317213742,11.263751147855878,12639100
2024-09-03,11.254958152770996,11.386851856234522,11.237371878410679,11.3516801460736,19701100
2024-09-04,11.42202377319336,11.474781758669792,11.272543792663154,11.290130067341874,22848700
2024-09-05,11.404438018798828,11.448402865708927,11.360473171888728,11.378058607516943,14577100
2024-09-06,11.42202377319336,11.492367194788782,11.351680351597937,11.360473488937297,20976300
2024-09-09,11.527539253234863,11.615468952160798,11.404438681010264,11.422024117659596,35098100
2024-09-10,11.641846656799316,11.712190075261693,11.439609538359909,11.439609538359909,27649100
2024-09-11,11.465988159179688,11.694604689430008,11.448402723769501,11.694604689430008,21490600
2024-09-12,11.351679801940918,11.422023220130258,11.219786102475826,11.395644647949178,34492700
2024-09-13,11.19340705871582,11.430816731808193,11.18461476007366,11.386851884358526,21946500
2024-09-16,11.30771541595459,11.316508553225905,11.210993421649313,11.219786558920626,20765800
2024-09-17,11.395644187927246,11.42202275904347,11.246164220669215,11.246164220669215,26068700
2024-09-18,11.413229942321777,11.553917615523378,11.298922518094978,11.307714816340338,26897100
2024-09-19,11.38685131072998,11.527538144633846,11.334094167295868,11.430816155964857,44713200
2024-09-20,11.219785690307617,11.430815937123267,11.193406280535918,11.39564422932066,41412300
2024-09-23,11.210992813110352,11.307714802165505,11.123063122289535,11.167027967699944,20009400
2024-09-24,11.219785690307617,11.342886248336917,11.158234572733308,11.24616426151966,22598600
2024-09-25,11.149442672729492,11.413230071386245,11.149442672729492,11.23737152609518,33524600
2024-09-26,11.290129661560059,11.316508234070328,11.184614532959273,11.219786242492868,16241400
2024-09-27,11.3604736328125,11.422023917848069,11.246165361632343,11.254958499083065,24958600
2024-09-30,11.501160621643066,11.580297182569929,11.342887499789342,11.37805921147242,31164900
2024-10-01,11.958393096923828,12.063908226545193,11.545124876987039,11.60667515962624,65825500
2024-10-02,12.063908576965332,12.178216847015381,11.967185743083126,12.046322302237755,51056800
2024-10-03,11.782533645629883,11.98477160523633,11.782533645629883,11.914428185867054,45000000
2024-10-04,11.677019119262695,11.826499102777452,11.580297122277749,11.65943368279259,36607700
2024-10-07,11.580296516418457,11.791326774377497,11.553917943813502,11.791326774377497,20788600
2024-10-08,11.501160621643066,11.545125470886852,11.439610335837619,11.457195772399281,35995700
2024-10-09,11.501160621643066,11.562710907448514,11.386852349033127,11.386852349033127,28383000
2024-10-10,11.527539253234863,11.59788267695171,11.474782104727108,11.474782104727108,19340400
2024-10-11,11.325301170349121,11.536331423810111,11.290129461438955,11.509952851767409,31193700
2024-10-14,11.3604736328125,11.404438481506366,11.29013021032621,11.307715646667912,21045900
2024-10-15,11.325301170349121,11.386851451301988,11.263750889396253,11.36926601612675,33545800
2024-10-16,11.378059387207031,11.430817374826372,11.298923663617666,11.334095375843972,34342600
2024-10-17,11.30771541595459,11.395645111548278,11.210993421649313,11.23737199490353,18266900
2024-10-18,11.325301170349121,11.395644588169452,11.25495775252879,11.395644588169452,19422900
2024-10-21,11.28133773803711,11.378059740018672,11.263752300658549,11.325302589323199,28877400
2024-10-22,11.272542953491211,11.342886369849996,11.19340640044766,11.228578947186723,34756100
2024-10-23,11.210992813110352,11.272543093549114,11.167027967699944,11.202199676316335,22384200
2024-10-24,11.28133773803711,11.334095727292373,11.149444022738635,11.184615736055546,19295300
2024-10-25,11.210992813110352,11.29012936713715,11.193406539522316,11.272543093549114,19204000
2024-10-28,11.334095001220703,11.430816997006174,11.237372166875497,11.263751579093137,20050900
2024-10-29,11.413229942321777,11.457194787787298,11.316507953145377,11.342886525000818,21500600
2024-10-30,11.369266510009766,11.509953351761888,11.342887098261452,11.474781641323858,21176300
2024-10-31,11.114270210266113,11.290128743636222,10.973582545010395,11.079098503592093,61215800
2024-11-01,11.026341438293457,11.12306343002456,10.97358345462941,10.999962865741283,29027800
2024-11-04,11.14064884185791,11.175820548725227,10.999962014388643,11.070305428123277,19442900
2024-11-05,11.149442672729492,11.202199817036966,11.05271984389964,11.079099254613066,18352000
2024-11-06,10.991170883178711,11.035135734423383,10.85048403004359,11.008757159100496,39053800
2024-11-07,11.035134315490723,11.158234876875397,10.894447480445562,10.894447480445562,23946600
2024-11-08,10.841690063476562,11.035134891032694,10.824104627458583,10.90324034737908,35013400
2024-11-11,10.99996280670166,11.03513451610235,10.78013941330743,10.824104259698215,20684800
2024-11-12,11.06151294708252,11.114270929788848,10.815310984425588,10.929619248156227,26899600
2024-11-13,11.19340705871582,11.22857960752333,10.955998224183165,11.00875620883471,30341700
2024-11-14,11.114270210266113,11.342885884367439,11.087890801340873,11.158234214688918,38027500
2024-11-18,10.920825958251953,11.140649345755318,10.8856542497938,10.973583101659342,37251000
2024-11-19,10.929618835449219,11.079098802486422,10.920825698903583,10.947204269980837,28564100
2024-11-21,10.894447326660156,10.973583041336221,10.81531077342442,10.824103910130539,18400700
2024-11-22,11.149442672729492,11.167028107978753,10.96479099053395,10.982376425783213,24116600
2024-11-25,11.026341438293457,11.158235139614025,11.026341438293457,11.070306284920214,22015800
2024-11-26,11.087890625,11.175820309566443,11.026340348939259,11.070305191222483,16924800
2024-11-27,11.035134315490723,11.202199722466931,10.999962606729433,11.105477733013304,48572000
2024-11-28,10.903239250183105,11.254957159306212,10.832895836070414,11.035133780564136,40805900
2024-11-29,11.19340705871582,11.19340705871582,10.771346535742337,10.841689956237918,62396000
2024-12-02,11.650640487670898,11.668226762613795,11.07909996898264,11.131857116691844,87464600
2024-12-03,12.178216934204102,12.204595507924589,11.597882442435225,11.650640428435937,72892200
2024-12-04,12.248559951782227,12.362868218873686,12.116665410418369,12.222180540373628,50659000
2024-12-05,12.679413795471191,12.714585505974258,12.31011041590914,12.354075263677903,38794000
2024-12-06,12.503555297851562,12.77613584580713,12.44200417528117,12.57389871916653,46449200
2024-12-09,12.494762420654297,12.600277554823286,12.433212135362322,12.503555558141649,25321800
2024-12-10,12.547520637512207,12.74975777207786,12.547520637512207,12.600277786285961,22942500
2024-12-11,12.134251594543457,12.62665553067652,12.011150191230339,12.54751981271777,49150600
2024-12-12,11.518745422363281,11.940805908536401,11.518745422363281,11.870462494174214,49616900
2024-12-13,11.501160621643066,11.747362603424609,11.439610335837619,11.518746896764481,30867900
2024-12-16,11.290129661560059,11.800119869077033,11.290129661560059,11.501159918761626,32095500
2024-12-17,11.518745422363281,11.597881134601007,11.422022598695541,11.430815735130725,39564500
2024-12-18,11.219785690307617,11.501159352728484,11.21099255371705,11.492366216137917,40864200
2024-12-19,11.237371444702148,11.35167970795332,11.114270883169873,11.21978600958026,38104000
2024-12-20,11.346475601196289,11.411419238153394,11.142369555841505,11.207312308019969,86074600
2024-12-23,11.337198257446289,11.448529064625147,11.123813546769524,11.235144353948382,40181700
2024-12-26,11.262978553771973,11.355753790905196,11.123814370904132,11.300088825580996,21166800
2024-12-27,11.19803524017334,11.309366058838032,11.105260000342112,11.281533575366533,37624000
2024-12-30,10.891876220703125,11.281534562514475,10.891876220703125,11.1887593145653,38907400
2025-01-02,10.761988639831543,11.031038311588402,10.659934736379165,10.873319446960732,33417900
2025-01-03,10.511494636535645,10.715601577619656,10.455829670190079,10.659935726495403,41365900
2025-01-06,10.474384307861328,10.669213458583124,10.400163763279567,10.5393270631757,50881500
2025-01-07,10.706323623657227,10.743433895576473,10.455829509396985,10.48366199214175,34905200
2025-01-08,10.594992637634277,10.697045662577507,10.465106245614898,10.650657602229254,39248800
2025-01-09,10.576436996459961,10.678490905572762,10.483661761095826,10.604270363369992,24470100
2025-01-10,10.353775978088379,10.604270986322149,10.279555431525493,10.576437617777037,31277300
2025-01-13,10.427995681762695,10.492939318339896,10.316664870917169,10.37233071872925,28945300
2025-01-14,10.400162696838379,10.548603770780634,10.344496851720738,10.400162696838379,42625300
2025-01-15,10.567159652709961,10.604269922267683,10.3537749391691,10.483661325010432,45380700
2025-01-16,10.27955436706543,10.594992099683097,10.2424440976268,10.594992099683097,29298500
2025-01-17,10.288832664489746,10.288832664489746,9.991950494297361,10.056893247832281,51433600
2025-01-20,10.25172233581543,10.3073873000255,10.010505131495384,10.25172233581543,22293700
2025-01-21,10.437273979187012,10.446551768404284,10.19605676821003,10.19605676821003,26293900
2025-01-22,10.223889350891113,10.40944069709687,10.149667927630201,10.372330427855717,44993500
2025-01-23,10.25172233581543,10.353775360052992,10.186778697865476,10.223889853710395,35708100
2025-01-24,10.084725379943848,10.325942577239246,10.084725379943848,10.251722037268143,44514500
2025-01-27,10.316664695739746,10.316664695739746,10.056892808177787,10.084725289221913,34876400
2025-01-28,10.307387351989746,10.40016347251246,10.223889905253692,10.251722387499044,39022900
2025-01-29,10.17750072479248,10.390884539818236,10.121834881650052,10.372329848623135,26199700
2025-01-30,10.307387351989746,10.335220719013755,10.16822405598433,10.196056538229682,22347200
2025-01-31,10.298110008239746,10.427995509693678,10.298110008239746,10.335220277909244,26952000
2025-02-03,10.233166694641113,10.409441144700297,10.16822394187123,10.344497507151765,29524300
2025-02-04,10.112558364868164,10.205334486841831,10.038337821200699,10.205334486841831,23133400
2025-02-05,10.038337707519531,10.14966852175994,9.945562471375187,10.14966852175994,44675800
2025-02-06,10.075447082519531,10.112557350631297,9.954838489961647,10.019782122741175,24218200
2025-02-07,10.066169738769531,10.131112483929805,10.019781684464245,10.075446641807753,33491500
2025-02-10,10.17750072479248,10.41871701900017,10.112557093663222,10.149667360831986,50519600
2025-02-11,10.168224334716797,10.233167089995721,10.001227667109642,10.233167089995721,35802500
2025-02-12,10.131114959716797,10.24244578638878,10.019784133044814,10.04761661851812,39414800
2025-02-13,10.18677806854248,10.196055856930542,10.056892570224,10.08472505060959,21078300
2025-02-14,10.325942993164062,10.381607957995238,10.205334389658297,10.251722450203387,34084700
2025-02-17,10.298110008239746,10.418717721081649,10.270276642403658,10.363052758966711,9559900
2025-02-18,10.288832664489746,10.363053207037844,10.242444604202522,10.335220724776972,18776800
2025-02-19,10.17750072479248,10.242443471143178,10.140390457623715,10.205333203974414,16856200
2025-02-20,10.242444038391113,10.279554307615122,10.112557653717777,10.140391019219742,24406000
2025-02-21,10.316664695739746,10.363052753999037,10.214611675392202,10.223889463999784,34245000
2025-02-24,10.233166694641113,10.36305308495953,10.186778634900348,10.36305308495953,28954600
2025-02-25,10.288832664489746,10.335220724776972,10.223889910954828,10.233166815189346,24354400
2025-02-26,10.854764938354492,10.984651335177679,10.622825512813675,10.882597421681357,79612200
2025-02-27,11.429975509643555,11.587694402241713,10.817655519452472,10.82693330955325,66169900
2025-02-28,11.337198257446289,11.587692352404067,11.225867450267431,11.420696584025084,79761000
2025-03-05,11.856741905212402,11.995906076372405,11.522749487029868,11.596970024403765,54086900
2025-03-06,11.921686172485352,12.097959736920417,11.782521993930532,11.847465631167573,40524500
2025-03-07,12.153626441955566,12.17218113620353,11.801078403457177,11.856743370979778,30190400
2025-03-10,12.17218017578125,12.302066564383393,12.042293787179108,12.060849364741687,27718600
2025-03-11,11.930963516235352,12.209290998823024,11.819632700156017,12.135070454770133,32659900
2025-03-12,12.088682174682617,12.162902717391779,11.940241089264294,11.968073571585565,38219900
2025-03-13,12.367010116577148,12.367010116577148,12.005184293700465,12.13507069070769,35316500
2025-03-14,12.65461540222168,12.65461540222168,12.413398186813037,12.413398186813037,41772200
2025-03-17,12.70855712890625,12.820939253842589,12.558714295657799,12.58680960360845,49697100
2025-03-18,12.689826965332031,12.764748380444907,12.418236612264424,12.643000857603054,31311700
2025-03-19,12.811575889587402,12.89586271409266,12.633636839379902,12.689828353428013,35578000
2025-03-20,12.736653327941895,12.820939251780288,12.596175001943767,12.811574744554068,18669000
2025-03-21,12.85840129852295,12.877132101192558,12.717923851036199,12.764749964576392,28909800
2025-03-24,12.680460929870605,12.914590563651918,12.624269424784273,12.88649525767559,21122400
2025-03-25,12.736653327941895,12.792843943834157,12.511888184971635,12.633635710249854,20685600
2025-03-26,12.530619621276855,12.671097061266625,12.380776780452093,12.671097061266625,29019200
2025-03-27,12.605541229248047,12.624271138062936,12.47442829500865,12.549349716535792,20680800
2025-03-28,12.577445030212402,12.577445030212402,12.40887139712787,12.511888121160789,37767300
2025-03-31,12.643001556396484,12.849035905911512,12.465063408951984,12.474427916508391,41452600
2025-04-01,12.746018409729004,12.783479119723733,12.483793439765902,12.549349458973234,31317800
2025-04-02,12.802209854125977,12.820939762458194,12.596175503668963,12.736653835262562,35788800
2025-04-03,12.970784187316895,13.242374571137995,12.7460190233933,12.774115227092386,44926800
2025-04-04,12.83967113494873,13.017609291120287,12.699193690241387,12.858401044113931,59559600
2025-04-07,12.343316078186035,12.736653982170953,12.16537703474183,12.446332808035882,50069000
2025-04-08,12.399506568908691,12.624270827969168,12.315219748477569,12.324585149221866,39798300
2025-04-09,12.802209854125977,12.998878803849998,12.315219733615539,12.352680443413742,51912400
2025-04-10,12.736653327941895,12.867765360446331,12.66173191132972,12.802209344194113,21741000
2025-04-11,12.624271392822266,12.858401063102802,12.586810681302733,12.858401063102802,35635500
2025-04-14,12.811575889587402,12.867766510501696,12.671097551034036,12.78347968599644,23490300
2025-04-15,12.79284381866455,12.980147358362343,12.755383110724992,12.811574619201194,22758200
2025-04-16,13.008243560791016,13.186181700242697,12.708557004103413,12.727287804642394,60471500
2025-04-17,13.111261367797852,13.204913591964214,12.914592411555532,13.01760914363149,56058800
2025-04-22,13.12999153137207,13.298564276286493,12.86776567371184,12.970783293911845,28032800
2025-04-23,13.158086776733398,13.39221643150398,13.092529866066684,13.261103503304303,35704200
2025-04-24,13.251737594604492,13.28919830220595,13.092529364014863,13.18618157958537,38150200
2025-04-25,13.195548057556152,13.326660098303375,13.064435123675135,13.176817255658667,24152700
2025-04-28,13.392216682434082,13.429677392173927,13.158087023276611,13.214277641319493,28336600
2025-04-29,13.588886260986328,13.67317308508671,13.279835168040803,13.317295879514994,59612200
2025-04-30,13.645075798034668,13.823014833256764,13.52332827212843,13.532693672536695,46988000
2025-05-02,13.22364330291748,13.588885899936896,13.22364330291748,13.495233677172804,35468500
2025-05-05,13.167452812194824,13.345390965421576,13.139356609211287,13.223643431894304,29153300
2025-05-06,13.307929039001465,13.345389746423974,13.111260101749869,13.111260101749869,21775000
2025-05-07,13.364121437072754,13.429677456146315,13.167452486718293,13.401582146991043,23409200
2025-05-08,13.457772254943848,14.075874391722278,13.382850837948508,13.832380233054291,45418600
2025-05-09,13.373486518859863,13.495234054604678,13.298565095806717,13.38285192002496,23513400
2025-05-12,13.382851600646973,13.420312311279556,13.186182646542461,13.354756290955983,19557500
2025-05-13,13.345390319824219,13.467137847461823,13.233008192728065,13.439042538971224,20625000
2025-05-14,13.32666015625,13.51396460350411,13.289199445425938,13.289199445425938,37228600
2025-05-15,13.495233535766602,13.523328845047924,13.29856458452978,13.326659893811103,19063200
2025-05-16,13.597284317016602,13.606732752368712,13.417750528251599,13.483894982546333,26057600
2025-05-19,13.531140327453613,13.729571894876365,13.531140327453613,13.578386110390147,14202200
2025-05-20,13.502792358398438,13.578385245828402,13.436648807181792,13.531139465900099,17554600
2025-05-21,13.379953384399414,13.540588491791244,13.257114719856352,13.389402720396175,16478300
2025-05-22,13.323260307312012,13.483895428407735,13.323260307312012,13.379954525852645,18062800
2025-05-23,13.455546379089355,13.512241494390887,13.200420613078183,13.228767720159805,16090900
2025-05-26,13.474445343017578,13.493343114435117,13.323259567124033,13.464996006739655,6439900
2025-05-27,13.417750358581543,13.663427697396315,13.389403250607012,13.663427697396315,15568200
2025-05-28,13.323260307312012,13.436649645531636,13.31381097050912,13.427200308728745,12853200
2025-05-29,13.285463333129883,13.389403330414908,13.238217552131845,13.266564660275339,12528800
2025-05-30,13.257115364074707,13.342157589901557,13.134276693562402,13.342157589901557,38207300
2025-06-02,13.143726348876953,13.313810804656798,13.068133457672209,13.266565022369246,15049400
2025-06-03,13.2382173538208,13.304360905544218,13.068132905231092,13.143725793240227,18971700
2025-06-04,13.304361343383789,13.474445797570889,13.238217789483622,13.313810679980481,19154800
2025-06-05,13.105929374694824,13.332708039162766,13.068132930616834,13.323259603996998,20132900
2025-06-06,13.304361343383789,13.323260016577173,13.05868399869983,13.200421344235194,26987600
2025-06-09,13.190971374511719,13.28546293366665,13.049234936917614,13.219318481802881,17173900
2025-06-10,13.039785385131836,13.323259156770453,12.973640934361915,13.294911148809796,23640900
2025-06-11,13.143726348876953,13.153175685562132,12.879151229660351,12.973641893097108,22849900
2025-06-12,13.039785385131836,13.124827606737249,12.983090270348802,12.992539606335686,14788400
2025-06-13,12.88860034942627,13.030336792765107,12.831905231407738,12.926396794392515,28248400
2025-06-16,12.926396369934082,13.087031481050502,12.841354146267943,12.907497697502363,27978300
2025-06-17,12.727965354919434,12.99254047221675,12.66182089974135,12.973641798983486,32452200
2025-06-18,12.74686336517334,12.803558484794067,12.614576254622234,12.64292336386342,37567000
2025-06-20,12.784659385681152,12.803558058638487,12.633473606575777,12.67127005135212,39451400
2025-06-23,12.813006401062012,12.89804771935739,12.727964181628378,12.756311287726838,27562100
2025-06-24,12.765761375427246,12.89804847910447,12.690168487286458,12.831904927265859,26798300
2025-06-25,12.425592422485352,12.727964874844266,12.37834754346086,12.66182042216103,50901200
2025-06-26,12.586228370666504,12.633474153968617,12.397246138596417,12.472839031424453,36177200
2025-06-27,12.425592422485352,12.491736875168588,12.293305319395486,12.491736875168588,27309500
2025-06-30,12.586228370666504,12.605127044442694,12.321653245768383,12.368899029070496,34532500
2025-07-01,12.642922401428223,12.671269508511502,12.444490849568698,12.624023729280513,21493700
2025-07-02,12.898048400878906,13.020887068647257,12.624023957745909,12.74686262551426,47073600
2025-07-03,12.73741340637207,12.973641407835691,12.73741340637207,12.916947192121876,15694900
2025-07-04,12.775211334228516,12.879151335202218,12.661821095353847,12.671270432116462,6452500
2025-07-07,12.661820411682129,12.794108415800817,12.567329752573041,12.76576130818192,23165300
2025-07-08,12.642922401428223,12.74686239482577,12.538982408030677,12.680718844585357,32803300
2025-07-09,12.57677936553955,12.709066471430514,12.501185574995441,12.709066471430514,31299800
2025-07-10,12.501185417175293,12.642922758875534,12.425592528723824,12.491736981972593,26865400
2025-07-11,12.595677375793457,12.642923157851149,12.359449366643334,12.463389366259586,40755100
2025-07-14,12.557880401611328,12.822455508400498,12.529533294025635,12.529533294025635,36420400
2025-07-15,12.538983345031738,12.775211357701018,12.501185997911834,12.633474009416437,27675300
2025-07-16,12.926396369934082,12.973641248736783,12.576779040191962,12.642922591426382,48903600
2025-07-17,12.718515396118164,12.935844720838997,12.699616723809417,12.916946949668544,19213600
2025-07-18,12.586228370666504,12.746863493210668,12.557881261140583,12.5956777075546,23902900
2025-07-21,12.680719375610352,12.70906648388071,12.529533596650674,12.614575822600074,21355000
2025-07-22,12.661820411682129,12.784659079548417,12.661820411682129,12.690168420439328,22285900
2025-07-23,12.841354370117188,12.907497922504616,12.661820583439432,12.671269919820013,15345700
2025-07-24,12.756312370300293,12.841354596951094,12.67127014364949,12.794108815351946,8292700
2025-07-25,12.727965354919434,12.85080402752063,12.70906668168617,12.831905354287366,15436100
2025-07-28,12.340551376342773,12.746862932123998,12.3122033669263,12.727965160318005,56671100
2025-07-29,12.463388442993164,12.501184885611753,12.30275423771786,12.425592000374573,20942500
2025-07-30,12.425592422485352,12.652371987039114,12.359448870940419,12.472838202648148,25805400
2025-07-31,11.773603439331055,11.915339877470666,11.527926105493318,11.650764772412186,116074600
2025-08-01,11.612968444824219,11.98148444926161,11.546824893183523,11.858645781115813,34261300
2025-08-04,11.726357460021973,11.877543231768344,11.660213910167505,11.707459689122816,16396200
2025-08-05,11.67911148071289,11.82084881514734,11.63186660370634,11.783052372859139,33909800
2025-08-06,11.792501449584961,11.877543674647846,11.698010789289334,11.811400122327075,43866000
2025-08-07,11.849197387695312,11.953137391563924,11.716909372749315,11.820850277756305,34814900
2025-08-08,11.68856143951416,11.87754366102701,11.631867223629461,11.858645889444883,24174500
2025-08-11,11.631867408752441,11.75470517883704,11.575172290827117,11.688561625539437,50587800
2025-08-12,11.556273460388184,11.75470501871632,11.556273460388184,11.698010802701605,21327300
2025-08-13,11.452333450317383,11.556273446982667,11.291698336564833,11.556273446982667,42653700
2025-08-14,11.357842445373535,11.471231774968992,11.310596666090856,11.338943773205148,21777500
2025-08-15,11.376740455627441,11.442884007331049,11.301147567640944,11.338944011634194,22229200
2025-08-18,11.4050874710083,11.537375474482891,11.320045247427371,11.376740363527425,18813900
2025-08-19,11.4050874710083,11.423986143421084,11.291698139946496,11.376740363527425,29267000
2025-08-20,11.433435440063477,11.480680318655354,11.253901657316481,11.386189660333304,21759200
2025-08-21,11.395639419555664,11.452333636425935,11.357842974596041,11.376740746506687,17547700
2025-08-22,11.537375450134277,11.631867009722182,11.42398611931177,11.461782562919272,16592500
2025-08-25,11.452333450317383,11.584621456095457,11.452333450317383,11.575172119724526,10382300
2025-08-26,11.509028434753418,11.518476869877132,11.43343554693388,11.452333318319614,27024300
2025-08-27,11.480680465698242,11.54682491862297,11.423986250206541,11.480680465698242,23328100
2025-08-28,11.575172424316406,11.641315978376802,11.499579533636426,11.565723087696824,25303600
2025-08-29,11.669663429260254,11.820849203378433,11.584621206034205,11.584621206034205,22696900
2025-09-01,11.622418403625488,11.745257078350848,11.584621957643712,11.69801129558904,8227400
2025-09-02,11.490129470825195,11.65076457865238,11.471231699918736,11.55627302070523,18419800
2025-09-03,11.244452476501465,11.301147593188658,11.102716036490946,11.244452476501465,57777400
2025-09-04,11.490129470825195,11.509028142869939,11.253901477095605,11.253901477095605,25257600
2025-09-05,11.575172424316406,11.698011096955955,11.509028870256008,11.527926642356835,17025900
2025-09-08,11.471232414245605,11.612968858854138,11.35784307833111,11.556273740327722,43983300
2025-09-09,11.650765419006348,11.688561864683757,11.44288451721142,11.44288451721142,47583700
2025-09-10,11.67911148071289,11.811399479290722,11.575171489704909,11.584620825561524,40403300
2025-09-11,11.830299377441406,11.877544259345795,11.726358474519689,11.792502030096522,28340200
2025-09-12,11.886992454528809,11.90589112638618,11.745256020151608,11.745256020151608,24015800
2025-09-15,11.93423843383789,12.000381984175071,11.858645547413031,11.886992654537782,37293700
2025-09-16,12.009832382202148,12.075975938387908,11.96258659872445,12.000383045278936,40985200
2025-09-17,12.085424423217773,12.170466647253983,11.95313641903497,11.990932862924584,26865600
2025-09-18,11.830299377441406,12.104323837723312,11.735807811355912,12.104323837723312,59380000
2025-09-19,11.85864543914795,11.915339652879853,11.69801033167709,11.85864543914795,35447400
2025-09-22,11.67911148071289,11.82084881514734,11.67911148071289,11.726357258857707,14169100
2025-09-23,11.773603439331055,11.86809499884966,11.660214108591706,11.67911187981245,14643300
2025-09-24,11.698010444641113,11.858645553663175,11.669663337501422,11.773603331105814,18134100
2025-09-25,11.773603439331055,11.924789213650186,11.641315436232667,11.707459888351009,25988200
2025-09-26,11.773603439331055,11.85864566267014,11.707459888351009,11.8397469903111,12757700
2025-09-29,11.726357460021973,11.9058912398245,11.698010353104097,11.9058912398245,21050900
2025-09-30,11.423986434936523,11.735807328598058,11.376740653837253,11.556273540648494,52485900
2025-10-01,11.32949447631836,11.518476692964622,11.225554482447487,11.518476692964622,28764000
2025-10-02,11.27280044555664,11.480680436685287,11.206655992799067,11.367291104850123,25828200
2025-10-03,11.216105461120605,11.291698349900692,11.102716127950474,11.178309016730562,21785000
2025-10-06,11.1972074508667,11.338943889024183,11.131062998740017,11.225554558270536,14804500
2025-10-07,11.064919471740723,11.206655910205496,11.064919471740723,11.140512359073709,18071700
2025-10-08,11.225554466247559,11.253901573419016,11.06491935704548,11.112165136423435,14723700
2025-10-09,11.074369430541992,11.310597442022864,11.036572984750586,11.272800996231458,28928400
2025-10-10,11.159411430358887,11.216105647315958,11.093266975724529,11.13106342074202,21477200
2025-10-13,11.206656455993652,11.272800911485115,11.131063564979131,11.178309347147794,11694900
2025-10-14,11.386189460754395,11.433435239656436,11.10271568848043,11.149961467382472,29046500
2025-10-15,11.32949447631836,11.433435371327523,11.253901589659854,11.32949447631836,28407100
2025-10-16,11.480680465698242,11.565722690074102,11.263351137749542,11.329494689535961,26420200
2025-10-17,11.68856143951416,11.716908547456509,11.43343566575639,11.461782773698738,23480500
2025-10-20,11.67911148071289,11.764153701145906,11.612967931993108,11.650764374281307,18260900
2025-10-21,11.54682445526123,11.669663118748275,11.480680004990807,11.641315111001692,26607400
2025-10-22,11.4050874710083,11.594070590582943,11.395639035940208,11.57517191817016,29517800
2025-10-23,11.452333450317383,11.509028567404647,11.367291225255643,11.433435678713838,25355600
2025-10-24,11.44288444519043,11.58462179144239,11.38619022760032,11.509028900563347,21686700
2025-10-27,11.480680465698242,11.70746003107997,11.43343558650126,11.54682491862297,40310400
2025-10-28,11.367291450500488,11.480680785783532,11.33894434196431,11.461783013805524,29170400
2025-10-29,11.367291450500488,11.471232350363694,11.320045668847971,11.395639460175,38485900
2025-10-30,11.896442413330078,11.962585966017473,11.669663745997596,11.811400187795817,91617100
2025-10-31,12.009832382202148,12.208263951897793,11.820850149429718,11.820850149429718,32112500
2025-11-03,12.198814392089844,12.227161501203186,12.028729935133088,12.179916619727065,28265800
2025-11-04,12.435041427612305,12.435041427612305,12.123220548434967,12.179915663348247,27058100
2025-11-05,12.453940391540527,12.557880386656489,12.387795939068278,12.43504171908037,21385300
2025-11-06,12.35944938659668,12.510635168514701,12.35944938659668,12.510635168514701,15494600
2025-11-07,12.397245407104492,12.55788052017048,12.331101855067313,12.35944896292063,30240300
2025-11-10,12.453940391540527,12.529533279104555,12.368898167746423,12.520083942874477,25239700
2025-11-11,12.841354370117188,12.898048586124036,12.510634805903416,12.557880586668,36404100
2025-11-12,12.869701385498047,12.907497829610032,12.80355783358665,12.841354277698635,32756700
2025-11-13,12.879150390625,12.992539720045164,12.765761061204836,12.888599726694585,23794500
2025-11-14,12.935845375061035,13.077582721130035,12.898048929670303,12.926396939567107,15539900
2025-11-17,13.001989364624023,13.068132916403991,12.879150696219577,12.888600032513375,33654100
2025-11-18,12.9830904006958,13.134276173450722,12.916946850400095,12.935844621425316,46389400
2025-11-19,12.671269416809082,13.096479624534151,12.671269416809082,12.98309029588335,101108300
2025-11-21,12.869701385498047,12.95474361003459,12.62402404820099,12.794108497274078,35463400
2025-11-24,13.011438369750977,13.105929026869056,12.81300681832324,12.831904589291542,43126600
2025-11-25,12.9830904006958,13.153174845614231,12.86970107112961,13.03978551604804,20205700
2025-11-26,12.916947364807129,13.049235371805093,12.831905138961174,13.039786035347026,33961700
2025-11-27,12.964193344116211,13.011439125990371,12.898048889037053,12.945294670911213,8093600
2025-11-28,13.096480369567871,13.190971932721455,12.907498144399034,12.945294589432802,23319400
2025-12-01,13.2382173538208,13.24766669010652,13.039785797512241,13.07758224151681,15984500
2025-12-02,13.228768348693848,13.559487917866527,13.087031905413175,13.238217685216114,36109000
2025-12-03,13.370504379272461,13.370504379272461,13.200420832813219,13.285463056611992,15674100
2025-12-04,13.18152141571045,13.427198736997529,13.087030762157283,13.398851631045405,37988200
2025-12-05,12.860252380371094,13.332708394507057,12.841354608397587,13.20042128727752,61741400
2025-12-08,12.869701385498047,13.00198939045915,12.841354277698635,12.935844937409444,19119600
2025-12-09,12.88860034942627,12.983091011272718,12.718515896509002,12.765761678001391,38541700
2025-12-10,12.85080337524414,12.898048253652583,12.416143825463106,12.529533155692294,91743100
2025-12-11,13.020886421203613,13.07758153471543,12.680718443547491,12.784658433657853,22635200
2025-12-12,13.26656436920166,13.27601370542161,13.039785706752678,13.077582150494175,30262800
2025-12-15,13.493343353271484,13.559487807249416,13.257115348971936,13.266564685417116,22268400
2025-12-16,13.379953384399414,13.493342712945715,13.238216949001107,13.285462727846635,43020300
2025-12-17,13.247666358947754,13.351606352077496,13.134276128630217,13.219318350799227,28631200
2025-12-18,13.153175354003906,13.37995402190162,13.153175354003906,13.18152246220654,23928400
2025-12-19,13.243124961853027,13.28301385522204,13.103514310574603,13.143403203943615,30380100
2025-12-22,13.083568572998047,13.2630690574851,12.963901900348738,13.24312413653046,26993300
2025-12-23,13.432597160339355,13.532318912619356,13.10351357086561,13.133430001446992,45087200
2025-12-26,13.681903839111328,13.781625597743572,13.362791738819922,13.362791738819922,29118400
2025-12-29,13.831486701965332,13.831486701965332,13.502403097491612,13.642014698278672,20303700
2025-12-30,13.821514129638672,14.050875975439395,13.821514129638672,13.86140302225277,25304800
2026-01-02,13.612096786499023,13.981070220600348,13.52234749415063,13.841458625236978,24557600
2026-01-05,13.671931266784668,13.721792621208527,13.532319664603108,13.592153480116986,17543300
2026-01-06,13.661958694458008,13.811542756511662,13.592153369448704,13.761681402493776,28548900
2026-01-07,13.661958694458008,13.681903616475651,13.562236937448464,13.612097340440123,28605400
2026-01-08,13.60212516784668,13.761680732110376,13.302958009339157,13.642014058912602,31130800
2026-01-09,13.86140251159668,13.921236323826648,13.572207813041894,13.582180273584585,17408500
2026-01-12,13.86140251159668,14.001014106115818,13.731764328646415,13.771653219791,14562800
2026-01-13,13.87137508392334,14.060848031656644,13.731764439305318,13.821513731834251,33777500
2026-01-14,14.16057014465332,14.200459037133,13.891320358172035,13.891320358172035,22198700
2026-01-15,14.001014709472656,14.240348066653947,13.961125816609108,14.240348066653947,21374400
2026-01-16,14.060848236083984,14.100737128129953,13.961125530455961,14.060848236083984,31536400
2026-01-19,14.050875663757324,14.130653447215858,13.941180498232196,14.020959232716924,8040400
2026-01-20,14.030930519104004,14.170542113447882,13.961125197445156,14.040902979634177,20664800
2026-01-21,14.270265579223633,14.300182011386545,14.050876190967745,14.21043176387158,35138900
2026-01-22,14.549487113952637,14.75890403081312,14.280236384692222,14.320125275950115,47662500
2026-01-23,14.858626365661621,15.068043290727848,14.499626330273614,14.63923793065984,53554400
2026-01-26,15.008210182189941,15.09796042732946,14.689098093802082,14.928432397849528,22156500
2026-01-27,14.828709602355957,15.207654551197464,14.828709602355957,15.187709629719711,24248800
2026-01-28,14.908487319946289,15.078015347648837,14.768876674327387,14.958348672392837,23714500
2026-01-29,14.719015121459961,15.01818228103946,14.559459556624544,14.968320929271846,33726800
2026-01-30,14.808765411376953,14.928432085382834,14.709042707525628,14.719015168115998,40087800
2026-02-02,15.018182754516602,15.137849431915887,14.798793370438139,14.938404018557533,19323000
2026-02-03,15.33729362487793,15.347266085575942,15.038126461120907,15.097960274282789,32249800
2026-02-04,15.257515907287598,15.387155043843467,15.16776566266998,15.237570985805371,27049700
2026-02-05,15.437015533447266,15.476905376638985,15.137849317719008,15.357237749116235,26311400
2026-02-06,15.377182960510254,15.526766071193423,15.287432713689862,15.476905668316515,23511000
2026-02-09,15.34726619720459,15.45696041260201,15.117904354613,15.41707152054602,22980900
2026-02-10,15.61651611328125,15.746155251319331,15.2575160817324,15.297404974126717,35103300
2026-02-11,15.726211547851562,15.905711091162898,15.5865999465861,15.726211547851562,26720300
2026-02-12,16.47412872314453,16.723434538317836,15.855849464611671,15.865821925464894,55037900
2026-02-13,16.30459976196289,16.36443262161412,16.05529396102172,16.07523888158957,23238400
2026-02-18,16.0852108001709,16.44421179254416,15.965545070748128,16.26471129635753,29705300
2026-02-19,16.12510108947754,16.234796262851326,16.005433454701365,16.145046012282325,23244500
2026-02-20,15.985489845275879,16.05529517046948,15.666377749334634,16.015405326328874,33875800
2026-02-23,16.145044326782227,16.284654967735676,15.776070901623687,15.885766063545585,29917200
2026-02-24,16.53396224975586,16.53396224975586,16.184933714095465,16.184933714095465,31221100
2026-02-25,16.334516525268555,16.593794806882652,16.214850796555872,16.563879325730714,29966400
2026-02-26,16.36443328857422,16.553906237586446,16.314572887174766,16.37440574926459,18040900
2026-02-27,16.224822998046875,16.474128814604256,16.2048780762297,16.274683400537377,34463800
2026-03-02,15.865821838378906,16.155017495377734,15.825932946211172,15.92565565214361,18638600
2026-03-03,15.526765823364258,15.536738284190955,15.107931978905095,15.307377391334189,40085300
2026-03-04,15.556683540344238,15.796016899173846,15.357238123626669,15.656405297676793,26249500
2026-03-05,15.247543334960938,15.516794066843344,15.217626903982735,15.446987793192612,26954000
2026-03-06,15.18770980834961,15.297404975715027,14.918460022416568,15.25751608331657,17914800
2026-03-09,15.367210388183594,15.516794448809199,15.087988139785836,15.157793464128721,21901300
2026-03-10,15.407098770141602,15.67634949972761,15.347265908695501,15.38715480000163,20894000
2026-03-11,15.387155532836914,15.506822212454598,15.157793683633347,15.26748885321923,19594000
2026-03-12,14.908487319946289,15.207654483599384,14.82870953644229,15.177738052541935,37546800
2026-03-13,14.958349227905273,15.187710126240564,14.82871008714028,14.82871008714028,25418200
2026-03-16,15.05807113647461,15.27745956208901,15.05807113647461,15.157792888746743,28906400
2026-03-17,14.978293418884277,15.147820493581106,14.908487145863742,15.107931602294878,27499600
2026-03-18,14.699070930480957,15.018183027029046,14.699070930480957,14.908487857486234,20403700
2026-03-19,14.728987693786621,14.728987693786621,14.399903150033655,14.47968188408293,30848100
2026-03-20,14.429821014404297,14.709043264321014,14.290209413932827,14.649209449540036,65705300
2026-03-23,14.619293212890625,14.788821247503373,14.489654071655803,14.639238135092706,23231600
2026-03-24,14.659181594848633,14.719015408341198,14.459737134917086,14.619292702862323,13573700
2026-03-25,14.968321800231934,15.078016019682503,14.748932410304558,14.84865511964234,25296600
2026-03-26,14.78882122039795,15.00821060908756,14.768877249258656,14.838682574785528,13324100
2026-03-27,14.719015121459961,14.958348468713087,14.699070200342442,14.748931552110056,17884700
2026-03-30,14.798792839050293,14.878570621118529,14.689097675436836,14.808765299565367,18158200
2026-03-31,15.20765495300293,15.21762741400529,14.898515319113299,14.958349134101242,36180800
2026-04-01,15.31734848022461,15.437015153777983,15.13784894540764,15.227599188329217,23927000
2026-04-02,15.237570762634277,15.367209897291438,15.058071227054212,15.107931627977115,25947900
2026-04-06,15.407098770141602,15.516793934503095,15.257515665500165,15.257515665500165,14919000
2026-04-07,15.437015533447266,15.437015533447266,15.177738209884524,15.327321317748652,18339600
2026-04-08,15.815960884094238,15.985489868863274,15.606543957178197,15.915683592540441,34907800
2026-04-09,16.015405654907227,16.20487861435749,15.80598967502996,15.945600328281472,33451600
2026-04-10,16.075239181518555,16.29462760570126,15.995461399810992,16.254737763821304,23124300
2026-04-13,15.885766983032227,16.1450452612762,15.805989197576578,16.075239936759058,23073100
2026-04-14,15.845877647399902,15.975516782898373,15.786043834467456,15.925655430625701,22292800
2026-04-15,15.786044120788574,15.89573833695709,15.696293875275147,15.796016581629223,24739300
2026-04-16,15.387155532836914,15.53673864460246,15.2575163921612,15.35723814966282,49811600
2026-04-17,15.287432670593262,15.726211442472392,15.267488699703968,15.596572303100205,36665400
2026-04-20,15.267488479614258,15.42704404853341,15.23757109717226,15.297404911030048,14954700
2026-04-22,14.958349227905273,15.36721062130382,14.958349227905273,15.277460373772191,26157200
2026-04-23,14.699070930480957,14.958349211730582,14.699070930480957,14.958349211730582,25435000
2026-04-24,14.459736824035645,14.68909771026916,14.419847932906938,14.67912620075662,24151800
2026-04-27,14.499626159667969,14.669154189918602,14.45973726731642,14.579403944371066,18935100
2026-04-28,14.539515495300293,14.589376850016455,14.360014998732607,14.369987459881088,15614300
2026-04-29,14.29020881652832,14.51957065406964,14.280236355977355,14.46970930234099,18123700
2026-04-30,14.469709396362305,14.599348531288692,14.320125340204386,14.320125340204386,26546800
2026-05-04,14.399903297424316,14.579403786576638,14.38993178771401,14.529542433920303,21318400
2026-05-05,16.60376739501953,16.793240352659193,15.51679480798255,15.51679480798255,109952300
2026-05-06,16.902935028076172,16.962767891137794,16.533961584749246,16.613739369515553,31822900
2026-05-07,16.36443328857422,16.992684997700717,16.27468304441329,16.81318450937886,30952400
2026-05-08,16.274682998657227,16.50404388773369,16.13507235348936,16.44421102581209,41784100
2026-05-11,16.204877853393555,16.454183666522685,16.12510006927433,16.15501745158869,19740000
2026-05-12,16.0852108001709,16.274683757484837,16.05529531884144,16.164988587136904,19751300
2026-05-13,15.865821838378906,16.25473829925776,15.805988975640409,16.115127652183794,28456100
2026-05-14,15.726211547851562,16.055295153452946,15.7062666258024,15.915683552187481,22570000
2026-05-15,15.646432876586914,15.845878293813744,15.456960871452903,15.62648890547997,31009700
2026-05-18,15.76609992980957,15.80598882158853,15.566654519888573,15.676349685550361,20757200
2026-05-19,15.76609992980957,15.86582168374387,15.486876736330654,15.606543411667534,25814600
2026-05-20,16.17496109008789,16.264711338413274,15.825933508965695,15.86582240255184,24281300
2026-05-21,16.354461669921875,16.504044783874175,16.035350519609644,16.0652679032211,20774700
2026-05-22,16.055294036865234,16.254737537328932,16.0453215765342,16.155016738123244,24010300
2026-05-25,16.354461669921875,16.364434131125694,16.1151283071877,16.155018152002974,14643100
2026-05-26,16.543933868408203,16.873017464801123,16.344488457602385,16.853072543310063,35881800
2026-05-27,16.563879013061523,16.873017692128354,16.52398916954197,16.74337950479466,37022600
2026-05-28,16.244768142700195,16.603767230071703,16.20487829851866,16.553906826897247,24813300
2026-05-29,16.274682998657227,16.414293643825093,15.97551678699683,16.244767518722618,86401700
2026-06-01,16.38437843322754,16.523989080690416,16.0951827754231,16.344488589922477,37464400
2026-06-02,16.40432357788086,16.583822169036488,16.374406194995366,16.44421151967574,15806800
2026-06-03,16.02537727355957,16.27468308528776,16.00543235212874,16.174960380186004,24645900
2026-06-05,16.12510108947754,16.21485134004654,15.905711693756235,15.9954628953515,22964600
2026-06-08,16.035350799560547,16.184933916124322,15.905711654726353,16.06526818369431,18008000
2026-06-09,16.164987564086914,16.304600108980978,16.085209782169887,16.174960024583086,23741600
2026-06-10,16.23479461669922,16.23479461669922,16.08520961288327,16.08520961288327,23080500
2026-06-11,16.593793869018555,16.593793869018555,16.145044558630143,16.17496003809129,33555900
2026-06-12,16.563879013061523,16.723434583034884,16.394350982208277,16.45418384543518,14291900
2026-06-15,16.523988723754883,16.773294532868995,16.514016263144033,16.723434131867123,19463100
2026-06-16,16.394350051879883,16.51401577154303,16.304599811106364,16.434237991083492,13495700
2026-06-17,16.145044326782227,16.66359895120318,16.06526654594421,16.314572348819556,32858800
2026-06-18,16.17496109008789,16.294628721872563,16.0552953603557,16.08521084176251,41278300
2026-06-19,16.00543212890625,16.264710397733786,16.00543212890625,16.12509975376987,26925200
2026-06-22,16.12510108947754,16.33451707277019,16.025378377506147,16.115128628075148,22020700
2026-06-23,16.3700008392334,16.43000030517578,16.049999237060547,16.049999237060547,27581700
2026-06-24,16.3799991607666,16.520000457763672,16.25,16.290000915527344,22826200
2026-06-25,16.389999389648438,16.489999771118164,16.229999542236328,16.399999618530273,18193000
2026-06-26,16.729999542236328,16.760000228881836,16.3799991607666,16.43000030517578,21690800
2026-06-29,16.59000015258789,16.850000381469727,16.520000457763672,16.790000915527344,17657800
2026-06-30,16.290000915527344,16.5,16.239999771118164,16.459999084472656,22299700
2026-07-01,16.200000762939453,16.389999389648438,16.09000015258789,16.1299991607666,17744600
2026-07-02,16.299999237060547,16.479999542236328,16.219999313354492,16.3799991607666,17656700
2026-07-03,16.290000915527344,16.450000762939453,16.149999618530273,16.450000762939453,6915200
2026-07-06,15.880000114440918,16.100000381469727,15.6899995803833,16.09000015258789,32014900
2026-07-07,15.609999656677246,16.1200008392334,15.5600004196167,15.84000015258789,37381000
2026-07-08,15.619999885559082,15.739999771118164,15.520000457763672,15.529999732971191,24227600
2026-07-09,15.720000267028809,15.789999961853027,15.640000343322754,15.729999542236328,23964000
2026-07-10,15.819999694824219,15.989999771118164,15.720000267028809,15.949999809265137,34757600
2026-07-13,15.829999923706055,16.030000686645508,15.699999809265137,15.8100004196167,31167700
2026-07-14,15.8100004196167,16.0,15.779999732971191,15.9399995803833,17907700
2026-07-15,15.569999694824219,15.729999542236328,15.350000381469727,15.59000015258789,31466500
2026-07-16,15.600000381469727,15.710000038146973,15.460000038146973,15.489999771118164,20772600
2026-07-17,15.630000114440918,15.75,15.510000228881836,15.59000015258789,16137900
2026-07-20,15.789999961853027,15.829999923706055,15.579999923706055,15.649999618530273,24319600
2026-07-21,15.800000190734863,15.899999618530273,15.739999771118164,15.739999771118164,19628700
2026-07-22,16.1299991607666,16.139999389648438,15.739999771118164,15.850000381469727,28818200
2026-07-23,15.920000076293945,16.110000610351562,15.84000015258789,16.040000915527344,18873800
2026-07-24,15.640000343322754,15.899999618530273,15.609999656677246,15.789999961853027,15224800
2026-07-27,15.859999656677246,15.890000343322754,15.5600004196167,15.739999771118164,30052500
2026-07-28,16.100000381469727,16.3700008392334,16.010000228881836,16.200000762939453,37458000
2026-07-29,15.899999618530273,16.229999542236328,15.899999618530273,16.049999237060547,37839300
2026-07-30,15.960000038146973,15.960000038146973,15.119999885559082,15.220000267028809,70813600
2026-07-31,15.989999771118164,16.100000381469727,15.850000381469727,16.100000381469727,38243300
2026-08-03,15.770000457763672,16.1200008392334,15.729999542236328,16.06999969482422,34419100
2026-08-04,15.869999885559082,16.010000228881836,15.579999923706055,16.0,28395700
2026-08-05,15.84000015258789,15.960000038146973,15.779999732971191,15.960000038146973,35610400
2026-08-06,15.65999984741211,15.779999732971191,15.5600004196167,15.75,27603100
2026-08-07,15.479999542236328,15.680000305175781,15.449999809265137,15.649999618530273,23662500
2026-08-10,15.270000457763672,15.479999542236328,15.25,15.399999618530273,20681500
2026-08-11,15.010000228881836,15.300000190734863,14.930000305175781,15.210000038146973,33997000
2026-08-12,14.850000381469727,15.069999694824219,14.8100004196167,15.0,26999400
2026-08-13,14.920000076293945,15.0600004196167,14.789999961853027,14.789999961853027,21998800
2026-08-14,14.75,14.979999542236328,14.640000343322754,14.850000381469727,33534300
2026-08-17,14.670000076293945,14.880000114440918,14.59000015258789,14.739999771118164,34531700
2026-08-18,14.729999542236328,14.869999885559082,14.630000114440918,14.65999984741211,19528000
2026-08-19,14.779999732971191,15.09000015258789,14.680000305175781,14.859999656677246,23868700
2026-08-20,14.899999618530273,14.930000305175781,14.600000381469727,14.649999618530273,41094500
2026-08-21,15.0,15.039999961853027,14.869999885559082,14.960000038146973,19912500
