Price,Close,High,Low,Open,Volume
Ticker,BBAS3.SA,BBAS3.SA,BBAS3.SA,BBAS3.SA,BBAS3.SA
Date,,,,,
2015-01-02,5.41640043258667,5.660317916635981,5.313572446794518,5.6029256479384735,9500800
2015-01-05,5.3040080070495605,5.428358167270448,5.237050123212175,5.399661801022064,11132400
2015-01-06,5.378140449523926,5.445098343435359,5.256181672817389,5.315965360059025,16931800
2015-01-07,5.614885330200195,5.75836631000042,5.437925622354854,5.485752767659416,8214400
2015-01-08,5.634014129638672,5.734450734813898,5.552708284681903,5.6842326602829365,6170200
2015-01-09,5.390098571777344,5.631624316642926,5.382924363628626,5.619667759175159,7558200
2015-01-12,5.296834468841553,5.500099091714538,5.265747152926073,5.394879677030876,6647000
2015-01-13,5.265747547149658,5.43075020385253,5.217920412500114,5.337487793010615,13345600
2015-01-14,5.3040080070495605,5.440314720474536,5.1653098917611135,5.225093570008087,12824000
2015-01-15,5.270529747009277,5.476185307729923,5.270529747009277,5.347052788776337,12393600
2015-01-16,5.332703590393066,5.471401697182001,5.3159642344878355,5.359008553165995,17017400
2015-01-19,5.3087897300720215,5.454661565142644,5.282484771041979,5.332702831612233,8848800
2015-01-20,5.284875392913818,5.471400111649354,5.265744640835479,5.42835626155792,12890200
2015-01-21,5.418793678283691,5.447490050455157,5.31357425513947,5.344662029668003,13321200
2015-01-22,5.464229583740234,5.559883400482855,5.433141808228022,5.440316015526235,18856200
2015-01-23,5.4498820304870605,5.559883813891992,5.394880682671184,5.440316420044852,8027600
2015-01-26,5.3877081871032715,5.445100494797371,5.32075026673673,5.397273343662197,8109400
2015-01-27,5.500100135803223,5.514448095402258,5.244225985072262,5.349445419729818,12168200
2015-01-28,5.263355731964111,5.4761855066228025,5.260964329807872,5.414010418900565,11751400
2015-01-29,5.153354167938232,5.323140093691314,5.127049653104975,5.320748691231312,10845400
2015-01-30,4.940523624420166,5.100743916275985,4.926175667927898,5.0935697099731945,14294200
2015-02-02,4.8305230140686035,5.024222069209064,4.758782302307136,4.971612578808059,17874200
2015-02-03,4.985960006713867,5.048135101161031,4.847261859443539,4.897479941816226,16762600
2015-02-04,5.332703590393066,5.363791356599844,5.017045861570887,5.017045861570887,18676800
2015-02-05,5.4498820304870605,5.5933625382129,5.280096094045149,5.282487496655701,11804000
2015-02-06,5.2370500564575195,5.380530973644012,5.196397137523234,5.380530973644012,11445200
2015-02-09,5.37096643447876,5.37096643447876,5.1533538416443205,5.189224420159757,8407800
2015-02-10,5.191613674163818,5.514445582783167,5.191613674163818,5.380530289945119,12658200
2015-02-11,5.249008655548096,5.356619033948221,5.189224959954671,5.2609652122214206,17032600
2015-02-12,5.526402950286865,5.526402950286865,5.2968334057883215,5.335094920519206,13287800
2015-02-13,5.882713794708252,5.882713794708252,5.53835969410958,5.552707648601494,15980400
2015-02-18,5.727276802062988,5.999890240506074,5.710536988306815,5.904236442465806,19559800
2015-02-19,5.822930812835693,5.830104562879991,5.650753513959672,5.746407771607819,8894400
2015-02-20,5.753609657287598,5.87602694248454,5.70080238944559,5.87602694248454,5348200
2015-02-23,5.732003211975098,5.751205885164226,5.6287891297259325,5.68879754067044,7563400
2015-02-24,5.6767988204956055,5.832820686343929,5.6407938449657005,5.746408836637778,12215200
2015-02-25,5.556778907775879,5.585583147229681,5.477567821562744,5.563980082096293,13977600
2015-02-26,5.523175239562988,5.619188623610156,5.472767926795769,5.580783269991288,9959400
2015-02-27,5.693601608276367,5.808818180976403,5.49917435720153,5.520777435968528,14699000
2015-03-02,5.681598663330078,5.7344059214906,5.592785977785354,5.638392516731457,8619000
2015-03-03,5.6719970703125,5.7128028243936555,5.604787916175085,5.688799816674879,7975000
2015-03-04,5.386358737945557,5.587987171728363,5.386358737945557,5.580785992726066,14053400
2015-03-05,5.410360813140869,5.448766175580348,5.311946556833169,5.4271631019796365,14606000
2015-03-06,5.2807416915893555,5.417560834891694,5.2807416915893555,5.4127600507479,8951800
2015-03-09,5.074313163757324,5.273541151476261,5.059911267416735,5.268740824581418,11668200
2015-03-10,5.105518341064453,5.2207344395058435,5.0119048604812555,5.040709114005642,12909000
2015-03-11,5.187130928039551,5.2447389891375735,5.100718607478431,5.139123981543779,9907200
2015-03-12,5.25673770904541,5.3167461314268145,5.215931963512938,5.280741169563558,8759600
2015-03-13,5.129520416259766,5.1823276659133635,5.016704283242235,5.115118064495004,15468200
2015-03-16,5.129520416259766,5.2087315196541395,5.019104675203029,5.184728057874158,9297600
2015-03-17,5.388759136199951,5.3935594643780105,5.117520678614955,5.1295226436304855,11792600
2015-03-18,5.770410537719727,5.816016612426889,5.323947696064616,5.362353052569576,24785000
2015-03-19,5.513574123382568,5.751207440028699,5.503973013106222,5.741606329752353,11416400
2015-03-20,5.746407985687256,5.753608705030064,5.58078457338213,5.602387647066625,18581200
2015-03-23,5.751209259033203,5.753609651818483,5.623991646210178,5.681599699572548,9680200
2015-03-24,5.738282680511475,5.840708481330889,5.679753717921359,5.804127472708576,8084600
2015-03-25,5.60659122467041,5.809004027413172,5.59683663178294,5.760230132682286,12465800
2015-03-26,5.387106895446777,5.613906851181188,5.3724747752807,5.596835966796312,12054800
2015-03-27,5.404177665710449,5.418809785567537,5.270048892535954,5.418809785567537,16438000
2015-03-30,5.565135478973389,5.6065935626133365,5.396864378888073,5.450516290155631,9587400
2015-03-31,5.5870795249938965,5.804124370051961,5.474899189616748,5.487092542541534,19279800
2015-04-01,5.796810150146484,5.826074391331181,5.65048754878282,5.6895068471269,21375200
2015-04-02,5.999223709106445,6.043120541696349,5.743159007380937,5.840707730979295,17881200
2015-04-06,6.213827610015869,6.213827610015869,5.996782756026466,6.021169928026163,18071000
2015-04-07,6.018734455108643,6.282115033388504,6.018734455108643,6.2065151774865,13260400
2015-04-08,5.93825626373291,6.165056265825981,5.93093996958104,6.133352789648019,14930000
2015-04-09,5.721210479736328,5.882165684482296,5.687068706229463,5.828513794518048,18017800
2015-04-10,5.926060676574707,5.950447851343274,5.704138269959429,5.706577033950953,12686800
2015-04-13,5.913867473602295,6.013854474088578,5.884602770099311,5.948009240066875,10748400
2015-04-14,5.869974613189697,5.996787638724389,5.823638995177599,5.9528907864126115,9768000
2015-04-15,6.10408878326416,6.165056508152407,5.879727537069538,5.9016759552410525,15294600
2015-04-16,6.289428234100342,6.301621588194515,6.038241139499243,6.047995729745253,18013200
2015-04-17,5.987030029296875,6.233339678495719,5.913868949994833,6.191881609518749,22663200
2015-04-20,5.957764625549316,6.035803219007967,5.889480623699644,6.026048162252281,8205200
2015-04-22,6.199196815490723,6.238216112956467,5.957764737991412,5.974835622489336,12366800
2015-04-23,6.411366939544678,6.4503862509294985,6.10408951352905,6.108966578591991,14053400
2015-04-24,6.630847454071045,6.686937628735255,6.447944346572976,6.462576464931758,17516000
2015-04-27,6.438190937042236,6.652797565193484,6.413803756777762,6.584513553482309,16033800
2015-04-28,6.462575912475586,6.50159520152786,6.286989111740352,6.484524320710817,9696400
2015-04-29,6.340639591217041,6.425994447974272,6.304059071220098,6.4138006312109255,10251000
2015-04-30,6.491840839385986,6.491840839385986,6.245531277893384,6.304060213523314,14465800
2015-05-04,6.447946071624756,6.574758573238751,6.440629777914672,6.538178034981891,9024000
2015-05-05,6.625969886779785,6.643040768954487,6.384537842137606,6.43331172475866,9705800
2015-05-06,6.611340045928955,6.6430430572961034,6.521107611020154,6.611340045928955,8997400
2015-05-07,6.794243335723877,6.801559164936096,6.525985256134406,6.543056144492012,9796400
2015-05-08,6.828383922576904,6.925932171298655,6.721080616409608,6.830822686938291,10114200
2015-05-11,6.843018054962158,6.88447613099799,6.67230868580929,6.838140989952614,8501400
2015-05-12,6.708886623382568,6.864963806532774,6.708886623382568,6.786925214957671,16299200
2015-05-13,6.584512233734131,6.740589411909038,6.547931703242722,6.674744643083176,14432800
2015-05-14,6.3308892250061035,6.511354125542021,6.2723602566486,6.508915360383764,20018000
2015-05-15,6.394293308258057,6.462577311454545,6.3186934774972165,6.355274010759125,8373400
2015-05-18,6.350398540496826,6.46257893266122,6.282114520170564,6.46257893266122,9680200
2015-05-19,6.162614822387695,6.389414725897018,6.065066601831698,6.37722090761089,12372600
2015-05-20,6.10408878326416,6.250410950878492,6.0138563457649505,6.082140365092645,15003200
2015-05-21,6.006537914276123,6.069944381418309,5.921183501918047,6.050434735001226,8793800
2015-05-22,5.800633907318115,5.957139022256991,5.800633907318115,5.937265349346884,16918400
2015-05-25,6.011790752410889,6.056506151972496,5.741011718077569,5.790695653310124,7725400
2015-05-26,5.850316047668457,6.02172671977347,5.790695047333147,5.994400250268522,10624200
2015-05-27,5.947200298309326,5.98197909502221,5.775789634548345,5.890063094505287,12563000
2015-05-28,5.813053131103516,5.909937673736071,5.775790064164351,5.909937673736071,13311000
2015-05-29,5.6490960121154785,5.837896113496136,5.64164320820186,5.837896113496136,14234600
2015-06-01,5.683875560760498,5.721139111385179,5.60189660227251,5.664001888212675,7582200
2015-06-02,5.825474262237549,5.877642459332975,5.703747521363716,5.713684591567942,16226800
2015-06-03,5.614315032958984,5.857767513905912,5.614315032958984,5.837893851661786,24737800
2015-06-05,5.547240257263184,5.639156224913399,5.4925878142815465,5.639156224913399,12479800
2015-06-08,5.522397518157959,5.654060790169827,5.5149451930230855,5.591955553644006,13921600
2015-06-09,5.594443321228027,5.6466115251228475,5.539790375632713,5.547243179257251,19866800
2015-06-10,5.7658514976501465,5.82547295787468,5.661515126820915,5.688841116112889,12258000
2015-06-11,5.731074810028076,5.837895960868845,5.621769391281051,5.832927425056331,9621000
2015-06-12,5.660604476928711,5.7813639239378976,5.660604476928711,5.708405271315618,13196600
2015-06-15,5.650540351867676,5.655572114924496,5.547391608479555,5.655572114924496,7979800
2015-06-16,5.839226722717285,5.871932700350352,5.668151109937379,5.700856607715145,22247800
2015-06-17,5.673183917999268,5.85935534875793,5.6505414596598476,5.83671289041851,11673400
2015-06-18,5.85684061050415,5.889546123461719,5.700859253688646,5.741112414185127,11005200
2015-06-19,5.816586017608643,5.871933979697371,5.715952661294002,5.78639591474317,10274000
2015-06-22,5.927281379699707,5.967534526466179,5.859354494440884,5.889544114588059,13555200
2015-06-23,5.892060279846191,6.058104638213965,5.892060279846191,5.962503530005852,10033200
2015-06-24,6.00778865814209,6.025399832613016,5.8568395729490925,5.927282351411041,10826600
2015-06-25,5.932313442230225,6.025399148732456,5.861870191908119,6.012819739823839,11658800
2015-06-26,6.163773059844971,6.163773059844971,5.902126952688173,5.909674602652354,13038600
2015-06-29,5.9876627922058105,6.123517560832243,5.944893751696248,6.045527126910863,9921400
2015-06-30,6.108419418334961,6.113450700470014,5.954954036617855,6.002754815815111,12983000
2015-07-01,6.030430316925049,6.1637691696699255,5.9876612871657775,6.1335790687229315,9023400
2015-07-02,6.012818813323975,6.103388624088812,5.954954980826577,6.090809217118523,22231400
2015-07-03,5.954955101013184,6.000240007309571,5.914701957606467,6.000240007309571,4002400
2015-07-06,6.000243186950684,6.075717750869832,5.836714645222147,5.90464156080715,7517000
2015-07-07,5.892060279846191,5.972566577254156,5.829164675014296,5.962503530005852,11944400
2015-07-08,5.8266472816467285,5.937343651792706,5.788910024508744,5.854321494147038,6532400
2015-07-10,5.977601528167725,6.0455289327715445,5.899611070949804,5.9021264742116,8760200
2015-07-13,6.012818813323975,6.073198527215429,5.9826291963059015,6.037977147409242,5679400
2015-07-14,6.020366668701172,6.068167457154504,5.927280973276821,6.025398431665802,4237000
2015-07-15,6.020366668701172,6.078230503228437,5.990176570768717,6.005271859662608,7626800
2015-07-16,5.824134349822998,5.939862540819362,5.766270494252567,5.839229164351045,16662000
2015-07-17,5.685762405395508,5.866901562859332,5.650540542663805,5.811553606931446,14118000
2015-07-20,5.542358875274658,5.705887292995964,5.542358875274659,5.678213083278976,11974000
2015-07-21,5.534813404083252,5.60777253837676,5.441727694787295,5.562487624657396,10520200
2015-07-22,5.2681379318237305,5.507141030137279,5.245495467371686,5.507141030137279,17370400
2015-07-23,5.185116767883301,5.328518751764707,5.164990182072851,5.242980642106384,13402000
2015-07-24,5.134799003601074,5.225368860982203,4.956175651383356,5.185115697669604,13885600
2015-07-27,5.290780544281006,5.366255107995453,5.190147152854313,5.21782138348221,17757200
2015-07-28,5.283229827880859,5.4316634661954595,5.10712197500938,5.4140527768793705,15462600
2015-07-29,5.517204761505127,5.517204761505127,5.240463892474228,5.248011540851139,14724000
2015-07-30,5.4215989112854,5.557453597102805,5.366250972538608,5.517200463495101,8939200
2015-07-31,5.547393321990967,5.557456851213089,5.424117968152888,5.481982301469117,14002600
2015-08-03,5.595193862915039,5.658089478028548,5.492045092517323,5.52223519890821,9993000
2015-08-04,5.396444320678711,5.625384336236669,5.363738329967292,5.625384336236669,8981800
2015-08-05,5.4593400955200195,5.504624539567846,5.383865062395962,5.434181751145334,7208800
2015-08-06,5.308391094207764,5.434182350090149,5.288264512460804,5.40902400294256,8686000
2015-08-07,5.152407646179199,5.336062690475898,5.144860480979977,5.295809543228824,9293000
2015-08-10,5.288264274597168,5.341096369360738,5.162473024372814,5.220336884310687,5401800
2015-08-11,5.353675365447998,5.353675365447999,5.170019789730045,5.283232098059228,7517600
2015-08-12,5.117188453674316,5.3033594593813005,5.08196705471384,5.283232877138804,15232800
2015-08-13,4.893276691436768,5.081963445915997,4.86308659958379,5.04674159211165,20096400
2015-08-14,4.855541229248047,4.976301173325308,4.850509944797063,4.928500372125048,10405600
2015-08-17,4.775034427642822,4.9058574069946435,4.775034427642822,4.858056610720823,14015400
2015-08-18,4.936047554016113,5.076933582348374,4.732265437483898,4.762455540625659,24531800
2015-08-19,4.6316328048706055,4.795161299237289,4.631632804870605,4.744845097815852,21776600
2015-08-20,4.6794328689575195,4.707106607442354,4.528483328696562,4.598926575446439,19084600
2015-08-21,4.669370651245117,4.727234985800005,4.54609529476817,4.644212307506751,12980800
2015-08-24,4.545414924621582,4.6873797816740295,4.340072838800913,4.411055025562196,24489600
2015-08-25,4.4871063232421875,4.725404266741507,4.482036030777172,4.71272901910867,18602800
2015-08-26,4.707660675048828,4.710195822330582,4.4516166019505095,4.547950264537549,19407400
2015-08-27,4.87497615814209,4.991590506620109,4.748221704835037,4.793853385390355,21452000
2015-08-28,4.760897159576416,4.938353093625392,4.694984789719424,4.814133794732157,21263800
2015-08-31,4.520064830780029,4.672170306626391,4.461757884823417,4.606257917641969,27377200
2015-09-01,4.403451442718506,4.507390091674893,4.385705406956411,4.436407399216614,13812400
2015-09-02,4.411055088043213,4.507388747912175,4.36795855252918,4.441476371036013,14102800
2015-09-03,4.520064830780029,4.520064830780029,4.350213804732087,4.454152441795607,19712600
2015-09-04,4.3197922706604,4.471897237307118,4.3197922706604,4.41359030119055,14320600
2015-09-08,4.3350019454956055,4.428799960335994,4.291905416546562,4.403449459155229,12073000
2015-09-09,4.347677230834961,4.497247509940037,4.335001980143271,4.41105445135305,12760600
2015-09-10,4.2716264724731445,4.2716264724731445,4.094169990453602,4.2133195222635855,31669200
2015-09-11,4.157545566558838,4.299510405038068,4.157545566558838,4.264019316300715,15107400
2015-09-14,4.401341438293457,4.419379644316521,4.179728069428951,4.197766766956266,17450400
2015-09-15,4.561108112335205,4.6074918477673386,4.303418399581896,4.385879029022296,17238000
2015-09-16,4.604916095733643,4.741491350064075,4.592031313199698,4.592031313199698,19304400
2015-09-17,4.594607830047607,4.715721825252084,4.586876961267008,4.6358381472025,20004000
2015-09-18,4.336916923522949,4.579145339610629,4.2802253757169035,4.579145339610629,18609600
2015-09-21,4.1977667808532715,4.4013414528644095,4.1977667808532715,4.360111127102552,13184800
2015-09-22,4.195188045501709,4.303417727618585,4.066342963491694,4.182303266973483,17388000
2015-09-23,4.045727729797363,4.241571690286995,4.035420152929487,4.226110447861191,19058600
2015-09-24,4.0534586906433105,4.10757353517186,3.903998690660086,3.9941901801250146,17517600
2015-09-25,3.929767370223999,4.174572747265794,3.929767370223999,4.128188529173325,14071800
2015-09-28,3.7339253425598145,3.927192702887989,3.7339253425598145,3.904000580328263,18993600
2015-09-29,3.6926939487457275,3.7854621665294164,3.6849633253684417,3.7416551368900723,17155800
2015-09-30,3.9168848991394043,3.9168848991394043,3.8086551638028037,3.8370011989994306,24571400
2015-10-01,3.8421542644500732,3.9503839828079994,3.790616361839657,3.916884284673203,18401200
2015-10-02,4.102420806884766,4.112728386972332,3.795769869213513,3.8241158987683903,18160400
2015-10-05,4.164265155792236,4.246725774084509,4.104996647832672,4.143650001219168,14079400
2015-10-06,4.259612560272217,4.280227724560409,4.079229504122319,4.133344617569003,15421400
2015-10-07,4.620377063751221,4.620377063751221,4.313726139053559,4.313726139053559,44423400
2015-10-08,4.553377151489258,4.651299024083989,4.53018503849238,4.586876597204687,21626400
2015-10-09,4.76983642578125,4.769836425781249,4.576569149978949,4.638414619255194,22702600
2015-10-13,4.372995376586914,4.638416026135061,4.3601110842271265,4.622954777002466,25355400
2015-10-14,4.331765174865723,4.45030273227685,4.321457838984555,4.354957294978677,23927200
2015-10-15,4.2699198722839355,4.416802978436674,4.205497422813135,4.380726564014396,14000600
2015-10-16,4.195188045501709,4.3240328817597025,4.177149355562193,4.269917794949242,16792000
2015-10-19,4.380725383758545,4.3884562525537305,4.153958638978753,4.218381071092849,12667000
2015-10-20,4.238996505737305,4.427109901798732,4.215804389345711,4.38330262544841,13143600
2015-10-21,4.290533542633057,4.339494724805406,4.205495958599037,4.2132268267854425,13895200
2015-10-22,4.354956150054932,4.403917334255237,4.2596112293273265,4.290533720345527,13031600
2015-10-23,4.295688152313232,4.494109377781308,4.295688152313232,4.43484036173601,11692800
2015-10-26,4.210651397705078,4.4168030423951485,4.20034356971843,4.316304177046776,11589400
2015-10-27,4.267341136932373,4.267341136932373,4.1745731825778964,4.2261108257739215,14602600
2015-10-28,4.195188045501709,4.375570521360473,4.15138078151383,4.251879596513771,664400
2015-10-29,3.994190216064453,4.187457484583701,3.9941902160644536,4.153958040968827,17701400
2015-10-30,4.1153059005737305,4.1153059005737305,3.968422557250325,3.968422557250325,13145000
2015-11-03,4.478646278381348,4.488954101172432,4.146226857433551,4.192611076985347,21641600
2015-11-04,4.4966864585876465,4.62553133715458,4.468340428021576,4.540493736960572,20221800
2015-11-05,4.7157206535339355,4.7157206535339355,4.46833881207171,4.470915767691611,18442800
2015-11-06,4.483800888061523,4.695106373145986,4.411648083303387,4.666760839064199,17396800
2015-11-09,4.421953201293945,4.530182845724379,4.3446465230595805,4.429684065718931,10834400
2015-11-10,4.4142255783081055,4.437417697109547,4.311149767804049,4.33176492990486,8170600
2015-11-11,4.447722434997559,4.581721141343713,4.445145480086606,4.468337582781283,20864800
2015-11-12,4.434840202331543,4.450301940659361,4.316303157509989,4.329187447945662,20191200
2015-11-13,4.398761749267578,4.42453080965336,4.342070209622015,4.393607838889633,9762400
2015-11-16,4.458030700683594,4.4889536746143825,4.367839717352119,4.409070021590506,11374800
2015-11-17,4.537917137145996,4.615223873761754,4.48380202831157,4.50957110435157,12234400
2015-11-18,4.571415901184082,4.659030451578595,4.51987824839589,4.548223785402936,17309400
2015-11-19,4.826529502868652,4.849721622588068,4.62553178730606,4.651300372323852,24263800
2015-11-23,4.785298824310303,4.947643650379757,4.723453340118583,4.847144308502022,15854400
2015-11-24,4.837523937225342,4.876536127028186,4.684075560742836,4.759499061552747,11256800
2015-11-25,4.525425434112549,4.775104342181875,4.502018020978959,4.764700826981653,15856600
2015-11-26,4.642461776733398,4.68407483891938,4.551433017176502,4.582643061849404,8420000
2015-11-27,4.496817111968994,4.619055448752893,4.450002282031814,4.619055448752893,12930800
2015-11-30,4.236735820770264,4.476010773400767,4.236735820770264,4.450002971465816,26581800
2015-12-01,4.236735820770264,4.330364999083541,4.221130544328864,4.265344502112115,16068200
2015-12-02,4.270546913146973,4.3667774816310265,4.18992162348764,4.260143393930491,17510000
2015-12-03,4.629457473754883,4.676272293630785,4.460404343366114,4.525424816290013,22065400
2015-12-04,4.504617691040039,4.600848196552605,4.436996348584382,4.5982473184504515,14797600
2015-12-07,4.486412048339844,4.634658627957781,4.470807275766055,4.538428618341509,10459600
2015-12-08,4.442198276519775,4.522823516536317,4.400585217410154,4.4864122138320965,12259200
2015-12-09,4.889538764953613,4.936353579080067,4.541029033197546,4.556634301950884,40847200
2015-12-10,4.681475639343262,4.871335365660546,4.671072122032557,4.8479279477784685,25640600
2015-12-11,4.5904459953308105,4.764700909413975,4.567038581792257,4.624256924249573,22480400
2015-12-14,4.396130561828613,4.591631507073989,4.390847133830022,4.586348079075397,16431200
2015-12-15,4.427836894989014,4.546722426509129,4.414627055550879,4.451614102073807,14395400
2015-12-16,4.35914421081543,4.425191850373239,4.2270489316998106,4.385563367419254,19279000
2015-12-17,4.330083847045898,4.570497256858596,4.308948618839406,4.522943371321679,19358600
2015-12-18,4.213840007781982,4.285171338566835,4.124015163721822,4.2006304274287025,25740600
2015-12-21,3.9390838146209717,4.253470930051444,3.9390838146209717,4.227051755796945,24011800
2015-12-22,3.962860345840454,4.09759765806748,3.9443670781844653,3.9998471331043066,24137200
2015-12-23,3.9232304096221924,4.044758092566734,3.857182761325198,4.034190478917286,17237200
2015-12-28,3.9575753211975098,3.9760688357122813,3.92323076270966,3.928514444034019,11006400
2015-12-29,3.9100215435028076,4.0130557324099785,3.9100215435028076,4.0130557324099785,8813800
2015-12-30,3.8941688537597656,3.9470069161811945,3.857182336040643,3.936439303696909,9739000
2016-01-04,3.7620742321014404,3.8492571133882785,3.762074232101441,3.8149123037977364,12181000
2016-01-05,3.7752840518951416,3.8492573569506274,3.775284051895141,3.806986896918921,11209000
2016-01-06,3.7752840518951416,3.8281221269347743,3.703952713579591,3.733013591863435,11730000
2016-01-07,3.685460090637207,3.759433413602346,3.682818123257626,3.7250888454752964,12981400
2016-01-08,3.685460090637207,3.793778233681273,3.648473555130576,3.748865796035898,9385000
2016-01-11,3.579782724380493,3.714519992504641,3.566573143827809,3.6986684454510614,10671000
2016-01-12,3.455613374710083,3.6590402780664495,3.455613374710083,3.6114858846684803,13971000
2016-01-13,3.392207145690918,3.5480796308765195,3.3605043057814057,3.5190185053289684,15641800
2016-01-14,3.5824244022369385,3.5824244022369385,3.344652727301838,3.4344775654805355,18373800
2016-01-15,3.44504451751709,3.53222737267586,3.413341684000421,3.4846729964249947,16259400
2016-01-18,3.4239094257354736,3.489957061068371,3.410699848278547,3.463537906154518,7017600
2016-01-19,3.392207145690918,3.5269444042701776,3.392207145690918,3.5190185053289684,13407000
2016-01-20,3.3605051040649414,3.3922079515054233,3.3076670249974716,3.344653554368783,14415400
2016-01-21,3.3578622341156006,3.4450451041193637,3.315591782229142,3.3340850419415258,16240200
2016-01-22,3.4344780445098877,3.4741065365504324,3.40277520048709,3.4212684631791035,13285000
2016-01-26,3.405416965484619,3.4212682605814457,3.360504542790622,3.3922073849360683,19850800
2016-01-27,3.3552205562591553,3.4133425585743877,3.3314433620414787,3.3816397169347487,20708000
2016-01-28,3.4291937351226807,3.4476872477383473,3.347294793366798,3.38692328106135,13686800
2016-01-29,3.659041404724121,3.6590414047241206,3.431837234710195,3.4529724711833194,20564000
2016-02-01,3.740938425064087,3.7515060377695657,3.569214655612119,3.629978365680681,13684400
2016-02-02,3.4608964920043945,3.6643230954354546,3.452970593672664,3.645829836564928,23686000
2016-02-03,3.505810260772705,3.5771416096187565,3.4767491262468093,3.556006376482752,13321200
2016-02-04,3.645831823348999,3.730372769343724,3.542797356454009,3.5665745605029984,18050600
2016-02-05,3.616769790649414,3.7118785833480348,3.603560460065122,3.672249835739666,11180000
2016-02-10,3.616769790649414,3.624695691342186,3.558648030613402,3.571857613149525,10771000
2016-02-11,3.450331211090088,3.5903522341976495,3.3895672092440616,3.5586493753026502,21786400
2016-02-12,3.4344780445098877,3.5850666166061274,3.3842819377950772,3.4873161178812166,20172800
2016-02-15,3.4714646339416504,3.526944670966464,3.455613086812363,3.5137350903506905,9026600
2016-02-16,3.5401549339294434,3.577141719024608,3.4608979332213012,3.471465550112511,13921200
2016-02-17,3.5295872688293457,3.6458313049967934,3.4635396011734323,3.548080787100264,19598200
2016-02-18,3.4001317024230957,3.5824232883904448,3.4001317024230957,3.529584986865495,18268600
2016-02-19,3.4371206760406494,3.5110939930698573,3.3816406252807796,3.400133891550117,16012200
2016-02-22,3.5956358909606934,3.6194130979408707,3.513736902419998,3.5375141094001754,21210200
2016-02-23,3.571857213973999,3.6828170398022757,3.519018889734493,3.566573280769328,13857800
2016-02-24,3.452971935272217,3.50581027020626,3.4027758194271,3.4767491356021654,19670200
2016-02-25,3.466179370880127,3.489956556474433,3.355219339407831,3.434476540738285,19713200
2016-02-26,3.487316608428955,3.561289921554364,3.4239109114643185,3.5058101256741896,13945000
2016-02-29,3.5771408081054688,3.6167692983681428,3.4978835756283253,3.5401540324289895,32678200
2016-03-01,3.783209800720215,3.8175546133968092,3.598276407190093,3.624695571388034,27066400
2016-03-02,3.902094841003418,3.928513746840259,3.7541480109004124,3.7990604279699807,25938800
2016-03-03,4.415278911590576,4.516290484095231,3.9873077206622005,4.013889873535761,51505800
2016-03-04,4.851226329803467,5.236666432784672,4.415280673917214,4.415280673917214,53854400
2016-03-07,4.853884220123291,4.904390276120956,4.654518769988497,4.851225953279987,22629000
2016-03-08,5.382867813110352,5.382867813110352,4.768822293430186,4.851226547617972,53123000
2016-03-09,5.396158218383789,5.640713201595018,5.292488341994138,5.369576562805732,49665000
2016-03-10,5.715142726898193,5.837419955828599,5.361601359886853,5.515777282936629,45257200
2016-03-11,6.074001312255859,6.190962527863827,5.648688215782646,5.720459905383849,56263800
2016-03-14,5.92671012878418,6.305806009226451,5.753179926317574,6.140285057539208,42439800
2016-03-15,4.6719560623168945,5.512908051693375,4.6719560623168945,5.475532566139736,70133200
2016-03-16,4.829469203948975,4.9095596994918855,4.485078952867963,4.578518203803327,47140000
2016-03-17,5.523587226867676,5.699786677462141,5.165848824944897,5.662410681528018,61471400
2016-03-18,5.435488700866699,5.638385190695046,5.323361706730059,5.558294189624343,25889000
2016-03-21,5.526257038116455,5.550284282480661,5.406120816295428,5.496890292959577,22306200
2016-03-22,5.446166515350342,5.53159649846127,5.42480901957261,5.478203013618373,19311600
2016-03-23,5.243270397186279,5.336709638336734,5.205894904407257,5.334039887537817,19680000
2016-03-24,5.06973934173584,5.147160567028558,4.978969875145714,5.005666866943298,21810800
2016-03-28,5.36607551574707,5.416799754276209,5.2566182967966455,5.392772510194133,32618400
2016-03-29,5.526257038116455,5.526257038116455,5.213903370584607,5.379423821534886,37930600
2016-03-30,5.4114580154418945,5.633042112063608,5.400779018398628,5.606345128658049,27935600
2016-03-31,5.2779765129089355,5.38209424537995,5.163179777516336,5.342049002829781,283000
2016-04-01,5.2779765129089355,5.331369999908198,5.125804285696565,5.176528021965431,90000
2016-04-04,4.978970050811768,5.2219117172559,4.970961309431868,5.181866482748046,318800
2016-04-05,4.898880481719971,5.144491943477134,4.7947622418297,4.952273967804559,380400
2016-04-06,4.853494644165039,4.989648843166687,4.752046177833099,4.83480690278883,257000
2016-04-07,5.002997398376465,5.002997398376464,5.002997398376464,5.002997398376464,114400
2016-04-08,5.579652309417725,5.593001065684153,5.168520291268453,5.203226039155196,36733400
2016-04-11,5.750512599945068,5.819924092999531,5.638385597714294,5.694448844228198,146200
2016-04-12,5.900013446807861,5.916031440009262,5.689107747977648,5.798564968392399,237000
2016-04-13,5.961413860321045,6.1749887173006,5.958744110958472,6.07621053689854,375200
2016-04-14,5.854628086090088,6.15630272046394,5.782546360541398,6.089560495149101,32011600
2016-04-15,6.060196876525879,6.084224128740357,5.910693860701796,6.0815543774717495,29140000
2016-04-18,5.894672870635986,6.156302251741825,5.827930650402697,6.033496810929884,29697600
2016-04-19,5.867974758148193,6.033495656711512,5.867974758148193,5.980101687058149,173400
2016-04-20,5.827932357788086,5.870647350515208,5.723814626666084,5.841280602064232,19879600
2016-04-22,5.678427696228027,5.761187899111831,5.6143552318145,5.678427696228027,23234200
2016-04-25,5.552952289581299,5.710463963539862,5.4888798219172115,5.633043256063439,12521800
2016-04-26,5.806574821472168,5.846620063227952,5.555623859024841,5.584990607273759,25508000
2016-04-27,5.953405857086182,6.028157327260817,5.8572974059504865,5.873315396272647,18239200
2016-04-28,5.806574821472168,5.921371554587526,5.739832582144901,5.886665304983737,22155600
2016-04-29,5.902683258056641,5.905353008484866,5.76652904143412,5.873316512548991,30400400
2016-05-02,5.753180503845215,5.9026834781842465,5.71580501486188,5.873316731581428,17302200
2016-05-03,5.456844329833984,5.633043758940707,5.456844329833984,5.633043758940707,17387000
2016-05-04,5.574310779571533,5.587659530983109,5.406120585408069,5.4194688276168455,15545600
2016-05-05,5.478199481964111,5.69177430205524,5.419466024537147,5.6597383336428395,11430800
2016-05-06,5.523587226867676,5.5983382003302875,5.33403902443859,5.33403902443859,11361000
2016-05-09,5.4061198234558105,5.526256023213698,5.125802702957711,5.510237523777493,22928400
2016-05-10,5.7264862060546875,5.7264862060546875,5.5022321680227,5.54761692593877,30806800
2016-05-11,5.467522621154785,5.908021177837171,5.467522621154785,5.873315446972447,36734200
2016-05-12,5.312681198120117,5.504899138882848,5.160509001151478,5.374083925106975,55622000
2016-05-13,5.16851806640625,5.387432482910993,5.072409099471381,5.326029758126056,27513200
2016-05-16,5.088428020477295,5.205894500501304,5.077749527313035,5.155170257663209,23098000
2016-05-17,4.842816352844238,5.067070300596059,4.8321378601527805,5.035034313318849,25254800
2016-05-18,4.8481550216674805,5.0056667081535995,4.728018816990694,4.816119039888837,24360400
2016-05-19,4.7333598136901855,4.866844301448191,4.709332565157512,4.792093314193571,19379800
2016-05-20,4.621231555938721,4.840145974338185,4.621231555938721,4.805440241090638,16166200
2016-05-23,4.53847074508667,4.602543212148276,4.4957557670456,4.5491497441982895,17438600
2016-05-24,4.299976348876953,4.714367319071544,4.299976348876953,4.64978700811369,54938200
2016-05-25,4.426445960998535,4.50717121021439,4.30266666386379,4.305357573936134,40225800
2016-05-27,4.3403401374816895,4.531390724139457,4.2676873324183395,4.493718994336021,16056000
2016-05-30,4.415682792663574,4.4802631015864165,4.351102483740731,4.388774202302721,9085800
2016-05-31,4.431827545166016,4.552915939803878,4.297285369182671,4.399537648755018,26358600
2016-06-01,4.458739280700684,4.485647888857351,4.334960401714631,4.407612976526917,21501400
2016-06-02,4.547536849975586,4.547536849975586,4.3753225970712855,4.482956505136474,20070000
2016-06-03,4.655167579650879,4.679385256585411,4.534079708216827,4.582515062085891,19103800
2016-06-06,4.606733322143555,4.727821208904986,4.558297962143514,4.668622720704198,16916800
2016-06-07,4.55291748046875,4.679387225145529,4.534081615648678,4.560990213922562,14297000
2016-06-08,4.695533752441406,4.735896402347881,4.5932811585568025,4.59597207031576,17787000
2016-06-09,4.682077407836914,4.719749644854653,4.595970317348499,4.657859724482204,21393000
2016-06-10,4.45335578918457,4.641715462524574,4.45335578918457,4.617497775574036,19733400
2016-06-13,4.491029739379883,4.534083307386529,4.3753230828973875,4.402231691211296,13732800
2016-06-14,4.371036529541016,4.566389923748507,4.314058132786587,4.512124833269076,17629800
2016-06-15,4.368324279785156,4.438868707466129,4.232662038285682,4.403596234870451,24911400
2016-06-16,4.392742156982422,4.419874700336718,4.221807754862622,4.335763764187378,20292000
2016-06-17,4.341189861297607,4.525690513204381,4.341189861297607,4.430726881486464,26122800
2016-06-20,4.5012736320495605,4.555538740689039,4.441582426554477,4.471427770546804,27547400
2016-06-21,4.300492763519287,4.354757344622137,4.273360214212696,4.327625054070713,40189200
2016-06-22,4.286924839019775,4.4008808294874475,4.286924839019775,4.338476352356221,22121200
2016-06-23,4.400881290435791,4.430727138063795,4.335763500846665,4.371035960317976,23530400
2016-06-24,4.311346054077148,4.314059102206671,4.175683814903917,4.238088320721114,20642800
2016-06-27,4.243514060974121,4.357470080367311,4.189248969471008,4.352043985225213,16009800
2016-06-28,4.349330425262451,4.365609744759929,4.284212371007182,4.330337540841902,14202000
2016-06-29,4.4741387367248535,4.490418053794693,4.392741633865496,4.392741633865496,21470600
2016-06-30,4.661354064941406,4.661354064941406,4.403595634245037,4.466000132620684,28466000
2016-07-01,4.626082897186279,4.691201237933059,4.585384322352384,4.664068682206977,16563000
2016-07-04,4.647787570953369,4.693912747857626,4.6098023138005635,4.666780717040088,11441600
2016-07-05,4.612514495849609,4.636933731640217,4.560962718346084,4.620654413616542,9921000
2016-07-06,4.60166072845459,4.6179405620649225,4.495844397538067,4.585381412354385,18167400
2016-07-07,4.544684410095215,4.650500777025477,4.544684410095215,4.615228827218824,15182400
2016-07-08,4.674920558929443,4.685773786285392,4.607089440485858,4.62879537768739,11531800
2016-07-11,4.889266014099121,4.894692626525661,4.734611182514462,4.750890502283836,19298800
2016-07-12,4.826860427856445,5.027640384462041,4.818720511064685,4.970662001939977,21099600
2016-07-13,4.89740514755249,4.938104221016812,4.761742949365328,4.826861259904156,22121000
2016-07-14,5.157876014709473,5.190434647276917,4.957096055509789,4.992367993709542,36803400
2016-07-15,5.225708484649658,5.263693738524917,5.138884751500341,5.138884751500341,30739600
2016-07-18,5.415635585784912,5.415635585784912,5.225708787877621,5.2365614963958915,20480200
2016-07-19,5.6788201332092285,5.6788201332092285,5.372223252053242,5.396642490995233,36141000
2016-07-20,5.792776584625244,5.836188451279678,5.62998182591598,5.697812932252318,33072200
2016-07-21,5.684246063232422,5.825334349888337,5.499745398939846,5.779209183815193,29865000
2016-07-22,5.5919952392578125,5.768355970199036,5.5919952392578125,5.670679034750295,16187600
2016-07-25,5.779208183288574,5.779208183288574,5.610987383799331,5.613700689276268,23936000
2016-07-26,5.81719446182251,5.8931649519190685,5.779208699264079,5.792775227860001,19589800
2016-07-27,5.828049182891846,5.942005474960024,5.806343247141255,5.833475796207075,18010200
2016-07-28,5.608273506164551,5.7656415852014105,5.562148352782537,5.7656415852014105,17635400
2016-07-29,5.71137809753418,5.749363863343029,5.564863198732086,5.605561752982101,18178200
2016-08-01,5.613702297210693,5.790063063645815,5.605562378448364,5.7357979735841225,14231400
2016-08-02,5.4807515144348145,5.662538830975743,5.453618978717795,5.562148604075796,20157000
2016-08-03,5.567574977874756,5.610986826171201,5.434626127778133,5.453618746719072,14761000
2016-08-04,5.7168049812316895,5.724944899472767,5.616415243809489,5.621841338459989,15344800
2016-08-05,5.757504463195801,5.828048880097691,5.689673352810557,5.779210397818667,9234200
2016-08-08,5.743936538696289,5.795488310354876,5.697811378267056,5.7195173056743345,8695800
2016-08-09,5.806342601776123,5.8470411620961125,5.73308488269398,5.760217428744063,10663000
2016-08-10,5.662542819976807,5.8606095904728495,5.63541026514615,5.825337113939865,15765000
2016-08-11,5.982702732086182,5.9854160381507135,5.646260542737433,5.646260542737433,31725000
2016-08-12,6.150923728942871,6.191622282531101,5.942003831677051,5.982702385265282,34418800
2016-08-15,6.289299964904785,6.300152672300066,6.150924452420786,6.167203772268831,16581600
2016-08-16,6.142783164978027,6.2947251747375095,6.110224532536804,6.2214674754795585,16687400
2016-08-17,6.175342082977295,6.17805538849717,5.998981364266248,6.15906276736815,15934600
2016-08-18,6.167202949523926,6.218754725927348,6.102085161308635,6.183482784710383,11044000
2016-08-19,6.294727325439453,6.308293340673337,6.10208670055439,6.131932555081305,18190200
2016-08-22,6.053247928619385,6.294727024830942,6.053247928619385,6.289300411992416,15181800
2016-08-23,6.165184497833252,6.227982975118253,6.094194711032921,6.143341526569882,23453800
2016-08-24,6.102385997772217,6.176106220802511,6.061430491903446,6.1187680959642226,11122200
2016-08-25,6.12695837020874,6.200678060005491,6.091463222549727,6.116036626074452,10110400
2016-08-26,6.252554416656494,6.315352874193369,6.137878723391294,6.170643430371644,16521200
2016-08-29,6.5037522315979,6.533786518928582,6.195220130099324,6.247096872680794,17597600
2016-08-30,6.479177474975586,6.5938532055405314,6.4218398700818735,6.536515600646818,16233600
2016-08-31,6.337196350097656,6.645728832947128,6.208868989019427,6.52013138695837,37697000
2016-09-01,6.241631984710693,6.451870280954442,6.238901549593599,6.402724011178497,17968200
2016-09-02,6.476447105407715,6.490099288221801,6.309894641296068,6.326276739895445,21005800
2016-09-05,6.413646221160889,6.5474344378924085,6.375421165173977,6.509209381905497,9590800
2016-09-06,6.558359146118164,6.558359146118165,6.364502301416937,6.44914427906416,16285000
2016-09-08,6.588390350341797,6.634806715910241,6.498288054918035,6.517401104909929,15539200
2016-09-09,6.236174583435059,6.49829025115457,6.208870737853225,6.484638588752422,21894800
2016-09-12,6.266208171844482,6.304433238960163,6.064160049376649,6.2088700503934815,21592400
2016-09-13,6.042900562286377,6.196649815009362,5.987989853051645,6.193904227180892,18884400
2016-09-14,6.020937919616699,6.114285834933816,5.944063011806289,6.053883934630113,14097000
2016-09-15,6.1252665519714355,6.177431677205815,6.01544564911014,6.056628422224704,14237400
2016-09-16,6.020937919616699,6.117031423462845,5.957790954451434,6.1033034808177,15632400
2016-09-19,6.042900562286377,6.171940048220465,6.042900562286378,6.09232009586417,11349800
2016-09-20,6.207630157470703,6.215866394623449,6.10055436148053,6.122518533333126,11802400
2016-09-21,6.40805721282959,6.479440945954324,6.2543079157665,6.276272101061227,21948600
2016-09-22,6.438258171081543,6.515132557864078,6.383347445950458,6.479440953096113,14174000
2016-09-23,6.300981521606445,6.419038683652579,6.243325211149073,6.397074499589641,12272600
2016-09-26,6.2295989990234375,6.281763618983914,6.16370643407266,6.224107821027317,7248000
2016-09-27,6.281761169433594,6.300980284925591,6.1225207353142315,6.248815161639162,13392600
2016-09-28,6.399817943572998,6.399817943572997,6.243323119105197,6.311961236760708,10532400
2016-09-29,6.213125228881836,6.43002203847661,6.204888985868261,6.408057850994516,14369200
2016-09-30,6.2597975730896,6.355891064836009,6.19390502769225,6.2186147976746815,9726000
2016-10-03,6.40805721282959,6.438258163985147,6.287253931874848,6.287253931874848,12682200
2016-10-04,6.424527645111084,6.462965346716722,6.347653289234359,6.397072293583422,12107800
2016-10-05,6.570040702819824,6.630442057809311,6.421782117390252,6.451983056718634,15563200
2016-10-06,6.775955677032471,6.819884034446999,6.52062177226845,6.548077126569361,21767000
2016-10-07,6.940685749053955,6.970886160826498,6.83360994325265,6.839101117635734,24574000
2016-10-10,6.987359523773193,7.047760869600639,6.954413001897277,6.981868349516007,10865800
2016-10-11,6.828120708465576,6.954414603462475,6.814392769661139,6.948923427940701,11608800
2016-10-13,6.946178913116455,7.009326394036256,6.73202827136181,6.800666404984176,21316400
2016-10-14,7.127385139465332,7.152094914994108,7.023055383418571,7.056001925346111,19661600
2016-10-17,7.544704437255859,7.544704437255859,7.0834560395777775,7.0834560395777775,25797200
2016-10-18,7.701197624206543,7.703943212121018,7.528229774933393,7.563921370486873,23726200
2016-10-19,7.558429718017578,7.78356266053622,7.539210605159773,7.701196605004606,18555200
2016-10-20,7.714924335479736,7.736888511631255,7.470572286668408,7.470572286668408,16404400
2016-10-21,7.811020374298096,7.879658512829125,7.613342200181571,7.7094356988585,18669800
2016-10-24,7.747870445251465,8.027914087814924,7.747870445251466,7.907110855473718,18640000
2016-10-25,7.5639238357543945,7.822003423488672,7.481558266144582,7.797293647872225,23203200
2016-10-26,7.50626277923584,7.618829223162161,7.412914919833454,7.495280431698075,24213000
2016-10-27,7.890636920928955,7.898873682501102,7.481553855522122,7.481553855522122,24220400
2016-10-28,7.767088890075684,7.942802286615916,7.692959604535062,7.838472064669731,13261800
2016-10-31,8.041644096374512,8.071844519486941,7.783564563803175,7.789055740248129,17214400
2016-11-01,7.6709980964660645,8.088317558312603,7.6655069199986,8.066353376110154,15834000
2016-11-03,7.305839538574219,7.621574694143339,7.305839538574219,7.522735662475141,27198400
2016-11-04,7.379972457885742,7.607851057894719,7.168567388239421,7.305843665923562,22527000
2016-11-07,7.778074741363525,7.778074741363525,7.610597496309896,7.728655192090815,13469800
2016-11-08,7.764345645904541,7.822001425168335,7.616087030082119,7.6764883974538165,13556400
2016-11-09,7.4897918701171875,7.687469467914768,7.330551452085645,7.358006281251501,19752400
2016-11-10,7.009327411651611,7.654525542437903,6.973635283732446,7.654525542437903,31711800
2016-11-11,6.523370265960693,7.001091758399618,6.451986522446708,6.87754287084319,41243000
2016-11-14,6.704570293426514,6.795172573459283,6.3339244119589315,6.506892734355161,25667600
2016-11-16,7.138363838195801,7.228966127503134,6.740262568521827,6.863811382880577,32438800
2016-11-17,7.006579875946045,7.3525160863306,6.973633345766278,7.217985425125606,19059800
2016-11-18,7.212496757507324,7.223478588941104,6.979126948279986,6.987363714605956,14772600
2016-11-21,7.778074741363525,7.778074741363525,7.511758921431975,7.621579851111608,27892400
2016-11-22,7.87725830078125,8.056412076297017,7.753228480813251,7.924113952135159,26463200
2016-11-23,7.841432571411133,7.9378996842870135,7.755989520426302,7.778039221327408,14544000
2016-11-24,7.631958484649658,7.84694289009773,7.631958484649658,7.827649471732515,5568000
2016-11-25,7.615419864654541,7.6898377767780755,7.441778595405781,7.521709062287984,9546400
2016-11-28,7.965460777282715,7.9847541970371765,7.557541107397288,7.615421366660671,14429400
2016-11-29,7.676056385040283,7.962702378498775,7.676056385040283,7.863479028231588,10092200
2016-11-30,7.855210781097412,7.987508941767469,7.7945742555501765,7.868991642360734,17193600
2016-12-01,7.33704137802124,7.33704137802124,7.33704137802124,7.33704137802124,23528400
2016-12-02,7.4886345863342285,7.565808779205887,7.138595229471385,7.276405950216803,18632600
2016-12-05,7.345310211181641,7.5492699842724775,7.262624001392904,7.488633465474478,16156000
2016-12-06,7.353579044342041,7.494146021584076,7.224036649745172,7.312235939436997,18061200
2016-12-07,7.4417805671691895,7.4831236874010925,7.386656056389121,7.463830266339957,14842000
2016-12-08,7.38665771484375,7.532737333214364,7.334289996121996,7.499662514179096,10372000
2016-12-09,7.452805995941162,7.510686261581288,7.337044938954593,7.4472934394879164,12557400
2016-12-12,7.0972514152526855,7.356335691783897,7.0586645854928065,7.306723753117694,21920000
2016-12-13,7.162750720977783,7.292680784289813,7.104697031183515,7.104697031183515,14729800
2016-12-14,6.988590240478516,7.237392787142119,6.988590240478516,7.173810013703492,18636600
2016-12-15,7.256743907928467,7.256743907928468,6.916713748504533,6.988590132390182,21081200
2016-12-16,7.303738117218018,7.450255384667909,7.284386889443419,7.295444507908299,16335400
2016-12-19,7.140634536743164,7.386672492537789,7.0798163137606265,7.3258542695552515,12267800
2016-12-20,7.256743907928467,7.392203064269347,7.090875370290936,7.193161135473237,15261800
2016-12-21,7.256743907928467,7.372851831546585,7.212512368195998,7.325855754670643,7949200
2016-12-22,7.187632083892822,7.265037542309948,7.135106932564002,7.265037542309948,16166200
2016-12-23,7.3922014236450195,7.441962026620572,7.204217157862461,7.204217157862461,10522200
2016-12-26,7.5083088874816895,7.533189187531277,7.406023678194627,7.406023678194627,2809800
2016-12-27,7.560835838317871,7.627183145277607,7.475137299405067,7.552542227217331,7130400
2016-12-28,7.65482759475708,7.726703972088308,7.538719681726865,7.560835449576358,6908600
2016-12-29,7.765406131744385,7.765406131744386,7.596773078904923,7.6548272968010815,9391000
2017-01-02,7.61336088180542,7.729468271913578,7.5857160391352085,7.712881577224058,3936400
2017-01-03,7.961685657501221,7.961685657501221,7.674180608661607,7.674180608661607,15157800
2017-01-04,7.9202165603637695,8.01697323939902,7.892571719599202,7.92021656036377,8312600
2017-01-05,7.900864601135254,7.9893276615957145,7.859397607454593,7.939567058266348,10914200
2017-01-06,7.986567497253418,7.997625649505424,7.88981130145698,7.900868926427264,7384800
2017-01-09,7.685233116149902,7.862159709568789,7.616121305654737,7.682469107737613,30980400
2017-01-10,7.790287494659424,7.875986037481599,7.746055954668523,7.812403264654874,10895200
2017-01-11,7.873220920562744,7.875985457518797,7.63547654243879,7.837282994697074,11368400
2017-01-12,8.072261810302734,8.15243125748021,8.011443063532159,8.050146046190182,18930200
2017-01-13,7.862161636352539,8.0888483459659,7.831752263552221,8.014207445791335,10998400
2017-01-16,7.867693901062012,7.9755087613746465,7.817933804704236,7.878752051773728,6978000
2017-01-17,7.994858741760254,8.033561208607388,7.845576894295764,7.864928655000896,9938800
2017-01-18,7.928509712219238,8.044617614889951,7.928509712219238,8.033559468311099,8610600
2017-01-19,7.936807155609131,8.01697718050946,7.826228265472245,7.94510077010005,8048200
2017-01-20,8.113728523254395,8.141373359265351,7.95062457079928,7.95062457079928,19709400
2017-01-23,8.481405258178711,8.492462878612685,8.13031697743482,8.155197282513143,16268600
2017-01-24,8.321065902709961,8.597513271389486,8.238131375737199,8.486934429373978,16146400
2017-01-26,8.846318244934082,8.846318244934082,8.500758938491344,8.569870799779892,27061000
2017-01-27,8.677681922912598,8.818670131033068,8.666624303385492,8.78826128187243,10744400
2017-01-30,8.437173843383789,8.625158139002062,8.351474779199185,8.575397528128812,11303400
2017-01-31,8.600278854370117,8.600278854370117,8.373592068846875,8.481406387014863,11088600
2017-02-01,8.641744613647461,8.777203757977109,8.611335235047225,8.677682538762879,10845600
2017-02-02,8.561573028564453,8.694268138527416,8.426113909500184,8.531164182917472,12769600
2017-02-03,8.539458274841309,8.752322855955061,8.373590290510997,8.52010704515487,16378600
2017-02-06,8.3265962600708,8.70532891826096,8.251955332474811,8.652803762476937,12235200
2017-02-07,8.403999328613281,8.497991469729472,8.326594408128047,8.475875702836337,8444000
2017-02-08,8.492465019226074,8.564341415649361,8.310009754182976,8.428882235679888,8855200
2017-02-09,8.464818000793457,8.597512600863116,8.37911894354385,8.503520460660074,12547800
2017-02-10,8.61963176727295,8.69703671753603,8.434411950557939,8.56434206512931,12886800
2017-02-13,8.674918174743652,8.757852701502115,8.594748712220134,8.652802406397699,9782400
2017-02-14,8.70256233215332,8.721913562023008,8.528400736044665,8.688740175755392,12225200
2017-02-15,8.807613372802734,8.912663668631154,8.710856687891773,8.716385761836746,18362000
2017-02-16,9.092354774475098,9.114471072561312,8.569869359664372,8.630687597556754,34150800
2017-02-17,9.097883224487305,9.189111365986024,8.962423544415497,9.020478295625166,21409600
2017-02-20,9.244403839111328,9.266520144868206,9.086828851565825,9.15317671427296,10017600
2017-02-21,9.399209976196289,9.399209976196289,9.23887000570625,9.244399079298626,14832200
2017-02-22,9.424091339111328,9.495967194763342,9.316277028351768,9.371566715925743,13697200
2017-02-23,9.219517707824707,9.606544377970975,9.161464023671618,9.429618261754225,17344600
2017-02-24,9.150408744812012,9.24716596994638,8.970718563099332,9.100648127214491,13117000
2017-03-01,9.288629531860352,9.388150735808464,9.15040587183527,9.371564571525669,11335200
2017-03-02,9.201732635498047,9.33453067451012,9.171300850908416,9.265365512905612,13738800
2017-03-03,9.649920463562012,9.649920463562012,9.229396292896043,9.232162434083255,22167200
2017-03-06,9.727394104003906,9.730160247756867,9.572463669407046,9.57799701229021,18027400
2017-03-07,9.608424186706543,9.763354529656146,9.547558506373374,9.763354529656146,10397600
2017-03-08,9.381562232971191,9.597357193824713,9.351129393799217,9.577991033511017,14417800
2017-03-09,9.2847318649292,9.44242835220486,9.212799504368274,9.345596490738481,8723800
2017-03-10,9.320699691772461,9.561395288758314,9.290267897734388,9.342833056938629,11601000
2017-03-13,9.420296669006348,9.503294668328179,9.32623198834112,9.406463845015512,7597200
2017-03-14,9.40147590637207,9.617728922106567,9.379296625135675,9.39593082165878,13404200
2017-03-15,9.479101181030273,9.55118619581841,9.204626472150226,9.465239003606815,19174600
2017-03-16,9.35157299041748,9.542873690344175,9.240674447788356,9.456927504889574,11298800
2017-03-17,9.096498489379883,9.454147260725492,9.06877308154399,9.40424258423705,22519400
2017-03-20,9.07986831665039,9.262851880116385,8.927382190031523,9.06323306265648,15928800
2017-03-21,8.863615989685059,9.221265538673146,8.816483821188037,9.176905912888708,14967400
2017-03-22,9.163041114807129,9.235126147158535,8.824798932466374,8.863613461755623,17915400
2017-03-23,9.163041114807129,9.24621525722932,9.038279372365542,9.118681501674187,11056200
2017-03-24,9.204630851745605,9.285032999720167,9.121456690013954,9.149181058052221,9336400
2017-03-27,9.235125541687012,9.237897554618819,9.043823863279796,9.10759073687669,8150400
2017-03-28,9.176904678344727,9.235127538667973,9.096503594538193,9.201857030592759,9166800
2017-03-29,9.509600639343262,9.509600639343262,9.140861564474358,9.17413100892784,18763800
2017-03-30,9.445834159851074,9.606638420421257,9.404246559326616,9.537326457958237,13016800
2017-03-31,9.362658500671387,9.46246787967837,9.343251238932966,9.370975596383154,13808800
2017-04-03,9.390385627746582,9.506830290138037,9.307211473247973,9.359888190986515,7270000
2017-04-04,9.426427841186523,9.490194726139368,9.315528267067053,9.370978054126788,11750200
2017-04-05,9.265623092651367,9.49573932706545,9.185222016006488,9.45415172448419,9555000
2017-04-06,9.049368858337402,9.28780215757131,8.974511818511651,9.260077798058004,11873800
2017-04-07,9.010554313659668,9.190765822979468,8.871930401141826,9.029961576802844,10659800
2017-04-10,9.090957641601562,9.096502725751167,8.949560639828318,9.029962773572581,15373800
2017-04-11,9.099273681640625,9.199083069501865,8.996692280835031,9.107590778090215,18889800
2017-04-12,8.949563026428223,9.093732079913822,8.92738374153187,9.063234637766511,21608200
2017-04-13,8.483783721923828,8.91351817662877,8.483783721923828,8.894110913096545,23700600
2017-04-17,8.877479553222656,8.919066111467766,8.522601984160932,8.58914142920841,19233400
2017-04-18,8.963425636291504,9.057688912465116,8.76657934085547,8.797076252040553,15643200
2017-04-19,8.636268615722656,9.032733571731578,8.627951520399243,8.988372909696325,12078600
2017-04-20,8.705582618713379,8.83311690812869,8.60854576283814,8.736080052253453,8913200
2017-04-24,8.955106735229492,8.996694342239453,8.7610335273527,8.905202029864252,15247800
2017-04-25,9.010554313659668,9.010554313659668,8.819253166318735,8.899654760598786,10072600
2017-04-26,8.902427673339844,9.129770801230661,8.902427673339844,8.968966557903912,13037600
2017-04-27,9.027192115783691,9.12145644524789,8.913520517690113,8.97728740856048,12500200
2017-04-28,9.10759449005127,9.168589375851914,8.974515604536476,9.010558133202036,8129400
2017-05-02,9.395934104919434,9.418114451523168,9.104823930256815,9.168590840316845,15989800
2017-05-03,9.365434646606445,9.415339358134327,9.226810682943865,9.379297889066232,8382600
2017-05-04,8.971739768981934,9.384838435173029,8.971739768981934,9.384838435173029,15072400
2017-05-05,9.179673194885254,9.25730222664397,8.982827545716372,9.024414073751585,9927800
2017-05-08,8.949563026428223,9.165817135465092,8.92738374153187,9.066007709389144,9507000
2017-05-09,8.982831001281738,9.135317111302523,8.91629105016571,8.960650665037516,9771600
2017-05-10,9.2462158203125,9.2462158203125,9.096502777881858,9.11868205699072,11147000
2017-05-11,9.534554481506348,9.662088253247784,9.287804036036299,9.287804036036299,27938800
2017-05-12,9.811798095703125,9.811798095703125,9.540095416750356,9.59277211061531,21332000
2017-05-15,9.634364128112793,9.806257522898946,9.562280142433684,9.806257522898946,12296000
2017-05-16,9.634364128112793,9.673178663295142,9.573369254188096,9.620501945207206,17371400
2017-05-17,9.373751640319824,9.570597390464002,9.260080046527872,9.570597390464002,12964800
2017-05-18,7.507875442504883,8.250900129869105,6.986649461307847,6.986649461307847,65887200
2017-05-19,7.757395267486572,8.015235870923375,7.696400926522047,7.859977211953818,35617800
2017-05-22,7.396973133087158,7.676993540583236,7.247259031951134,7.615998671761151,27283000
2017-05-23,7.570870876312256,7.595994957164621,7.453622858345282,7.537371214410665,17227600
2017-05-24,7.704873085021973,7.939369261747901,7.7048730850219735,7.7327893979577995,24206000
2017-05-25,7.735579967498779,7.861203100020072,7.5959989457903845,7.741163336157357,18383800
2017-05-26,8.05661678314209,8.095699299026261,7.760704632289713,7.788620943260983,20298000
2017-05-29,8.05661678314209,8.05661678314209,8.05661678314209,8.05661678314209,0
2017-05-30,8.095698356628418,8.120822980331939,7.997991545832426,8.017532801499769,8749400
2017-05-31,7.91145133972168,8.16548872409684,7.852827041233957,8.09569822218148,20885200
2017-06-01,7.827703475952148,8.039866147455092,7.774662541846758,7.98682574580901,12395800
2017-06-02,7.838870525360107,7.970076500232054,7.763496642313528,7.914244408406687,14365600
2017-06-05,7.704873085021973,7.866787061098505,7.6462487746108,7.760705178434243,11255400
2017-06-06,7.986822605133057,8.011947220226364,7.679744390349703,7.718826888290804,18424200
2017-06-07,8.020320892333984,8.081736848298421,7.978446715741261,8.039862139246653,14753200
2017-06-08,7.900285720825195,7.933785400763035,7.763496381626098,7.925410347663738,13290000
2017-06-09,7.771872520446777,7.972869030774747,7.6937069446450765,7.914245248268039,15518600
2017-06-12,7.587622165679932,7.771869016869845,7.512248308613373,7.738369347353868,16140000
2017-06-13,7.671217918395996,7.710414286026465,7.559229440887193,7.637621642144947,15264200
2017-06-14,7.668416500091553,7.825200869084336,7.612422540311045,7.6992135250728255,20118000
2017-06-15,7.668416500091553,7.668416500091552,7.668416500091552,7.668416500091552,0
2017-06-16,7.696412086486816,7.7972019399506705,7.629219028845231,7.632018806330666,35992000
2017-06-19,7.595624923706055,7.769207451272444,7.539630956170843,7.727211842120249,12884400
2017-06-20,7.2792558670043945,7.576025379753727,7.2652575116305975,7.576025379753727,20331600
2017-06-21,7.240060806274414,7.363247841729281,7.198064667729757,7.324052015357558,16384400
2017-06-22,7.2792558670043945,7.332450578630275,7.214862577880083,7.251258622253772,12957600
2017-06-23,7.133670330047607,7.312852368729045,7.133670330047607,7.307252813207092,10174000
2017-06-26,7.550830841064453,7.587227433555642,7.198066702013168,7.220464933702045,18916200
2017-06-27,7.307253837585449,7.553628441056686,7.290455702667726,7.4724370106184566,20896600
2017-06-28,7.388442516326904,7.433237882092966,7.212060830373396,7.366044833443873,9644200
2017-06-29,7.436038494110107,7.542427900251896,7.3380484202436,7.452837158660669,10378800
2017-06-30,7.503232479095459,7.53682927835244,7.4388391923561725,7.469636213841487,10265400
2017-07-03,7.606823444366455,7.637620471211036,7.503233784800293,7.548029168936173,8498600
2017-07-04,7.646019458770752,7.676816486367679,7.531231217367984,7.5536289099830825,6042600
2017-07-05,7.606823444366455,7.721611682965036,7.5312310333859935,7.699213990897096,15067600
2017-07-06,7.556427955627441,7.620821248901785,7.520031908908091,7.601223336514208,7878400
2017-07-07,7.455638885498047,7.654418876868223,7.405244477069203,7.629221405652242,11622200
2017-07-10,7.534030437469482,7.570427019024198,7.422041982691654,7.466837364602786,9485000
2017-07-11,7.850398063659668,7.864396419615042,7.5144321807001795,7.534030092638924,18650800
2017-07-12,8.074374198913574,8.110770241355345,7.791603056547665,7.917590384236486,23503600
2017-07-13,8.147167205810547,8.177963694265502,8.063175472016876,8.091172716614766,14145600
2017-07-14,8.23395824432373,8.25075637760542,8.149967043912252,8.16116562143237,10801600
2017-07-17,8.191963195800781,8.228359242696017,8.138768480489531,8.228359242696017,9854800
2017-07-18,8.197564125061035,8.200363903599344,8.11917192799785,8.175166430757718,12859400
2017-07-19,8.22556209564209,8.278756827968126,8.158369002494949,8.205964176891245,11563400
2017-07-20,8.29835033416748,8.399140187295977,8.239556609177827,8.247955407603234,15405200
2017-07-21,8.23395824432373,8.390742067626569,8.194762421998778,8.259155711247779,8080200
2017-07-24,8.141568183898926,8.275954325976306,8.065975778729253,8.23955827941483,13782400
2017-07-25,8.275955200195312,8.329149920637905,8.197563542704243,8.200363321043655,9768800
2017-07-26,8.074374198913574,8.309550187930707,8.071574421186822,8.275953389212688,10396800
2017-07-27,8.004380226135254,8.177962148629724,7.9903818734835115,8.138766334002506,9526600
2017-07-28,7.995983123779297,8.02118059278095,7.945588185775989,7.987584323447462,7283800
2017-07-31,8.03518009185791,8.07997547703038,8.012782399271675,8.043578892825803,7211200
2017-08-01,8.20316219329834,8.259156689540529,8.049178129636957,8.082774934182888,14603800
2017-08-02,8.533525466918945,8.569922036543257,8.175162529097404,8.217158119123004,16284200
2017-08-03,8.589522361755371,8.66511476548993,8.50273138006183,8.533527869951316,14378800
2017-08-04,8.642715454101562,8.676311715678532,8.544725378829995,8.614718213452122,9949800
2017-08-07,8.777105331420898,8.810701607401588,8.609122349507913,8.676315435472471,9611000
2017-08-08,8.777105331420898,8.942288534668297,8.709912245456339,8.777105331420898,12483200
2017-08-09,8.61471939086914,8.69031179075334,8.525128635748471,8.684712235057543,13895600
2017-08-10,8.656712532043457,8.740703707614527,8.54472411994774,8.729505133406391,18534800
2017-08-11,8.651115417480469,8.704310128477475,8.569923996066844,8.603520262167992,10929200
2017-08-14,8.704313278198242,8.86669671378817,8.603523375417177,8.642719745389378,16176400
2017-08-15,8.66231632232666,8.83589831246201,8.66231632232666,8.768705232344798,17710200
2017-08-16,8.592320442199707,8.763102593855617,8.513928275962227,8.735105887487823,20111400
2017-08-17,8.441136360168457,8.572723240553104,8.40474031848944,8.539126442539176,11918200
2017-08-18,8.516731262207031,8.525130597683713,8.34594851220319,8.48313445430345,18983800
2017-08-21,8.628714561462402,8.723904837146515,8.567121073550316,8.60911665776323,15492000
2017-08-22,9.016050338745117,9.061145177305036,8.872312052741078,8.951227348262845,23527600
2017-08-23,9.021686553955078,9.094965463652867,8.937134875570102,9.024505552476567,13540600
2017-08-24,9.052694320678711,9.078059946372546,8.965324130825925,9.035784620305183,12877000
2017-08-25,9.01887035369873,9.13442458710017,8.996323199317146,9.069601585448936,8329800
2017-08-28,8.934318542480469,9.072419390893383,8.880768849936086,9.072419390893383,8745600
2017-08-29,8.875131607055664,8.892041837619722,8.784942993958646,8.877950068410764,14502200
2017-08-30,8.784944534301758,8.928682863215514,8.737031757997173,8.880770086910928,10851000
2017-08-31,8.65247917175293,8.82440102652046,8.567926937583737,8.77366979353226,18197600
2017-09-01,8.987866401672363,9.010413552508854,8.737029281420595,8.737029281420595,27318200
2017-09-04,8.973774909973145,9.041416902129408,8.91740676236509,8.985048216954857,8262800
2017-09-05,9.01887035369873,9.314801822152845,9.01887035369873,9.300710052251816,22237800
2017-09-06,9.233070373535156,9.255618071153751,9.08369563977886,9.123153035478001,22703400
2017-09-07,9.233070373535156,9.233070373535156,9.233070373535156,9.233070373535156,0
2017-09-08,9.204883575439453,9.286617337738033,9.14006058038186,9.25843272566972,13443000
2017-09-11,9.534638404846191,9.565639871458373,9.275345298993594,9.275345298993594,25189200
2017-09-12,9.429073333740234,9.623981885065406,9.37540206662573,9.510990764621049,14526800
2017-09-13,9.488396644592285,9.575964848724219,9.296312316380263,9.47144764708055,15626600
2017-09-14,9.496866226196289,9.570310770656528,9.333030302704282,9.389525857466833,10386400
2017-09-15,9.635278701782227,9.731320805863533,9.462967772910215,9.502514331491417,24141800
2017-09-18,9.768047332763672,9.773695919970907,9.590086663961314,9.62398357502159,13586600
2017-09-19,9.756747245788574,9.816067104929795,9.621158534510089,9.776520532168982,11842200
2017-09-20,9.818891525268555,9.92340870041726,9.691777847626208,9.790644280806546,24287400
2017-09-21,10.033575057983398,10.160689820734364,9.94883224200388,9.999678147104264,33065800
2017-09-22,9.971426963806152,10.005323864964367,9.892333835249298,9.991200245945366,10840200
2017-09-25,9.830188751220703,10.095717533640649,9.818889424827711,10.061819554461671,10611400
2017-09-26,9.886683464050293,9.977075912373714,9.872559846042817,9.931879688212003,15295400
2017-09-27,9.83583927154541,9.979903001702574,9.657878636818452,9.903634158248163,16793600
2017-09-28,9.75391960144043,9.84713742484694,9.677650767079566,9.84713742484694,12054200
2017-09-29,9.858441352844238,9.951658142201746,9.768048857531213,9.830193024581703,13586800
2017-10-02,9.872563362121582,9.900810608196691,9.753922557966723,9.82454175071786,10888400
2017-10-03,10.273674964904785,10.27650033470419,9.886682274725969,9.886682274725969,25086200
2017-10-04,10.225655555725098,10.304748677624822,10.132437738432161,10.236954881014476,19252000
2017-10-05,10.39232063293457,10.584404922850897,10.268030164422028,10.299102781550163,21229200
2017-10-06,10.451638221740723,10.451638221740723,10.23130673377828,10.366895424644639,12347200
2017-10-09,10.335823059082031,10.417741565159172,10.180461081132275,10.352772049927935,16297000
2017-10-10,10.55615520477295,10.55615520477295,10.42339187307787,10.451639115337278,19685600
2017-10-11,10.564626693725586,10.578750310115021,10.454459899737138,10.48553250233161,15183600
2017-10-12,10.564626693725586,10.564626693725586,10.564626693725586,10.564626693725586,0
2017-10-13,10.57027816772461,10.612650106038572,10.502484359498052,10.584402865538033,9445800
2017-10-16,10.592877388000488,10.592877388000488,10.482711635575397,10.550505447423202,10333800
2017-10-17,10.609825134277344,10.609825134277344,10.462937122432383,10.52790663347789,10603200
2017-10-18,10.573101997375488,10.663494446879092,10.522256109834336,10.592875278356715,12280800
2017-10-19,10.502482414245605,10.561802254847509,10.378193070475481,10.485533426546652,10723000
2017-10-20,10.595702171325684,10.595702171325684,10.485536413804404,10.51660902799005,13842200
2017-10-23,10.225655555725098,10.5618024013619,10.225655555725096,10.553328446176348,12640200
2017-10-24,10.31887149810791,10.35276947135673,10.140911987584596,10.268025615797567,16898600
2017-10-25,10.412090301513672,10.547678974755481,10.347120796266324,10.366894077099735,18703000
2017-10-26,10.355599403381348,10.68609781838937,10.355599403381348,10.592879957532617,14571400
2017-10-27,10.310400009155273,10.44881407244706,10.273677734802247,10.355596240065484,10448000
2017-10-30,9.946003913879395,10.270852535713153,9.875384741964494,10.25390354653088,19648200
2017-10-31,9.728497505187988,10.078769099741356,9.728497505187988,9.974253018751398,12263800
2017-11-01,9.604205131530762,9.897981076522068,9.604205131530762,9.886681753046373,14289800
2017-11-02,9.604205131530762,9.604205131530762,9.604205131530762,9.604205131530762,0
2017-11-03,9.431897163391113,9.728497493029469,9.364103356506243,9.649404359142743,18334600
2017-11-06,9.35562801361084,9.49121670046745,9.265235555706434,9.434722222449519,21406600
2017-11-07,8.886717796325684,9.282185655097864,8.86976934313824,9.259586999139122,28202200
2017-11-08,9.352804183959961,9.39235075155641,8.97146051185474,9.036430026843643,19129000
2017-11-09,9.112699508666992,9.378228344117389,9.075978306900552,9.364104722086967,19869200
2017-11-10,8.841521263122559,9.169194220506192,8.759603293167448,9.166369927388425,23016600
2017-11-13,8.855644226074219,8.855644226074219,8.855644226074219,8.855644226074219,19534600
2017-11-14,8.643790245056152,9.008185039305227,8.629666081693479,8.855647846460558,21509600
2017-11-15,8.643790245056152,8.643790245056152,8.643790245056152,8.643790245056152,0
2017-11-16,9.053380012512207,9.078802964211379,8.708758556608073,8.728531843755947,17212800
2017-11-17,9.205913543701172,9.276532702189963,8.999705730221446,9.039252286565114,19666400
2017-11-20,9.205913543701172,9.205913543701172,9.205913543701172,9.205913543701172,0
2017-11-21,9.364106178283691,9.40365275714401,9.2793622777962,9.347157182673502,26454200
2017-11-22,9.310991287231445,9.453187237290837,9.228517375828435,9.424747396357557,20346600
2017-11-23,9.322367668151855,9.37355830536103,9.120449646309657,9.271177030942681,8595200
2017-11-24,9.271173477172852,9.313832686785023,9.18870066872143,9.310989245749635,10878200
2017-11-27,9.146041870117188,9.23704717550193,9.043660630342147,9.23704717550193,11437800
2017-11-28,9.282549858093262,9.382087657025744,9.163105801216865,9.259799074108203,14685000
2017-11-29,8.861651420593262,9.356493796117233,8.861651420593262,9.305303168136511,25762600
2017-11-30,8.511846542358398,8.844584965426156,8.511846542358398,8.844584965426156,32017400
2017-12-01,8.753583908081055,8.770647272208741,8.423689308628083,8.517538624982212,22314000
2017-12-04,8.966875076293945,9.094851081199876,8.790551893562204,8.81614720303027,16859400
2017-12-05,8.836053848266602,9.18585566015249,8.773487842522295,8.952654452228565,18401000
2017-12-06,9.103382110595703,9.103382110595703,8.676794902892405,8.793395511201952,18396400
2017-12-07,8.750737190246582,8.91852842198832,8.671107278466545,8.873025770238126,29332400
2017-12-08,8.801931381225586,8.989630031478834,8.801931381225586,8.952658772905991,12231200
2017-12-11,8.730829238891602,8.986781772741084,8.730829238891602,8.915683816536541,14335000
2017-12-12,8.925477981567383,8.925477981567383,8.597545185267201,8.69735096081014,17394000
2017-12-13,8.711607933044434,9.096572722783534,8.671685843881066,9.0167285444568,31879000
2017-12-14,8.677389144897461,8.771491600601244,8.57188006721859,8.668834178416146,15174800
2017-12-15,8.725869178771973,8.811416697193147,8.64032111645294,8.674540450160125,21006400
2017-12-18,8.84278392791748,8.911222047978214,8.74582978852365,8.839932271594387,14284600
2017-12-19,8.791455268859863,8.877002783612918,8.725868804622667,8.805713006686094,9550800
2017-12-20,8.797159194946289,8.91122273720291,8.78575256877169,8.868448976843911,9189200
2017-12-21,8.894113540649414,9.008177085455705,8.748682317059687,8.839933152904718,17064200
2017-12-22,8.925477981567383,8.976806697212194,8.85418821959353,8.874149809820294,6260200
2017-12-25,8.925477981567383,8.925477981567383,8.925477981567383,8.925477981567383,0
2017-12-26,9.02243423461914,9.082317931662836,8.922628979376066,8.922628979376066,7408000
2017-12-27,9.133646011352539,9.150755949682894,9.02813744447122,9.02813744447122,9384800
2017-12-28,9.073761940002441,9.23059921819645,9.073761940002441,9.182122696196451,12219200
2017-12-29,9.073761940002441,9.073761940002441,9.073761940002441,9.073761940002441,0
2018-01-02,9.390286445617676,9.390286445617676,9.150752829642487,9.150752829642487,18356200
2018-01-03,9.510052680969238,9.530013724923906,9.35891875165665,9.438762927475329,16361400
2018-01-04,9.60130500793457,9.684001396232162,9.538570754566987,9.55853180170151,19250400
2018-01-05,9.60130500793457,9.666892548857131,9.492945348574434,9.60986051941757,10535600
2018-01-08,9.624114990234375,9.624114990234375,9.507199859049999,9.59274733029306,10261200
2018-01-09,9.532870292663574,9.638378871601141,9.51861255299025,9.578495712295695,11645000
2018-01-10,9.49294662475586,9.578494136518014,9.358921500724582,9.467282262447648,10140000
2018-01-11,9.709671020507812,9.758148652548597,9.510059353120495,9.532872612385821,19368800
2018-01-12,9.732477188110352,9.741031610203551,9.58704548575428,9.601303218508038,15300800
2018-01-15,9.78095531463623,9.823729607766932,9.732478797697201,9.732478797697201,10489200
2018-01-16,9.866504669189453,9.892169032336762,9.78951266754319,9.829434768484413,12438600
2018-01-17,10.100333213806152,10.143107507207574,9.826580781864358,9.869355075265782,24269600
2018-01-18,10.03189468383789,10.145958730062508,9.903572903784037,10.145958730062508,18858800
2018-01-19,9.966312408447266,10.20869724835769,9.966312408447266,10.06896987544795,16285400
2018-01-22,10.000530242919922,10.037601233071374,9.843692944611686,9.980569191560457,12682000
2018-01-23,10.043305397033691,10.120298496428175,9.895022511658663,9.972015611053147,31866000
2018-01-24,10.833192825317383,10.833192825317383,10.106036375084894,10.12314630974999,55444200
2018-01-25,10.833192825317383,10.833192825317383,10.833192825317383,10.833192825317383,0
2018-01-26,11.169679641723633,11.263782651842877,10.878818363417066,10.950108127036325,48520200
2018-01-29,11.106949806213379,11.178239598181635,10.981479076159875,11.095543178427443,26644400
2018-01-30,11.064173698425293,11.10694800177548,10.921594137652297,10.970071753968892,21664200
2018-01-31,11.31511402130127,11.434880330116899,11.235269815424182,11.235269815424182,25505800
2018-02-01,11.346479415893555,11.420620293892181,11.229564243183276,11.243821978821993,21985000
2018-02-02,11.192489624023438,11.289443717781563,11.135457612201868,11.206747355030044,16819200
2018-02-05,10.858860969543457,11.238122073927544,10.84460214178657,11.064174818133496,12086800
2018-02-06,11.33507251739502,11.429175528360503,10.639284809820412,10.736238932726302,26080400
2018-02-07,11.346479415893555,11.58030976131411,11.260931914265754,11.329369480449794,27984600
2018-02-08,10.990033149719238,11.469100575947078,10.990033149719238,11.409216331821781,25302400
2018-02-09,10.784720420837402,11.061325181746108,10.625030883688751,11.02425418266239,20133600
2018-02-14,11.280893325805664,11.332222045998058,10.850302516168957,10.850302516168957,21575800
2018-02-15,11.377843856811523,11.463391334152437,11.29229529167542,11.406359319993431,22459000
2018-02-16,11.491910934448242,11.494763134470347,11.320815918171824,11.443434412028305,13154200
2018-02-19,11.30085563659668,11.566053691290605,11.172533821777739,11.463396239435452,9217800
2018-02-20,11.634493827819824,11.671564824213933,11.158278539771096,11.192497335321713,17980800
2018-02-21,11.725741386413574,11.816992207491065,11.605975091672715,11.605975091672715,23663400
2018-02-22,12.090746879577637,12.34168611691012,12.016604900705458,12.298912902449118,34151600
2018-02-23,12.090746879577637,12.173442195987183,11.962425060603245,12.11926235588497,17231200
2018-02-26,12.26754379272461,12.293208153521347,12.124964252252862,12.124964252252862,13988400
2018-02-27,12.147772789001465,12.29035228693714,12.062225307799107,12.219062537969302,11914000
2018-02-28,11.919648170471191,12.227620469145851,11.839803983909077,12.062227696643804,15547000
2018-03-01,12.005196571350098,12.047970867536492,11.862617034456175,11.913945754761631,14468400
2018-03-02,12.104351043701172,12.164585702264144,11.817518085765983,11.920778125691594,11367200
2018-03-05,12.204740524291992,12.299395913076483,12.024035478363903,12.118690867148391,12071800
2018-03-06,12.474366188049316,12.609176938191304,12.276450740991255,12.276450740991255,29885200
2018-03-07,12.38830852508545,12.50590993204262,12.221946066205215,12.362493528720202,15810600
2018-03-08,12.4542818069458,12.706695021015419,12.299392899707625,12.620645384954102,17967600
2018-03-09,12.537467956542969,12.634991203112989,12.359631834273237,12.480101147822804,18346800
2018-03-12,12.471488952636719,12.537460359727593,12.333809351640955,12.537460359727593,17497400
2018-03-13,12.31393051147461,12.520839386985298,12.267950883165657,12.494975777546463,16989400
2018-03-14,12.207602500915527,12.380026924655255,12.072536866755522,12.354163315906336,29880000
2018-03-15,12.181737899780273,12.193233079674622,11.980576636591934,12.12426309654922,17509400
2018-03-16,12.184612274169922,12.305308374648513,12.09552627412094,12.213349127738912,46898800
2018-03-19,11.897234916687012,12.164491720925305,11.877118907442433,12.127132948225253,21042200
2018-03-20,11.943221092224121,12.017937582480876,11.802407853819108,11.980578789232055,12008200
2018-03-21,12.141508102416992,12.155876531810728,11.862755967966782,11.93172596379396,24238400
2018-03-22,11.923104286193848,12.221971323766706,11.822523095035361,12.038052809493927,15820600
2018-03-23,11.839762687683105,12.040923919744426,11.713317920892294,11.81677233145186,17873400
2018-03-26,11.920232772827148,12.040930011624628,11.834021085823847,12.009318803933834,8215400
2018-03-27,11.624234199523926,11.997818755908892,11.509284599294416,11.986323576637814,22666400
2018-03-28,11.586880683898926,11.658723942651394,11.417330549393453,11.52365826539959,15903600
2018-03-29,11.790910720825195,11.9259763459011,11.624234994951744,11.670214618941735,15316600
2018-04-02,11.566758155822754,11.822519837782838,11.546642142381435,11.793782988935385,15423600
2018-04-03,11.414453506469727,11.710447283324816,11.37709471739146,11.601245259379526,12898400
2018-04-04,11.509282112121582,11.509282112121582,11.127076801998756,11.152940401649202,15351000
2018-04-05,11.845511436462402,11.997818724564059,11.747804605394771,11.994945477874111,24045600
2018-04-06,11.690329551696777,11.788036380643726,11.500663483298654,11.788036380643726,15483000
2018-04-09,11.26501750946045,11.756424888359218,11.132826243132227,11.690329255195106,16689200
2018-04-10,11.129950523376465,11.446061321074716,10.980516507485728,11.446061321074716,26051600
2018-04-11,11.22191047668457,11.336860064434887,11.035118766890946,11.035118766890946,11280000
2018-04-12,11.1931791305542,11.336865637759669,11.178810699081863,11.242032016808354,11726600
2018-04-13,10.816717147827148,11.250650895570823,10.816717147827148,11.20754451662596,20079000
2018-04-16,10.431636810302734,10.974771455451085,10.431636810302734,10.891434141525977,22765800
2018-04-17,10.68165397644043,10.721887117631788,10.48911459096632,10.540841819114203,14967400
2018-04-18,10.925920486450195,11.06385938094949,10.727633531152623,10.727633531152623,23280200
2018-04-19,10.93166732788086,10.977646956228,10.80522252774561,10.957530937341177,19762000
2018-04-20,10.810970306396484,10.90580390814773,10.73337947666569,10.825338734959779,10481200
2018-04-23,10.615554809570312,10.736252000778716,10.483363535203535,10.733377657808639,18817600
2018-04-24,10.512104034423828,10.7420021969849,10.443134037535051,10.664411361575368,19854800
2018-04-25,10.650040626525879,10.670156642880364,10.316688088913555,10.440258530085774,14036800
2018-04-26,10.733379364013672,10.79660176451762,10.624178431086076,10.72763286964133,12663200
2018-04-27,10.733379364013672,10.87419259343406,10.687399735349205,10.80522260231695,12337200
2018-04-30,10.546586036682129,10.805220998438841,10.503479661602348,10.776484145879424,10971400
2018-05-02,10.35117244720459,10.549459362324814,10.287950055612345,10.489111313754398,13015200
2018-05-03,10.058052062988281,10.408647371409462,10.058052062988281,10.34542497907366,17522600
2018-05-04,10.037938117980957,10.14714015557562,9.94885210096414,10.058054138558802,14099000
2018-05-07,10.026439666748047,10.25059016366888,10.026439666748047,10.109778065535732,14813800
2018-05-08,10.299446105957031,10.400026195410996,10.058052795026759,10.101159174073176,17768400
2018-05-09,10.733379364013672,10.733379364013672,10.333931134445967,10.374163172497273,26166400
2018-05-10,10.339680671691895,10.624180431281092,10.290827786643813,10.624180431281092,40970000
2018-05-11,10.290822982788086,10.50060504865177,10.22760059989419,10.437382665757875,18284600
2018-05-14,10.035065650939941,10.411524713743892,9.885632640485767,10.290828567706033,17613600
2018-05-15,9.76205825805664,9.885628699012345,9.681593096539016,9.885628699012345,24310200
2018-05-16,9.905745506286621,9.980461987689665,9.770679874866424,9.770679874866424,14972600
2018-05-17,9.445947647094727,9.882754620449028,9.440200057101036,9.882754620449028,27447200
2018-05-18,9.394219398498535,9.471810210504707,9.08098345203417,9.282144146569815,23598200
2018-05-21,9.170069694519043,9.624119427440437,9.16719589958811,9.624119427440437,19078200
2018-05-22,9.373736381530762,9.49814099001438,9.237758994667066,9.301408172116608,21389600
2018-05-23,9.171215057373047,9.330336860624563,9.142283669921774,9.258008667906543,17746000
2018-05-24,8.890579223632812,9.026556547098831,8.734350651084432,8.852968815073817,40698000
2018-05-25,8.705419540405273,9.052595015221478,8.664915937344125,9.01498405367595,19350800
2018-05-28,8.066039085388184,8.592588744659826,8.022642284015209,8.592588744659826,29319200
2018-05-29,8.248307228088379,8.375605002774245,8.045788066170878,8.274345421815495,29098200
2018-05-30,8.786429405212402,8.786429405212402,8.256987037847844,8.25987968005708,43313000
2018-06-01,8.870329856872559,9.04970402461256,8.424788459293108,9.009199859872362,40264000
2018-06-04,8.997628211975098,9.084421831455414,8.905048204043993,9.032345439039075,16699800
2018-06-05,8.424784660339355,8.957119431795054,8.410318696662243,8.925295415345586,23979600
2018-06-06,8.008177757263184,8.459505534964338,8.008177757263184,8.3900705346888,28434000
2018-06-07,7.687041282653809,7.889560470625533,7.232820258698788,7.8403772707935655,53017400
2018-06-08,7.7969746589660645,8.03710409083529,7.279104848844008,7.768043289090981,45009800
2018-06-11,7.539489269256592,7.985031119418094,7.525023854098712,7.927168355146138,20231800
2018-06-12,7.831753730773926,7.927510609453326,7.56479507605257,7.631534601367913,27853200
2018-06-13,7.689569473266602,7.907198797981694,7.527073065781464,7.834655689743331,32028200
2018-06-14,7.341360092163086,7.79983237419087,7.341360092163086,7.762110212940026,29391200
2018-06-15,7.254309177398682,7.370378013545087,7.054090089133716,7.34136066614352,60073800
2018-06-18,7.115026473999023,7.355869513164462,7.115026473999023,7.1904713547985395,22491600
2018-06-19,7.61412239074707,7.776618751632389,7.004760345602332,7.039581271093389,31840400
2018-06-20,7.834654331207275,7.843359701931957,7.5793028780088,7.73889746707536,33299800
2018-06-21,7.5473856925964355,7.828852777372189,7.518368336129028,7.770818617897415,20552000
2018-06-22,7.573497772216797,7.72438751362925,7.512561296336474,7.64023727395161,17348800
2018-06-25,7.794031143188477,7.834655103655803,7.5357773208263135,7.646043147037561,22208200
2018-06-26,7.886884689331055,7.973936174357465,7.767914068180368,7.852063763244585,23881000
2018-06-27,7.724391937255859,8.174159075950211,7.698276368845468,7.886888376895999,29318000
2018-06-28,8.168351173400879,8.168351173400879,7.69827229753978,7.69827229753978,22322000
2018-06-29,8.313435554504395,8.385978623136126,8.139332079096302,8.29312358384106,27542400
2018-07-02,8.528167724609375,8.531069515387186,8.18286292394975,8.206076696712246,17346600
2018-07-03,8.60361099243164,8.734188785363848,8.571692406850351,8.60070920220427,20235800
2018-07-04,8.850257873535156,8.861865034767762,8.548478323006314,8.658744140876435,12724800
2018-07-05,8.644237518310547,8.934409967207818,8.592006388955433,8.90249082072191,19754800
2018-07-06,8.548476219177246,8.716776694870862,8.432407402715937,8.571690535929282,18280800
2018-07-10,8.475936889648438,8.76610933591031,8.415000941594254,8.676156032537934,29250200
2018-07-11,8.644237518310547,8.69936988510981,8.33085074217987,8.400492616960035,29137400
2018-07-12,8.809633255004883,8.861864369712006,8.676153678146694,8.676153678146694,19928000
2018-07-13,9.033066749572754,9.033066749572754,8.751599715175471,8.792223674882724,20128200
2018-07-16,8.934407234191895,9.10270718093132,8.835748587469489,9.01855693083168,17779600
2018-07-17,9.233285903930664,9.314533823691649,8.870570395112145,8.88798058456665,23151600
2018-07-18,9.175252914428711,9.35225772875436,9.10851283174001,9.227483489394631,25685000
2018-07-19,9.094003677368164,9.094003677368164,8.812536629514243,9.044674343882429,54670600
2018-07-20,9.57568645477295,9.67144385064206,9.305826111584876,9.430600296367299,39137000
2018-07-23,9.51185417175293,9.633727197043532,9.468328961015047,9.575692475806115,11245800
2018-07-24,9.587294578552246,9.69755927306219,9.54086704746394,9.633722109640553,12936000
2018-07-25,9.741089820861816,9.790419716823727,9.61631556903598,9.61631556903598,16675200
2018-07-26,9.424799919128418,9.770104694954703,9.404487938604515,9.732383077935978,15242800
2018-07-27,9.540867805480957,9.662739669175545,9.416093598220453,9.48863669049192,13317200
2018-07-30,9.543769836425781,9.648232075097926,9.508949459175012,9.575688976788918,9593800
2018-07-31,9.43060302734375,9.529261687906603,9.311632387275592,9.50604736451776,13914200
2018-08-01,9.566986083984375,9.648234016222355,9.349356745272592,9.349356745272592,15349200
2018-08-02,9.642428398132324,9.749791872620179,9.474128987334051,9.503145783600015,15501800
2018-08-03,9.932602882385254,10.016753158984208,9.700465142560603,9.72658070747338,25511000
2018-08-06,9.952913284301758,10.01094798676845,9.842647460307031,9.97032402711773,10092000
2018-08-07,9.741089820861816,10.06027909809248,9.625020389003318,9.981933504546152,20147600
2018-08-08,9.4683256149292,9.842647165439628,9.45091487263482,9.764301592414544,18453600
2018-08-09,9.749794006347656,9.842649103023724,9.604707779426292,9.633725688962604,31247000
2018-08-10,9.212976455688477,9.613414797400937,9.140433333990142,9.590200467135778,40015400
2018-08-13,9.256501197814941,9.343553266334602,9.053380811522471,9.169449682755317,17807400
2018-08-14,9.57568645477295,9.593097192272664,9.329040428251162,9.416091901910642,17102400
2018-08-15,9.37256908416748,9.494442077980457,9.314534377919394,9.4015869907515,25654000
2018-08-16,9.401586532592773,9.552475211796747,9.343551829172837,9.482834453228744,19425600
2018-08-17,9.070785522460938,9.355154776965065,9.056276576411914,9.256495604210816,28188600
2018-08-20,8.829944610595703,9.146232513203936,8.763205103594656,9.073689426430668,31663400
2018-08-21,8.478835105895996,8.844452300458956,8.467228500738011,8.792221193598564,30458000
2018-08-22,8.786253929138184,8.84190036043492,8.414302378737071,8.49337879816691,27614400
2018-08-23,8.563674926757812,8.956127929438864,8.537316101307939,8.786260253548214,34472800
2018-08-24,8.680821418762207,8.80968667311333,8.464093821080638,8.765755501448107,21201800
2018-08-27,8.947339057922363,8.947339057922363,8.713039071054387,8.727682610752925,13919400
2018-08-28,8.903406143188477,9.035200209223676,8.859474974048451,8.96198140778526,12144600
2018-08-29,9.084992408752441,9.205071243257953,8.932697110828022,8.973699476186392,16223400
2018-08-30,8.765755653381348,9.06741678036223,8.733539199581385,9.06741678036223,22144200
2018-08-31,8.815546989440918,9.00005818992799,8.704254058226542,8.774544065965204,21645600
2018-09-03,8.607604026794434,8.762828121361123,8.607604026794434,8.745255761532048,11828400
2018-09-04,8.387948036193848,8.636892141726545,8.352803314598217,8.610533321222183,22075000
2018-09-05,8.402592658996582,8.569531493510535,8.229796184313466,8.291299730243738,14968800
2018-09-06,8.590030670166016,8.6398194827502,8.317656610653428,8.551957135185253,20406200
2018-09-10,8.472881317138672,8.76282775599778,8.420163681234248,8.707181300474753,28121600
2018-09-11,8.089215278625488,8.273726454655412,8.07457117981978,8.27079763489427,24762000
2018-09-12,8.126080513000488,8.272972786280107,8.07026129225636,8.225967303658592,31743200
2018-09-13,8.017378807067871,8.211276520948092,7.967435422562394,8.196586960593875,13594200
2018-09-14,8.082014083862305,8.120205833751966,7.861675642842121,8.017381676222252,22403400
2018-09-17,8.358171463012695,8.358171463012695,8.020318750244295,8.049697320095845,28580600
2018-09-18,8.731278419494629,8.731278419494629,8.305291070617969,8.340544910070687,31828000
2018-09-19,8.643143653869629,8.886984869188753,8.534443096519071,8.622578819861342,23738600
2018-09-20,8.666646003723145,8.790035562461325,8.56969710473955,8.778283909081653,12891600
2018-09-21,8.983932495117188,8.983932495117188,8.619639680680311,8.734215488348065,32603200
2018-09-24,8.734216690063477,9.01918813243471,8.666646361390798,8.925176582566555,26173800
2018-09-25,8.681333541870117,8.743028590979888,8.463933034261055,8.528565996218871,23485800
2018-09-26,8.651957511901855,8.804725092475337,8.581448708129837,8.710714101245593,25684800
2018-09-27,8.898735046386719,8.901672399029286,8.719526276311374,8.719526276311374,17535800
2018-09-28,8.651957511901855,8.80766300599498,8.607889369456917,8.763595423899751,25581800
2018-10-01,8.287662506103516,8.743028928855656,8.284725153491536,8.68133387736167,31355000
2018-10-02,9.233648300170898,9.271840044306469,8.710711610544436,8.725401173942386,65583000
2018-10-03,10.07093334197998,10.405847527273972,9.791838934701016,10.282458562459993,70672600
2018-10-04,10.317716598510742,10.540993560195657,9.847661606594341,9.894667105785981,55840000
2018-10-05,10.49986457824707,10.661445922289209,10.162011760132039,10.590937108520137,47335400
2018-10-08,11.516358375549316,11.971724353824841,11.331273734320094,11.898278192144934,83863800
2018-10-09,11.457599639892578,11.66324908833821,11.281329324481657,11.431158980511007,50770600
2018-10-10,10.972856521606445,11.222574153180203,10.905286184789885,11.222574153180203,41681600
2018-10-11,10.928790092468262,11.21376046405594,10.80833842100553,11.163817607432179,38134000
2018-10-15,11.081554412841797,11.293078542575378,10.990480792083414,11.140310430673834,26452200
2018-10-16,11.566298484802246,11.60449079361499,11.225508420248104,11.225508420248104,36392600
2018-10-17,11.666183471679688,11.674997769696098,11.343020935453836,11.392963767850956,32591600
2018-10-18,11.531041145324707,11.745503686919491,11.52222796931498,11.551605969813325,31727400
2018-10-19,11.627994537353516,11.71025386341487,11.504604427562219,11.7014406843938,19574400
2018-10-22,11.707314491271973,11.821891413247116,11.666184831398466,11.707314491271973,20179400
2018-10-23,11.748451232910156,11.807207279285103,11.48992037020135,11.528112696904863,27725800
2018-10-24,11.486974716186523,11.845392202704048,11.47522418667538,11.766070244833823,27626400
2018-10-25,11.780759811401367,11.854205947683667,11.578048878713894,11.648557662652506,28963000
2018-10-26,12.462342262268066,12.506410400788965,11.639745601906032,11.898276365116724,41151400
2018-10-29,12.300760269165039,12.750251446619803,12.11567678738292,12.620985511877588,73741000
2018-10-30,12.662121772766113,12.750258090818184,12.256699640805877,12.521105232862574,44728200
2018-10-31,12.559292793273926,12.809009277725924,12.227315851258219,12.764942256134084,24857200
2018-11-01,12.744377136230469,12.79725845751478,12.468218876034761,12.573981518603382,31418400
2018-11-05,12.753190994262695,12.806072318358558,12.55047999902819,12.7943206639596,20783400
2018-11-06,12.477028846740723,12.703243060241558,12.415333246186677,12.488779375737636,24175000
2018-11-07,12.177371978759766,12.65624119388321,12.004039018727312,12.568104916711308,23486000
2018-11-08,11.927659034729004,12.562233977174394,11.904156840186454,12.500539455712978,34638600
2018-11-09,12.192059516906738,12.271381484392201,11.672060699412597,11.898274950234287,25403400
2018-11-12,12.391839027404785,12.482912690000878,12.130370817560827,12.274324696358196,22029200
2018-11-13,12.250814437866211,12.524034125094445,12.200870487804576,12.412395696161655,22453600
2018-11-14,12.271389961242676,12.341897678357956,12.024610709939282,12.265514131366409,31291000
2018-11-16,12.65917682647705,12.662114178990596,12.289008771316459,12.36245491184587,29923400
2018-11-19,12.955902099609375,13.014659251404092,12.58573394849173,12.665055935309681,32093200
2018-11-21,12.926523208618164,12.95590122217618,12.71206057168638,12.779630899429321,24920200
2018-11-22,13.31096363067627,13.436735964890556,13.056422587745935,13.194174708235472,21254600
2018-11-23,13.415775299072266,13.712240484121372,13.388823918613257,13.47566738257523,29086400
2018-11-26,13.179201126098633,13.69427140306546,13.06241220105299,13.496628343215972,22759200
2018-11-27,13.490636825561523,13.595448231699782,13.071394628047088,13.191177623474271,26934800
2018-11-28,13.703254699707031,13.715233343802275,13.284012437490835,13.56550371965084,26481400
2018-11-29,13.547534942626953,13.74817206173659,13.466680820160825,13.595448369753598,19408000
2018-11-30,13.364866256713867,13.571492721929662,13.266044158776085,13.559514078116655,22531000
2018-12-03,13.206154823303223,13.65534377841349,13.191182086602199,13.65534377841349,24941000
2018-12-04,13.074389457702637,13.355880712357953,12.975568509438663,13.209146334741025,22152600
2018-12-05,13.206154823303223,13.227116883153975,13.002522405598842,13.131289997451512,9901400
2018-12-06,13.287009239196777,13.287009239196777,12.900707598225829,13.02049063658666,16511200
2018-12-07,13.18519115447998,13.45470495159634,13.119310892565439,13.284013260871461,15668000
2018-12-10,12.798884391784668,13.251067199227776,12.756959151809703,13.161229683973396,19037000
2018-12-11,12.873753547668457,13.041449995101793,12.721028691788675,12.966585183255805,18636200
2018-12-12,12.908492088317871,13.094700822432333,12.872451946872106,12.971562622271819,24942200
2018-12-13,13.238871574401855,13.289928376422333,12.806385036364288,12.91450667087368,16044000
2018-12-14,13.244872093200684,13.365007449905065,13.109721249027842,13.145761397760888,14211400
2018-12-17,13.124733924865723,13.374013168176308,13.067669132074077,13.229851471015609,13141400
2018-12-18,13.154767990112305,13.340976717170012,13.14275422818719,13.214835654042487,16072000
2018-12-19,13.154767990112305,13.425071904950425,13.154767990112306,13.214835654042487,15181800
2018-12-20,13.238871574401855,13.37702648707669,13.154776333285593,13.214844035312602,15483400
2018-12-21,13.24187183380127,13.440094409430964,13.133750220604002,13.232862081266797,27948200
2018-12-26,13.328969955444336,13.328969955444338,12.926517919746507,13.145764015550384,14756400
2018-12-27,13.551218032836914,13.551218032836914,13.235864111459383,13.298934666595725,14068800
2018-12-28,13.962681770324707,13.962681770324705,13.470127629265207,13.572242358476874,25971800
2019-01-02,14.596385955810547,14.92675752914336,13.842540165690945,13.875577437593764,29810600
2019-01-03,14.65645980834961,14.776595184968025,14.371139148152766,14.566358848733726,17758200
2019-01-04,14.65645980834961,14.96580800214848,14.392162667206609,14.440217734410664,17718400
2019-01-07,14.560344696044922,14.857678974597903,14.467239768363724,14.665463384529236,18787000
2019-01-08,14.395158767700195,14.731536033326769,14.064788382171717,14.596384095357761,29034600
2019-01-09,14.356118202209473,14.52130343619258,14.260010388048553,14.52130343619258,33436000
2019-01-10,14.566352844238281,14.659457780022928,14.160898120254133,14.250999042728902,20525200
2019-01-11,14.626420021057129,14.683483669396626,14.452223917133372,14.560345478783242,13755000
2019-01-14,14.965804100036621,14.965804100036621,14.566355050772295,14.626422723419745,17948800
2019-01-15,14.791607856750488,14.998840122902278,14.707513803070727,14.875701910430248,18486200
2019-01-16,14.650446891784668,14.84266249866161,14.617409619534808,14.821638988265406,13349400
2019-01-17,14.704513549804688,14.863693093729355,14.536325399433359,14.66847339553881,25958600
2019-01-18,14.581377983093262,14.845675169526976,14.581377983093262,14.719532887891953,26163400
2019-01-21,14.503281593322754,14.641436410640896,14.326082624781543,14.602392259417828,16599200
2019-01-22,14.476253509521484,14.69249551803931,14.395162326691484,14.536321179658026,20386600
2019-01-23,14.776590347290039,14.842663751672253,14.476253149766645,14.551337449147493,20394600
2019-01-24,14.701506614685059,14.887715363533589,14.64143894372554,14.773586903280057,19806800
2019-01-28,14.512290954589844,14.78259484709025,14.416183158521987,14.416183158521987,16801600
2019-01-29,14.995833396911621,14.995833396911621,14.593381586031878,14.716519766824435,24407400
2019-01-30,15.191056251525879,15.191056251525877,14.857681773458426,15.016860124151874,17100200
2019-01-31,15.57548713684082,15.842787057437011,15.284159690678667,15.317196965484124,30176600
2019-02-01,15.650567054748535,15.650567054748535,15.380263196272937,15.48538187265574,17208200
2019-02-04,15.947905540466309,16.05602712037925,15.407298786597128,15.533441011727412,15479200
2019-02-05,16.41343116760254,16.41343116760254,15.812756667718759,15.812756667718759,22853400
2019-02-06,15.413309097290039,16.19418556596532,15.413309097290039,16.173162048049157,32873800
2019-02-07,15.51541805267334,15.845788479187124,15.046891658154445,15.617532735618662,31334000
2019-02-08,15.53644847869873,15.84579553281194,15.29017198297243,15.4823876727397,20094600
2019-02-11,15.076932907104492,15.668596617584903,15.076932907104492,15.617539825780803,18936000
2019-02-12,16.00497055053711,16.05903134119074,15.257130376958935,15.263137258775512,36666200
2019-02-13,15.641565322875977,16.14312800586854,15.51242020717337,16.004973138831808,29488800
2019-02-14,16.44046401977539,16.512544328930336,15.641566861516997,15.977944310863728,55715400
2019-02-15,16.461483001708984,16.662708383809484,16.2993006322666,16.428445725078625,25065200
2019-02-18,16.299304962158203,16.452476476857708,16.07705486213791,16.326335364245864,17618800
2019-02-19,16.368375778198242,16.791851142411886,16.31431499589902,16.347352267936923,27106800
2019-02-20,15.905855178833008,16.67471869479026,15.905855178833008,16.60263727473055,33344600
2019-02-21,15.977936744689941,16.185168967497713,15.88783582806462,16.05302103282693,20685400
2019-02-22,16.12429428100586,16.248817885749492,15.969399517480047,16.15770325081752,14520400
2019-02-25,15.860066413879395,16.33082647260372,15.85399194852082,16.300454145810853,20278000
2019-02-26,15.945106506347656,16.072666802277254,15.793248349144344,15.884363011749171,14574600
2019-02-27,15.762871742248535,16.002806667316378,15.747685004899665,15.93598988904001,12539200
2019-02-28,15.368047714233398,15.83577119770132,15.34375100732631,15.793251091674417,22092400
2019-03-01,15.58367919921875,15.64442151453374,15.386263198688836,15.41663435634633,18544400
2019-03-06,15.377161979675293,15.83273658925275,15.337678522441125,15.620134873066041,7795000
2019-03-07,15.31640911102295,15.474341684904179,15.231368939927455,15.368040312449374,16948800
2019-03-08,15.853988647460938,15.899545390285878,15.13114364050008,15.267816186146018,16186600
2019-03-11,16.339942932128906,16.339942932128906,15.893480588910744,15.896517243289674,23071400
2019-03-12,16.247377395629883,16.38444774064082,15.958006925486291,16.286975753512543,16058800
2019-03-13,16.497148513793945,16.61898907134121,16.116398223905833,16.204732570029716,19158200
2019-03-14,16.372262954711914,16.478872574285095,16.113353214629786,16.448413014966388,16271200
2019-03-15,16.512372970581055,16.53674153901888,16.293061664427114,16.35702741364046,25429600
2019-03-18,16.38749122619629,16.631171164192693,16.35703166968084,16.61898803876107,24193800
2019-03-19,16.03720474243164,16.46364442490952,16.00065187328036,16.448414643742066,16919400
2019-03-20,15.677774429321289,16.107260713153217,15.677774429321289,16.04938592499041,26628200
2019-03-21,15.348806381225586,15.753925270663943,15.129493829832926,15.708234768471225,31600000
2019-03-22,14.514199256896973,15.013743373587486,14.468508764436807,15.010696721046147,45764800
2019-03-25,14.617767333984375,14.873631604907098,14.31621255819917,14.431960985081732,27340600
2019-03-26,14.961958885192871,15.0015572296242,14.55074915180337,14.91017741797735,23563400
2019-03-27,14.133451461791992,14.696961435467246,14.133451461791992,14.696961435467246,38145000
2019-03-28,14.626901626586914,14.840121997275098,14.148679409363828,14.307071651533407,43732800
2019-03-29,14.840119361877441,15.038108757961112,14.696956922618336,14.834027219573082,21874200
2019-04-01,14.98632526397705,15.144717456591273,14.894945465688087,15.044198865103388,14790400
2019-04-02,14.855354309082031,15.17213884746456,14.83707787580536,15.077712351805035,20064600
2019-04-03,14.696956634521484,15.153856840776038,14.590347051178346,15.053338237660526,37021600
2019-04-04,14.87363052368164,14.986332289003117,14.575121261006826,14.834032166476577,23104000
2019-04-05,14.958917617797852,15.123402022369541,14.843169203992847,14.946733329616762,14378800
2019-04-08,14.98327922821045,15.028969710211824,14.815749397467451,14.95281968151435,12500600
2019-04-09,14.757881164550781,14.891904845526732,14.593396763836447,14.891904845526732,16008400
2019-04-10,14.867534637451172,14.949776822351533,14.67258955363693,14.876672270676513,16107400
2019-04-11,14.72741985321045,14.91627282212925,14.608625955896832,14.837076115948436,17110200
2019-04-12,14.233967781066895,14.72741979963516,14.102989596823837,14.270519481194055,35001800
2019-04-15,14.273567199707031,14.550753367111618,14.060346802790193,14.40759088481817,25571600
2019-04-16,14.569031715393066,14.681733491828934,14.163912791780863,14.300983147963857,26542800
2019-04-17,14.377129554748535,14.824891054953525,14.270518788446363,14.651269035330818,40179000
2019-04-18,14.879722595214844,14.986333385961672,14.474604843858751,14.51724869537436,33079600
2019-04-22,14.724374771118164,14.858398450431155,14.626902793080054,14.858398450431155,12519600
2019-04-23,15.0198392868042,15.032022414155142,14.824894143737971,14.919320642943905,15327800
2019-04-24,14.715237617492676,15.02592999338323,14.605581348124518,14.980239493827273,20820800
2019-04-25,14.95587158203125,14.983285650591295,14.54770720678041,14.657363481020594,19659000
2019-04-26,15.03201961517334,15.09598654115452,14.834030179582495,14.925410008467313,17268200
2019-04-29,15.038113594055176,15.32139191154177,14.757881929679195,15.10817151014917,33562600
2019-04-30,15.132537841796875,15.187365970075362,14.96805345696141,15.095986143597061,16298000
2019-05-02,15.166048049926758,15.19955426626412,14.949782132422863,15.016793403139742,17095600
2019-05-03,15.254378318786621,15.303114303493773,15.153859696727007,15.20259568143416,16262800
2019-05-06,15.038113594055176,15.129493434092659,14.980239966488233,15.068574315372809,12629600
2019-05-07,15.074662208557129,15.13253581980362,14.687819871596163,14.949776191267162,21692200
2019-05-08,15.409721374511719,15.485871410724574,15.077707170145375,15.077707170145375,28919200
2019-05-09,15.543746948242188,15.61380485081426,15.266560828518989,15.5071952516736,30755000
2019-05-10,15.2787446975708,15.592482505297259,15.187364877665347,15.565068443129876,17950600
2019-05-13,14.733509063720703,15.044201358972211,14.724371430964219,14.837073162137871,20496600
2019-05-14,14.590350151062012,14.919317765240352,14.48678603582933,14.89495035328078,19284800
2019-05-15,14.349712371826172,14.50505792753197,14.203504448233277,14.46850623712307,20887600
2019-05-16,13.90195369720459,14.27051968035432,13.831895786834135,14.255289901918589,29345600
2019-05-17,13.661316871643066,14.151723320915137,13.569937054961466,13.844077666963681,28720200
2019-05-20,14.185233116149902,14.267475320572132,13.679596763076637,13.75270133210452,26172200
2019-05-21,14.995466232299805,15.041156722590808,14.288793930732238,14.288793930732238,28416600
2019-05-22,14.996953010559082,15.205841431035008,14.867934312411455,15.14440345351292,16412400
2019-05-23,15.021527290344238,15.162833805381512,14.827998089069455,14.92015446097064,17869200
2019-05-24,15.242705345153809,15.29799941353133,15.067607852569015,15.168980701871831,18547800
2019-05-27,15.540675163269043,15.660478559397111,15.356362426430753,15.356362426430753,15283000
2019-05-28,15.74342155456543,15.927734313788541,15.500742189850511,15.571395453280436,31982200
2019-05-29,15.728059768676758,15.875510186191107,15.552962324638981,15.645118689106482,22122400
2019-05-30,15.958453178405762,15.973812379019211,15.68505542325796,15.697342080649582,18037600
2019-05-31,15.927739143371582,16.151988003259728,15.706563999605871,15.881661525510195,20329200
2019-06-03,16.00146484375,16.14277141231949,15.866302191879047,16.041399716374347,15384800
2019-06-04,16.2625732421875,16.2625732421875,15.979960133134579,16.06597261470161,22809800
2019-06-05,15.814078330993652,16.262573670743738,15.724993303118959,16.237999177576494,18513000
2019-06-06,16.21649169921875,16.23799481439924,15.804858795742103,15.995315460982972,15959800
2019-06-07,16.08439826965332,16.317861133391165,16.08439826965332,16.253351796654204,13818200
2019-06-10,15.933877944946289,16.03525078099626,15.657408811034582,15.989172006095014,18282600
2019-06-11,16.250280380249023,16.250280380249023,15.924659982846931,16.09668605216286,26265600
2019-06-12,16.105762481689453,16.333820109937154,16.000979437732436,16.296838204903374,17639200
2019-06-13,15.849968910217285,16.23211799582608,15.80065931286023,16.102680743626383,31063600
2019-06-14,15.569517135620117,15.871538503939476,15.390769147388276,15.822228916777812,26201200
2019-06-17,15.554112434387207,15.73285929668061,15.452410721297637,15.526375710420382,13692000
2019-06-18,15.917771339416504,16.0410447549979,15.649649279868871,15.671222156986456,24425200
2019-06-19,16.179725646972656,16.179725646972656,15.751348336992253,15.87154039655413,15928600
2019-06-21,16.30608367919922,16.487913047685016,16.21054581588174,16.21054581588174,29290800
2019-06-24,16.346145629882812,16.61118512792097,16.22287106198442,16.330736602803864,18067200
2019-06-25,16.195138931274414,16.518733294144262,16.10268356697356,16.272185264130748,31364200
2019-06-26,16.546466827392578,16.558794520422342,16.241364066523758,16.32765556646508,26024600
2019-06-27,16.580373764038086,16.694402029278624,16.31533414026227,16.395463000100243,27027600
2019-06-28,16.62351417541504,16.72829722139364,16.44168480667669,16.72829722139364,28394800
2019-07-01,16.60502815246582,16.848493702569765,16.49099871850725,16.814594299223213,16566400
2019-07-02,16.39237403869629,16.719050847140366,16.262936789990253,16.555713030735077,21172400
2019-07-03,16.734466552734375,16.734466552734375,16.18897826774459,16.45710040527728,23723600
2019-07-04,17.005664825439453,17.005664825439453,16.851572176550466,16.88547274740742,18334200
2019-07-05,16.9501895904541,17.064217809430687,16.740623516012352,16.9501895904541,18783200
2019-07-08,16.93477439880371,17.058047754669932,16.894709999721485,17.008738177196832,13135000
2019-07-10,16.722137451171875,17.16592513086412,16.577291128502434,17.135105888866676,25059200
2019-07-11,16.395456314086914,16.682068704254753,16.275264248977848,16.682068704254753,29312000
2019-07-12,16.025638580322266,16.524898529993294,15.96400127373272,16.494080464515438,25477000
2019-07-15,15.930099487304688,16.145829456178255,15.735943573388852,16.090356002021228,21417000
2019-07-16,15.954752922058105,16.084190182131266,15.874624086707817,16.025635399093446,20702200
2019-07-17,15.957833290100098,16.078025360203796,15.874623124112878,15.9639971367251,13825000
2019-07-18,16.22904396057129,16.410873403048267,15.985577199763561,16.01639644674597,24922000
2019-07-19,16.025638580322266,16.318414904897228,16.025638580322266,16.102684919650738,17699400
2019-07-22,16.02871322631836,16.229034095213077,16.016386710652544,16.17356066000018,12776800
2019-07-23,15.84072494506836,16.142746399037435,15.84072494506836,16.108845827818747,25341200
2019-07-24,16.12733268737793,16.225951861039547,15.862293217299849,15.89002993336926,30775000
2019-07-25,15.446244239807129,16.185889302350255,15.427753877405271,16.142743555901365,35424000
2019-07-26,15.409266471862793,15.658897011935114,15.387693592852884,15.655814500285851,16217600
2019-07-29,15.547947883605957,15.60650266460406,15.353790824625944,15.455492533112379,10184400
2019-07-30,15.390772819519043,15.624994296145527,15.13497964247285,15.477065499365757,18490000
2019-07-31,15.168879508972168,15.470900935350718,15.16271566243789,15.440081702679326,22667400
2019-08-01,15.024027824401855,15.554106720767987,15.005536290005415,15.347622034723873,29717000
2019-08-02,15.027113914489746,15.208943278880621,14.792893616179011,15.024032578931807,16607800
2019-08-05,14.746665000915527,15.027113555327256,14.614145238053924,14.712765608054202,16970800
2019-08-06,14.946990966796875,15.12265653977862,14.85761692422471,14.943909630268216,17148200
2019-08-07,14.931573867797852,15.033274377186423,14.654206704677577,14.885345615400041,22837000
2019-08-08,15.039438247680664,15.310641565892217,14.937737738122141,15.29831387514776,24360800
2019-08-09,14.993219375610352,15.156557252641594,14.885353786018788,15.057938023984926,16614200
2019-08-12,14.484711647033691,14.731259695260691,14.472383950713885,14.70352296635804,21299200
2019-08-13,14.65420913696289,14.869939057903737,14.419988852500552,14.466215936937775,19271400
2019-08-14,14.142623901367188,14.506282666709511,14.080986603309666,14.46930075812847,23003000
2019-08-15,14.130291938781738,14.373758545974908,13.945381276092405,14.222748445759727,21692400
2019-08-16,14.093318939208984,14.346030886396695,13.976208151896559,14.284393568040997,19495200
2019-08-19,13.815948486328125,14.389172195092149,13.785129248888964,14.176524747113579,20911200
2019-08-20,13.803617477416992,13.923809535490088,13.581723723661478,13.874499943059243,13199600
2019-08-21,14.592572212219238,14.62647278036436,14.096394910020011,14.136458149070139,27300600
2019-08-22,14.513602256774902,14.79671855703351,14.429600560634437,14.746939906003973,15065200
2019-08-23,13.984697341918945,14.479372993312472,13.91314063597097,14.342480871658825,26118000
2019-08-26,13.919364929199219,14.218036746078104,13.614469447633684,14.118479473785142,13994800
2019-08-27,13.80736255645752,14.186924208040327,13.514912033697708,14.109145015700598,25205800
2019-08-28,13.692248344421387,13.782472491364086,13.577135473352312,13.676692743490367,16904200
2019-08-29,14.025145530700684,14.068701691620712,13.69847195016772,13.754473067583863,17489800
2019-08-30,14.386040687561035,14.485597964002315,14.028255909413948,14.05625646758908,23972000
2019-09-02,14.202483177185059,14.55715615883446,14.124703972899963,14.386042146770544,10778400
2019-09-03,13.938028335571289,14.410925875999494,13.882027232966891,14.124699073191298,22157400
2019-09-04,14.267814636230469,14.289592714229867,13.99403155833145,14.11847873559907,14053600
2019-09-05,14.76560115814209,14.86515842648699,14.339371528864467,14.342482174268133,24718400
2019-09-06,15.366056442260742,15.366056442260742,14.90249313882954,14.90249313882954,28078200
2019-09-09,15.555837631225586,15.720729130335386,15.32872254422764,15.415834855181311,26966600
2019-09-10,15.294496536254883,15.711392951144017,15.207384242247478,15.66472497260234,16896400
2019-09-11,14.930495262145996,15.546506363426607,14.930495262145994,15.400281092464395,28189200
2019-09-12,15.006449699401855,15.122124081905211,14.81886955520152,15.106492601989428,20399000
2019-09-13,14.73758602142334,15.162769013441912,14.662554430246908,15.028336120594698,15950200
2019-09-16,14.584395408630371,14.86889266827331,14.474972651779638,14.706322635247972,16351000
2019-09-17,14.787607192993164,14.834502831023299,14.418698497813322,14.503109930704197,13488400
2019-09-18,15.012704849243164,15.08461062204906,14.743839059774192,14.837629146364247,17056600
2019-09-19,14.62191104888916,15.225295537031169,14.62191104888916,15.134631274695602,19323600
2019-09-20,14.853261947631836,15.00020051832099,14.662555938093568,14.693818905531117,30594600
2019-09-23,14.781354904174805,14.925167642862043,14.650049021040926,14.831376363359947,11494600
2019-09-24,14.331158638000488,14.868890101120028,14.25612586932586,14.815741641516041,23998200
2019-09-25,14.2373685836792,14.331158650147936,14.006018639957947,14.331158650147936,21829600
2019-09-26,14.290517807006836,14.446835003388724,14.13420061062495,14.315529130878609,17521200
2019-09-27,14.174839973449707,14.406189892661216,14.14670283722946,14.224861416440673,15873000
2019-09-30,14.221738815307617,14.349918866507114,14.218611803572813,14.22486463443688,10862600
2019-10-01,14.052913665771484,14.290515236791766,14.009145049473432,14.290515236791766,13184400
2019-10-02,13.574584007263184,13.946619677252476,13.555826708006915,13.946619677252476,38445200
2019-10-03,14.159213066101074,14.159213066101074,13.637112968304434,13.684008608009126,30768000
2019-10-04,14.25612735748291,14.256127357482912,13.949745805906218,14.184221592658277,14456400
2019-10-07,13.693387985229492,14.140455321733006,13.68088232163083,14.099812511340216,26487200
2019-10-08,13.446407318115234,13.859085893865867,13.446407318115234,13.818443080987814,23554400
2019-10-09,13.818441390991211,13.862210018304303,13.474542818692141,13.621481375476648,18528000
2019-10-10,13.880967140197754,14.012273009155328,13.76216574023219,13.846577167107286,12938000
2019-10-11,14.140453338623047,14.190474793396776,13.990388974301862,14.00602045530511,18216600
2019-10-14,14.068549156188965,14.24362486391514,14.01540187627187,14.143581943101807,13727000
2019-10-15,13.874714851379395,14.124822130072337,13.840324876945571,14.059169193028985,29577000
2019-10-16,14.068549156188965,14.181097740255385,13.724651764968842,13.880968977815387,30479400
2019-10-17,14.04040813446045,14.287389548806646,13.937239422615361,14.171715177160529,49907600
2019-10-18,14.399940490722656,14.553130674580403,14.224864802279676,14.381181997909122,94233200
2019-10-21,14.506237983703613,14.615659556819338,14.309277959489606,14.474973825237903,31502200
2019-10-22,14.81887149810791,14.90328173924128,14.518741558389593,14.537500052311247,34194600
2019-10-23,14.881400108337402,15.119002970417025,14.656304103732204,14.803241491817552,41522600
2019-10-24,14.787607192993164,15.031462841102005,14.603152845403242,14.925167095158566,44281000
2019-10-25,14.922040939331055,15.022083859769698,14.728207930056893,14.781355209774935,20923200
2019-10-28,15.253435134887695,15.253435134887695,14.912663535942597,14.95955798798108,28999200
2019-10-29,15.21279525756836,15.35348102603968,15.150268116847107,15.190910937206823,20788800
2019-10-30,15.45039176940918,15.45039176940918,14.85951293298781,15.197158663860373,31496400
2019-10-31,15.053345680236816,15.319084422773338,14.990818566520723,15.28782146221804,28340600
2019-11-01,14.993945121765137,15.256558058183119,14.83450210693537,15.144009486488903,24608600
2019-11-04,14.909530639648438,15.178396351944176,14.818867591111175,15.05334333658695,22246000
2019-11-05,15.003327369689941,15.14713892652924,14.890778779952837,14.943926062547721,18492400
2019-11-06,14.903278350830078,15.156512594471705,14.803235457871613,15.006448255034009,21688400
2019-11-07,14.903278350830078,15.156512594471705,14.83762542593959,15.022079733445263,28996200
2019-11-08,14.69382095336914,14.92829681964631,14.556262207824672,14.80636955999913,33611800
2019-11-11,14.768853187561035,14.82825330872958,14.509365999739002,14.612535949385608,20247800
2019-11-12,14.606283187866211,14.862643364313701,14.490607572376916,14.70319911273911,33016600
2019-11-13,14.36555290222168,14.596901722308885,14.321784270994682,14.515617291830997,26175200
2019-11-14,14.540626525878906,14.615659312335794,14.306150708033947,14.421826303513551,24067000
2019-11-18,14.546873092651367,14.740707210601892,14.381177301033976,14.693811590186888,31171200
2019-11-19,14.315529823303223,14.528121316073825,14.290518498221683,14.490604328451516,16236000
2019-11-21,14.49998664855957,14.534376630118402,14.271763634930574,14.303026604017244,22505600
2019-11-22,14.731606483459473,14.778874150864103,14.47006080740282,14.523630910599184,15279600
2019-11-25,14.684338569641113,14.791477572169256,14.580351385989308,14.7347568530622,14860200
2019-11-26,14.495266914367676,14.615010760238874,14.356616967930677,14.60555650788956,30660000
2019-11-27,14.917523384094238,14.930128255045675,14.334561926356866,14.558292976444903,22475800
2019-11-28,14.999454498291016,15.021512424153785,14.671736227444088,14.79147891010861,13819800
2019-11-29,15.065629005432129,15.122349727890796,14.939582688398035,15.01205889996927,14571000
2019-12-02,14.945887565612793,15.229491224227955,14.945887565612793,15.065631466146636,19454800
2019-12-03,15.248393058776855,15.34292718445843,15.109743087914985,15.169614420364438,35073400
2019-12-04,15.468973159790039,15.481578030165599,15.220032379172466,15.248392736484172,30058200
2019-12-05,15.336627006530762,15.525696487789617,15.223186760255613,15.491033689455486,18946200
2019-12-06,15.273604393005371,15.437464122240772,15.210581235289178,15.308267189852614,19271400
2019-12-09,15.320868492126465,15.424856866598315,15.223183754725525,15.23578742266765,16859800
2019-12-10,15.100290298461914,15.358685363417411,15.01836103547608,15.298812823094357,13054600
2019-12-11,15.078234672546387,15.242094425566707,14.986852342763473,15.141257839410653,19959400
2019-12-12,15.469212532043457,15.469212532043457,15.137119679717829,15.181398565826692,16996400
2019-12-13,15.349023818969727,15.655814921700054,15.2952569529084,15.453396497572037,36059800
2019-12-16,15.140279769897461,15.57674525392122,15.140279769897461,15.42176796824668,24014800
2019-12-17,15.481860160827637,15.481860160827638,15.156091910021395,15.225673689000976,21084000
2019-12-18,16.016368865966797,16.038508300135884,15.380648587024009,15.418601730384063,40919200
2019-12-19,16.180835723876953,16.180835723876953,15.839254986251591,15.908835554994301,24387600
2019-12-20,16.14920425415039,16.161854495699675,15.889855601508478,16.114413375245757,19074600
2019-12-23,16.636272430419922,16.636272430419922,16.047994591829546,16.117575141001993,17606800
2019-12-26,16.826047897338867,16.84502387064985,16.55720994584642,16.59832656553519,20063200
2019-12-27,16.7533016204834,16.974695989693565,16.528742578627792,16.873486790480683,17266200
2019-12-30,16.705860137939453,16.870325396728838,16.705860137939453,16.79441789016878,15679800
2020-01-02,17.01581382751465,17.069581897124166,16.816557674388168,16.873488003852877,26319800
2020-01-03,16.987348556518555,17.050604611806857,16.71534836333508,16.794418130818237,18930800
2020-01-06,16.76279067993164,16.88930279030827,16.58883743304545,16.88930279030827,19999800
2020-01-07,16.636272430419922,16.7722724766098,16.53822672724242,16.762784494110935,21277000
2020-01-08,16.484464645385742,16.75962830254857,16.459162947393224,16.68688305536146,42937200
2020-01-09,16.14920425415039,16.55087868117104,16.04483161743649,16.509762078237518,49486000
2020-01-10,15.769671440124512,16.26939164247108,15.674787979578571,16.18083390682936,30696400
2020-01-13,15.946793556213379,15.972096466373616,15.690608226641368,15.80763116985956,28363800
2020-01-14,15.861396789550781,15.968931728027732,15.73488467139826,15.902512202417723,17530000
2020-01-15,15.570416450500488,15.820277172934262,15.450230081676477,15.791812012068277,29003800
2020-01-16,15.639998435974121,15.744369889565133,15.491346904259446,15.64632416142036,23745200
2020-01-17,15.851909637451172,15.89935198949399,15.728560969950797,15.769677594620632,22843600
2020-01-20,15.750696182250977,15.924649415506526,15.58306867466948,15.81395223248267,16996600
2020-01-21,15.295254707336426,15.703254962230227,15.197207769696494,15.671626334035668,28958400
2020-01-22,15.415440559387207,15.494510317432567,15.273114753603807,15.437579995119206,20918800
2020-01-23,16.28204345703125,16.28204345703125,15.301578998577652,15.35218359243638,43249000
2020-01-24,16.066974639892578,16.282044478917456,16.066974639892578,16.256742783654463,18300600
2020-01-27,15.908842086791992,16.152377193653273,15.728563055539107,15.832935761269352,24031800
2020-01-28,16.038511276245117,16.17767483856966,15.839256331749537,16.066976440674328,15292800
2020-01-29,15.64316177368164,16.250418186780518,15.611534350779229,16.130231808035422,16800400
2020-01-30,15.750696182250977,15.810789972900048,15.29841705188127,15.402789715739882,25079800
2020-01-31,15.352189064025879,15.535630329702302,15.250979840237,15.532468069306638,32252800
2020-02-03,15.42809009552002,15.541950734920103,15.184555107138438,15.355346066238566,20402800
2020-02-04,15.260458946228027,15.687435035177154,15.260458946228026,15.589389335356412,23533200
2020-02-05,15.940465927124023,16.221954111971943,15.529302162752664,15.560930794286037,47383400
2020-02-06,15.671621322631836,16.14603973526353,15.576737881407182,16.130226029477488,19325800
2020-02-07,15.6874418258667,15.91516314868542,15.57990689081441,15.671628113228497,15590000
2020-02-10,15.532462120056152,15.810787982125634,15.459718093727165,15.722229040348411,15570600
2020-02-11,16.231443405151367,16.33581608785231,15.712745871327218,15.788652180101518,36193000
2020-02-12,16.326324462890625,16.560371494190928,16.025859119677243,16.405394226551575,33234200
2020-02-13,16.07329750061035,16.301018749934613,15.95627461704474,16.240924972191518,27612600
2020-02-14,15.766509056091309,16.1175789700545,15.677951314374015,16.092277275210446,20045400
2020-02-17,15.529301643371582,15.889860791739487,15.52930164337158,15.8392561894875,13498000
2020-02-18,15.677953720092773,15.782326394425501,15.402791261456656,15.485023290453924,17858200
2020-02-19,15.715906143188477,15.918325756165293,15.545116366799194,15.655813555802329,22296200
2020-02-20,15.554600715637207,15.829763097185102,15.39646122174623,15.813949389097722,24104400
2020-02-21,15.56725788116455,15.567257881164549,15.285769671714677,15.43758349681655,12871200
2020-02-26,14.434003829956055,14.877586777488185,14.408474497960071,14.87120414014829,30428200
2020-02-27,14.612712860107422,15.187136783970217,14.162747311055824,14.296779032432958,62945800
2020-02-28,14.954176902770996,14.954176902770996,14.223381376687742,14.727598759968664,52758400
2020-03-02,15.04672622680664,15.155228645629567,14.775469571067424,14.941414518523887,26420400
2020-03-03,14.606335639953613,15.113743891297355,14.395713415850395,14.906312378111542,43107400
2020-03-04,14.622284889221191,14.899922870890016,14.360602889512478,14.823333670536115,38468000
2020-03-05,13.757460594177246,14.542506754863643,13.498969250718421,14.443577698570197,51693600
2020-03-06,13.498970031738281,13.633002993741137,13.160698742488794,13.339407735340988,38051400
2020-03-09,12.00865650177002,12.825614526056944,11.584220289106876,12.27033852109486,50349200
2020-03-10,12.640522003173828,12.985175840053154,12.008655621092238,12.611800748653602,64873400
2020-03-11,11.549115180969238,12.388412954230775,10.923631455074235,12.31820517489201,50007000
2020-03-12,10.022887229919434,10.247400148569024,8.518652143163548,9.365386072336115,63084800
2020-03-13,11.703526496887207,12.08198962534189,10.170424703498893,11.623343392210936,81556200
2020-03-16,9.750266075134277,10.520023810480666,9.477643378183856,9.782339441554665,62690400
2020-03-17,10.221742630004883,10.677182696909291,9.641216501654107,10.070997999088487,54067400
2020-03-18,8.534690856933594,9.673290831969881,8.120945694714234,9.355765773678764,76586600
2020-03-19,8.201128005981445,8.881081015869846,7.485894845346639,8.178676834120491,83329800
2020-03-20,7.890017509460449,8.948434231324674,7.80341961083105,8.659775180975206,59350200
2020-03-23,7.097807884216309,8.018310159721707,7.027246975040223,8.018310159721707,53616200
2020-03-24,8.313382148742676,8.492992085076306,7.633429329285649,7.761722752700908,51598600
2020-03-25,9.31086254119873,9.80479015882123,8.252445169010137,8.316591898869527,50041200
2020-03-26,9.779132843017578,10.157597251864376,9.391046851682267,9.410290628407923,51320000
2020-03-27,9.05748462677002,9.46160760110856,8.986923705567527,9.230680449378802,41604800
2020-03-30,9.298032760620117,9.448776777437695,9.079934617650997,9.26916679394782,31537200
2020-03-31,8.94522762298584,9.461607051021474,8.797690993117707,9.365387562998656,37808400
2020-04-01,8.566760063171387,8.749578001352328,8.355076778696992,8.627699375898366,39653200
2020-04-02,8.666191101074219,8.91636202503692,8.438470739385343,8.643739927051783,31444800
2020-04-03,8.17867374420166,8.624491450577112,8.018307592354569,8.611662476538472,37936200
2020-04-06,8.9356050491333,9.076726867665196,8.576384484350937,8.707884722197964,42828000
2020-04-07,9.35576343536377,9.782337471109422,9.35576343536377,9.44556872090176,43029400
2020-04-08,9.53537368774414,9.798374146350838,9.16653156624088,9.397458663901975,39788200
2020-04-09,9.509714126586914,9.90421477323077,9.448774808339586,9.731019621038907,35051200
2020-04-13,9.69894790649414,9.718191679609127,9.205020318219372,9.544996498077214,36057400
2020-04-14,9.689324378967285,10.151179152327465,9.621970876471234,9.923459468556894,35539400
2020-04-15,9.509714126586914,9.698946263448292,9.301238219870534,9.455189602207392,33496400
2020-04-16,9.23709487915039,9.743852156613874,9.23709487915039,9.654047456651128,41468400
2020-04-17,9.487263679504395,9.641215073520048,9.310861116996684,9.477641487972743,37230000
2020-04-20,9.298032760620117,9.458398970244641,9.14728874380254,9.301240158222432,35550000
2020-04-22,9.256338119506836,9.349350206036764,9.182569195726167,9.265959700881465,40397800
2020-04-23,8.996545791625977,9.503303083997178,8.85542394131912,9.365388631890294,43417600
2020-04-24,7.793798923492432,8.884289831486102,7.697579425374708,8.861838044293227,147956000
2020-04-27,8.239615440368652,8.403189036052911,8.053590674800995,8.178676113721929,64265600
2020-04-28,9.34614086151123,9.381421617198656,8.695054556178492,8.730334700117485,86465400
2020-04-29,9.480851173400879,9.68932714624902,9.214643260925861,9.634803216322089,49257400
2020-04-30,9.140873908996582,9.230679206226725,8.932397959737596,9.079934578313681,47870600
2020-05-04,8.903531074523926,8.903531074523926,8.656566991434197,8.77844564022456,33172000
2020-05-05,8.916360855102539,9.156910165348995,8.839385149233497,8.986922377627227,31599200
2020-05-06,8.656566619873047,9.022201327053242,8.579590924242925,8.967676799513349,40625400
2020-05-07,8.422431945800781,8.804103629967162,8.361492625396433,8.80089623291973,52811800
2020-05-08,8.691847801208496,8.887494141090523,8.595627718157282,8.691847801208496,35152000
2020-05-11,8.74637222290039,9.022201656028754,8.595627611514924,8.627700972134074,34665000
2020-05-12,8.438468933105469,8.836177019689945,8.422432558450254,8.800896873098772,48281800
2020-05-13,8.194711685180664,8.611664126939866,8.092077426208688,8.547517409208162,52812200
2020-05-14,8.547518730163574,8.595628470023136,7.93812726452922,8.018310368211333,72389000
2020-05-15,8.387151718139648,8.685432933099905,8.287724850402387,8.499408174874478,46873000
2020-05-18,8.788067817687988,8.90994647476403,8.547518512759948,8.70146992109425,37513600
2020-05-19,8.550727844238281,8.909948490015326,8.550727844238281,8.743167454056389,33452200
2020-05-20,8.765617370605469,8.865044253559317,8.586007379390779,8.659775692171099,45599600
2020-05-21,9.38463306427002,9.394255259541444,8.813728991554804,8.86504614283834,61039200
2020-05-22,9.144081115722656,9.349349663108699,8.95164154667398,9.256337581980096,53895800
2020-05-25,10.103068351745605,10.103068351745605,9.557823148380622,9.62196985880534,63773600
2020-05-26,9.875350952148438,10.561718096733493,9.695740366552611,10.423803065980756,61640600
2020-05-27,9.910634994506836,10.144769593166272,9.782342105635141,10.144769593166272,38620800
2020-05-28,9.875350952148438,10.090241074230088,9.689325571692367,9.817619021903244,41465400
2020-05-29,9.891387939453125,9.894595337081665,9.54178955067344,9.782338867076973,53853400
2020-06-01,10.199291229248047,10.311548316047014,9.80158308166118,9.868937211390847,44087200
2020-06-02,10.526436805725098,10.552095983871656,10.3532410237267,10.455875289319021,31544400
2020-06-03,11.145451545715332,11.225634650360766,10.853585093745835,11.055646860031512,58994400
2020-06-04,11.206389427185059,11.408451178367985,10.750950014118608,11.042816444273063,47894200
2020-06-05,11.28978157043457,12.242356037815444,11.228841626831379,11.99859993389398,71092200
2020-06-08,11.671452522277832,11.806160774368138,11.386000865356593,11.488635141474408,44528000
2020-06-09,11.479012489318848,11.892757564529136,11.264121152594548,11.398829392115163,57456600
2020-06-10,10.972257614135742,11.677869299849675,10.972257614135742,11.661832920889713,54692400
2020-06-12,10.696425437927246,10.866414448060649,10.52323086551346,10.584169583261176,57919800
2020-06-15,10.606621742248535,10.686804852621444,10.167218639984204,10.263438127732261,67145600
2020-06-16,10.744538307189941,11.11979472944591,10.61624482307829,11.065270793971731,46683000
2020-06-17,11.065267562866211,11.151865455830018,10.699632830461454,10.725290785693147,37890600
2020-06-18,11.033195495605469,11.267330010254742,10.84075531372456,10.962633973232764,37827600
2020-06-19,10.885658264160156,11.264122630497514,10.872829896782122,11.193562327678384,40652600
2020-06-22,10.66114616394043,11.039609293383583,10.584169844911449,10.972255778918901,30278400
2020-06-23,10.754158020019531,10.917732244989574,10.616242976808367,10.840755923210061,32578000
2020-06-24,10.333999633789062,10.776609521161996,10.234572136685028,10.693219624895217,48896200
2020-06-25,10.587376594543457,10.600206184920571,10.289096571006562,10.372486461463648,38026800
2020-06-26,10.205705642700195,10.545682452895631,10.205705642700195,10.471914142130954,29613800
2020-06-29,10.725295066833496,10.725295066833496,10.244196896855591,10.31796461815191,36642000
2020-06-30,10.31154727935791,10.65473085380338,10.269851724253247,10.651522844604624,50537400
2020-07-01,10.606621742248535,10.670768475246295,10.321170065080528,10.398145165880107,34025600
2020-07-02,10.63548755645752,10.981879175516285,10.584170415504053,10.786232193288333,39952000
2020-07-03,10.744538307189941,10.744538307189941,10.48153776590866,10.622659619633605,16389200
2020-07-06,11.119790077209473,11.222425555657134,10.927351155050872,11.020363830942822,38240600
2020-07-07,10.673971176147461,11.02036266766505,10.673971176147461,11.001118288081841,46336600
2020-07-08,10.933767318725586,10.96904807769063,10.750949952722157,10.811888666890972,35296200
2020-07-09,10.892073631286621,11.007537508229133,10.843964498225368,10.96263516130642,22495200
2020-07-10,10.94980525970459,11.013951992133746,10.760573071962014,10.869622150042433,28386800
2020-07-13,10.8407564163208,11.158282075795954,10.8407564163208,11.049232995354679,28398200
2020-07-14,11.017158508300781,11.036402894607257,10.74453643152657,10.850378720966496,28635800
2020-07-15,11.12620735168457,11.248086015423013,11.029987869153,11.12941536108398,29564600
2020-07-16,11.033195495605469,11.084512632740967,10.930561221334475,11.036402281396475,20156600
2020-07-17,11.373172760009766,11.373172760009766,11.055648309152636,11.065269891452173,34155600
2020-07-20,11.328269004821777,11.443732872069777,11.18393917076178,11.382794152576484,31739400
2020-07-21,11.38278865814209,11.610508273352199,11.312227168106535,11.4661785089597,38402600
2020-07-22,11.28978157043457,11.44693977304921,11.132622144322829,11.434111405945945,27256200
2020-07-23,11.017158508300781,11.309024971381469,10.972256163749464,11.309024971381469,28490200
2020-07-24,10.88886547088623,11.103755596466126,10.792645993410202,10.904901846549395,34400000
2020-07-27,11.196769714355469,11.24808685711215,10.757366603032803,10.808683745789486,47563600
2020-07-28,11.235254287719727,11.475803560041422,11.081302900253464,11.12941324411655,34111000
2020-07-29,11.530330657958984,11.530330657958984,11.273744968566392,11.347513277798194,26202600
2020-07-30,11.161487579345703,11.398830100149729,11.071682896418416,11.264121852261756,46309600
2020-07-31,10.770194053649902,11.216011872132682,10.76698604464814,11.193560703108151,41402600
2020-08-03,11.017158508300781,11.23846466858531,10.834341120629203,10.981878968651264,48061400
2020-08-04,10.680391311645508,11.097343289866421,10.587378599046993,10.866416736842538,41548800
2020-08-05,10.69001293182373,10.895281499955837,10.552097883204251,10.843964357922811,28369200
2020-08-06,11.017158508300781,11.042817690042748,10.629072560681967,10.827926325193712,36534600
2020-08-07,10.94018268585205,11.20638994956841,10.776608471818092,10.904901925040921,37123600
2020-08-10,11.042814254760742,11.097338163755024,10.82471617179012,10.943386791686953,19452000
2020-08-11,10.882450103759766,11.190352904893402,10.872828523567144,11.097340218041479,28091600
2020-08-12,10.824719429016113,11.039609568180188,10.648316838576013,10.904902535897714,36059200
2020-08-13,10.606621742248535,11.033196476711048,10.600206946599043,10.8696222463919,30023600
2020-08-14,10.641901016235352,10.744535285259564,10.516815577330656,10.6162418372308,21617400
2020-08-17,10.369278907775879,10.69642487368768,10.228155871071898,10.638692944762777,43903600
2020-08-18,10.510401725769043,10.574548455539865,10.391731070966136,10.552097283644644,29049000
2020-08-19,10.462286949157715,10.574543984669152,10.430214209581068,10.53605522898127,20797400
2020-08-20,10.47191333770752,10.497571293460428,10.231363426227574,10.295509539106856,45816600
2020-08-21,10.568133354187012,10.609828910855217,10.369279598803146,10.423803522256355,23354800
2020-08-24,10.874367713928223,11.05316872468344,10.663056639315245,10.692315076721163,38818600
2020-08-25,10.809347152709961,11.036912603951295,10.744328275193588,10.9816461240162,23659400
2020-08-26,10.549274444580078,10.87111601372976,10.422488296725227,10.773588303082343,33250800
2020-08-27,10.646801948547363,10.871115802695156,10.520015803153738,10.56877903746477,31874800
2020-08-28,10.854856491088867,10.893867308953599,10.721568393263789,10.73457241259588,22764600
2020-08-31,10.61429500579834,10.854863313995347,10.61429500579834,10.854863313995347,27937200
2020-09-01,10.796344757080078,10.919880518975022,10.702067432472564,10.776839958976543,24709200
2020-09-02,10.809347152709961,10.848357983167007,10.643550193168553,10.809347152709961,19689200
2020-09-03,10.978394508361816,11.309989630430133,10.763833104686059,10.789839908700072,59667800
2020-09-04,11.03691577911377,11.173454345059595,10.835358316946568,11.08567902118058,41730000
2020-09-08,10.812596321105957,10.952386457980616,10.750829076492517,10.90362323543268,26920800
2020-09-09,10.799598693847656,10.96214532685496,10.715073750209717,10.916632468034097,25182400
2020-09-10,10.575282096862793,10.88737253195341,10.54602365732718,10.773589160367258,26774800
2020-09-11,10.402982711791992,10.627296580067423,10.31195638984002,10.591537368706668,29421200
2020-09-14,10.553939819335938,10.628952219875279,10.338686465226603,10.508280205453831,22023800
2020-09-15,10.433266639709473,10.632212534171542,10.394130007580939,10.632212534171542,23170200
2020-09-16,10.46588134765625,10.638735953831016,10.439789429070014,10.46588134765625,27629600
2020-09-17,10.48544979095459,10.531109402191042,10.338685866172353,10.374561008401473,20419000
2020-09-18,10.221274375915527,10.443050689287178,10.15930731845803,10.42022088445166,31935000
2020-09-21,10.071250915527344,10.15278630404124,9.917964609064857,10.01580682645527,26836000
2020-09-22,10.05168342590332,10.332165384596825,10.006023803628823,10.061467897276012,21468600
2020-09-23,9.842950820922852,10.090818441901341,9.807075055945598,10.061465656386417,25536600
2020-09-24,9.921224594116211,10.077772367017458,9.754892352134053,9.842950707665587,31886600
2020-09-25,9.882088661193848,9.940794239397736,9.774461975175264,9.862520342481096,18700200
2020-09-28,9.950576782226562,10.361515127983868,9.823381802134604,10.012543838556331,61166400
2020-09-29,9.705971717834473,10.006021941363993,9.70271022798392,9.934270408782979,36925800
2020-09-30,9.66031265258789,9.820121931945781,9.611390924117305,9.780984673582436,28394000
2020-10-01,9.715758323669434,9.751633475782521,9.510288772365366,9.725542173306767,24017400
2020-10-02,9.689664840698242,10.025590850352684,9.55920834930134,9.59182262766697,33953200
2020-10-05,9.859259605407715,9.908180716959036,9.568993804412958,9.751632911168539,25093600
2020-10-06,9.794034957885742,10.045163580857766,9.745113207815734,9.950582816325264,21485000
2020-10-07,9.722280502319336,9.927750049810435,9.696189200327767,9.849476143835728,24819800
2020-10-08,10.191924095153809,10.270197997556707,9.670097457068797,9.75489434018836,36396200
2020-10-09,10.123434066772461,10.328902970703849,9.989715458229988,10.146263875868655,27753200
2020-10-13,10.12669563293457,10.250629779522242,10.006023598803383,10.13648010410697,21598600
2020-10-14,10.061466217041016,10.283242554593778,10.061466217041016,10.146263088579754,20747600
2020-10-15,10.129955291748047,10.253889415927436,9.855996369111644,9.931009390405725,25508400
2020-10-16,9.87230396270752,10.116910102782143,9.86578098300979,10.081034336510212,25159400
2020-10-19,9.979933738708496,10.165834363365827,9.885352369916086,9.921228147329176,31180200
2020-10-20,10.439788818359375,10.449573909322378,10.084295157335806,10.084295157335806,43185400
2020-10-21,10.51806354522705,10.589815074510245,10.371299619025567,10.416959852769114,32409600
2020-10-22,10.974663734436035,10.984447582884705,10.452836504187466,10.472405445216097,60056200
2020-10-23,10.935525894165039,11.183394171616355,10.870298578749603,10.981185512608363,38177000
2020-10-26,10.925741195678711,11.033368497177326,10.717010816673005,10.873558600927286,28741000
2020-10-27,10.69091796875,11.12142464909355,10.61264470548631,11.020321580367028,30657800
2020-10-28,10.156044960021973,10.449572774410854,10.142999624974397,10.420219992971965,30777000
2020-10-29,10.097343444824219,10.208231636474535,9.7972937757301,10.149526672129417,38897400
2020-10-30,9.719017028808594,10.06798897708426,9.657050588012906,10.009283404064698,43963800
2020-11-03,9.816861152648926,10.032114534067581,9.75163259134269,9.921226353086375,34308800
2020-11-04,9.88861083984375,10.061466070313362,9.807075459406958,9.917963626566243,27452200
2020-11-05,10.009283065795898,10.152784881587799,9.927747688705498,9.996237106869966,37385000
2020-11-06,9.944055557250977,9.99949964436459,9.842951853243434,9.947317047324205,25723200
2020-11-09,10.664827346801758,10.749623589765534,10.43652804694854,10.478926790495976,67562000
2020-11-10,11.20948600769043,11.356249970808864,10.674614003553392,10.68765996563757,84088600
2020-11-11,11.140995025634766,11.33994156532791,10.88008204084509,11.1964397347264,54251600
2020-11-12,10.674609184265137,11.131207698018462,10.560460177892235,11.085548095469303,49990800
2020-11-13,10.778976440429688,10.818113072487828,10.566985209661258,10.75940874646617,34679000
2020-11-16,11.056203842163086,11.170352936562827,10.909439832126408,10.945315617261132,46421800
2020-11-17,11.218499183654785,11.287384403104186,10.956078406237328,11.028243337951523,37379000
2020-11-18,11.244735717773438,11.366106290945044,11.080722647204652,11.17585052845145,40040200
2020-11-19,11.356266021728516,11.513718438254251,11.14961042890631,11.218495626513713,42006200
2020-11-23,11.323465347290039,11.503879519344036,11.254580140903723,11.336586696502879,35029000
2020-11-24,11.625251770019531,11.82862897956851,11.395634358143338,11.395634358143338,45083600
2020-11-25,11.592449188232422,11.68757711305631,11.366111497639958,11.612131216192155,27416200
2020-11-26,11.408751487731934,11.543242187366953,11.28738213716392,11.503879391486652,18337000
2020-11-27,11.352987289428711,11.582605885906434,11.316904206240983,11.444834227491528,19264400
2020-11-30,11.106968879699707,11.343148177028207,11.070885792461095,11.316905476738008,38819000
2020-12-01,11.41203498840332,11.60228958689979,11.264422906876149,11.326747451822733,38767600
2020-12-02,11.461236000061035,11.589167280584018,11.333305970858811,11.412032816463666,24585200
2020-12-03,11.559646606445312,11.76958322450164,11.441556945958391,11.4776400368095,43149800
2020-12-04,11.802382469177246,11.802382469177246,11.55308310895524,11.677732163405922,28255400
2020-12-07,11.858149528503418,12.22553858093668,11.681015051834919,11.746620552599643,47991600
2020-12-08,11.959833145141602,12.327223334597914,11.828623435753311,11.97951516464405,37948600
2020-12-09,11.795821189880371,12.104166601425916,11.789260516089978,12.012318419681003,25710600
2020-12-10,12.409235954284668,12.464999826558842,11.884393105531652,11.890953781914686,52704600
2020-12-11,12.62572956085205,12.704455151680786,12.192733806011187,12.268180936593057,49940400
2020-12-14,12.667512893676758,12.940605332551057,12.634610764838394,12.697125311685587,49645200
2020-12-15,12.828733444213867,12.996536271664352,12.667510036938673,12.667510036938673,30496600
2020-12-16,12.947182655334473,13.09195501107996,12.581964565945636,12.904410145805633,53018000
2020-12-17,12.960345268249512,13.085375608980396,12.802412800811613,12.953764591880972,23017400
2020-12-18,12.864930152893066,13.039314976900148,12.799125885109515,12.927445964477775,24947600
2020-12-21,12.433903694152832,12.660931380465273,12.394419635992312,12.539192005642864,37437200
2020-12-22,12.598413467407227,12.785958300522635,12.50299556841578,12.549059035477764,21540800
2020-12-23,12.805700302124023,12.891247825020262,12.591834005154354,12.690541623381545,18352600
2020-12-28,12.947182655334473,13.01298815747919,12.897829470077605,12.937312269310212,15154400
2020-12-29,12.871506690979004,13.029439142110185,12.81557283032518,12.996537018800355,14602800
2020-12-30,12.766220092773438,12.947184305382642,12.720156611942263,12.924152564967054,17188000
2021-01-04,12.368097305297852,12.92744220473298,12.338484891353179,12.907700177058002,27749200
2021-01-05,12.239774703979492,12.322031252722452,12.075261606493573,12.322031252722452,31908000
2021-01-06,12.519444465637207,12.743182342850426,12.298997552723224,12.34835072099562,41133400
2021-01-07,13.016279220581055,13.062342695887335,12.47667510305381,12.54248060569231,43757400
2021-01-08,13.09195327758789,13.345303611461079,12.927440171576892,13.111694047022562,32480600
2021-01-11,12.878087997436523,13.128148665327188,12.766219015513986,13.012988717831146,33761400
2021-01-12,12.996539115905762,13.091957046090563,12.79583286797765,13.04918327477742,31038000
2021-01-13,12.354937553405762,13.06234461416927,12.252940201715965,12.996539101866844,69732400
2021-01-14,12.325323104858398,12.552352022138813,12.121327179954214,12.424030729480709,79070400
2021-01-15,11.94365406036377,12.32203479542354,11.943654060363768,12.239778223031042,58294800
2021-01-18,11.821914672851562,12.183843088962742,11.782431869580595,12.062103713381445,47699600
2021-01-19,11.621206283569336,11.953523477040319,11.529079341285318,11.94365183669885,39025200
2021-01-20,11.361276626586914,11.706755211918734,11.354695950614007,11.677142797608454,45387200
2021-01-21,11.24611759185791,11.453404485706976,11.098055524822863,11.367856955804253,46607000
2021-01-22,11.084895133972168,11.1276689026306,10.936834309240712,11.061863394341245,40811400
2021-01-26,10.788771629333496,11.265859968977463,10.729546800680556,11.173731760441997,53844600
2021-01-27,11.104635238647461,11.196762181206227,10.699933127233008,10.769028334152082,50160400
2021-01-28,11.3645658493042,11.499466548221811,11.015797607039817,11.045410016808825,41864200
2021-01-29,11.140829086303711,11.407339546963817,11.071733874661131,11.219794683856504,34985600
2021-02-01,11.282312393188477,11.351407616578546,11.130960592866677,11.292182780776841,33525200
2021-02-02,11.206636428833008,11.54882283300569,11.134250239904292,11.436953838813924,39601800
2021-02-03,11.2954740524292,11.430374792042738,11.246119602880139,11.285602409437914,20946000
2021-02-04,11.249406814575195,11.423791577140308,11.193472955639479,11.384307524218674,20148400
2021-02-05,11.173731803894043,11.344825614541701,11.121087651012887,11.279020109656354,25487200
2021-02-08,11.144120216369629,11.269150559415742,11.055282966452841,11.167151956518163,23303200
2021-02-09,11.27901554107666,11.351401692644,11.071729979082173,11.111212763966584,30614000
2021-02-10,11.124378204345703,11.344825194136561,11.104636177070995,11.279019691689768,28457600
2021-02-11,11.16715145111084,11.305343140883412,11.107926620513403,11.186893479688536,19888000
2021-02-12,11.104635238647461,11.232955267250158,10.92367106356326,11.107924948680791,35346000
2021-02-17,10.976317405700684,11.130960166045941,10.9664470184908,11.084895430416507,27143800
2021-02-18,10.943412780761719,11.06515339982968,10.867736892093713,10.976316159618829,34331400
2021-02-19,10.736126899719238,10.992766973333586,10.703223521604874,10.897349059505238,54815000
2021-02-22,9.485825538635254,9.824722758338673,9.39698831197984,9.706273122798121,204072200
2021-02-23,10.165962219238281,10.282889285260525,9.861952229901192,9.888678361803311,95536000
2021-02-24,10.125872611999512,10.316296379745005,9.945471382577923,10.272866654743902,41196000
2021-02-25,9.84190845489502,10.383113494001478,9.795137877180125,10.169304410503287,54625400
2021-02-26,9.370859146118164,9.96885725332193,9.324088572263578,9.892019699931888,93719600
2021-03-01,9.30738639831543,9.61807814279465,9.260615180121956,9.571306924601176,55568800
2021-03-02,9.664848327636719,9.81852345156973,9.026761267964455,9.170414489067875,72674600
2021-03-03,9.684890747070312,9.915404022010929,9.357495487543835,9.621415947871924,53904800
2021-03-04,10.03567123413086,10.17932377808154,9.721638743045496,9.758386771869542,47893000
2021-03-05,10.22275447845459,10.369748510284202,10.039011779367275,10.072419600765079,46278000
2021-03-08,9.755044937133789,10.279545525289077,9.711614586852804,10.018965335206362,49536400
2021-03-09,9.684890747070312,10.005604951840025,9.638120177766877,9.84524753085456,46114200
2021-03-10,9.988901138305664,9.992241984423908,9.574645777661955,9.748365952603226,41561200
2021-03-11,10.039011001586914,10.229435377640748,9.878654235942665,10.122530230010105,42769200
2021-03-12,10.071142196655273,10.111427047176525,9.957002533868703,10.00400099255518,24629400
2021-03-15,10.000648498535156,10.131573194428144,9.936864393223034,10.004004983803902,29175800
2021-03-16,10.027504920959473,10.044289908625435,9.822724741842292,10.034218531842116,37046600
2021-03-17,10.306137084960938,10.390063280635518,9.916719588255367,9.953646678944063,44209000
2021-03-18,10.218853950500488,10.544487365130854,10.208782576326163,10.309493756845143,43460800
2021-03-19,10.306137084960938,10.383349031308098,10.020787891606151,10.128213319620645,55346800
2021-03-22,10.336350440979004,10.423633119950223,10.14835530393286,10.245709997078833,24805400
2021-03-23,9.963717460632324,10.332992827709758,9.963717460632324,10.329635703245614,42922400
2021-03-24,9.782440185546875,10.168501317181434,9.7690123230491,10.030861724665142,36567800
2021-03-25,9.923434257507324,10.01743183721584,9.738796863418807,9.802580958231948,35524800
2021-03-26,9.957006454467773,10.044289798043565,9.805939005912325,9.936864341429123,29058800
2021-03-29,10.004003524780273,10.094643981166625,9.83615111234902,9.940220069076817,29090000
2021-03-30,10.31285285949707,10.332995611708949,9.940220907864001,9.950291643663748,34844000
2021-03-31,10.222211837768555,10.31956590082505,10.148356368926263,10.289352416354317,25287800
2021-04-01,10.054360389709473,10.339708996447799,10.03757476323263,10.329638260867874,26105200
2021-04-05,10.040931701660156,10.188642010376483,9.943577631131012,10.124857911563906,25271000
2021-04-06,9.920076370239258,10.104714390446556,9.886506403207092,10.064429533579448,28033600
2021-04-07,9.856293678283691,10.051002447445414,9.816008818319897,9.91000639803133,39545400
2021-04-08,9.772370338439941,9.933508544921017,9.735442592673161,9.910009303180816,36282400
2021-04-09,9.799224853515625,9.963720154903363,9.762297114730513,9.772368490846324,42761800
2021-04-12,9.920076370239258,9.920076370239258,9.81265093900174,9.886506403207092,19441800
2021-04-13,9.920076370239258,9.963718351870796,9.779080331663497,9.883149278442659,26578800
2021-04-14,9.936861991882324,10.024145314820185,9.839507294653377,9.943576241409716,39591600
2021-04-15,9.950291633605957,10.094644822780882,9.852937559238384,9.946934508240705,36495800
2021-04-16,9.99393081665039,10.020787171724686,9.903290378159891,9.933503857656724,25956600
2021-04-19,9.94357681274414,10.134928453126877,9.926791187961198,10.004003141044388,43004200
2021-04-20,10.104717254638672,10.225570578883834,9.946935547517372,9.946935547517372,47233800
2021-04-22,10.01407527923584,10.212141184629303,9.953648306023439,10.208784059416818,35732200
2021-04-23,10.094644546508789,10.168500021910683,10.01407546086632,10.040931822747142,28495400
2021-04-26,10.104717254638672,10.25578407002169,10.03086176949891,10.121502242912477,19695400
2021-04-27,9.99393081665039,10.10471336137011,9.95700308830848,10.091284863679956,25809600
2021-04-28,10.171854019165039,10.195353890331338,10.02078726064636,10.067785722366924,30427200
2021-04-29,9.950291633605957,10.245712262686315,9.926792396355378,10.17185678526313,29384800
2021-04-30,9.950291633605957,10.020789985663889,9.88315104721947,9.960363009701718,25312200
2021-05-03,9.987218856811523,10.081216441268202,9.920077633584444,10.010718092849153,20199000
2021-05-04,9.859652519226074,10.06107493318111,9.799225538917067,10.037575694240106,24475400
2021-05-05,9.822723388671875,9.930148831670165,9.671655959264186,9.930148831670165,32421800
2021-05-06,9.805937767028809,9.879793239349997,9.718655074786556,9.81265201729549,31321000
2021-05-07,10.051003456115723,10.23228374337989,9.990576480258937,10.071145567965921,53601600
2021-05-10,10.181929588317871,10.259141561621083,10.037576378912389,10.08457550030649,29152800
2021-05-11,10.255780220031738,10.255780220031738,10.081214230474455,10.104713461358742,22437600
2021-05-12,10.188639640808105,10.349777772673987,10.13156980573402,10.188639640808105,27599800
2021-05-13,10.460561752319336,10.524345845041289,10.205426021737633,10.238996630554771,44067800
2021-05-14,10.460561752319336,10.651913390179088,10.39342053468506,10.608272046931082,24169000
2021-05-17,10.6451997756958,10.69555601207999,10.453848126415538,10.520989348057029,25101000
2021-05-18,10.7929105758667,10.866764766138902,10.64519963409775,10.64519963409775,29673200
2021-05-19,10.977548599243164,11.011118571227954,10.584773908143113,10.675413728930685,29905600
2021-05-20,11.011116981506348,11.07825819639481,10.930548548129922,10.994331997937273,34823400
2021-05-21,11.105116844177246,11.152115317396794,10.977548645001082,11.07825984198759,29453600
2021-05-24,11.178021430969238,11.229015274512955,11.144024238413134,11.198418449642608,22198400
2021-05-25,11.028433799743652,11.225613579900926,10.950242220430939,11.198415832213032,19141000
2021-05-26,11.212016105651855,11.249412364960888,10.967241533345568,11.079430311272667,32237400
2021-05-27,11.364999771118164,11.422793044630485,11.113425770830162,11.198416794367175,35845600
2021-05-28,11.402392387390137,11.443187702538275,11.286804580420672,11.337798400140924,18165200
2021-05-31,11.385397911071777,11.490785948669876,11.337801849249965,11.392196051614814,13159000
2021-06-01,11.551981925964355,11.5655808035223,11.388799285850043,11.490788273813946,21480400
2021-06-02,11.966737747192383,12.024531027339505,11.545181651434747,11.555381457295018,52695800
2021-06-04,12.15371322631836,12.184310038762503,11.874942844876063,11.898740221570423,27855000
2021-06-07,12.415488243103027,12.493679825161104,12.068724729067188,12.160515185446679,43566400
2021-06-08,12.340697288513184,12.466483649709614,12.160516720026926,12.374694478606948,41678000
2021-06-09,12.1027250289917,12.361098547825698,11.8919475876296,12.306704327575464,42585400
2021-06-10,12.068726539611816,12.29990225031658,12.068726539611816,12.18771346562446,23587200
2021-06-11,12.034730911254883,12.102722700843008,11.912343615019843,12.102722700843008,18991400
2021-06-14,12.167442321777344,12.242592581291522,12.071797484623428,12.191353531065822,18890200
2021-06-15,12.126455307006836,12.232348766114562,11.972739415741929,12.232348766114562,20392600
2021-06-16,12.211848258972168,12.341652885044073,12.092292223815843,12.160609213583427,31462400
2021-06-17,11.921499252319336,12.372398240482413,11.883924119461865,12.239178262579225,37774200
2021-06-18,11.9044189453125,11.965905290704674,11.696050000442694,11.92833015706909,35907200
2021-06-21,11.812189102172852,11.938577104474803,11.760950053720723,11.873674136027022,20113800
2021-06-22,11.562826156616211,11.860010527900524,11.460349371339527,11.829267362011217,37191000
2021-06-23,11.562826156616211,11.73362123309836,11.51158841550938,11.576490075469907,21822400
2021-06-24,11.586742401123047,11.689220534021386,11.54916856253239,11.665309317162064,14805200
2021-06-25,11.238320350646973,11.672138844782902,11.207577174371002,11.641396971570392,25363200
2021-06-28,11.152922630310059,11.333965053079064,11.023117965254677,11.24856748715958,32851400
2021-06-29,11.07777214050293,11.193912880023792,11.006038499256833,11.170001666275093,20347400
2021-06-30,10.975293159484863,11.108513124972491,10.947965318839625,11.057274075294252,18033400
2021-07-01,10.859153747558594,11.050443442805403,10.83182590363001,11.006037651016433,20781400
2021-07-02,10.97870922088623,11.081186024020091,10.876232417752368,10.913807549616209,15805800
2021-07-05,10.91038990020752,10.968460253508054,10.869398794305926,10.934300455647122,11764400
2021-07-06,10.746428489685059,10.87623314395537,10.698606065233715,10.862569221808318,16258400
2021-07-07,10.889894485473633,10.910390365063455,10.684940901827842,10.838656089562186,15518200
2021-07-08,10.859153747558594,10.883064959464445,10.613208364454618,10.66103078826632,34024400
2021-07-12,11.135842323303223,11.15292287931923,10.92405671995217,10.937720643539585,17936000
2021-07-13,11.08801555633545,11.135837967120478,10.968459529372874,11.070936310064075,15393000
2021-07-14,11.163171768188477,11.415947875416466,11.088021480765402,11.200746911900014,32931200
2021-07-15,10.9923734664917,11.207575671567424,10.917223200546431,11.10851419428744,18692400
2021-07-16,10.859153747558594,11.111929788581396,10.835241884121084,11.033364191881697,16104600
2021-07-19,10.77717399597168,10.824997082307187,10.695192399937422,10.725935579891745,14064600
2021-07-20,10.968461036682129,10.992372245360572,10.691772518036093,10.794249964341445,15092400
2021-07-21,11.07777214050293,11.149505781749028,10.937720187233369,10.937720187233369,19714000
2021-07-22,10.913808822631836,11.118762452805896,10.889896957681941,11.060692735379826,13675600
2021-07-23,10.855737686157227,11.00262093698865,10.80108330177073,10.927471321340132,10730800
2021-07-26,11.023113250732422,11.040192495998934,10.842070253862744,10.842070253862744,12075600
2021-07-27,11.074355125427246,11.125594183439599,10.934303176998638,10.947967099543716,14935000
2021-07-28,11.238320350646973,11.238320350646973,11.067525216461235,11.125594936613924,18250800
2021-07-29,11.060690879821777,11.248565226473819,11.006036500740036,11.238317937603236,15226200
2021-07-30,10.804496765136719,11.118759746862404,10.743011081967131,10.947964662262173,26820400
2021-08-02,10.95138168334961,11.20074235937131,10.913806554910439,10.924053843370892,23384600
2021-08-03,10.889894485473633,11.043610976271081,10.732763317807652,11.009451176954713,16356000
2021-08-04,10.729350090026855,10.879649987914055,10.64053654361768,10.848906812175043,17454200
2021-08-05,10.538058280944824,11.118761256511599,10.527810339926042,10.94796614872167,38815000
2021-08-06,10.859153747558594,10.896728229897077,10.555137999169698,10.613208364454618,23521600
2021-08-09,10.760091781616211,11.016284443083263,10.760091781616211,10.848905315775252,20401000
2021-08-10,10.486821174621582,10.958216095223063,10.486821174621582,10.790836295560357,45841200
2021-08-11,10.384342193603516,10.534642067562642,10.32627183217828,10.531226087298615,45073400
2021-08-12,10.158895492553711,10.432168124783816,10.111073058814455,10.394592983113375,43326800
2021-08-13,10.076910018920898,10.257953043642697,9.97101724860853,10.216961936552869,50579000
2021-08-16,10.059829711914062,10.264783271190781,10.029086547716261,10.070076998959014,32244400
2021-08-17,10.018842697143555,10.141815404111506,9.906117932933512,10.083745031546835,32961000
2021-08-18,10.06666088104248,10.2784470479901,9.998343246066593,10.046165655702861,32465800
2021-08-19,10.134982109069824,10.216963685753639,9.947107743944208,9.984682226050339,24213600
2021-08-20,10.148643493652344,10.196466559813755,10.022255497407231,10.070077912037107,20974400
2021-08-23,10.240873336791992,10.28186444465264,10.128148604589656,10.158891772602253,37757000
2021-08-24,10.575521469116211,10.630818259974644,10.409631096540915,10.485664019173823,31057600
2021-08-25,10.540959358215332,10.544415489566685,10.413085134973862,10.53059096416127,16490000
2021-08-26,10.392350196838379,10.572065092563053,10.378526329038642,10.47875151295335,15668000
2021-08-27,10.55133056640625,10.575522833128371,10.368159511069026,10.47529697477692,12122600
2021-08-30,10.451101303100586,10.572063256491788,10.416540650818868,10.534046473062938,13065600
2021-08-31,10.516767501831055,10.679201726444871,10.45110232201284,10.471838451727658,27641400
2021-09-01,10.527134895324707,10.651552987953673,10.499486503539345,10.547871683555973,13138200
2021-09-02,10.091673851013184,10.523680425813582,10.064025456593548,10.471839109485758,29610200
2021-09-03,10.06748104095459,10.2022675420388,9.943063594278808,10.157338488614155,28068800
2021-09-06,10.247194290161133,10.257562683714253,10.02255103669385,10.064023951716706,11824000
2021-09-08,9.81518840789795,10.153881375359372,9.787540015843744,10.140057508927102,26706800
2021-09-09,9.987990379333496,10.126232330695176,9.732242604516982,9.867028424695917,27122600
2021-09-10,10.019096374511719,10.33359710731601,10.019096374511719,10.19189900392901,34482800
2021-09-13,10.24028205871582,10.354331751386052,10.160793018804062,10.271386580279485,20121200
2021-09-14,10.165419578552246,10.321917924005117,10.116731499222611,10.234974546159151,16357000
2021-09-15,10.085433006286621,10.182809839627225,10.057611148664364,10.175854209390309,16628800
2021-09-16,10.248887062072754,10.301053629215321,10.026312185346173,10.061089675666064,30809000
2021-09-17,10.064565658569336,10.273229899171616,10.064565658569336,10.172375261939136,37796400
2021-09-20,9.737661361694336,9.935892218996742,9.647240140879537,9.848948813981613,31646200
2021-09-21,9.984578132629395,10.001967207829482,9.772436721791477,9.904590376685174,27290800
2021-09-22,10.217586517333984,10.363651433583229,10.050655373999247,10.085432861358667,49030800
2021-09-23,10.24193286895752,10.342786868851752,10.179333514314305,10.262799099396757,32272200
2021-09-24,10.161944389343262,10.276709651218399,10.144555974611622,10.179333467400406,24134400
2021-09-27,10.387995719909668,10.506238110840007,10.144553981541938,10.175853652569943,37552400
2021-09-28,10.17585563659668,10.502763007002384,10.102822835516717,10.297576529512947,31860200
2021-09-29,10.231498718261719,10.321919928379112,10.172377183312864,10.266276208818478,23874000
2021-09-30,10.050654411315918,10.294096136188845,10.050654411315918,10.294096136188845,23068800
2021-10-01,10.27670955657959,10.290620818897194,10.050656850522477,10.095867789729198,18931200
2021-10-04,10.154988288879395,10.273231353178536,10.057611452596152,10.262797907507872,19529200
2021-10-05,10.638394355773926,10.704471524751696,10.151511453990151,10.189766098492656,58411600
2021-10-06,10.655781745910645,10.690559234836092,10.374085345932835,10.485372779833924,31716600
2021-10-07,10.544493675231934,10.808801646448284,10.495805591671818,10.687080774222606,23374400
2021-10-08,10.767068862915039,10.86096788125248,10.600137716976528,10.607093347221985,26906200
2021-10-11,10.683603286743164,10.84357946571367,10.638393016812065,10.801846347578849,15460000
2021-10-13,10.697517395019531,10.77054954204062,10.551452437651768,10.683606130829466,20400800
2021-10-14,10.645350456237793,10.829670045734483,10.624483561961338,10.77402632098165,21292800
2021-10-15,10.98268985748291,11.05919980787141,10.641871901217579,10.714904036134945,28465800
2021-10-18,11.201787948608398,11.257431674577461,10.829670282443217,10.867925592794025,29963800
2021-10-19,10.652303695678711,11.083543487519734,10.621004685994286,11.083543487519734,45746800
2021-10-20,10.850532531738281,10.968775564630546,10.62447924552791,10.780977572392743,25801000
2021-10-21,10.370607376098633,10.76706901929201,10.207154042908915,10.607093501275532,51418400
2021-10-22,10.0541353225708,10.308009906513968,9.706361701829298,10.308009906513968,65578200
2021-10-25,10.262798309326172,10.360175149422002,10.109777750125716,10.109777750125716,22095800
2021-10-26,10.154988288879395,10.273231353178536,10.068044898266816,10.186287962565958,22256000
2021-10-27,10.144556045532227,10.398430617011835,10.144556045532227,10.182811354199883,15202400
2021-10-28,10.0541353225708,10.186289669914874,9.960236285772465,10.172378406688956,18392400
2021-10-29,9.911544799804688,10.144553072508547,9.873289502348358,10.144553072508547,22352000
2021-11-01,10.137598037719727,10.290618573192482,10.022832801946498,10.071520882782004,17584200
2021-11-03,10.203675270080566,10.377562032470044,10.057610363140391,10.102820629498499,22166400
2021-11-04,9.963713645935059,10.266276974007083,9.90111429093219,10.221066033915896,22132200
2021-11-05,10.18628978729248,10.28366597769383,10.043701990885914,10.085435117719028,15278200
2021-11-08,10.252362251281738,10.314961585157555,10.057609284032198,10.085431136496418,15958800
2021-11-09,10.23845386505127,10.64882677490609,10.23845386505127,10.572316166632895,41557200
2021-11-10,10.707948684692383,10.805324861091762,10.259320454879406,10.266276085572347,40790400
2021-11-11,10.502760887145996,10.826189713339732,10.502760887145996,10.815756931952256,42865600
2021-11-12,10.485372543334961,10.669692766154665,10.422773197346178,10.541016259030453,17486800
2021-11-16,10.339309692382812,10.589707126434817,10.269755365510457,10.530585583764266,17540200
2021-11-17,10.193239212036133,10.467980544565147,10.186284247451049,10.349737523391292,27624000
2021-11-18,10.116731643676758,10.241930321826732,10.050654489839232,10.214108467051776,38862200
2021-11-19,10.102822303771973,10.19324351479845,10.054134214498282,10.137599794678382,37276400
2021-11-22,10.04718017578125,10.26975575485749,10.022836127286716,10.172378897553786,31387400
2021-11-23,10.467253684997559,10.4954577766496,9.97720666794028,10.181686500527228,32655800
2021-11-24,10.66115951538086,10.699940403695129,10.333286444022525,10.365016139472605,27828200
2021-11-25,11.214665412902832,11.214665412902832,10.682312453939497,10.706991629039019,49416600
2021-11-26,10.844486236572266,11.010185230296118,10.77045005814161,10.840960640224258,26635000
2021-11-29,10.862113952636719,11.154731736091756,10.862113952636719,10.99255833264286,23346400
2021-11-30,11.225241661071777,11.225241661071777,10.654107841210411,10.82685802394633,65184800
2021-12-01,11.034862518310547,11.563689808436076,11.034862518310547,11.45792461938644,51792200
2021-12-02,11.33806037902832,11.422673362064254,11.154733369848584,11.172361354830599,35298200
2021-12-03,11.352161407470703,11.514334815250017,11.221717023981387,11.355686331606089,34640600
2021-12-06,11.658879280090332,11.845731165286587,11.500230818660778,11.539011703107713,42535800
2021-12-07,11.493180274963379,11.845731833641732,11.450874464487667,11.845731833641732,25386200
2021-12-08,11.546064376831055,11.616574962611644,11.387415895044123,11.556640493990995,20586600
2021-12-09,11.288700103759766,11.60599567247786,11.239342432512322,11.56368986562425,19433200
2021-12-10,11.457924842834473,11.588368533710309,11.288700268079433,11.373311883018268,16587600
2021-12-13,11.362738609313965,11.658882025423296,11.362738609313965,11.457927708586004,24086800
2021-12-14,11.364506721496582,11.669355097854451,11.307789911155316,11.513386066772334,29018600
2021-12-15,11.16954517364502,11.42476779494272,10.896598336633083,11.417678108657027,44818600
2021-12-16,11.134096145629883,11.392863580491706,11.020663882463584,11.240438723320883,31537600
2021-12-17,10.751262664794922,11.102194006837525,10.68745684331269,11.031299175498122,45895200
2021-12-20,10.428689002990723,10.623650627066597,10.36488318387945,10.623650627066597,42582800
2021-12-21,10.457046508789062,10.669732335715167,10.457046508789062,10.545665546999139,23533800
2021-12-22,10.3967866897583,10.510218963080133,10.336525710042366,10.492495423914727,24956400
2021-12-23,10.357793807983398,10.449957696555284,10.336525426346705,10.386151875535543,14675600
2021-12-27,10.37906265258789,10.453502324842471,10.3507045856181,10.368428123933102,11492400
2021-12-28,10.318803787231445,10.41805670388035,10.283356027238357,10.400333161938699,17281400
2021-12-29,10.265630722045898,10.38969753082801,10.258541711685844,10.343615920993937,15332800
2021-12-30,10.226637840270996,10.347159794523257,10.198279773159266,10.325890737107223,25165600
2022-01-03,10.216002464294434,10.549210232304763,10.208912779077075,10.325889880725118,32338600
2022-01-04,10.226637840270996,10.332980422912566,10.14510848183848,10.3223465703142,23429600
2022-01-05,10.056489944458008,10.27271996354204,9.996228964294662,10.216003826460028,26325600
2022-01-06,10.138018608093262,10.230182493525248,9.996228275163142,10.0742127892473,20271000
2022-01-07,10.148652076721191,10.216002735857234,10.067122722883127,10.141563067424988,16377400
2022-01-10,10.201823234558105,10.31171064522169,10.084846139049244,10.11674904474344,18347400
2022-01-11,10.24436092376709,10.286898360600606,10.1663764117002,10.180555106571626,25298400
2022-01-12,10.34361457824707,10.407420395972675,10.226637471120004,10.251450694433377,28332200
2022-01-13,10.510218620300293,10.64137510461968,10.30107761964295,10.30107761964295,34316200
2022-01-14,10.779619216918945,10.871783093200467,10.527941485469446,10.527941485469446,34041800
2022-01-17,10.800889015197754,10.878874207897809,10.652008991809067,10.793800005405654,18899600
2022-01-18,10.896596908569336,10.967492409915602,10.715813988635002,10.744172053951587,24899800
2022-01-19,10.992305755615234,11.091559323389252,10.885962502405297,10.974581542025437,26745600
2022-01-20,11.059657096862793,11.165999680519112,10.988761590352143,11.027754186543966,22722000
2022-01-21,11.059657096862793,11.180179052265105,10.94976899416032,11.041932882180301,28721400
2022-01-24,11.112828254699707,11.254618589901735,10.971037919497677,11.034843063256353,31500600
2022-01-25,11.399953842163086,11.481483200920959,11.01711959657215,11.073835731021944,33262000
2022-01-26,11.290069580078125,11.566561320086391,11.229808585824138,11.45312901939885,39544600
2022-01-27,11.446037292480469,11.594916653527804,11.325515325443341,11.339694022448443,30914000
2022-01-28,11.516929626464844,11.552376697246924,11.35032541890711,11.446034132681612,29160000
2022-01-31,11.577190399169922,11.676443283266673,11.43894492425827,11.499205217540116,22021200
2022-02-01,11.559468269348145,11.637453460465508,11.467303706715024,11.626818255719044,16596200
2022-02-02,11.368051528930664,11.555923480619196,11.261708940280919,11.527566088014973,23883800
2022-02-03,11.446037292480469,11.54883571923379,11.350328552284562,11.371597611956801,23502600
2022-02-04,11.424765586853027,11.488571398872987,11.346780405002157,11.414131735589411,14768400
2022-02-07,11.293612480163574,11.47794027510977,11.286522793563398,11.38932122093676,17111400
2022-02-08,11.414133071899414,11.474393372407057,11.162454636812043,11.279431747173879,23846800
2022-02-09,11.3148775100708,11.52401779390798,11.23689300891303,11.378682642231052,32754200
2022-02-10,11.438946723937988,11.570102534588916,11.293611541265518,11.34323799112158,28688600
2022-02-11,11.839507102966309,11.906857102598252,11.49920888068078,11.506298567834598,64663600
2022-02-14,11.889130592346191,11.96002609396364,11.740249903727625,11.839504146879742,32971000
2022-02-15,12.452746391296387,12.654797670173366,12.385395063524676,12.583902176201654,98196600
2022-02-16,12.523645401000977,12.686704136357646,12.445660200517587,12.470473427540583,35496200
2022-02-17,12.523645401000977,12.665435076529597,12.466927908126179,12.516555714391627,28766200
2022-02-18,12.778865814208984,12.84267163376621,12.541367426472098,12.552001278991872,42354200
2022-02-21,12.505918502807617,12.842671125540067,12.396031758533754,12.810768217023956,24108800
2022-02-22,12.622894287109375,12.800132339212075,12.537819427123708,12.548454629758806,59700800
2022-02-23,12.6867036819458,12.80368012626157,12.622897856966505,12.690247849013803,26680600
2022-02-24,12.282598495483398,12.442111672858688,12.084091375074882,12.275508810588187,46761400
2022-02-25,12.48110294342041,12.48110294342041,12.240059091357404,12.303864896445788,34731400
2022-03-02,12.619349479675293,12.690244974953737,12.381851125544475,12.442111417588736,25371800
2022-03-03,12.620749473571777,12.787719077447797,12.544524400235115,12.649787003325514,25667200
2022-03-04,12.304961204528809,12.620751842374393,12.170658277173912,12.56993511727877,31877600
2022-03-07,11.778643608093262,12.257774751470098,11.724196320806426,12.16703019576006,30754600
2022-03-08,11.869385719299316,11.974649714560293,11.749602265798533,11.85486626105951,17963600
2022-03-09,12.540897369384766,12.562676561311855,12.00006059072306,12.018209225002948,55673000
2022-03-10,12.377553939819336,12.526374920867545,12.177916241045162,12.45740957318969,21721800
2022-03-11,12.130731582641602,12.595344650970741,12.065396776195044,12.435633346217708,24482400
2022-03-14,12.206958770751953,12.468302165667714,12.167030942245514,12.181550404366423,21501000
2022-03-15,12.068384170532227,12.218143115184786,11.966108783745577,12.20353214658974,20883800
2022-03-16,12.22910213470459,12.22910213470459,11.904015707445085,12.126828128837463,23502600
2022-03-17,12.342334747314453,12.41538820392986,12.093953830849347,12.221796334892215,21021400
2022-03-18,12.31676959991455,12.430001164787418,12.243716123409337,12.39712717002903,28675400
2022-03-21,12.568798065185547,12.619935062149898,12.294848672837668,12.345985669802019,18357400
2022-03-22,12.820832252502441,12.912148725507098,12.638199306493124,12.638199306493124,23499800
2022-03-23,12.755084991455078,12.857360394418853,12.671073998813359,12.784306933267263,16116200
2022-03-24,12.901189804077148,13.029032295152687,12.740473330528092,12.77699935844149,16706200
2022-03-25,12.89388370513916,13.047296080494952,12.809872730240413,12.91214671822522,15335400
2022-03-28,12.769695281982422,12.992507699602664,12.711252794850786,12.94137069753483,13350400
2022-03-29,12.824484825134277,12.98885474411156,12.696640935539186,12.930412261072826,18239600
2022-03-30,12.74777889251709,12.817178903327177,12.612629522980408,12.817178903327177,13437000
2022-03-31,12.674725532531738,12.985200954021124,12.579755629300129,12.703946076571617,45229200
2022-04-01,12.667418479919434,12.81352536216644,12.532270519536976,12.766040416429387,52307800
2022-04-04,12.550536155700684,12.627241657898612,12.389818272948318,12.594367672188245,19774800
2022-04-05,12.218140602111816,12.539574878195692,12.185266626223939,12.517658429810984,29155400
2022-04-06,12.28023910522461,12.327724062128508,12.104911641324241,12.218144571363132,26493400
2022-04-07,12.50670337677002,12.634545867528642,12.167006023178654,12.17065806860948,30086000
2022-04-08,12.729516983032227,12.780655383187996,12.429999034728803,12.448263445759617,26147800
2022-04-11,12.809873580932617,12.871969501603258,12.565146123894388,12.656462588767521,20869200
2022-04-12,12.78430461883545,12.96328549658574,12.733167623300687,12.861010112137592,24837400
2022-04-13,12.84640121459961,12.948676615533621,12.7477806463879,12.934065644917498,25615800
2022-04-14,12.857358932495117,12.981549384318294,12.809873979138947,12.817179463761336,21384200
2022-04-18,13.332204818725586,13.332204818725586,12.828137506666067,12.853706007176884,45145200
2022-04-19,12.861011505126953,13.397952803155865,12.802569019131742,13.288373316087192,35773000
2022-04-20,12.842748641967773,12.88292811282497,12.714906137766503,12.87197058200166,22592400
2022-04-22,12.576105117797852,12.700295580217622,12.473831111115278,12.685684609726158,21846800
2022-04-25,12.674725532531738,12.766041996896694,12.408081623791503,12.510355617999082,22644800
2022-04-26,12.389817237854004,12.62358855747465,12.23640624627471,12.565146075914155,27945400
2022-04-27,12.444607734680176,12.711251645187968,12.382513207322148,12.546881729565719,19436600
2022-04-28,12.422691345214844,12.565146201737548,12.265628306568408,12.481133827360562,19950800
2022-04-29,12.134132385253906,12.667420209527073,12.090299478567768,12.492092762918581,34448000
2022-05-02,12.046468734741211,12.261975662888384,11.882098807615607,12.152396175930907,21440400
2022-05-03,12.29485034942627,12.4080832819874,12.020900919721246,12.046469421690073,25805000
2022-05-04,12.652810096740723,12.703947097955874,12.12682772132645,12.251018178582724,26092000
2022-05-05,12.324071884155273,12.565147318607,12.053774509343915,12.550536348427183,28301400
2022-05-06,12.364248275756836,12.656462065983709,12.167005778745901,12.298500312293653,27666800
2022-05-09,12.397123336791992,12.521313790436947,12.167006838015336,12.188921898825262,20204000
2022-05-10,12.254670143127441,12.514008586644414,12.167007111162242,12.477482555555376,18495200
2022-05-11,12.524968147277832,12.638199685436305,12.174313214836836,12.247365280727912,27256600
2022-05-12,12.842748641967773,12.912148659480064,12.616284180220326,12.71125269857287,49017800
2022-05-13,12.824484825134277,12.948675275763923,12.729514919334644,12.934064306659565,71424800
2022-05-16,12.824484825134277,12.824484825134277,12.824484825134277,12.824484825134277,0
2022-05-17,13.306635856628418,13.332204356252301,13.186097449791196,13.208013903773981,44380000
2022-05-18,13.11669635772705,13.471004671084073,13.05094839456021,13.295677233765366,24974400
2022-05-19,13.039993286132812,13.208015270585475,12.948676808489555,13.11304674692319,18866200
2022-05-20,13.514837265014648,13.522142749660643,13.193402907484474,13.248193345640077,51585000
2022-05-23,14.0846529006958,14.099262476996698,13.609806139758268,13.62807054854722,50806000
2022-05-24,14.052335739135742,14.141557544210936,13.76608427960728,13.977984471261827,47841000
2022-05-25,13.966832160949707,14.052335621945279,13.68058070380846,13.95196162387244,34721600
2022-05-26,13.925939559936523,14.152710297760736,13.877612439319833,13.907352096766061,25567800
2022-05-27,13.773519515991211,13.888764051832842,13.654558054924193,13.888764051832842,26784000
2022-05-30,13.409197807312012,13.829281199966026,13.104358932821773,13.829281199966026,51416200
2022-05-31,13.613664627075195,13.81069569688863,13.38317697622835,13.435222437568045,67388800
2022-06-01,13.639689445495605,13.754933997625093,13.40176648973521,13.754933997625093,26949600
2022-06-02,13.650838851928711,13.78838775243629,13.550464870001912,13.721471764485091,19103200
2022-06-03,13.461244583129883,13.613664035342104,13.372024201320603,13.609947110321883,17798400
2022-06-06,13.29395580291748,13.598796153182588,13.271651414504017,13.479833269736494,16750000
2022-06-07,13.201017379760742,13.331132460471556,13.145254989284018,13.234475381299802,15000600
2022-06-08,13.082056999206543,13.20101847720563,12.98540133013204,13.100645882376703,16033600
2022-06-09,13.063467979431152,13.230757981123949,12.981681441240784,13.030009979092593,21941200
2022-06-10,12.844132423400879,13.14897134959608,12.74004149781203,12.970529155101268,67795400
2022-06-13,12.550442695617676,12.80323609868096,12.453787061802732,12.680557739679987,28855400
2022-06-14,12.554300308227539,12.745310809354692,12.48688450107095,12.610479195041515,26059000
2022-06-15,12.752800941467285,12.917595763045611,12.610478530665466,12.674149646836556,27449200
2022-06-17,12.782761573791504,12.868903654614197,12.438191821776323,12.64043919173799,58546600
2022-06-20,12.880139350891113,13.082386724111322,12.573023604323138,12.81272355981771,28503600
2022-06-21,12.35205364227295,13.048682739683937,12.284637830992862,12.99624853729384,51527600
2022-06-22,12.307108879089355,12.49811937071073,12.15355097681344,12.284636468247257,49448000
2022-06-23,12.228459358215332,12.340818571276403,12.074901433662724,12.32583696187495,30994000
2022-06-24,12.157297134399414,12.352053765741426,12.022465510491493,12.310855055244575,18258200
2022-06-27,12.408232688903809,12.430703671209749,12.123587864081045,12.15729576626467,18872000
2022-06-28,12.45317554473877,12.700366340507905,12.31459925450939,12.509355855528204,24111000
2022-06-29,12.389504432678223,12.576770208779953,12.32957801275016,12.445683308274049,16232200
2022-06-30,12.50186538696289,12.576771993779847,12.074899585448332,12.228457486496984,36974000
2022-07-01,12.415721893310547,12.486882375987694,12.28463498893745,12.378267879750577,16754000
2022-07-04,12.374526023864746,12.445686522822358,12.284637799480258,12.400743124992543,10339200
2022-07-05,12.307108879089355,12.367033879276914,12.112352271298612,12.31085356653402,17375800
2022-07-06,12.228459358215332,12.389508087468666,12.059919824261272,12.239694850903966,21683600
2022-07-07,12.408232688903809,12.505610279253883,12.340816884536562,12.340816884536562,19425200
2022-07-08,12.52807903289795,12.599239503967041,12.38201197565259,12.423209240761455,17998200
2022-07-11,12.322089195251465,12.475647081438114,12.265908888394948,12.408231284700117,14107400
2022-07-12,12.363287925720215,12.404486631776924,12.149805020448829,12.355798550732377,14764600
2022-07-13,12.228459358215332,12.393252775456574,12.17602372531025,12.284638250383413,25347000
2022-07-14,12.213476181030273,12.243437967262222,11.955049166927866,12.17227747482721,24568600
2022-07-15,12.464410781860352,12.5880068915931,12.06740821326949,12.209729187918285,24545600
2022-07-18,12.640440940856934,12.76029093325746,12.490627735993971,12.546808044998734,21789200
2022-07-19,12.981261253356934,12.996242855697382,12.655419260435492,12.689127151339381,30828800
2022-07-20,12.985007286071777,13.119838863668816,12.880138916262696,12.936319216502923,19149200
2022-07-21,13.074897766113281,13.074897766113281,12.76029117297059,12.966283261983445,17517400
2022-07-22,12.985007286071777,13.164783675350751,12.887629718209686,13.078640167322567,13262000
2022-07-25,13.183512687683105,13.224711392535111,12.940066574680172,12.940066574680172,24344400
2022-07-26,13.228453636169434,13.404483913936549,13.157293159213824,13.24343524038885,22242600
2022-07-27,13.314597129821777,13.348305028529158,13.15729455500372,13.262162938215758,14388600
2022-07-28,13.561788558959961,13.602987262540823,13.273399062618571,13.352051782511412,16259600
2022-07-29,13.471899032592773,13.704108171519893,13.445681940877986,13.546804192506825,23704200
2022-08-01,13.363288879394531,13.565536305616739,13.303363874816633,13.475648084387489,22649400
2022-08-02,13.543062210083008,13.651676713859032,13.299616105581519,13.37077802192253,19655200
2022-08-03,13.63669490814209,13.700366020320839,13.438193625932584,13.569279108764407,15138800
2022-08-04,13.895119667053223,13.902610469356514,13.670401312852281,13.741561791646873,23298200
2022-08-05,14.153548240661621,14.168529846215229,13.838941667658581,13.895120545397793,21754000
2022-08-08,14.599244117736816,14.64418751745531,14.142315029636576,14.213476960309515,38957600
2022-08-09,14.842689514160156,14.95879340990435,14.54306448344553,14.644186770472782,34672600
2022-08-10,14.970025062561035,15.041185535836487,14.850175092452723,14.951297343893083,28315800
2022-08-11,15.63294792175293,15.872647891230631,15.565532126746762,15.786505803994865,124169000
2022-08-12,16.516841888427734,16.602985407967967,15.730326152302442,15.741561642362223,90489400
2022-08-15,16.101116180419922,16.38950429217837,16.037445057306147,16.36328719110942,38795200
2022-08-16,16.179767608642578,16.288382130324514,15.891378065930985,16.104860992699006,42526400
2022-08-17,16.033702850341797,16.26591210804978,15.880144908010298,16.041193655909805,50055000
2022-08-18,15.662910461425781,16.138565736439666,15.599240779019585,16.03369735190024,31663000
2022-08-19,15.374521255493164,15.636693650345679,15.116094976570826,15.460663348467278,54949600
2022-08-22,15.531822204589844,15.591747189147735,15.112345883960272,15.367027425512394,53275000
2022-08-23,15.8517427444458,16.034999709212027,15.615036013672373,15.61885322993136,27895600
2022-08-24,15.588310241699219,15.97009592728895,15.553949471740271,15.870830833453406,21973200
2022-08-25,15.958638191223145,15.958638191223145,15.592124355514233,15.733384623286028,36882800
2022-08-26,15.878460884094238,16.046445999689848,15.699021211792465,15.989179041744112,22573800
2022-08-29,16.20680046081543,16.3404248502082,15.790654061339438,15.855556920074038,26342400
2022-08-30,16.16098403930664,16.370965813634026,15.996816126047902,16.283155306420625,33588200
2022-08-31,15.916643142700195,16.32515366959679,15.836468506145911,16.183893387611146,35911000
2022-09-01,16.16098403930664,16.27551942017645,15.836465427713058,16.034994100872378,32369000
2022-09-02,16.23733901977539,16.447322237965604,16.191525161441298,16.256429462444537,25208800
2022-09-05,15.89372730255127,16.378594956452698,15.825005811044246,16.378594956452698,27135800
2022-09-06,15.13016414642334,15.405048795534093,14.965996217456105,15.389778477980984,67883800
2022-09-08,15.06525707244873,15.324871356394516,14.859092531127736,15.263785728195286,34886400
2022-09-09,15.481402397155762,15.615028201719781,15.202699144979837,15.244695784802923,45153800
2022-09-12,15.721930503845215,15.95100127224342,15.58448746024772,15.615031006112241,26211200
2022-09-13,15.458171844482422,15.68108852111586,15.323651820556332,15.39667743718951,32529800
2022-09-14,15.47354507446289,15.707992971463332,15.354400479434224,15.431268858701278,30654000
2022-09-15,15.315964698791504,15.619593973509978,15.269844260271705,15.500449385155308,42610400
2022-09-16,15.143011093139648,15.235251960465623,14.958526426203393,15.235251960465623,72317400
2022-09-19,15.442794799804688,15.519663160143661,14.72023455844557,14.993115844814003,31859000
2022-09-20,15.677244186401367,15.746425570920369,15.435109340584866,15.488916758290273,34701400
2022-09-21,15.565784454345703,15.777171357410866,15.47738634819635,15.74642489125297,24569000
2022-09-22,15.850200653076172,15.923224810073691,15.408208553302764,15.66187318925606,28798000
2022-09-23,15.65418815612793,15.719526802549868,15.40436771453086,15.68109187343619,34142400
2022-09-26,15.00080680847168,15.542726766773677,14.989277064510706,15.488919340099246,17178800
2022-09-27,14.812480926513672,14.95468647895738,14.79326419772005,14.889349307830582,22239600
2022-09-28,14.816322326660156,14.981588818181168,14.674116787261482,14.777888872598556,22874200
2022-09-29,14.735610008239746,14.793261650837438,14.551126804526177,14.643367673311873,37109600
2022-09-30,14.804795265197754,15.000808262242561,14.497323178587001,14.70486592071016,41095600
2022-10-03,15.934751510620117,16.219164031705446,15.565785104462535,15.777172016356431,90279400
2022-10-04,15.07767391204834,16.315250485300364,14.943155356756726,16.149983993860786,55373800
2022-10-05,15.319809913635254,15.508135905007343,14.889349038642363,15.089204773853691,44850000
2022-10-06,15.592690467834473,15.66955884380943,15.315964900781557,15.450484925273313,36355600
2022-10-07,15.627280235290527,15.684931880382209,15.415893313524755,15.588846782657564,27124000
2022-10-10,15.400520324707031,15.896319812348048,15.296748236632702,15.784860740030176,23049200
2022-10-11,15.0315523147583,15.400518723225998,14.931622996126105,15.292903887291798,29225800
2022-10-13,15.135326385498047,15.31980961402997,14.631839899656793,14.91240823468299,30284800
2022-10-14,15.050769805908203,15.442797184650304,14.866286592289967,15.24294000336165,25022800
2022-10-17,15.177602767944336,15.312121319066435,14.93546790978231,15.104577154927556,20077200
2022-10-18,15.354397773742676,15.957812025522829,15.281372166543184,15.358240532264798,43483200
2022-10-19,16.007774353027344,16.06158176135748,15.757952567332381,15.900158070225157,25457000
2022-10-20,16.757240295410156,16.787988230134324,16.0269944394178,16.103862810086,70753200
2022-10-21,17.172332763671875,17.272260643369027,16.591977817832692,16.688062937832584,64165600
2022-10-24,15.450480461120605,16.7879845385235,15.450480461120605,16.764923592551384,75329200
2022-10-25,15.185291290283203,15.554259254917781,15.05461547213279,15.412052225716495,42736400
2022-10-26,14.647214889526367,15.043085086710601,14.289778151161824,15.031555342293188,64148400
2022-10-27,14.831697463989258,15.1430137445429,14.727925370471377,14.797106766149964,41654200
2022-10-28,14.920096397399902,14.950844337654615,14.58572061091358,14.697179695123182,40856000
2022-10-31,14.228281021118164,14.73176744593603,13.840096416890178,14.089918249953424,101533600
2022-11-01,14.56650161743164,14.912407094682361,14.182161220836003,14.374331419133823,49280600
2022-11-03,14.870129585266113,15.000805380237631,14.297463208877893,14.98927563737441,60835800
2022-11-04,15.089201927185059,15.365927456260042,14.91624993765532,14.973900112117859,54580800
2022-11-07,14.56265640258789,15.062298590972597,14.458884326623489,14.954683756406029,47342400
2022-11-08,14.63183879852295,14.720236913908108,14.34358350073307,14.520379731503386,29484600
2022-11-09,14.243657112121582,14.820167767180013,14.189848219423167,14.466573803016788,37975000
2022-11-10,13.96308708190918,14.481946022303847,13.709421016840759,14.220594439635386,129116200
2022-11-11,13.651772499084473,14.086077603443217,13.590278087806082,13.955401796208834,108313600
2022-11-14,13.989992141723633,14.143727432975203,13.701736821216764,13.836255384329684,46067800
2022-11-16,13.547999382019043,13.851628656213622,13.47881799128756,13.744012344996705,45099200
2022-11-17,13.259743690490723,13.536469245370835,12.929210714637758,13.45960087277722,80265400
2022-11-18,13.213624000549316,13.567216481874496,13.106007686376238,13.286648152264123,45290400
2022-11-21,13.528780937194824,13.613334819242976,13.148283336480738,13.271272134134518,42765800
2022-11-22,13.389030456542969,13.731229101750747,13.302496879420557,13.605362898905508,26437600
2022-11-23,13.554224014282227,13.581757141670103,13.18055821344875,13.294624884308753,26649000
2022-11-24,13.774490356445312,14.14028933039407,13.51095706855702,13.60535743298759,21639400
2022-11-25,13.455890655517578,13.857089573832527,13.341823987474108,13.809890142396318,19184600
2022-11-28,13.699761390686035,13.845293886096659,13.41262756126794,13.526694260577234,16474600
2022-11-29,13.864956855773926,14.053756088224931,13.605357723598429,13.766623828428012,18270400
2022-11-30,13.876752853393555,14.085219839305983,13.648621067482793,13.931819094805029,25598000
2022-12-01,13.861023902893066,13.986890055209038,13.65649103026889,13.81382297044241,18236800
2022-12-02,14.171753883361816,14.443153969673975,13.809889102202616,13.975087850007618,27612800
2022-12-05,13.845290184020996,14.144221919047396,13.774490286170002,14.14028925825251,20721200
2022-12-06,13.986888885498047,13.986888885498045,13.802022333300423,13.920021653673107,17258800
2022-12-07,13.955423355102539,14.136355769127334,13.955423355102539,14.00262278909967,13206600
2022-12-08,13.778425216674805,14.14422424901512,13.691893160947025,13.955424990459333,24538200
2022-12-09,13.758759498596191,13.837426234812042,13.60536018821904,13.80202627853707,14063800
2022-12-12,13.290693283081055,13.920024102754674,13.062559923172474,13.727292195673453,53108400
2022-12-13,12.661029815673828,13.491587057975968,12.661029815673828,13.435951891229013,43709800
2022-12-14,12.347084045410156,12.545781891671593,12.02121969881694,12.517964314470532,80022400
2022-12-15,12.696796417236328,12.927285198464563,12.124546239300525,12.207998995472229,94932200
2022-12-16,12.955101013183594,13.018684273378016,12.629237373166362,12.716664166440632,43696800
2022-12-19,13.09419059753418,13.292888477569768,12.91933549289837,12.99881494810151,31158000
2022-12-20,13.431977272033691,13.575039997634539,12.967024929775556,13.09021665330825,26498000
2022-12-21,13.55914306640625,13.694257687035122,13.412107057939238,13.551194969199312,17495000
2022-12-22,13.68233585357666,13.845268051151004,13.475689880760138,13.638622078334484,14796600
2022-12-23,14.020119667053223,14.163182360136505,13.722072895111145,13.722072895111145,17488800
2022-12-26,14.000253677368164,14.135368308319766,13.805530586727258,14.135368308319766,9105400
2022-12-27,13.53530216217041,14.087682108898115,13.471718891668187,14.087682108898115,17731600
2022-12-28,13.777710914611816,13.829372790287564,13.36044565032515,13.551195442114924,21450400
2022-12-29,13.801554679870605,13.924747912254835,13.670414866250196,13.841295165774163,18673000
2023-01-02,13.217379570007324,13.598880572622269,13.07431839946395,13.598880572622269,23557000
2023-01-03,12.97099781036377,13.273019447289522,12.88357025505191,13.217382765580885,21547400
2023-01-04,13.137904167175293,13.217382105184582,12.939206290263085,13.046503325709017,19519000
2023-01-05,13.737972259521484,13.805530331721728,13.145853384777126,13.229306136367466,33937600
2023-01-06,13.92872142791748,14.01614898237333,13.686309765795027,13.769764029568591,29504600
2023-01-09,13.793609619140625,13.928724269067066,13.702208755358747,13.801557718070988,20027200
2023-01-10,14.028072357177734,14.099603727146404,13.64259943672965,13.71015599950852,19309600
2023-01-11,14.226767539978027,14.246637024279588,13.932695534048179,14.028069665073462,29084800
2023-01-12,14.135367393493652,14.25458582110122,13.912825216933518,14.135367393493652,20173200
2023-01-13,14.167159080505371,14.246637017674768,13.888981752579047,14.107549111683845,20087000
2023-01-16,14.151266098022461,14.353937309307506,14.036020940652127,14.171135586823766,18437800
2023-01-17,14.981819152832031,14.981819152832031,14.1234444464876,14.22279337785128,52121000
2023-01-18,15.19641399383545,15.446772222331807,15.057324573170783,15.120907831892085,46469200
2023-01-19,15.542150497436523,15.625603254385192,14.92221248307916,15.101040902215393,46824200
2023-01-20,15.923645973205566,16.015046804562292,15.54214645555724,15.581885420166484,61422400
2023-01-23,15.804428100585938,16.392573589269432,15.550095080176252,15.923646514409931,58229000
2023-01-24,15.724950790405273,16.050815206596937,15.609705651132845,15.804430249074002,33155800
2023-01-25,16.154136657714844,16.289251263431453,15.446771243812893,15.661365296882396,30466000
2023-01-26,16.14618682861328,16.483972548682228,16.122342542183016,16.205795270772633,26301400
2023-01-27,15.967357635498047,16.277325763165802,15.772633096357966,16.26142957304332,24856600
2023-01-30,16.217723846435547,16.257462821779523,15.919676983521516,16.054791622013667,28495800
2023-01-31,16.174007415771484,16.37270529184744,16.062735574326698,16.27335635380946,29569200
2023-02-01,15.979277610778809,16.313089994188726,15.836214944182558,16.193871610673185,26311400
2023-02-02,15.677263259887695,16.35283636475944,15.597783803559631,15.89980391847283,37048600
2023-02-03,15.577912330627441,15.871984310788008,15.458693919320606,15.756740705559865,24334800
2023-02-06,15.665338516235352,15.784558444697756,15.347422244205784,15.526250620955029,27313800
2023-02-07,15.450752258300781,15.768668659511707,15.283845200199433,15.732902969628917,24883800
2023-02-08,15.816351890563965,15.875961864506204,15.462669885566356,15.565992122329014,44485600
2023-02-09,15.73289966583252,15.923649466502981,15.55009796301641,15.86801429746718,21309200
2023-02-10,16.042871475219727,16.13824715476771,15.474595237606536,15.63752749004455,29831400
2023-02-13,16.134262084960938,16.348856090494962,15.907746695545253,16.185923941688173,32489600
2023-02-14,16.511795043945312,16.98867030300816,16.39257660816577,16.80189379352192,118462000
2023-02-15,16.662803649902344,16.762152585799235,16.364756842211666,16.603193681986426,49143800
2023-02-16,16.849580764770508,16.925085413136486,16.440262102722002,16.551533945931013,43014800
2023-02-17,17.0164852142334,17.13967843755414,16.6826727369252,16.829708734089397,44727400
2023-02-22,16.595247268676758,17.01251405452816,16.555508296664534,17.008539247760172,22328200
2023-02-23,16.730358123779297,16.929055970930804,16.56345265982528,16.65088019767411,48294200
2023-02-24,16.408863067626953,16.834487916858052,16.3115781830506,16.76557791914275,24550800
2023-02-27,16.18592071533203,16.514260758086778,16.100796034500856,16.41292141053089,22472400
2023-02-28,16.335899353027344,16.53452511614862,16.173757356128856,16.271042245004864,33330200
2023-03-01,15.808937072753906,16.33590133258258,15.553561502456432,16.33590133258258,54529600
2023-03-02,15.172528266906738,15.841368624580344,15.148206265173137,15.808939288935543,34978600
2023-03-03,15.34277629852295,15.533294762987648,15.131991820526057,15.28197361897928,33717800
2023-03-06,15.691384315490723,15.812991224155294,15.350884043440484,15.350884043440484,20465200
2023-03-07,16.05215072631836,16.125115174318356,15.60625825193225,15.808936930528771,38627000
2023-03-08,16.21429443359375,16.368330663681263,16.039990644727368,16.09268753460492,26042600
2023-03-09,15.8616361618042,16.291314034226108,15.8616361618042,16.18592178617427,24777400
2023-03-10,15.561667442321777,15.833257653858825,15.411685665204127,15.80893565771185,25785800
2023-03-13,15.464381217956543,15.634630537370283,15.318452346278853,15.456273886606077,18280400
2023-03-14,15.346565246582031,15.604319256976016,15.23200860228125,15.514309573186987,22174800
2023-03-15,15.362935066223145,15.461127616875206,15.035629165245679,15.072451176650496,23139000
2023-03-16,15.526588439941406,15.612505944337231,15.260651523610393,15.41203020669603,25555600
2023-03-17,15.260647773742676,15.596136427180918,15.260647773742676,15.383387258536652,42093400
2023-03-20,15.174731254577637,15.579773296920855,15.015169758136086,15.264740944146647,20987400
2023-03-21,15.354751586914062,15.452944133494505,15.25246839955499,15.264743443326035,17838800
2023-03-22,15.391571998596191,15.649326040977881,15.301563864354229,15.358842193612956,23718400
2023-03-23,15.223827362060547,15.60432089715896,15.047900176554082,15.43248591264607,22840800
2023-03-24,15.379300117492676,15.518405314763672,15.158368058170934,15.272926289329012,15880600
2023-03-27,15.387482643127441,15.608414697902864,15.313838624868966,15.538861320339839,13828800
2023-03-28,15.493852615356445,15.579771655765946,15.346564615474058,15.38747881583981,15889400
2023-03-29,15.673874855041504,15.722970343782775,15.403847325888345,15.56340883483556,14395600
2023-03-30,15.960267066955566,16.033911083011652,15.71069741334049,15.93572010208187,26295200
2023-03-31,16.00118064880371,16.168924998638538,15.780248609299077,16.021636972302115,16900200
2023-04-03,15.812981605529785,16.070734117471144,15.632962194464909,16.042094949477658,17920600
2023-04-04,16.074825286865234,16.15255994346801,15.845710396911132,15.915263772370459,16471600
2023-04-05,16.017547607421875,16.234387463064067,15.886625253745354,16.099372907931524,15532400
2023-04-06,15.964360237121582,16.09528259345196,15.894806857417421,16.054369942367813,13361800
2023-04-10,15.972539901733398,16.238475202307505,15.94390073952876,16.099370031291855,21916800
2023-04-11,16.340761184692383,16.418497404679428,16.058460154033927,16.078916479029314,26685800
2023-04-12,17.478151321411133,17.694991176280443,16.369400399133532,16.389858284905593,127943200
2023-04-13,17.469970703125,17.752271770535394,17.347231176456035,17.445422173504102,36793600
2023-04-14,17.768634796142578,17.793183322087398,17.244945395059982,17.43723671911639,42258000
2023-04-17,17.80954360961914,17.89955329131353,17.600886646538818,17.744082448582454,24098000
2023-04-18,17.8422794342041,17.866826400285678,17.604981690631693,17.81773090740495,17350600
2023-04-19,17.63361930847168,17.80545585952871,17.527245489792524,17.75226816983041,21009600
2023-04-20,17.801361083984375,17.838183085263054,17.474055273016813,17.584521276852843,20726200
2023-04-24,17.764541625976562,18.018205031419857,17.613162959366328,17.764541625976562,20519600
2023-04-25,17.600889205932617,17.72772090669792,17.482240346576443,17.592706364523494,23691200
2023-04-26,17.457691192626953,17.69907954297796,17.396322225348307,17.69907954297796,23633000
2023-04-27,17.478151321411133,17.67453485122594,17.396324460475572,17.457693435639072,12372800
2023-04-28,17.535429000854492,17.71544683961452,17.326770435226905,17.596797973725693,20796000
2023-05-02,17.11811637878418,17.494517804855878,17.069020879887386,17.494517804855878,25239200
2023-05-03,17.064924240112305,17.232668581711916,17.003555272629928,17.20812161900591,11261800
2023-05-04,17.257219314575195,17.367685343047263,16.995374607404766,17.183575295593815,14752000
2023-05-05,17.694990158081055,17.71953868316443,17.261308912579626,17.261308912579626,14382200
2023-05-08,17.625436782836914,17.911828413176345,17.576339737021012,17.77272323813262,16195200
2023-05-09,17.572248458862305,17.760449112171198,17.457690250168707,17.588614140206715,20231600
2023-05-10,17.801361083984375,17.838183085263054,17.429050431374293,17.592704117216684,21044400
2023-05-11,18.165494918823242,18.25550306349919,17.62134760635147,17.764543446097935,27159800
2023-05-12,18.0959415435791,18.28414223606991,17.96092854617225,18.02229752291442,24417400
2023-05-15,18.181854248046875,18.34959857067807,18.014109925415685,18.202312128945003,17265000
2023-05-16,17.658166885375977,18.304597286455696,17.564066553709438,18.181856230552306,43215400
2023-05-17,17.686803817749023,17.940465617230334,17.564064338046272,17.69498665782483,35046200
2023-05-18,17.674535751342773,17.72363124611739,17.510882021137206,17.633621538432564,23424000
2023-05-19,18.018203735351562,18.050933538421205,17.588614730310233,17.7318105450849,67932000
2023-05-22,17.780906677246094,18.25140990414674,17.77272383600151,18.022295031450508,16150800
2023-05-23,18.198225021362305,18.259595559797226,17.73181392355331,17.789092260376503,25822400
2023-05-24,18.25140953063965,18.402788188773116,18.067299508197678,18.198221843997,21842800
2023-05-25,18.27186393737793,18.574622782621415,18.27186393737793,18.410969099670798,23390800
2023-05-26,18.165494918823242,18.541896303709724,18.06321173022788,18.51325713576043,19180600
2023-05-29,18.13275909423828,18.23095161788037,18.00592740968334,18.23095161788037,6615800
2023-05-30,18.28823471069336,18.35369588995969,18.08775897128657,18.329147362465704,36854000
2023-05-31,18.25550079345703,18.468249986566477,18.214588147393346,18.304597841594337,34850800
2023-06-01,18.304595947265625,18.423243232858553,18.10821089647495,18.325052268180457,20393800
2023-06-02,18.628292083740234,18.628292083740234,18.628292083740234,18.628292083740234,0
2023-06-05,18.744874954223633,18.85729442927698,18.382635482374056,18.569999685812828,27334000
2023-06-06,18.961383819580078,19.219531326801327,18.719889811815634,18.74903542126078,22932200
2023-06-07,18.953060150146484,19.107115772751513,18.953060150146484,19.040496996356076,22222000
2023-06-09,19.877397537231445,19.877397537231445,19.044662018238064,19.044662018238064,36932200
2023-06-12,20.597715377807617,20.710134873333452,19.973163683764373,20.01479982804042,77115600
2023-06-13,20.383331298828125,20.74806915576054,20.286906844468305,20.61810492635496,26532200
2023-06-14,20.48394012451172,20.542633106075442,20.165318797074658,20.458785304157065,26083800
2023-06-15,20.903181076049805,21.062491766757176,20.416865661653052,20.500713477776095,41930800
2023-06-16,20.748065948486328,20.924144942464466,20.64744823816721,20.89479844346811,30393800
2023-06-19,21.133760452270508,21.15891527579318,20.76063936596956,20.781600919273117,11787200
2023-06-20,21.12957191467285,21.154725142661555,20.940914708436367,21.083455531007907,17141000
2023-06-21,21.796157836914062,21.796157836914062,21.020567519854346,21.0457223450219,27413000
2023-06-22,21.381113052368164,21.74165756756488,21.238572234715143,21.649424803417574,18000800
2023-06-23,21.38949966430664,21.43980772173975,21.196650778092803,21.42723110719755,13483800
2023-06-26,21.43980598449707,21.544615361894312,21.150532678615797,21.272111940219997,16848400
2023-06-27,21.04572296142578,21.58234645327108,20.907373817848327,21.452382251661728,25779000
2023-06-28,20.78999137878418,21.045726555054397,20.639065596115564,21.00799510938724,15524200
2023-06-29,20.982837677001953,21.04572394506985,20.63487136501517,20.77741218660673,16565200
2023-06-30,20.710338592529297,21.297270287504016,20.513296403885544,21.12957620291034,28009000
2023-07-03,21.125375747680664,21.171492125023356,20.760639598469236,20.777409481005492,26031200
2023-07-04,20.991222381591797,21.15053308609883,20.890606272939934,21.125378259303755,7572800
2023-07-05,20.852874755859375,20.966067477861305,20.710333936405448,20.96187580637628,11332400
2023-07-06,20.546831130981445,20.785798000095966,20.391713688981053,20.764834843685286,19116000
2023-07-07,20.945106506347656,21.096032272247182,20.55940874839487,20.55940874839487,23079200
2023-07-10,20.55940818786621,20.98283737574957,20.454598808767297,20.957684148294923,17806000
2023-07-11,20.265939712524414,20.55102132497147,20.073090856829072,20.54263638351549,24673600
2023-07-12,19.938932418823242,20.517478911244392,19.85508461434857,20.517478911244392,24458200
2023-07-13,20.12759017944336,20.282709194415943,19.951511210141327,20.064705518662933,14068400
2023-07-14,19.99343490600586,20.421057328812406,19.87604892301491,20.106629217860302,26211600
2023-07-17,20.169517517089844,20.20305568736179,19.897012487033184,20.03955330903349,10774000
2023-07-18,20.236595153808594,20.31205803487054,20.05632289341219,20.165323944243774,9060600
2023-07-19,19.88443374633789,20.291094612516154,19.83831736779016,20.291094612516154,16210800
2023-07-20,20.102441787719727,20.14436490498553,19.871861444228987,19.93893939141292,13507600
2023-07-21,20.341405868530273,20.479753426716705,20.102440595901083,20.102440595901083,20264400
2023-07-24,19.943126678466797,20.479750137948926,19.77962431810984,20.224016620033513,35741000
2023-07-25,19.838321685791016,20.23240442588229,19.829936742478722,20.23240442588229,21533400
2023-07-26,20.00601577758789,20.039553948930767,19.73351073882968,19.876051565381555,24767000
2023-07-27,19.59516143798828,20.02278228029348,19.557429999047923,20.006013995747654,23501400
2023-07-28,19.821548461914062,19.94312772057601,19.64546947979467,19.758663796556053,14552200
2023-07-31,20.20305824279785,20.257559575555774,19.90539994720321,19.955708008606596,20779800
2023-08-01,19.85508918762207,20.13597755815653,19.67900859774178,20.089861175110165,25360200
2023-08-02,19.943126678466797,20.022781223463657,19.746084552260175,19.813162484695443,11204000
2023-08-03,19.97667121887207,20.115018787907758,19.846706994038414,20.08148061330631,16752600
2023-08-04,19.871854782104492,20.10662671890775,19.72512072233858,19.913777885315397,22979000
2023-08-07,19.838321685791016,20.12340336135131,19.788013625181673,19.964092636946578,11456400
2023-08-08,19.699966430664062,19.867660433667936,19.435846416834824,19.80058251261363,23776200
2023-08-09,19.59096336364746,19.76704390194843,19.498730624572488,19.704157652712993,15315400
2023-08-10,19.691585540771484,19.82993308172328,19.590967838863175,19.74608526334371,24978000
2023-08-11,19.9053955078125,19.980858382719724,19.720931590963772,19.77962458272182,17290800
2023-08-14,19.70835304260254,19.993434654216703,19.67900654722438,19.993434654216703,13148400
2023-08-15,19.603544235229492,19.84670274591658,19.57000606780678,19.76285492846365,17451800
2023-08-16,19.771238327026367,20.010203548594752,19.624505857384015,19.624505857384015,23000000
2023-08-17,19.955707550048828,19.99763226630863,19.779628539550846,19.917976105047202,18367600
2023-08-18,20.03536033630371,20.173707878495076,19.84251147178768,19.94732084588519,20640200
2023-08-21,19.96409034729004,20.144362609668097,19.834127739015784,20.123401053423628,15745000
2023-08-22,20.461322784423828,20.508242899862882,20.08169876261585,20.132883603487205,15715200
2023-08-23,20.550901412963867,20.678864358288575,20.316302408679046,20.521043446626006,15535200
2023-08-24,20.282176971435547,20.51677596279625,20.188338351173492,20.51677596279625,12775200
2023-08-25,20.017719268798828,20.346158495309123,19.79591609139693,20.30776945254462,17948200
2023-08-28,20.59355354309082,20.687393788174628,20.026250600784074,20.115824492652983,15418400
2023-08-29,20.708721160888672,21.003037708447067,20.614882540730335,20.700190081394815,19569600
2023-08-30,20.410139083862305,20.84948071125084,20.388812199535554,20.77270262596496,11510800
2023-08-31,20.090227127075195,20.46558640315283,20.056104444051773,20.45279060041113,26407200
2023-09-01,20.22672462463379,20.346158103790092,20.128619656598328,20.14568181464022,11074000
2023-09-04,20.162742614746094,20.346156733501356,20.124353575305765,20.260847576174307,7264600
2023-09-05,20.090227127075195,20.3888083324293,20.05183809171343,20.19686315562047,15288200
2023-09-06,19.953737258911133,20.2395227205061,19.94947253282927,20.1414177492532,14183600
2023-09-08,19.894020080566406,20.056107322818793,19.74899499584309,19.983593966888687,15485200
2023-09-11,20.209667205810547,20.277914221350514,19.979332918186717,20.081704255065265,14399800
2023-09-12,20.31886100769043,20.456324631929608,20.228650811538905,20.271607579602776,15370400
2023-09-13,20.301679611206055,20.57660852500696,20.24583613505371,20.340341361686196,14725600
2023-09-14,20.357521057128906,20.585194858537427,20.271605889468635,20.400479460306805,14569800
2023-09-15,20.426258087158203,20.490694889055817,20.237245980925653,20.370412968093337,21606000
2023-09-18,20.34033966064453,20.66681700155072,20.34033966064453,20.464916583850727,20200800
2023-09-19,20.310272216796875,20.52076434313563,20.220062007807076,20.340342286460142,15278200
2023-09-20,20.490690231323242,20.72695572008248,20.30597318914707,20.327451571998715,14760600
2023-09-21,20.02245330810547,20.35752065275988,19.962313183546524,20.327450590480407,16633600
2023-09-22,20.05681800842285,20.245831697652186,20.018156266416437,20.086888070128342,10722800
2023-09-25,19.94083595275879,20.091187923885883,19.833442389966173,20.026751130732023,18254000
2023-09-26,19.657318115234375,19.854923527266443,19.575699592863963,19.773303366200214,23590000
2023-09-27,19.829143524169922,19.979493827452618,19.597173080223413,19.824848503517018,22109000
2023-09-28,20.464916229248047,20.533648041085407,19.859216625338913,19.884991669288794,23827200
2023-09-29,20.267314910888672,20.57231226015472,20.232948181491782,20.550833873629593,10906400
2023-10-02,20.211467742919922,20.34033968768233,20.14703258988656,20.263016193085747,9462400
2023-10-03,19.953725814819336,20.24153979845725,19.89788069907771,20.22435807251016,12873200
2023-10-04,20.10407257080078,20.220057803397363,19.837737021150605,20.018157401614918,16379400
2023-10-05,20.164213180541992,20.550830631789832,20.01815788103676,20.09548137128633,15530000
2023-10-06,20.98470115661621,21.147939828114175,20.06541253696756,20.164214416409678,41413600
2023-10-09,20.873010635375977,21.01047424954366,20.718363659763448,20.85153225291769,19707000
2023-10-10,20.838645935058594,21.10498314721743,20.821464210641654,20.898787705952838,19682000
2023-10-11,21.03624725341797,21.113570733732026,20.838641893340164,20.842938552632823,16514000
2023-10-13,20.971811294555664,21.190895043586895,20.89878447067555,21.08779651956712,21928200
2023-10-16,21.397092819213867,21.474416311105962,21.126460597591528,21.203784089483623,15472400
2023-10-17,21.20378303527832,21.598990517570748,21.13505122797983,21.30687992687828,16189200
2023-10-18,21.100685119628906,21.349838952528298,21.006179906025338,21.07491171532593,22840800
2023-10-19,21.263919830322266,21.530255337039094,21.031949402522788,21.100681199052786,16271800
2023-10-20,21.1951961517334,21.568925336088277,21.113577624185712,21.208082856426213,19846600
2023-10-23,21.165122985839844,21.388501787118642,20.976110910309636,21.16941800721058,15813600
2023-10-24,21.066320419311523,21.40997947209482,20.924560138272124,21.263924169824968,17053000
2023-10-25,21.070615768432617,21.324064631059777,21.001883956806388,21.083504109715797,12625200
2023-10-26,21.508779525756836,21.56462462919694,21.031951913473563,21.10927539863817,19577600
2023-10-27,20.963218688964844,21.504483048458987,20.84723346907324,21.435751248378264,20337800
2023-10-30,20.817167282104492,21.143644622252353,20.71407038214935,21.049137765047075,18010200
2023-10-31,20.769914627075195,20.98470175512642,20.525057432192458,20.82575973920332,14087400
2023-11-01,20.79139518737793,20.937450503769686,20.65393155297343,20.774211823403423,21810000
2023-11-03,21.52166748046875,21.676314459804573,20.9846997126058,21.027658117252184,24765400
2023-11-06,21.67201805114746,21.757933216243973,21.47870933935418,21.603286246809347,12216800
2023-11-07,21.91687774658203,21.989904580225467,21.534556938223645,21.67202056283125,29055000
2023-11-08,22.19610023498535,22.226171939440597,21.916877961690016,21.942653006067793,18976000
2023-11-09,21.268217086791992,22.062930308839068,21.14364181908668,21.908283340713346,62427200
2023-11-10,21.581811904907227,21.64624706176902,21.24674286218193,21.379911474942887,17832400
2023-11-13,21.500185012817383,21.60328352568613,21.405679817940907,21.521663391712252,9641600
2023-11-14,21.603290557861328,21.882512851775946,21.465826921753496,21.5560371256938,37860000
2023-11-16,21.5989933013916,21.684908481261918,21.418572898490122,21.60758498324821,34225200
2023-11-17,21.762231826782227,21.89110377633678,21.5732197433486,21.598993150042062,24494200
2023-11-20,21.87821388244629,22.037155875761552,21.603286659837565,21.88250890337027,15070600
2023-11-21,22.032859802246094,22.08870326506748,21.809481034874256,21.878212837242867,20642000
2023-11-22,21.843852996826172,22.062936812483613,21.736459419381212,21.736459419381212,16195600
2023-11-23,21.91687774658203,22.114481502118508,21.822370890153426,21.822370890153426,8247600
2023-11-24,21.89109992980957,22.028563537006534,21.779411363472835,21.938353352038927,8815000
2023-11-27,22.294902801513672,22.32926788718931,21.9383554102922,21.97272213466345,22614400
2023-11-28,22.617082595825195,22.681517743492044,22.320675344992818,22.32497200472127,19633200
2023-11-29,22.651447296142578,22.788910908602627,22.492505301491057,22.668630657373967,21020000
2023-11-30,23.312992095947266,23.360245520270915,22.651447432807235,22.651447432807235,35416400
2023-12-01,23.360246658325195,23.540667045046373,23.145459547259634,23.347358317348245,18946400
2023-12-04,23.270034790039062,23.544963668279248,23.179824596818925,23.32587989766393,13915800
2023-12-05,23.270034790039062,23.428978431840953,23.201302980152917,23.265739768850505,11725800
2023-12-06,22.771730422973633,23.403205099057445,22.72447863166367,23.36024832924994,17640200
2023-12-07,23.14116096496582,23.14975264533818,22.767431881593268,22.767431881593268,11561400
2023-12-08,23.390316009521484,23.45475115765892,23.050951991099414,23.154050522293097,20784200
2023-12-11,23.38602066040039,23.502005899982688,23.22707865298568,23.39031732040102,11474000
2023-12-12,22.69534683227539,23.257326519261724,22.65644045745749,23.257326519261724,25063600
2023-12-13,22.902849197387695,23.023890531345742,22.323577364915696,22.682380817812042,36160000
2023-12-14,23.054153442382812,23.153580492004746,22.652121396614152,23.12764235551289,36873200
2023-12-15,23.607484817504883,23.607484817504883,22.83368113751332,23.01956697458536,36441400
2023-12-18,23.624778747558594,23.789048661301017,23.417276958189536,23.633423143806485,15518200
2023-12-19,23.71123695373535,23.741497289138085,23.473476468829062,23.590195612124425,15467000
2023-12-20,23.4345703125,23.77608169996593,23.369727442757043,23.711237181158356,15653800
2023-12-21,23.46915054321289,23.689618901713605,23.29623295488988,23.689618901713605,20008000
2023-12-22,23.53399658203125,23.6118093423845,23.374048863111593,23.559934718503854,14606400
2023-12-26,23.75014305114746,23.75878909673991,23.473476188447396,23.533996858529964,7966400
2023-12-27,23.715560913085938,23.763113340104628,23.59451957090353,23.689622775876302,6745000
2023-12-28,23.944673538208008,23.944673538208008,23.642068556626906,23.715559115284144,11680800
2024-01-02,23.67232894897461,23.897121174451332,23.538319372543988,23.827954462694223,16341000
2024-01-03,23.693946838378906,23.806342135845135,23.559935601842774,23.63774836511348,16296800
2024-01-04,23.443218231201172,23.732855016199437,23.39566580015185,23.668010492211312,16199800
2024-01-05,23.72420883178711,23.832281938429094,23.343791034669188,23.4216038033766,16455800
2024-01-08,23.927379608154297,23.983578072327933,23.680973114015586,23.79769224003882,18107600
2024-01-09,23.568578720092773,23.840923357711024,23.464827832264348,23.814985223487813,15367600
2024-01-10,23.529672622680664,23.633421862676585,23.417275688776574,23.417275688776574,9878600
2024-01-11,23.689619064331055,23.711233350753716,23.438890373512336,23.5167031238854,13486200
2024-01-12,23.82795524597168,23.862539427519334,23.47779947765664,23.689621817910137,10126600
2024-01-15,24.294830322265625,24.294830322265625,23.776079174108553,23.81930774934479,16827600
2024-01-16,24.156497955322266,24.411550518085395,24.1089455310515,24.191080487205404,17944400
2024-01-17,24.20404815673828,24.251598927577557,24.048422654895234,24.126235405816757,19366200
2024-01-18,23.92305564880371,24.255920913528925,23.888471473685346,24.229982782190152,14648800
2024-01-19,24.17378807067871,24.359673918103848,23.897121223087204,24.00519431349417,25325000
2024-01-22,24.013845443725586,24.264575858114735,23.931710471286816,24.238637717261252,13091400
2024-01-23,24.441810607910156,24.463424896254434,24.01384044280969,24.126237380703124,20134400
2024-01-24,24.48936653137207,24.657960313240707,24.39858386884957,24.502334776418973,13342600
2024-01-25,24.459102630615234,24.64066463108278,24.4374866932662,24.53259154059558,12011200
2024-01-26,24.62769889831543,24.63634494432347,24.44613523027595,24.48504161277979,16392200
2024-01-29,24.43316650390625,24.653634901036664,24.234312396837307,24.62337456513768,11264600
2024-01-30,24.307802200317383,24.424521349788204,24.18676085230232,24.420199151243963,11859800
2024-01-31,24.402904510498047,24.571498270216676,24.260247237465663,24.381290221904674,13112000
2024-02-01,24.960569381713867,24.960569381713867,24.338067133641324,24.40291166750388,22648600
2024-02-02,24.951915740966797,25.01675860603243,24.701185378665762,24.943269695811814,14969000
2024-02-05,25.21993637084961,25.21993637084961,24.791966208479643,24.95623776716417,15148800
2024-02-06,25.764625549316406,25.82082402124178,25.24587600530078,25.254520401845067,16578000
2024-02-07,25.695459365844727,25.85108489189935,25.3625940237978,25.751657838934367,16353000
2024-02-08,25.306394577026367,25.820821880112202,25.185351597603944,25.704102747667964,21199200
2024-02-09,24.887073516845703,25.323689767493324,23.905769563830102,25.289105583691093,48132000
2024-02-14,25.22425651550293,25.23722640662254,24.6752467136819,24.79628803703591,17196600
2024-02-15,25.228580474853516,25.328007512204497,25.077277170921224,25.22425662810623,16017200
2024-02-16,25.016759872436523,25.41879192264029,24.817905770998955,25.323688719250125,19018800
2024-02-19,25.47066307067871,25.526861534828303,24.900037331963276,25.038370744435845,18263600
2024-02-20,25.63493537902832,25.898633969731797,25.392852724531544,25.44472734348594,36826400
2024-02-21,25.695459365844727,25.760303884722358,25.531189443066722,25.64358474018139,45832200
2024-02-22,25.11618995666504,25.401502899424514,25.038377185997476,25.37124256072766,19798400
2024-02-23,24.8049373626709,25.185353471838326,24.70118646531142,25.129156649455485,20556200
2024-02-26,25.042695999145508,25.15509128469952,24.74873706884801,24.81790377897304,13441800
2024-02-27,25.345306396484375,25.39718102790962,25.072961695638433,25.155096666150474,13960200
2024-02-28,25.397172927856445,25.565766663016614,25.250193478141174,25.32368402753095,12335000
2024-02-29,25.012435913085938,25.470664753781982,24.94326920227911,25.397175845015433,20423600
2024-03-01,25.038375854492188,25.22858557225994,24.999471120292085,25.05134574829025,10255800
2024-03-04,24.934627532958984,25.163741993513256,24.84384651829387,25.081607025349307,12990200
2024-03-05,25.1075439453125,25.232907490828286,24.938948520326015,24.986500949240305,9412000
2024-03-06,25.479310989379883,25.509571322517722,25.116185342661346,25.168061612952904,12482600
2024-03-07,25.237226486206055,25.552799686705825,25.181028022015468,25.479309133677464,14857800
2024-03-08,24.99081802368164,25.146441863771386,24.221336621649694,24.644982870422048,40005000
2024-03-11,24.740097045898438,24.943275027811655,24.59744139300766,24.943275027811655,25163800
2024-03-12,25.079730987548828,25.30179204169073,24.657382469394317,24.822837836481035,22722000
2024-03-13,24.80106544494629,25.140687911445767,24.76623335100254,25.040541696565956,20799400
2024-03-14,24.69221305847168,24.97087646072199,24.639964085790968,24.79671266479799,20707800
2024-03-15,24.944751739501953,25.044896291598292,24.71833731960226,24.74010758554236,28391400
2024-03-18,24.396133422851562,25.158104410182112,24.304697303003483,24.949106852972953,22635600
2024-03-19,24.30904769897461,24.57029418022779,24.004259030202817,24.48756651538936,20241800
2024-03-20,24.570295333862305,24.60077403607407,24.12617496610768,24.30904884034297,17687400
2024-03-21,24.2263240814209,24.818484683482964,24.147949786385333,24.644319214300587,17742000
2024-03-22,24.126176834106445,24.374361520455224,24.05651098637635,24.239383213806047,13137600
2024-03-25,24.22197151184082,24.439677525203848,24.06522291646503,24.134888774302595,12901400
2024-03-26,24.352590560913086,24.57029653649002,24.17407172737859,24.248090961811652,15477000
2024-03-27,24.370010375976562,24.487571816278717,24.095700348604876,24.457091447935213,15874600
2024-03-28,24.65302276611328,24.766230796926546,24.230674327673682,24.27856824428656,17073600
2024-04-01,24.417905807495117,24.783650293721152,24.256802171268923,24.687860782980273,10910800
2024-04-02,24.45709228515625,24.531113192012977,24.28292847431195,24.404843307999464,10513000
2024-04-03,24.552881240844727,24.66173423564256,24.23067730638348,24.422257979280307,14600800
2024-04-04,24.71833610534668,25.23212232892522,24.622544946758044,24.622544946758044,23352000
2024-04-05,24.82283592224121,24.853316288527708,24.579006279668185,24.77494200028213,12803800
2024-04-08,25.21035385131836,25.61964050718304,24.931688793937987,25.036188398076234,19696000
2024-04-09,25.423704147338867,25.58916115765607,25.33226803412337,25.362746738528536,9392800
2024-04-10,25.079730987548828,25.47160245899631,24.96217120707958,25.401936604179532,14139800
2024-04-11,25.14069366455078,25.28437878401702,24.966528172082068,25.036194036876505,12447600
2024-04-12,24.814132690429688,25.188585646601002,24.740111780524416,25.140691717797715,11304400
2024-04-15,24.583358764648438,24.96652175298614,24.474505775083788,24.931687999062348,14411400
2024-04-16,24.30470085144043,24.731404467327604,23.982496859897033,24.583364301736935,22923700
2024-04-17,24.356945037841797,24.531110490470777,24.191489684905605,24.3830703540256,17703800
2024-04-18,24.322111129760742,24.583357628253545,24.121822036851945,24.51369178459115,15349100
2024-04-19,24.130531311035156,24.40048793650666,24.08699077710228,24.40048793650666,18465200
2024-04-22,23.851869583129883,24.426613308436746,23.721246311190146,24.208907301548845,21288500
2024-04-23,24.034744262695312,24.14795065907957,23.520957937100846,23.834455128572742,21742700
2024-04-24,23.94765853881836,24.095698676224195,23.843158934369885,24.034741265697946,11037800
2024-04-25,23.843162536621094,24.07828543642914,23.712539257049443,23.98249591725799,11303300
2024-04-26,23.843162536621094,23.843162536621094,23.843162536621094,23.843162536621094,0
2024-04-29,23.991201400756836,24.086992575719936,23.843161248979786,24.008618280016496,8658100
2024-04-30,23.877992630004883,24.15665602655325,23.877992630004883,23.947658479141975,12221500
2024-05-02,24.130531311035156,24.19149038389204,23.84315946856944,23.982492831277423,14604400
2024-05-03,24.574655532836914,24.69657203643602,24.29599208626494,24.40049170921201,17315600
2024-05-06,24.71398162841797,24.766232258475913,24.52240096776651,24.644315782638824,10006000
2024-05-07,24.63560676574707,24.957810650323708,24.63560676574707,24.801062096328746,12606600
2024-05-08,24.71398162841797,24.83589810425506,24.391777714551207,24.61819212857463,14023400
2024-05-09,23.63416290283203,24.635611834754044,23.55578860970831,24.609486516724477,56649000
2024-05-10,24.052160263061523,24.165366655306826,23.817037378053964,23.817037378053964,23660500
2024-05-13,24.235027313232422,24.356942118883413,24.0782787568442,24.0782787568442,14278500
2024-05-14,24.39177703857422,24.444026006219392,24.235028474673967,24.269862227080573,13200800
2024-05-15,24.078283309936523,24.200199799606015,23.843160430893537,24.16536604228188,20313600
2024-05-16,24.104408264160156,24.34823791788947,24.078282946561323,24.252448408623643,9827300
2024-05-17,24.113117218017578,24.226323608098845,23.982493949165356,24.121825657403058,17116600
2024-05-20,24.31340217590332,24.426608546591403,24.05215568295254,24.078279335668803,16513000
2024-05-21,24.29598617553711,24.496275271413737,24.27856929912225,24.33952836657426,9999300
2024-05-22,23.94765853881836,24.313404662940727,23.86928425072322,24.22632193606114,15877800
2024-05-23,23.46000099182129,23.999910986943846,23.320669273017717,23.947662007633784,25677100
2024-05-24,23.5819149017334,23.63416387898558,23.338083572948165,23.52095748477835,13949800
2024-05-27,23.869285583496094,23.921534558155287,23.581913731423082,23.63416270608228,31296700
2024-05-28,23.790912628173828,24.052160838082965,23.76478896985845,23.991201759761964,35304600
2024-05-29,23.790912628173828,23.92153590264587,23.616748815866124,23.92153590264587,25627500
2024-05-31,23.61674690246582,23.947659281715875,23.61674690246582,23.843159674025642,19114900
2024-06-03,23.642868041992188,23.85186557416093,23.57320219793594,23.668993356375058,27700400
2024-06-04,23.712535858154297,23.729952735858056,23.49482986975193,23.642870008304133,18277800
2024-06-05,23.764787673950195,23.860577184158206,23.642871184921425,23.72995391680913,14021500
2024-06-06,24.078283309936523,24.139240724288783,23.68641350582985,23.773494577210244,13834300
2024-06-07,23.668994903564453,24.10440687261909,23.581912177560557,23.947658298005045,13651100
2024-06-10,23.695119857788086,23.817036345263617,23.59933034880045,23.72995361448536,12719000
2024-06-11,23.95636558532715,24.0347398688674,23.729951172984734,23.825742333081656,11037400
2024-06-12,23.502912521362305,24.175940910631375,23.432065649773573,24.175940910631375,19141600
2024-06-13,23.662311553955078,23.733156732385872,23.4763435939801,23.5737563477283,13566600
2024-06-14,23.603628158569336,23.79102854271139,23.478692867048796,23.692865464107935,11155000
2024-06-17,23.603628158569336,23.630398669393916,23.39837793039006,23.603628158569336,10363900
2024-06-18,23.273447036743164,23.603630892595927,23.25559889273108,23.541162388553634,22540300
2024-06-19,23.44300079345703,23.505467594854476,23.228828173483215,23.2823709029535,12079600
2024-06-20,23.550085067749023,23.76425767694924,23.442999614195212,23.541160996270772,16467900
2024-06-21,23.746410369873047,23.75533444102577,23.45192283020338,23.559008279850968,34467200
2024-06-24,23.924890518188477,24.130140783386548,23.648251076520822,23.74641417282891,13258500
2024-06-25,23.996278762817383,24.049823192431514,23.782106150638715,23.92488789209116,10743600
2024-06-26,23.835649490356445,24.00520345097079,23.621476872676954,24.00520345097079,15089500
2024-06-27,23.82672691345215,23.93381237031449,23.567933938864964,23.907041857145227,17283200
2024-06-28,23.835649490356445,23.86242170585113,23.612552800845393,23.826727120617544,15567200
2024-07-01,23.5233154296875,23.915964376768336,23.48761914244779,23.862421648001433,20469000
2024-07-02,23.603628158569336,23.701789535080295,23.541159661762816,23.576855945652255,16107800
2024-07-03,23.835649490356445,23.987355307307666,23.630400944508516,23.692867745236782,14438300
2024-07-04,23.960586547851562,24.067672013483772,23.746413914494358,24.005205208182854,10529500
2024-07-05,23.853496551513672,23.97843184939313,23.67502022925994,23.96058370653998,11971800
2024-07-08,23.46084976196289,23.817804141132907,23.371610741647203,23.817804141132907,19760700
2024-07-09,23.38053321838379,23.45192408934603,23.19313111830002,23.45192408934603,18032800
2024-07-10,23.746410369873047,23.75533444102577,23.416226545592497,23.487617412721733,20180600
2024-07-11,23.630395889282227,23.951655598121036,23.48761417470771,23.764253533934298,18918900
2024-07-12,23.942733764648438,23.942733764648438,23.559007232601576,23.710713031269115,15241100
2024-07-15,24.049821853637695,24.085516435967467,23.817801111170333,23.960582844674473,11535200
2024-07-16,24.13014030456543,24.219377624428052,24.01412906539559,24.08551994254135,11135300
2024-07-17,24.37108039855957,24.44247126676337,24.067668783170287,24.228298662151975,9615100
2024-07-18,24.263996124267578,24.656645067388308,24.219375765667966,24.39785379588113,10820600
2024-07-19,24.192604064941406,24.478167537589517,24.085516911652086,24.263994933103433,14144500
2024-07-22,24.21937370300293,24.371079505136162,24.112288255669174,24.246145915882614,11566500
2024-07-23,24.07659339904785,24.290766008503635,24.031974743695955,24.22829921017394,10978000
2024-07-24,23.978431701660156,24.165832094185877,23.9248872734306,24.1390598800711,9728400
2024-07-25,23.996278762817383,24.13906050426983,23.84457294976258,23.951660106898224,11896200
2024-07-26,24.20153045654297,24.23722504299992,23.84457437941714,23.9962802015678,10544500
2024-07-29,24.23722267150879,24.281841325737446,24.040898209973125,24.281841325737446,18350200
2024-07-30,24.049821853637695,24.263994453893908,23.969506915780048,24.237222240577186,10185700
2024-07-31,23.692867279052734,24.13906064929548,23.657172694521485,24.09444199310826,17872300
2024-08-01,23.532238006591797,23.844571989634662,23.39837864003908,23.78210519302609,22830700
2024-08-02,23.34483528137207,23.728561823949303,23.25559627345533,23.648246887033483,20402500
2024-08-05,23.38053321838379,23.496542745412693,22.845100835120682,23.20205518993188,20254500
2024-08-06,23.782106399536133,23.924888142482896,23.50546698533836,23.559009713420235,14827100
2024-08-07,23.469768524169922,24.049821216005675,23.3716071487962,23.960582209408447,18931200
2024-08-08,23.37160873413086,23.532238616483166,22.657698335019788,23.344836519707943,33846000
2024-08-09,23.692867279052734,23.76425815020787,23.42515193774414,23.46977059393136,13007300
2024-08-12,24.20153045654297,24.20153045654297,23.692868557266475,23.7553370622284,15568300
2024-08-13,24.513864517211914,24.567408950137605,24.210452872337246,24.272921377417216,12964400
2024-08-14,24.924360275268555,25.120684732355755,24.451394721535838,24.51386151687756,19387500
2024-08-15,25.120685577392578,25.37947854061958,24.9243611137012,24.977903839782016,11631000
2024-08-16,25.317012786865234,25.504413186919923,25.20992562819638,25.25454428475436,18682500
2024-08-19,25.995223999023438,26.03092028427084,25.26346717237733,25.343782112091418,19984500
2024-08-20,26.111236572265625,26.14693115726359,25.923834469225188,26.03092162840439,16156400
2024-08-21,25.995223999023438,26.182626092387174,25.9416812732449,26.15585387845162,21926500
2024-08-22,25.409786224365234,25.9540875918448,25.282783206391663,25.9540875918448,16022900
2024-08-23,25.600292205810547,25.845228094635377,25.52771880137576,25.536790693215913,12058300
2024-08-26,25.700082778930664,25.80894375705085,25.491434445344062,25.600293693177704,9358000
2024-08-27,25.409786224365234,25.745437551948626,25.409786224365234,25.745437551948626,8294500
2024-08-28,25.56400489807129,25.58214868070781,25.300925240700792,25.400714314915305,9415600
2024-08-29,25.67286491394043,25.90872890452795,25.418858870451096,25.49143227291753,13712600
2024-08-30,25.50957679748535,25.64565171477884,25.382572041763172,25.582150202060976,31814700
2024-09-02,25.781726837158203,25.89058781003082,25.53679094590966,25.74543926943851,11920800
2024-09-03,26.01759147644043,26.099236775531534,25.745439902707915,25.79987125562632,14433300
2024-09-04,26.298812866210938,26.480247246313425,26.053876972158523,26.08109264825984,15514700
2024-09-05,26.534677505493164,26.552821289996455,26.217168197831665,26.362315013284945,8433600
2024-09-06,26.09923553466797,26.570963522480596,26.090163642946216,26.52560406387183,9653100
2024-09-09,26.425817489624023,26.425817489624023,26.04480665263367,26.18088331106969,14429900
2024-09-10,26.03573989868164,26.434892842801595,25.8815211651804,26.38046321047375,17718400
2024-09-11,26.0448055267334,26.2897414249859,26.00851968826257,26.217168017757732,10000400
2024-09-12,25.77690315246582,25.977786972920867,25.585152314692717,25.932130767541924,9920100
2024-09-13,25.950393676757812,26.14214451768655,25.795166059127137,25.84082052365126,9241700
2024-09-16,26.087358474731445,26.20606286752969,25.922999617999206,26.023441528581387,8948800
2024-09-17,25.922998428344727,26.123882240290158,25.79516454191115,26.08735727753423,7979400
2024-09-18,25.795166015625,26.05996678591566,25.6947241039139,25.813428498046324,8611400
2024-09-19,25.484710693359375,25.968656026225258,25.484710693359375,25.895607838397027,14963300
2024-09-20,25.11033821105957,25.521235351155735,25.073813246781622,25.475579145808297,24479500
2024-09-23,25.019025802612305,25.155990925920296,24.900323160173652,25.110336465352976,12354400
2024-09-24,25.000764846801758,25.493841410715678,24.991635347416217,25.29295933371712,15235800
2024-09-25,24.927715301513672,25.165122329536455,24.845535878674784,25.110336628179212,13854100
2024-09-26,25.092073440551758,25.256432281600883,24.90945386063517,25.064681461447567,13119200
2024-09-27,24.882061004638672,25.219909938714743,24.836406543474418,25.09207431256393,14855700
2024-09-30,24.818145751953125,25.092076020799574,24.818145751953125,24.93684840402494,14796200
2024-10-01,24.726835250854492,24.882062868690387,24.544213909304197,24.74509773333076,19254100
2024-10-02,24.790748596191406,25.128597506493218,24.790748596191406,24.927713711652057,12662400
2024-10-03,24.562475204467773,24.763359018783916,24.425510075728834,24.754227777987172,19101500
2024-10-04,24.525951385498047,24.690310232623858,24.443771961935138,24.65378527032654,11911600
2024-10-07,24.6446533203125,24.76335770275561,24.498556958540984,24.699439020575312,9578500
2024-10-08,24.635520935058594,24.635520935058594,24.51681829973823,24.562472757567768,11728700
2024-10-09,24.133316040039062,24.571605125098017,24.060267859195903,24.471163223336422,19545500
2024-10-10,23.92330551147461,24.325069681889364,23.91417427010979,24.325069681889364,20486300
2024-10-11,24.042007446289062,24.16071009726583,23.895911072037894,23.99635298243788,12175400
2024-10-14,24.215499877929688,24.270285588153094,23.996355295429737,24.115057957848173,11953100
2024-10-15,24.16983985900879,24.41637812857023,24.12418539795195,24.352461186448238,14418700
2024-10-16,24.434642791748047,24.60813289414829,24.0694018458577,24.19723574151777,26028400
2024-10-17,24.39811897277832,24.498560890720075,24.197236878501105,24.361595747276233,12424800
2024-10-18,24.370723724365234,24.626391493449624,24.31593628104196,24.44377190719021,15980000
2024-10-21,24.306806564331055,24.61726003235133,24.233758382160513,24.370723506029524,25128900
2024-10-22,24.014612197875977,24.288544188404455,23.987220217947364,24.242887985846686,27391300
2024-10-23,24.042007446289062,24.142449356689053,23.886779830946423,24.01461372301466,12126400
2024-10-24,24.069398880004883,24.160707799021647,23.968956979159252,24.115053339513267,8727600
2024-10-25,24.07853126525879,24.197233910588967,23.968958118979636,24.069400024601684,7807800
2024-10-28,24.032873153686523,24.242886447305924,23.914170517781713,24.1972319892516,18192100
2024-10-29,23.895910263061523,24.151579780148673,23.87764778149685,24.078531595496074,13433400
2024-10-30,24.07853126525879,24.096792004966918,23.82286175167815,23.905041175985996,14377600
2024-10-31,24.042007446289062,24.16071009726583,23.950696776980543,24.042007446289062,11163300
2024-11-01,23.822860717773438,24.105922199434527,23.749812537292964,24.06026773973648,15216400
2024-11-04,23.95983123779297,24.124190116313613,23.877651798532646,23.98722496474854,12169700
2024-11-05,23.968957901000977,24.00548286329722,23.79546781330594,23.987220382149097,14050600
2024-11-06,24.014612197875977,24.078530881456857,23.685896247490273,23.83199261246304,12445400
2024-11-07,23.914173126220703,24.325068518345876,23.859385680652444,24.01461329321692,11667700
2024-11-08,23.731552124023438,23.85938601559836,23.649372696123518,23.831994034035823,15878800
2024-11-11,23.749814987182617,23.83199441640104,23.695029281572392,23.83199441640104,10515100
2024-11-12,23.695026397705078,23.822860275772623,23.55805953794017,23.74981209664746,15391500
2024-11-13,23.695026397705078,23.804597795589842,23.631107717065337,23.731549616464676,27198100
2024-11-14,23.165428161621094,23.548931562228656,22.63582839331599,23.5398003215468,80824400
2024-11-18,23.47588348388672,23.567194156283644,23.13803626010618,23.17455948410122,23386200
2024-11-19,23.60371971130371,23.695030385980793,23.411967120321208,23.530671519883295,29342400
2024-11-21,23.064987182617188,23.603718213253615,23.037593459470774,23.55806200800959,31594700
2024-11-22,23.37544059753418,23.37544059753418,23.028460431035555,23.247604974379207,13737200
2024-11-25,23.512407302856445,23.594586729845403,23.375442171743558,23.548932266676484,36581800
2024-11-26,23.88770866394043,23.990071832040314,23.45964595863883,23.5992327423822,22044000
2024-11-27,23.468952178955078,23.990072155471363,23.366590784394855,23.924930827217047,20884000
2024-11-28,22.78033447265625,23.459649588995926,22.715194910119564,23.441039553213987,26984000
2024-11-29,23.050195693969727,23.115335243198547,22.631438913327884,22.817553432484168,22743200
2024-12-02,22.86408042907715,23.189779939517813,22.761717269387916,23.078110876682327,21487000
2024-12-03,23.143253326416016,23.171169262295503,22.93852699706177,22.99436064374037,22179600
2024-12-04,23.42242431640625,23.57131523040256,23.07811296846496,23.16186432945285,19375200
2024-12-05,23.710901260375977,23.822570338136707,23.51548259294442,23.627149895785372,18238400
2024-12-06,23.01297378540039,23.589927417600666,22.798943314955018,23.49687015112711,33652400
2024-12-09,22.957141876220703,23.161866458050092,22.724499579856456,23.11533870874519,17774100
2024-12-10,23.106029510498047,23.18978086724532,22.817553601101658,23.059501767824944,15266700
2024-12-11,23.599233627319336,23.86909775117534,22.957140432749217,23.171170905966004,29090900
2024-12-12,23.286706924438477,23.511608503761124,23.04306309999922,23.474124013527916,19824400
2024-12-13,22.968093872070312,23.41789699086603,22.95872275034223,23.28670486139029,17217300
2024-12-16,22.640111923217773,23.052432345413763,22.611998557832116,22.97746515841074,16061900
2024-12-17,22.883756637573242,22.949352705388854,22.49954956548855,22.724451135438702,27695800
2024-12-18,22.24653434753418,22.86501410391074,22.237163225484988,22.86501410391074,29428400
2024-12-19,22.387096405029297,22.53703077507189,22.255904278081697,22.312129220008,16306300
2024-12-20,22.56514549255371,22.621370437850846,22.368357290334345,22.41521111352216,49200400
2024-12-23,22.415210723876953,22.611998922675536,22.37772623609127,22.555773978355763,12708100
2024-12-26,22.677597045898438,22.865014124978668,22.424582112413415,22.443324356529068,15208900
2024-12-27,22.593257904052734,22.836901706521907,22.593257904052734,22.808788341382062,10465000
2024-12-30,22.649484634399414,22.799419018926834,22.574517442135704,22.583888564588523,27146200
2025-01-02,22.415210723876953,22.752563964513097,22.34024353566434,22.64948341046122,14492900
2025-01-03,22.24653434753418,22.546403103673267,22.190309402597794,22.41521096970211,13778900
2025-01-06,22.452693939208984,22.53703225130214,22.312130681506652,22.47143618353164,12112300
2025-01-07,22.724451065063477,22.84627207814966,22.508920617948572,22.621370508896003,15724400
2025-01-08,22.640111923217773,22.743192475606453,22.443323727594358,22.705707988425576,16417000
2025-01-09,22.74319076538086,22.74319076538086,22.480804736921627,22.640110220743555,8286700
2025-01-10,22.686965942382812,22.902498170832143,22.611998754727008,22.724450429890084,17167200
2025-01-13,22.686965942382812,22.893127048955325,22.64011212035746,22.686965942382812,9941700
2025-01-14,23.099287033081055,23.118029277374188,22.649483894198674,22.724451084012404,18049200
2025-01-15,23.680282592773438,23.77399202093693,23.19299499621021,23.342929366328327,19626500
2025-01-16,23.78335952758789,23.85832670688638,23.530346414554575,23.689651893983683,13590200
2025-01-17,23.755252838134766,23.886444982049454,23.605318448701148,23.83959115561104,13271300
2025-01-20,23.830217361450195,23.989522855784905,23.67091186711549,23.755250175137316,10499700
2025-01-21,24.045747756958008,24.130086064833502,23.84895956348766,23.84895956348766,10675500
2025-01-22,24.486181259155273,24.626746305836775,23.961410923583127,23.97078204585248,19236600
2025-01-23,25.039066314697266,25.36704846241423,24.58926314561287,24.58926314561287,30067700
2025-01-24,24.945356369018555,25.160886810976333,24.842275815317556,25.029692891531763,9081200
2025-01-27,25.96678352355957,25.96678352355957,24.87975840914912,24.89850065289796,21719600
2025-01-28,25.79810905456543,25.957414553952617,25.601319067153604,25.948043431946456,13016900
2025-01-29,25.713769912719727,26.004267536085834,25.62943160474913,25.863704285254407,11592900
2025-01-30,25.901187896728516,26.182316195649022,25.563836440326185,25.64817475126646,22311000
2025-01-31,25.938671112060547,26.23853985297429,25.919928868913768,25.994896054142206,19675000
2025-02-03,25.873075485229492,25.97615424955973,25.638802804015487,25.863704363497888,13290300
2025-02-04,26.02301025390625,26.313507882568288,25.741881959759567,25.84496251301589,16154100
2025-02-05,26.079233169555664,26.35099032069313,25.854331624144624,26.06986204841038,13663000
2025-02-06,26.379104614257812,26.41658910270048,25.844963165461298,26.079235856151612,13960200
2025-02-07,26.032381057739258,26.500926421567375,25.929300505742283,26.379103626051183,15270100
2025-02-10,26.069862365722656,26.332248398908497,26.051120123203965,26.126087305920116,10942700
2025-02-11,26.294767379760742,26.444701764955763,26.1073502919464,26.1073502919464,18486400
2025-02-12,25.863704681396484,26.219798374780794,25.76999525028733,25.910558503271695,18063900
2025-02-13,25.723142623901367,25.85433476113613,25.563837119819663,25.85433476113613,19004600
2025-02-14,26.94135856628418,27.15688900584836,25.826220093862755,25.826220093862755,35295700
2025-02-17,27.325563430786133,27.644174397337352,26.90387191995111,26.93198528312631,21145100
2025-02-18,27.597320556640625,27.76599537347692,27.175629046153432,27.19437128825477,27342000
2025-02-19,27.044437408447266,27.44738668401895,26.85701855880879,27.438015562801166,22819400
2025-02-20,26.238540649414062,26.52903827757213,26.041752452475652,26.332250080633717,88971000
2025-02-21,26.219799041748047,26.285395108985437,25.901188040287476,26.23854128591838,20157500
2025-02-24,26.06049156188965,26.444698601409534,25.891814951884108,26.238539293268676,28014300
2025-02-25,26.454072952270508,26.547782390086724,26.069865865846996,26.069865865846996,16895800
2025-02-26,26.30413818359375,26.707087509183406,26.172946044977152,26.68834526442137,22481400
2025-02-27,26.20105743408203,26.491556863703003,26.11672090798429,26.266655290271775,31089200
2025-02-28,25.591947555541992,26.25728290898032,25.48886878976101,26.191686843294583,28266200
2025-03-05,26.02301025390625,26.182315751048414,25.53572264060566,25.5919475844915,18081300
2025-03-06,25.98552894592285,26.19169007766077,25.751256232481733,26.16357670859861,17819500
2025-03-07,26.294767379760742,26.4728151324394,25.76999703157818,25.891818049289558,16830600
2025-03-10,26.210426330566406,26.238539695117442,25.901186469939727,26.201055209049397,14457100
2025-03-11,25.976154327392578,26.304136439546667,25.779366132515356,26.238540374587593,20095600
2025-03-12,25.947782516479492,26.09167187250259,25.851858718636315,25.995746245030247,15085100
2025-03-13,26.369853973388672,26.494557837016384,25.650414517415296,25.94778231358813,18344200
2025-03-14,26.74396324157715,26.945407250724273,26.40822627571401,26.40822627571401,22864700
2025-03-17,27.30032730102539,27.39625292408138,26.705591731410603,26.73436996721612,19847000
2025-03-18,27.33869743347168,27.482584948774676,27.204402663139422,27.300326453588738,16806400
2025-03-19,27.23318099975586,27.568919779025578,27.23318099975586,27.348292117939163,18962900
2025-03-20,27.098886489868164,27.31951415315255,26.964591708674046,27.204404863451643,14013900
2025-03-21,27.21399688720703,27.31951342836197,26.92622001133118,27.194811396222818,66960300
2025-03-24,27.20440673828125,27.281146879913567,26.945408074161193,27.281146879913567,13497500
2025-03-25,27.309921264648438,27.578512655261832,27.19481197554924,27.2044047212457,15292700
2025-03-26,27.636064529418945,27.693620997827924,27.21399473886029,27.338696761155127,11927300
2025-03-27,27.52095603942871,27.674436300320192,27.31951205349049,27.645658065292153,14399300
2025-03-28,27.472991943359375,27.799137950756435,27.367475408939622,27.520955667758358,12444500
2025-03-31,27.041330337524414,27.34829086578671,26.811109941327693,27.33869812057488,17667600
2025-04-01,27.175622940063477,27.415436062312406,26.868662436325476,27.022142688194478,14219000
2025-04-02,27.194808959960938,27.386658363728785,26.974181322294886,27.24277085349566,9089100
2025-04-03,27.348289489746094,27.52095523561315,27.07010538148717,27.10847636040384,14824700
2025-04-04,26.839887619018555,27.175626398823777,26.648038194579254,27.05092436441969,15612700
2025-04-07,26.55211067199707,27.118069818503276,26.245150151104692,26.743960082740294,22342100
2025-04-08,26.504146575927734,27.06051296966112,26.283518933329614,26.887849051298897,21884600
2025-04-09,26.619260787963867,26.954999578242408,25.98615419126912,26.37944762771194,28796100
2025-04-10,26.437002182006836,26.590482457664383,26.034116000998473,26.580889711732137,18618400
2025-04-11,26.667219161987305,26.763144779329785,26.302704011640643,26.600071778736257,14793700
2025-04-14,26.92622184753418,27.06051663432352,26.734372413496448,26.830296215700688,13391400
2025-04-15,26.638444900512695,26.97418367340613,26.571297511859832,26.88785079381556,25468600
2025-04-16,26.523332595825195,26.753552987872613,26.264333968660964,26.64803645170236,21762700
2025-04-17,26.312299728393555,26.64803851220049,26.187595862873952,26.55211288402291,17336900
2025-04-22,26.64803695678711,26.782331730619592,26.23555806043984,26.283519956914564,14220700
2025-04-23,26.897443771362305,27.07010770240412,26.724778010691356,26.84948004360419,13812200
2025-04-24,26.57129669189453,26.916626369971155,25.938190147520153,26.897442709254552,37053800
2025-04-25,26.868663787841797,26.974182152420244,26.398630264146288,26.571296013591375,17884400
2025-04-28,27.194808959960938,27.252363598128397,26.715182706097885,26.868662960963746,14161300
2025-04-29,27.33869743347168,27.549732333940803,27.07969880814888,27.213995408110158,15861200
2025-04-30,27.751178741455078,27.751178741455078,27.20440503779868,27.252366937209906,15925000
2025-05-02,27.72239875793457,27.866286276734677,27.5593257487267,27.72239875793457,12319300
2025-05-05,27.933435440063477,28.249988712673602,27.82791707265041,27.971804591177005,19470000
2025-05-06,27.72239875793457,28.01017562516385,27.62647313552481,27.933435493161856,20080000
2025-05-07,28.115692138671875,28.154063119454,27.664844092256285,27.779953375344533,31415700
2025-05-08,28.211618423461914,28.81594857756779,28.211618423461914,28.297951302619897,29500900
2025-05-09,28.32672882080078,28.77757686637418,28.259579604557494,28.27876509491272,19842500
2025-05-12,27.88547134399414,28.470615985148232,27.693621931714908,28.31713572347323,20623700
2025-05-13,28.451431274414062,28.49939317139045,27.885472107873042,27.923843089157426,20288300
2025-05-14,28.547359466552734,28.70083974624152,28.326731793203763,28.413064679232363,19723000
2025-05-15,28.202024459838867,28.69124347739231,27.981396813578204,28.547355961554008,40596400
2025-05-16,24.62401580810547,24.940569112112495,24.000501946228507,24.50890468408962,152180700
2025-05-19,24.019685745239258,24.652792308622576,23.9909075088567,24.604828581318316,60409800
2025-05-20,24.460941314697266,24.624014329980415,24.06764789483129,24.06764789483129,28138800
2025-05-21,24.2307186126709,24.614419250594914,24.144385740434377,24.53767912301011,34009800
2025-05-22,24.029277801513672,24.38420208189364,24.029277801513672,24.173167160626406,61464900
2025-05-23,23.42494773864746,24.0676470311553,23.42494773864746,24.04846154072126,35980700
2025-05-26,23.664762496948242,23.73190988842579,23.501689476375976,23.51128222224837,11584100
2025-05-27,23.56883430480957,24.1827553368469,23.549648815151155,23.904573055315858,30416900
2025-05-28,23.09880256652832,23.64557625653835,23.089209820959653,23.597614358324154,31863700
2025-05-29,22.73428726196289,23.089209697967252,22.676730788857483,23.05084054552611,43563400
2025-05-30,22.465696334838867,22.858989760939842,22.398548944474676,22.782249624862313,53293100
2025-06-02,22.33139991760254,22.638360439417717,22.216288807107333,22.561620308963924,36268800
2025-06-03,22.453245162963867,22.550953305968953,22.25783074058151,22.443474162300575,20832400
2025-06-04,21.837688446044922,22.59980791091539,21.837688446044922,22.531412765465777,38469100
2025-06-05,21.730207443237305,22.013560865808905,21.730207443237305,21.886539723405157,40306500
2025-06-06,21.212356567382812,21.837687580187833,21.202587430101303,21.837687580187833,56659900
2025-06-09,21.231897354125977,21.49570877269793,20.977856935904217,21.21235535342559,47713300
2025-06-10,21.046255111694336,21.407772826667497,20.811754817471698,21.3784598239827,43092300
2025-06-11,20.909460067749023,21.329603729920283,20.909460067749023,21.007168199542182,32228100
2025-06-12,20.929006576538086,21.007172726090044,20.557717832073283,20.8996935715956,28710900
2025-06-13,21.095108032226562,21.153732173356026,20.753130458986973,20.88992074283167,33033700
2025-06-16,21.476167678833008,21.66181296607008,21.202587111986624,21.280753254460997,35118400
2025-06-17,21.398000717163086,21.564103996515552,21.212355437033207,21.51525085819979,33345300
2025-06-18,21.3100643157959,21.485938601632018,21.212356172150518,21.427314460895925,29776400
2025-06-20,20.86060905456543,21.310063897431412,20.86060905456543,21.300292896895918,32952400
2025-06-23,20.606571197509766,20.88015365568743,20.53817604887236,20.860611652183017,31206000
2025-06-24,20.94854736328125,21.173274797238964,20.58702777783058,20.74336006785576,19703100
2025-06-25,20.772672653198242,20.88015179928879,20.616340366318102,20.870380798405296,20659800
2025-06-26,21.10487937927246,21.10487937927246,20.7433597985159,20.801985804235045,34081400
2025-06-27,21.231897354125977,21.270981355526754,20.919232797430812,21.075565075778396,28128900
2025-06-30,21.583646774291992,21.739979058883627,21.056023916074356,21.24166920288736,28763500
2025-07-01,21.407772064208984,21.994019051630094,21.398001063662054,21.70089462610564,32448000
2025-07-02,21.485939025878906,21.56410516961306,21.085337306287876,21.40777288214475,22781500
2025-07-03,21.78883171081543,21.994018994512462,21.437085010178475,21.52502215124466,27335900
2025-07-04,21.915851593017578,22.023330728942952,21.661811184957035,21.759519320923044,15002500
2025-07-07,21.554332733154297,21.964705426334376,21.485937594895574,21.92562328888414,18607600
2025-07-08,21.495710372924805,21.749750810058355,21.495710372924805,21.554334515762424,19468700
2025-07-09,20.958316802978516,21.544561915084067,20.899690800865752,21.505479777303318,30185400
2025-07-10,20.72381591796875,21.036482329243615,20.67496278125927,20.71404678152902,27565700
2025-07-11,20.65542221069336,20.714048215155508,20.34275764140658,20.694506213668124,26044900
2025-07-14,20.205968856811523,20.645652741119456,20.147344711629394,20.63588360327908,28395000
2025-07-15,20.420923233032227,20.577255513459768,20.235277951164104,20.27436195308488,30999200
2025-07-16,20.401378631591797,20.508857759546228,19.707654458574236,20.508857759546228,55147900
2025-07-17,20.264591217041016,20.420923499508564,20.108258934573467,20.362299359490187,28673400
2025-07-18,19.795595169067383,20.342758179800537,19.736971026681516,20.127801748633768,42591900
2025-07-21,19.40476417541504,19.942156177621488,19.40476417541504,19.89330303692194,42352600
2025-07-22,19.43407440185547,19.717427822765966,19.414534264669875,19.53178254229453,24707100
2025-07-23,19.74673843383789,19.95192570965165,19.41453374700731,19.49269988454881,35932600
2025-07-24,19.609949111938477,19.76628139461801,19.443845828637997,19.727199255762034,44775000
2025-07-25,19.776052474975586,20.000779899280033,19.668573331339623,19.727199335301687,38899700
2025-07-28,19.482929229736328,19.893301925009958,19.482929229736328,19.795593785444282,24985300
2025-07-29,19.49270248413086,19.600179772816457,19.42430547398624,19.570868632096737,37210200
2025-07-30,19.44384765625,19.639263959781353,19.170267067659694,19.453618657789367,79807500
2025-07-31,19.248430252075195,19.37544952526993,19.15072211535664,19.37544952526993,37149600
2025-08-01,17.92937660217285,19.541554473512022,17.70464917299815,19.44384632841889,91196200
2025-08-04,18.290895462036133,18.584019915676734,18.036855014332133,18.115023026205343,54775000
2025-08-05,18.193187713623047,18.476539279399724,18.154103710824703,18.349519997560762,38162300
2025-08-06,18.27135467529297,18.525393250367724,18.27135467529297,18.388602961692406,34102000
2025-08-07,18.476539611816406,18.603560759568467,18.232270180815526,18.38860246756586,30090000
2025-08-08,18.49608039855957,18.78920295105426,18.37883025938505,18.51562239902661,38600300
2025-08-11,18.662185668945312,18.711038811704135,18.329979080027083,18.496082374486196,21789700
2025-08-12,18.79897689819336,19.082330358500425,18.76966389289772,18.818518901723785,26665200
2025-08-13,18.83806037902832,19.140953970776692,18.79897637305925,18.83806037902832,33738000
2025-08-14,19.394990921020508,19.50246819079716,18.63286971471556,18.720806848659503,70251100
2025-08-15,20.176654815673828,20.323216102912415,18.58401893072622,18.59378993169251,131820200
2025-08-18,20.587026596069336,20.694505738152465,19.688115048210992,20.09848775187736,59254100
2025-08-19,19.34613800048828,20.45023686143864,19.238660719166663,20.323215714929667,58349400
2025-08-20,19.40476417541504,19.5708674628725,19.0823286013656,19.316827031253567,38402300
2025-08-21,19.238658905029297,19.34613617621619,19.013929635541793,19.21911690531253,34799500
2025-08-22,20.030092239379883,20.225508518873717,19.170264709588082,19.238659848322595,38192400
2025-08-25,19.59040641784668,20.098487250399874,19.59040641784668,20.020321111824593,24054000
2025-08-26,19.912841796875,19.951925797631958,19.47315797012563,19.600177245330276,35682300
2025-08-27,20.15711212158203,20.225509125997426,19.473158850078413,19.52201198960445,43263600
2025-08-28,20.56748390197754,20.821524316032413,20.352527488682366,20.381840489252145,29893700
2025-08-29,20.89969253540039,20.909463536563447,20.587027952694292,20.635882958509566,31255300
2025-09-01,20.606571197509766,21.036485956466656,20.479550038359125,20.909464797316016,17070500
2025-09-02,19.95192527770996,20.196194685192392,19.61971873444364,19.678342870423673,46246800
2025-09-03,19.815135955810547,20.078945512181463,19.61971967500535,19.942155233794487,27313600
2025-09-04,19.95192527770996,20.078944549604643,19.58063659833285,19.834675142122215,30302400
2025-09-05,20.665193557739258,20.94854699317117,20.2939048413962,20.332986981398058,40453000
2025-09-08,20.46977996826172,20.79221555689214,20.186426521232715,20.65542340221733,41757900
2025-09-09,20.909460067749023,20.94854406591733,20.45023427103706,20.61633753599715,36226500
2025-09-10,21.5445613861084,21.759519661321885,20.81175315034107,20.81175315034107,69024000
2025-09-11,21.71066665649414,22.033102235326254,21.53479422919035,21.583647370614532,41313800
2025-09-12,21.79860496520996,21.86700011230478,21.38823221901308,21.534795378362528,39368300
2025-09-15,21.36869239807129,21.886542441580715,21.319837389683975,21.808376291789028,36708800
2025-09-16,21.43708610534668,21.63250053487761,21.31983595672581,21.44685710636741,23706000
2025-09-17,21.36869239807129,21.6911279989155,21.173276091778064,21.456627685912427,39196600
2025-09-18,21.593420028686523,22.07218793316975,21.525024879992923,21.54456501988536,35973700
2025-09-19,21.124422073364258,21.69112710182346,21.124422073364258,21.59341895271782,49988600
2025-09-22,21.01694107055664,21.358918630470594,20.86060879121788,21.104878210638166,29380400
2025-09-23,21.622730255126953,21.642272257820277,21.026714082004208,21.143962370908245,84333800
2025-09-24,21.60318946838379,22.2089766246913,21.57387646522263,21.642271608970777,29027100
2025-09-25,21.290525436401367,21.661814167846412,21.231899428572195,21.661814167846412,28793600
2025-09-26,21.60318946838379,21.671584612131937,21.30029402660214,21.31006502765586,15230100
2025-09-29,21.612960815429688,21.945165538434825,21.49571066453593,21.827917251168994,17908100
2025-09-30,21.583646774291992,21.808374200438987,21.446856491181272,21.622728913625984,26500000
2025-10-01,21.42731475830078,21.681355189853647,20.82152575019351,21.593418045715048,33351400
2025-10-02,21.261213302612305,21.788834349272406,21.124423006001912,21.388232597517952,29996100
2025-10-03,21.085336685180664,21.476167392338805,21.007170543749037,21.339377110740408,16402600
2025-10-06,20.919235229492188,21.163504675762418,20.841069081230835,21.143962672790085,16949600
2025-10-07,20.72381591796875,20.860608055285162,20.587025644280047,20.821524055015413,18484400
2025-10-08,20.635883331298828,20.870381772564638,20.587028324600983,20.70427847704786,15223100
2025-10-09,20.70427894592285,20.85084024207956,20.528404645083604,20.743361088538244,12039500
2025-10-10,20.1375732421875,20.792215416330084,20.1375732421875,20.762902412606234,31221700
2025-10-13,20.401378631591797,20.489315761076778,20.254817370326013,20.28413036803019,14359200
2025-10-14,20.225509643554688,20.674964502304505,20.196196640912277,20.323215925107004,19911800
2025-10-15,19.854219436645508,20.22551002256226,19.76628229069827,20.22551002256226,59520500
2025-10-16,19.903072357177734,20.137570767264727,19.561094810273815,19.82490622048207,25380500
2025-10-17,20.420923233032227,20.420923233032227,19.697885970147908,19.90307325297642,69050600
2025-10-20,20.29390525817871,20.430695546436326,20.039864820251786,20.235279251530102,18843700
2025-10-21,20.069177627563477,20.28413405895855,19.903074337603865,20.28413405895855,25719800
2025-10-22,20.21573829650879,20.23527843430794,20.01055100878116,20.11803015300172,13590700
2025-10-23,20.176654815673828,20.37207110774386,20.078946669638814,20.264591960742557,11428700
2025-10-24,20.049636840820312,20.469780591692132,20.00078183279568,20.254822283639758,23127500
2025-10-27,20.3720703125,20.4013814506268,20.098487887007092,20.245049168524513,21147500
2025-10-28,20.47954750061035,20.596797643479587,20.323215219203234,20.36229922136891,17489600
2025-10-29,20.73358726501465,20.958316543071152,20.557714851740663,20.557714851740663,17099800
2025-10-30,21.134191513061523,21.339378815478725,20.508862331652846,20.538175335891864,27700600
2025-10-31,21.398000717163086,21.671583137163548,21.251439438588033,21.261210438976736,31430300
2025-11-03,21.573875427246094,21.632499567119957,21.212355860163683,21.485938285621394,23059400
2025-11-04,21.759521484375,21.866998767358677,21.456626046402075,21.46639704733293,18372500
2025-11-05,22.09173011779785,22.17966727073282,21.70089749869662,21.75952350973863,21186000
2025-11-06,22.33599853515625,22.375080677073726,22.003791942531873,22.091729091381147,23305100
2025-11-07,22.36530876159668,22.39462176455771,22.05264418452391,22.296913618315497,16303700
2025-11-10,22.257831573486328,22.46301700421017,22.081957282221385,22.384850859606626,18881800
2025-11-11,22.9320125579834,23.04926269998502,22.326225437920392,22.326225437920392,31294700
2025-11-12,22.27737045288086,22.980867578181545,22.033101031846517,22.93201257579801,49688100
2025-11-13,21.9842472076416,22.179663483827284,20.801984141238627,20.81175327778296,66538100
2025-11-14,21.92562484741211,22.550954000087803,21.603189270110217,21.837687702363603,36144600
2025-11-17,21.9842472076416,22.101497346078556,21.769290794739533,21.925623070236988,18797000
2025-11-18,21.378459930419922,21.876769796775204,21.378459930419922,21.78883265191087,25637700
2025-11-19,21.085336685180664,21.417543252172038,21.056023683283374,21.3686901126377,21302000
2025-11-21,21.495710372924805,21.495710372924805,20.93877635689767,21.08533764580567,32134300
2025-11-24,21.33937644958496,21.69112500694301,21.33937644958496,21.446855589583866,23116900
2025-11-25,21.46639633178711,21.612959477236647,21.34914805178085,21.39800119117882,19668500
2025-11-26,21.71066665649414,21.857229808022463,21.456626221107037,21.46639722211745,15757200
2025-11-27,21.652040481567383,21.81814375589642,21.534792207704367,21.76929061905811,8595700
2025-11-28,21.954936981201172,22.16989528489163,21.661814393513406,21.681356396326716,19115200
2025-12-01,21.7497501373291,22.013561567380435,21.612959853729674,21.994019565829706,15511100
2025-12-02,22.114328384399414,22.153539084868786,21.771242233968813,21.84966363490756,21443700
2025-12-03,21.982545852661133,22.29686444767795,21.85485538708824,22.188817372094814,20882500
2025-12-04,22.365619659423828,22.493310117364015,22.012012432088962,22.012012432088962,26591100
2025-12-05,20.78421401977539,22.493312691706766,20.78421401977539,22.345976954613217,51737100
2025-12-08,21.216398239135742,21.38337922319304,21.03959462384268,21.24586425936769,27278400
2025-12-09,21.10835075378418,21.334265647336625,20.744922772586825,21.088705491699105,20754600
2025-12-10,21.216398239135742,21.314622678018036,20.941370184960387,21.118173800253448,14096700
2025-12-11,21.18692970275879,21.4324898557782,21.04941661658001,21.098527897793776,17143500
2025-12-12,21.31462287902832,21.599471693650397,21.255687091057936,21.294977616371526,22651600
2025-12-15,21.619117736816406,21.648585631865473,21.41284621842382,21.520893293461622,18133500
2025-12-16,21.324443817138672,21.746807600453227,21.22622124997514,21.550360592650783,22792200
2025-12-17,21.167285919189453,21.353912173091114,20.902082359248105,21.3440895414673,26144900
2025-12-18,21.20657730102539,21.422669585038893,21.088707590260896,21.108352854300893,17004900
2025-12-19,21.059240341186523,21.265509981166883,21.029772446842735,21.206576065954692,41700500
2025-12-22,20.921724319458008,21.167284472848245,20.843145145312146,21.05923927931974,17942700
2025-12-23,21.36373519897461,21.36373519897461,20.931548766927975,20.96101666234324,14967000
2025-12-26,21.461957931518555,21.50124658212938,21.06906205803378,21.11817333966614,9742800
2025-12-29,21.334266662597656,21.49142501980654,21.216398831428695,21.363734557127597,9988400
2025-12-30,21.530715942382812,21.736985587465114,21.38338021397039,21.38338021397039,13121900
2026-01-02,21.294979095458984,21.80574471915978,21.24586593540574,21.658407112475537,16077000
2026-01-05,21.491424560546875,21.570003737472124,21.19675311544603,21.29497755497143,10675500
2026-01-06,21.72716522216797,21.766453876166583,21.5307163317485,21.5307163317485,28809400
2026-01-07,21.31462287902832,21.687873502130614,21.255687091057936,21.687873502130614,27650400
2026-01-08,21.432491302490234,21.50124785022075,21.245865049024964,21.314623470230895,23579700
2026-01-09,21.471782684326172,21.5110713388194,21.29497905541792,21.432492156357455,20280800
2026-01-12,21.481605529785156,21.619118632091183,21.20657745169759,21.461960265605576,15846700
2026-01-13,20.823503494262695,21.432491676334415,20.67616589115541,21.39320302272113,39312600
2026-01-14,21.118175506591797,21.118175506591797,20.774390879463805,20.92172661295423,20884400
2026-01-15,21.078882217407227,21.275331085312477,20.96101439544428,21.118172740378377,20166900
2026-01-16,20.990482330322266,21.157463306338432,20.87261263464457,21.078882260236465,55093000
2026-01-19,20.931547164916992,21.108350776925892,20.872613252072462,20.980660320183524,10910800
2026-01-20,21.1574649810791,21.216398896845295,20.744923823764942,20.902082181458393,20625300
2026-01-21,22.00218963623047,22.159347986430483,21.24586390497083,21.30479969140232,52298400
2026-01-22,23.03354263305664,23.07283128253167,22.051302041002632,22.100413321215232,47402900
2026-01-23,23.848804473876953,24.15329856124049,23.01389951806523,23.033544781372665,70331700
2026-01-26,23.966670989990234,24.22205377852933,23.465728044026086,23.966670989990234,42487400
2026-01-27,24.251522064208984,24.634595316477267,24.133652362408938,24.192586276571284,35277600
2026-01-28,24.948911666870117,25.0766039981188,24.28098773765484,24.310455631052687,37374300
2026-01-29,25.047136306762695,25.440032187859984,24.59530651186965,25.047136306762695,50632400
2026-01-30,24.772109985351562,25.184651157717905,24.33010279076471,24.870334430862687,32426800
2026-02-02,24.85068702697754,24.998024619293563,24.693528677084068,24.73281920129509,18511500
2026-02-03,25.233762741088867,25.62665862511728,25.017668599766722,25.02749123105185,35191200
2026-02-04,24.65424156188965,24.96855828125319,24.42832665403153,24.870333838083226,26372500
2026-02-05,24.005962371826172,24.801576785725853,23.760402205630864,24.654241060703747,38580000
2026-02-06,23.897916793823242,24.11400907913892,23.38715116655836,24.005963873218832,36083700
2026-02-09,24.37921142578125,24.497081122272515,23.809511951936553,23.90773638676673,17847600
2026-02-10,24.359567642211914,24.968557676331134,24.241699812043926,24.37921290506504,26925100
2026-02-11,24.467613220214844,24.7721072819416,24.300632243111412,24.59530554748673,28271000
2026-02-12,25.567724227905273,26.41244989424058,24.09436328552413,25.61683550992785,111154300
2026-02-13,24.978378295898438,25.135536639114513,24.09436214693921,25.047134836871066,61597600
2026-02-18,25.361452102661133,25.361452102661133,24.899799693102313,24.958733604785824,38768500
2026-02-19,25.99008560180664,26.117777930058608,25.106069428846094,25.273050407231164,32852600
2026-02-20,26.51067543029785,26.667833787452736,25.69541575000362,25.891864633184923,40353900
2026-02-23,26.353517532348633,26.844637875384183,26.196359172455292,26.510675892241974,72770500
2026-02-24,26.85912322998047,27.11662052871012,26.40354716276415,26.512489635381314,26761400
2026-02-25,27.314697265625,27.542484353543653,27.017583836948596,27.04729404641557,29552800
2026-02-26,27.01758575439453,27.463255929038482,26.720470415630654,27.255276892004886,24720400
2026-02-27,26.690759658813477,26.987873102506644,26.61152928122855,26.829412347336792,20417600
2026-03-02,26.690759658813477,26.720469869782068,25.84893571634789,26.056914749132865,23891500
2026-03-03,25.588708877563477,26.105051139633776,25.20145123404552,25.99582438198378,62065500
2026-03-04,25.75751304626465,26.28378329264803,25.56884916291735,25.82702029435827,14597900
2026-03-05,24.824125289916992,25.74758305373078,24.79433565775413,25.568849048614503,24730900
2026-03-06,24.575883865356445,24.982999365752963,24.238275612257315,24.724828237269485,20986400
2026-03-09,24.52623748779297,24.853915878471895,24.138979830495668,24.347503475798913,18981100
2026-03-10,24.9631404876709,25.330538385625605,24.476587845573942,24.893633237932836,21786700
2026-03-11,25.161733627319336,25.489412006456185,24.645391365064164,24.754618122753268,16908800
2026-03-12,24.059541702270508,25.07236646551997,23.99996433205891,24.982999463237345,34978900
2026-03-13,23.58292007446289,24.506377879354957,23.52334270141743,24.287924354970702,38122400
2026-03-16,23.73186492919922,24.168770092784865,23.652427798904608,24.089332962490253,30930000
2026-03-17,23.503482818603516,24.019825099352172,23.483623063052292,23.731864325651006,22315500
2026-03-18,23.245311737060547,23.67228701283985,23.245311737060547,23.433975627413606,15566500
2026-03-19,23.344608306884766,23.56305993376884,22.72896914903981,22.967280531258034,29427500
2026-03-20,23.10629653930664,23.294958530043047,22.848125406059975,23.26517079146913,37796900
2026-03-23,23.791440963745117,24.11912123843066,23.414115089575525,23.414115089575525,23714600
2026-03-24,23.483623504638672,23.791442145748753,23.235382237372026,23.662357520099548,14982000
2026-03-25,23.69214630126953,24.14890930751388,23.56305978633578,23.64249691324482,20200600
2026-03-26,22.89777374267578,23.632567659463202,22.758759240398057,23.414116028179553,28327000
2026-03-27,22.500587463378906,22.828265848032753,22.361572965019846,22.828265848032753,16957900
2026-03-30,22.242416381835938,22.907703030343907,22.16297925487665,22.738898898814107,23669500
2026-03-31,22.83819580078125,23.056647426625915,22.292065789204333,22.560164909217626,25610100
2026-04-01,23.463762283325195,23.632566410281367,22.967279779798858,23.046716904605855,22064800
2026-04-02,23.225452423095703,23.364468821019006,22.639602879225524,22.917633781141557,16378700
2026-04-06,23.26517105102539,23.51341230954008,23.116226674702677,23.23538141818865,11198800
2026-04-07,23.275100708007812,23.32474820166793,22.867985199417305,23.116226455578857,13760900
2026-04-08,24.317712783813477,24.625531405552003,23.98010453006266,24.258135413719348,40278600
2026-04-09,24.54609489440918,24.71489902550451,24.198558648563345,24.39715051848518,16299100
2026-04-10,24.5560245513916,24.873773055556384,24.536164796398683,24.675181187418634,22773400
2026-04-13,24.575883865356445,24.655320989972097,24.25813536689384,24.397149861488618,29435700
2026-04-14,25.201452255249023,25.310679017325064,24.575885104110203,24.625532599273562,28487700
2026-04-15,24.22834587097168,25.112086017954404,24.12904899116199,24.863844765395413,36240900
2026-04-16,24.10919189453125,24.486517777051585,23.761653751146685,24.307783766514923,20801800
2026-04-17,24.22834587097168,24.724828376089665,24.12904899116199,24.407079875843028,22413600
2026-04-20,24.10919189453125,24.357433154958724,24.00989501157416,24.22834663893535,13669600
2026-04-22,23.235382080078125,23.97017599894148,23.195664462428226,23.97017599894148,25207400
2026-04-23,22.83819580078125,23.285030824020907,22.709111179584514,23.195663819372978,24573300
2026-04-24,22.540307998657227,22.927563772512354,22.44101111220113,22.897774138396354,20235200
2026-04-27,22.351642608642578,22.75875811134236,22.351642608642578,22.560164351714462,15576900
2026-04-28,22.381433486938477,22.500588234205253,22.093472708837744,22.272206723668468,11919500
2026-04-29,21.557270050048828,21.964387457745666,21.50762255575752,21.934597824812577,33020900
2026-04-30,22.053752899169922,22.16297966096422,21.7459342633039,21.7459342633039,16978900
2026-05-04,21.755863189697266,22.20269820119666,21.686355942115238,22.053751934743225,12949300
2026-05-05,21.76579475402832,22.01403602545021,21.755864875899775,21.81544225074046,11722300
2026-05-06,21.914737701416016,22.441009844144254,21.914737701416016,22.014034582261218,15301600
2026-05-07,21.537412643432617,21.96438792150285,21.537412643432617,21.904808654378716,19233100
2026-05-08,21.646636962890625,22.01403485844808,21.596989468810385,21.755863722583747,22432400
2026-05-11,21.38846778869629,21.696286419615756,21.38846778869629,21.61684929247749,19018400
2026-05-12,21.170015335083008,21.61685038145217,21.170015335083008,21.438116362904506,18272200
2026-05-13,20.613954544067383,21.299100954839464,20.57423503321427,21.179944316210637,31119200
2026-05-14,20.613954544067383,20.941632932883504,19.60112974447918,19.85930088323287,69887800
2026-05-15,20.55437660217285,20.574234463118646,20.157189080369527,20.40543033453137,35294300
2026-05-18,20.27634620666504,20.65367208879815,20.10754207399037,20.55437709987347,21577400
2026-05-19,20.087682723999023,20.375643500697024,19.92880846579687,20.047965106413763,36742400
2026-05-20,20.55437660217285,20.633813727747423,20.16711895780766,20.25648596082036,38517100
2026-05-21,20.673532485961914,20.901913997867563,20.335924210131576,20.47494060801679,21652100
2026-05-22,20.792688369750977,20.82247610869484,20.455080106230177,20.683461609808806,14910500
2026-05-25,21.497692108154297,21.51755186291649,20.98134984792004,20.991279725301137,15414500
2026-05-26,20.96149253845215,21.487762795979876,20.95156266080986,21.438115301698943,22798700
2026-05-27,20.92177391052246,21.348749197501384,20.92177391052246,21.289171823064734,13716500
2026-05-28,20.465009689331055,21.03099944828499,20.465009689331055,20.911842812432887,19444000
2026-05-29,20.157190322875977,20.55437786916228,20.13733246070613,20.52458823501163,60512500
2026-06-01,19.938737869262695,20.405430754885927,19.908948236334634,20.365713138245688,50279700
2026-06-02,19.889999389648438,20.18000030517578,19.889999389648438,20.139999389648438,19384600
2026-06-03,19.530000686645508,19.8700008392334,19.459999084472656,19.770000457763672,27323000
2026-06-05,19.170000076293945,19.649999618530273,19.170000076293945,19.600000381469727,51227600
2026-06-08,19.100000381469727,19.34000015258789,19.100000381469727,19.170000076293945,15329800
2026-06-09,19.110000610351562,19.469999313354492,19.040000915527344,19.229999542236328,18242900
2026-06-10,19.0,19.18000030517578,18.8700008392334,19.1200008392334,18849900
2026-06-11,19.40999984741211,19.559999465942383,18.90999984741211,19.06999969482422,32600200
2026-06-12,19.459999084472656,19.65999984741211,19.219999313354492,19.299999237060547,13773000
2026-06-15,19.389999389648438,19.969999313354492,19.329999923706055,19.899999618530273,16495300
2026-06-16,19.399999618530273,19.420000076293945,19.209999084472656,19.350000381469727,25391100
2026-06-17,19.40999984741211,19.799999237060547,19.360000610351562,19.600000381469727,14117900
2026-06-18,19.530000686645508,19.700000762939453,19.299999237060547,19.420000076293945,23842500
2026-06-19,19.420000076293945,19.6299991607666,19.420000076293945,19.520000457763672,13185600
2026-06-22,19.579999923706055,19.75,19.459999084472656,19.479999542236328,18434100
2026-06-23,19.860000610351562,19.899999618530273,19.329999923706055,19.489999771118164,18028200
2026-06-24,19.729999542236328,20.059999465942383,19.68000030517578,19.709999084472656,16362000
2026-06-25,20.049999237060547,20.25,19.829999923706055,19.889999389648438,15674300
2026-06-26,20.34000015258789,20.450000762939453,19.969999313354492,20.049999237060547,18097300
2026-06-29,20.260000228881836,20.40999984741211,20.110000610351562,20.34000015258789,17442900
2026-06-30,19.90999984741211,20.170000076293945,19.770000457763672,20.170000076293945,17204700
2026-07-01,19.729999542236328,19.989999771118164,19.559999465942383,19.760000228881836,16785700
2026-07-02,20.0,20.020000457763672,19.690000534057617,19.84000015258789,29242600
2026-07-03,19.979999542236328,20.280000686645508,19.979999542236328,20.149999618530273,8243200
2026-07-06,19.770000457763672,19.8700008392334,19.6200008392334,19.829999923706055,15149200
2026-07-07,19.729999542236328,20.100000381469727,19.719999313354492,19.780000686645508,16218300
2026-07-08,19.530000686645508,19.700000762939453,19.40999984741211,19.700000762939453,22487500
2026-07-09,20.0,20.059999465942383,19.510000228881836,19.56999969482422,30913000
2026-07-10,20.579999923706055,20.670000076293945,20.25,20.299999237060547,24372700
2026-07-13,20.239999771118164,20.670000076293945,20.190000534057617,20.540000915527344,14138400
2026-07-14,20.59000015258789,20.639999389648438,20.299999237060547,20.34000015258789,15228800
2026-07-15,20.549999237060547,20.729999542236328,20.43000030517578,20.479999542236328,14771700
2026-07-16,20.760000228881836,20.81999969482422,20.450000762939453,20.479999542236328,15332600
2026-07-17,20.489999771118164,20.829999923706055,20.260000228881836,20.649999618530273,35729100
2026-07-20,20.170000076293945,20.540000915527344,20.1299991607666,20.540000915527344,15081500
2026-07-21,20.8799991607666,20.8799991607666,20.079999923706055,20.149999618530273,25335900
2026-07-22,21.09000015258789,21.1299991607666,20.719999313354492,20.959999084472656,19261100
2026-07-23,20.93000030517578,21.079999923706055,20.780000686645508,21.040000915527344,18426000
2026-07-24,20.350000381469727,20.81999969482422,20.350000381469727,20.799999237060547,14443400
2026-07-27,20.5,20.670000076293945,20.420000076293945,20.459999084472656,11104800
2026-07-28,20.829999923706055,21.010000228881836,20.579999923706055,20.93000030517578,11362200
2026-07-29,20.780000686645508,21.059999465942383,20.459999084472656,20.75,14713900
2026-07-30,21.190000534057617,21.200000762939453,20.780000686645508,20.90999984741211,15920200
2026-07-31,21.350000381469727,21.360000610351562,21.059999465942383,21.25,28502900
2026-08-03,21.270000457763672,21.579999923706055,21.170000076293945,21.399999618530273,8365700
2026-08-04,20.989999771118164,21.59000015258789,20.950000762939453,21.479999542236328,11147700
2026-08-05,21.049999237060547,21.440000534057617,21.020000457763672,21.15999984741211,13598000
2026-08-06,20.280000686645508,21.0,20.200000762939453,21.0,22892100
2026-08-07,20.059999465942383,20.399999618530273,19.950000762939453,20.389999389648438,17314900
2026-08-10,20.030000686645508,20.190000534057617,19.979999542236328,20.059999465942383,14169300
2026-08-11,19.280000686645508,20.110000610351562,19.239999771118164,20.0,17787900
2026-08-12,19.0,19.440000534057617,19.0,19.389999389648438,28382600
2026-08-13,18.209999084472656,19.170000076293945,18.18000030517578,18.899999618530273,60899800
2026-08-14,18.3799991607666,18.3799991607666,17.799999237060547,18.200000762939453,43600700
2026-08-17,17.950000762939453,18.479999542236328,17.950000762939453,18.399999618530273,26523400
2026-08-18,17.799999237060547,18.040000915527344,17.790000915527344,18.010000228881836,25321900
2026-08-19,18.079999923706055,18.270000457763672,18.020000457763672,18.100000381469727,28220200
2026-08-20,18.040000915527344,18.229999542236328,17.920000076293945,18.059999465942383,81890700
2026-08-21,18.43000030517578,18.770000457763672,18.030000686645508,18.209999084472656,46529700
