Price,Close,High,Low,Open,Volume
Ticker,BBDC4.SA,BBDC4.SA,BBDC4.SA,BBDC4.SA,BBDC4.SA
Date,,,,,
2015-01-02,7.020965576171875,7.264550373613607,6.986167961390602,7.1130774659945315,20142053
2015-01-05,7.035436153411865,7.121458604954874,6.822426754474189,6.9043532547229445,19878785
2015-01-06,7.266880989074707,7.266880989074707,6.992427716849392,7.0477275679689555,26416610
2015-01-07,7.555670738220215,7.639645235578456,7.295553846590165,7.361095561831355,27833207
2015-01-08,7.594587326049805,7.662177031278824,7.434830701647728,7.578202516753779,15119805
2015-01-09,7.264832019805908,7.56386395935977,7.225916982882422,7.5208524716309,16378492
2015-01-12,7.135801315307617,7.297605963993775,7.086645378056514,7.209534972038627,16489207
2015-01-13,7.15833044052124,7.359050638872071,7.158330440521239,7.189053585943894,21003287
2015-01-14,7.234109878540039,7.342662087610401,7.035438243280718,7.066160378568156,19433117
2015-01-15,7.160375595092773,7.436877297872533,7.1603755950927725,7.248446544740478,25751297
2015-01-16,7.230015277862549,7.25254501560227,7.107125210392666,7.199292636422282,33012089
2015-01-19,7.078455448150635,7.3017054859629065,7.025203035837653,7.189056727175634,16290226
2015-01-20,7.055920600891113,7.219773675609498,7.033390865403728,7.209532796153207,13588666
2015-01-21,7.227963447570801,7.2791673243812545,7.025194919434829,7.162421747782855,21723447
2015-01-22,7.307844161987305,7.445071040782942,7.254591791621503,7.3119406131595435,22345393
2015-01-23,7.244349479675293,7.445069567913005,7.1235079311837834,7.311939166627005,15717515
2015-01-26,7.361098766326904,7.367243195804446,7.1378488366170325,7.1378488366170325,17672383
2015-01-27,7.373384952545166,7.426637319769051,7.1685688838018,7.254591363596833,24000768
2015-01-28,7.219773292541504,7.465552891578462,7.199291534715646,7.281218067727965,24958176
2015-01-29,7.121459007263184,7.3590456222609575,7.008809876198233,7.291455944305611,25864053
2015-01-30,6.908457279205322,7.043636277407843,6.857252848974049,7.025202483208001,27674022
2015-02-02,6.980138778686523,7.021102298196787,6.787611532545294,6.9944761101733475,23727040
2015-02-03,7.238501071929932,7.252846604932195,7.074548561950299,7.172920067938079,23725510
2015-02-04,7.420897483825684,7.4864784827936495,7.160622707199008,7.2385005174185855,27441876
2015-02-05,7.302029609680176,7.418845542102382,7.2958809566007545,7.332770880703918,19437453
2015-02-06,7.332774639129639,7.338922796766967,7.152426354997884,7.285638099118658,18438718
2015-02-09,7.408600330352783,7.408600330352783,7.267191744129417,7.2856362122646035,21732631
2015-02-10,7.253640174865723,7.471825411490784,7.2536401748657235,7.389491218206637,16000937
2015-02-11,7.058102607727051,7.323630932175593,7.002527040016453,7.237179325734304,24872206
2015-02-12,7.338036060333252,7.338036060333252,7.130142059823665,7.183658935589558,17602995
2015-02-13,7.533583641052246,7.5459341582621855,7.335981374946194,7.401848796981545,18634639
2015-02-18,7.615915298461914,7.718832226868701,7.566514752179119,7.67149034966282,19939245
2015-02-19,7.599447250366211,7.690015160611501,7.535638029494057,7.599447250366211,11999108
2015-02-20,7.617974281311035,7.6570834920453335,7.517115503796081,7.611799775326837,8144985
2015-02-23,7.692073345184326,7.714715698372211,7.52122986722497,7.5232880353462175,12216457
2015-02-24,7.776467323303223,7.786759167533703,7.6220906613878885,7.718833095766721,17895855
2015-02-25,7.819687843322754,7.819687843322754,7.64061127095727,7.681778120651761,20823438
2015-02-26,7.836161136627197,7.842336144128112,7.7291268386596395,7.821752451944381,12804729
2015-02-27,7.739418983459473,8.019355004570025,7.7332434749491865,7.821752753830075,30611553
2015-03-02,7.6344404220581055,7.848509973749777,7.570631691015474,7.720891510122678,24428068
2015-03-03,7.651055812835693,7.665472530652814,7.562497191652468,7.632519961206507,20408127
2015-03-04,7.4924702644348145,7.5913264213774925,7.4718756075259005,7.533660079302612,24165055
2015-03-05,7.480113506317139,7.5666132773240165,7.3915554218589365,7.506887614784753,33309541
2015-03-06,7.389494895935059,7.4965893153254015,7.317412845956892,7.459518131609516,19781335
2015-03-09,7.177367210388184,7.335948540486355,7.109403783203253,7.311234749164571,19038980
2015-03-10,6.938464164733887,7.197961464253988,6.938464164733887,7.072332197024014,28325304
2015-03-11,7.146475315093994,7.156772896378867,6.973477252238349,6.985834650410245,17377227
2015-03-12,7.01878547668457,7.261806766289521,7.012607028768346,7.249449870457073,25786246
2015-03-13,6.932285785675049,6.977594731753325,6.831369813623477,6.876679260751716,24809450
2015-03-16,7.035264015197754,7.051739546979896,6.919931284321376,7.002311448482951,19831590
2015-03-17,7.311237335205078,7.313297152577148,6.967300444340323,7.035264396614646,27340600
2015-03-18,7.5995707511901855,7.599570751190186,7.171193729161643,7.309180495741464,23118871
2015-03-19,7.471878528594971,7.556318007767351,7.3792002815482,7.543960607531016,15463686
2015-03-20,7.5872087478637695,7.671648210254796,7.508947733837935,7.5336615272986975,26047218
2015-03-23,7.568673610687256,7.671648421002675,7.511007756994628,7.558376029445698,11658033
2015-03-24,7.496590614318848,7.655172454479451,7.408032021966183,7.578970257439885,12732279
2015-03-25,7.50071382522583,7.613986271895523,7.416274319431121,7.5583797069757965,28497755
2015-03-26,7.270044326782227,7.471875777048525,7.247389351883474,7.436863907514076,30557216
2015-03-27,7.068212509155273,7.273339354486562,6.96935635510765,7.273339354486562,21210474
2015-03-30,7.2165021896362305,7.226387912716007,7.031147136616928,7.105289057614582,20418586
2015-03-31,7.302998065948486,7.359840195236296,7.102814021802117,7.1250571387518,23138216
2015-04-01,7.540249347686768,7.66629094705,7.3845506066793245,7.429035818095775,19430481
2015-04-02,7.619125843048096,7.745245305664033,7.596868906947261,7.626544487507449,16688529
2015-04-06,7.6933135986328125,7.784812049660085,7.6562193745442935,7.715570032813649,12152554
2015-04-07,7.735355377197266,7.765030965168221,7.643856901023936,7.703207575604334,11705057
2015-04-08,7.732880115509033,7.8317977131922,7.71309739815061,7.769974841341947,18838850
2015-04-09,7.594395160675049,7.6586917417909515,7.480639786707218,7.604287019517699,22461125
2015-04-10,7.6240739822387695,7.703207883939101,7.495480765273813,7.544939579176904,14701263
2015-04-13,7.643854141235352,7.777392233445106,7.614179065339998,7.6290163526070085,17276971
2015-04-14,7.750189304351807,7.7501893043518075,7.572137870807995,7.7501893043518075,18194923
2015-04-15,7.834270000457764,7.836742714494184,7.690839550950995,7.762554775704379,20660511
2015-04-16,7.8367462158203125,7.8367462158203125,7.730409938879851,7.83180028417639,15907483
2015-04-17,7.604292869567871,7.767507161949837,7.60181965227388,7.73041241207192,14982729
2015-04-20,7.562246799468994,7.69083945913814,7.5053693636971,7.641380666748266,11513304
2015-04-22,7.6240739822387695,7.740301618345269,7.510318559853201,7.562250088838756,15283115
2015-04-23,7.819430351257324,7.91092876474426,7.549880036014172,7.624068453752889,19526357
2015-04-24,8.037055015563965,8.098878411554747,7.834273815461558,7.901043143294991,25262601
2015-04-27,7.886204719543457,8.0988777663894,7.863948780066811,7.955447258463062,23424996
2015-04-28,8.037055015563965,8.049419594489807,7.85405754283216,7.920826369304027,17621150
2015-04-29,7.797173976898193,8.044467884600738,7.792228048608021,7.990063174770057,27084474
2015-04-30,7.957923889160156,7.960396605264622,7.779871784701235,7.7971823015177115,19668578
2015-05-04,7.997482776641846,8.113710844724999,7.9678077065597845,8.00737463378961,15003350
2015-05-05,8.029391288757324,8.09867439970446,7.84381244102107,7.922993210911409,19453653
2015-05-06,7.831444263458252,8.078883359787019,7.7522639532952695,8.0096007138083,18592674
2015-05-07,7.801746845245361,7.841336975323085,7.710194763500985,7.757207886201018,10514356
2015-05-08,7.831444263458252,7.947741065139997,7.727520796145732,7.93536873408189,11142551
2015-05-11,7.806695461273193,7.90319687100722,7.7596823398555115,7.893299213343951,13034153
2015-05-12,7.727513313293457,7.826488354328015,7.727513313293456,7.762154101083232,8403364
2015-05-13,7.650805950164795,7.777000280788142,7.618639328522299,7.732460338036928,12926159
2015-05-14,7.826488971710205,7.836386125435833,7.61121722462709,7.670602655256426,11470148
2015-05-15,7.962584972381592,7.987328623141289,7.77453142064846,7.824019223823252,12489930
2015-05-18,7.759684085845947,8.004648409027002,7.695349798214206,7.992276584991772,19821003
2015-05-19,7.690398693084717,7.804220744838764,7.551833000580553,7.784425430914515,12522881
2015-05-20,7.472650527954102,7.628537324653207,7.45532988424421,7.5741007291906675,26212441
2015-05-21,7.383578300476074,7.4404891022068975,7.254909702955353,7.418219614429146,29149760
2015-05-22,7.175726413726807,7.3241897707337635,7.150982270064705,7.304394455804082,39888821
2015-05-25,7.249952793121338,7.319235845476885,7.158400779459031,7.197990880095829,9096611
2015-05-26,6.9901442527771,7.2177877573903615,6.9901442527771,7.205415440645037,28443333
2015-05-27,7.2450079917907715,7.259854475896044,6.96540246856659,7.066852189148086,32395118
2015-05-28,7.160877227783203,7.190570188983082,7.034683898476318,7.170774881516496,29737777
2015-05-29,6.977777481079102,7.1707798561510705,6.972828650779269,7.1707798561510705,32101110
2015-06-01,6.935709476470947,7.061902826010688,6.928285984153237,7.012415051064768,13990584
2015-06-02,7.173152446746826,7.175628283942479,7.009732131996774,7.024588661154388,20936662
2015-06-03,6.98001766204834,7.128581406910837,6.947828775362302,7.128581406910837,41764479
2015-06-05,6.831454277038574,6.9577329899288305,6.819073587818716,6.932972615478021,18683449
2015-06-08,6.824023246765137,6.925542049764216,6.809166726376286,6.86116429674013,17814817
2015-06-09,6.78441047668457,6.8958336942022465,6.72746120030489,6.843836092295083,23087620
2015-06-10,7.032013416290283,7.049345774612201,6.853736654991268,6.888401873629436,23233668
2015-06-11,7.022107124328613,7.103817221223316,6.903255983028283,7.059248168734241,20572500
2015-06-12,6.883450984954834,7.004778017859221,6.861166448380331,6.932972233119775,35310541
2015-06-15,6.856215000152588,6.880975877857031,6.71012707668257,6.833930461215828,20218117
2015-06-16,7.009729385375977,7.05677428961631,6.851261811098678,6.888402366448088,19183879
2015-06-17,6.861166477203369,6.982493510617438,6.836406104014095,6.957732635433736,19279756
2015-06-18,7.118678092956543,7.160770833831011,6.838882924109669,6.935449598222772,17977446
2015-06-19,6.975066661834717,7.096393715474555,6.920593229344034,7.027063755397,21684544
2015-06-22,7.041918754577637,7.098868011641715,6.957732285185378,7.0295385686062115,19966413
2015-06-23,7.134040355682373,7.213805831602446,7.071723546034631,7.106620878579296,13328374
2015-06-24,7.178906440734863,7.203832955301899,7.086677730401478,7.148994016819066,9300907
2015-06-25,7.153977870941162,7.19884599173167,6.991954550631163,7.19884599173167,19715135
2015-06-26,7.258670330047607,7.273626538783486,7.12157351873812,7.12157351873812,14292245
2015-06-29,7.064247131347656,7.218793225711015,7.029349789189181,7.129056914238892,14630046
2015-06-30,7.086677074432373,7.173920372704229,7.049286295317256,7.1315452007901134,13637476
2015-07-01,7.064247131347656,7.166447212473304,7.029349789189181,7.141520683892416,15810544
2015-07-02,7.208651542663574,7.228606497397935,7.1013949252184565,7.146293573370769,13834119
2015-07-03,7.1263346672058105,7.1861989925143215,7.073953192923159,7.161255312927214,5045334
2015-07-06,6.9866533279418945,7.1013927656694715,6.941755199144031,7.011596508073742,16594566
2015-07-07,6.9242963790893555,6.974183259555736,6.784613214923654,6.946745955715008,20006805
2015-07-08,6.817041397094727,6.9991286302975935,6.814546774338005,6.8893773658245285,11750551
2015-07-10,7.108880043029785,7.123846263844052,6.9342761563339765,6.976680195790569,16122409
2015-07-13,7.23359489440918,7.2610327030225115,7.086428880147422,7.176225160808943,15811819
2015-07-14,7.278493881225586,7.323392026777981,7.146294066932904,7.208652040532492,13277778
2015-07-15,7.243575572967529,7.295957096973267,7.163756228220934,7.295957096973267,12485678
2015-07-16,7.208651542663574,7.330874881860293,7.171236761087891,7.315908665809522,13914265
2015-07-17,7.188697814941406,7.305931921516933,7.10388975451159,7.2311018451563145,12068369
2015-07-20,7.049017906188965,7.163757443570185,7.021580080793214,7.141308865374878,9628079
2015-07-21,6.9592180252075195,7.05150944978287,6.914319877025593,7.034048609311326,13290534
2015-07-22,6.8719162940979,6.944252255088405,6.8170406677325674,6.904342340858425,12381085
2015-07-23,6.607515811920166,6.919308208295815,6.58506623345222,6.869421323735538,29973961
2015-07-24,6.667377471923828,6.669871587764639,6.442886818222925,6.610007244877499,26456491
2015-07-27,6.75967264175415,6.799582569108264,6.634955635875712,6.659898834770977,20744695
2015-07-28,6.829514026641846,6.906838746878405,6.642438531034931,6.824525286074873,24679687
2015-07-29,6.886882781982422,6.954229500634086,6.762165306525095,6.762165306525095,15997408
2015-07-30,6.70978307723999,6.934274306772026,6.69980610505927,6.934274306772026,18398794
2015-07-31,6.854454040527344,6.874408993528042,6.739714577875688,6.7571749089009066,15595618
2015-08-03,6.562619686126709,6.657404752696544,6.51023815904537,6.619989448452881,36725735
2015-08-04,6.50244665145874,6.609780562050354,6.440043238606186,6.597299980692894,25414601
2015-08-05,6.474990367889404,6.592309484764997,6.390122188572716,6.539890218745622,20182402
2015-08-06,6.50244665145874,6.577330645668753,6.3701510720869505,6.40260098846855,16584149
2015-08-07,6.320226192474365,6.509933295531897,6.280288041433603,6.417575404007154,22152661
2015-08-10,6.4026007652282715,6.427561927072866,6.332708601145975,6.3626626026377755,12383211
2015-08-11,6.509932518005371,6.50993251800537,6.270302628251278,6.415079230838139,17974895
2015-08-12,6.212895393371582,6.310245159178332,6.16546897366984,6.290275820736329,31201015
2015-08-13,6.065624237060547,6.212896359748878,6.045654895512437,6.192927018200769,23494300
2015-08-14,6.033167362213135,6.150486359445031,6.0082062179952045,6.070609584604913,24487295
2015-08-17,5.9308295249938965,6.105559666718724,5.910860698496759,6.00571401603745,11664878
2015-08-18,6.050645351409912,6.18793276067911,5.825992353038496,5.915853856026221,39625213
2015-08-19,5.868424892425537,5.958285858030799,5.791044504028765,5.9507976129187234,26103597
2015-08-20,5.8359785079956055,5.88839726753741,5.761094493497973,5.828489752300067,28414421
2015-08-21,5.77107572555542,5.888393759484676,5.716160578142731,5.788548128927985,34968488
2015-08-24,5.746116638183594,5.838473558866688,5.429106189043074,5.52895186431394,41371405
2015-08-25,5.643772602081299,5.908363702388921,5.643772602081299,5.875913793174007,32037546
2015-08-26,6.010706424713135,6.028178831826955,5.686207802888498,5.778564701986928,42639489
2015-08-27,6.180441379547119,6.252829424375365,6.020688295974954,6.090580428183092,36234870
2015-08-28,5.983248710632324,6.200413447234873,5.938318215077379,6.045652626516623,29485223
2015-08-31,5.753602981567383,5.830983379583297,5.706176579853524,5.786052891195366,47472874
2015-09-01,5.588858604431152,5.676223684831333,5.541432193515797,5.566393861943812,32285423
2015-09-02,5.6910247802734375,5.706014467402202,5.548624018784938,5.648554253322224,24532364
2015-09-03,5.833422660827637,5.833422660827638,5.591092269934086,5.740987560726533,34269926
2015-09-04,5.586094379425049,5.755975871134944,5.586094379425049,5.676031937679451,27342130
2015-09-08,5.716006278991699,5.753479728463813,5.67103773443013,5.753479728463813,22185825
2015-09-09,5.783458232879639,5.9333535410107405,5.770967590319245,5.775964151239657,32067521
2015-09-10,5.658546447753906,5.765971761440746,5.538629983427049,5.618574461809561,31780953
2015-09-11,5.596088409423828,5.656046622530401,5.568607582853884,5.628565795960458,20467056
2015-09-14,5.8459153175354,5.8708981235323385,5.571107490531798,5.611079473633113,24505152
2015-09-15,5.9583353996276855,6.0008059074614115,5.815935208732487,5.835920942747311,23103564
2015-09-16,6.180678844451904,6.183176870782977,5.9983062079955225,5.9983062079955225,28177811
2015-09-17,6.163193702697754,6.313089020200315,6.0707585861254705,6.1207236919596575,28564507
2015-09-18,5.828427314758301,6.110730753699222,5.778462713911743,6.083249412843529,40512978
2015-09-21,5.648550987243652,5.868397578704583,5.601084431855978,5.8059413448554045,27459478
2015-09-22,5.671035289764404,5.725996933089894,5.468676419976268,5.573603147552788,30349178
2015-09-23,5.478667259216309,5.735987158801462,5.478667259216309,5.658541285102108,25816604
2015-09-24,5.543622016906738,5.591089059658688,5.2088562116332495,5.313782905590825,33828807
2015-09-25,5.4162139892578125,5.653547789369282,5.373743485040947,5.613575818250039,21068041
2015-09-28,5.281307220458984,5.366247703479792,5.213853932758335,5.3387663779951975,25345085
2015-09-29,5.248831272125244,5.398726565586136,5.236340124293597,5.28880324908274,26898886
2015-09-30,5.351259708404541,5.441196778260929,5.221350663777945,5.43370168477711,36160252
2015-10-01,5.423712253570557,5.458687688706244,5.326280539551434,5.3712491008670264,21649467
2015-10-02,5.628477573394775,5.628477573394775,5.340927401695956,5.383434977074795,27506460
2015-10-05,5.793506622314453,5.9260302850994195,5.685988074614086,5.748498834582402,26285784
2015-10-06,5.848516941070557,5.876022266736666,5.735997458508543,5.771003914033502,22642250
2015-10-07,6.058557033538818,6.191080279059918,5.896028744872021,5.976043038154114,35821601
2015-10-08,6.06355619430542,6.11356492295518,5.961038528694608,5.983541924304209,27302164
2015-10-09,5.998545169830322,6.171075778918868,5.901028420058569,6.153572291610267,26861470
2015-10-13,5.67099142074585,5.863524812542447,5.560972050041338,5.863524812542447,41135221
2015-10-14,5.640980243682861,5.74849879055984,5.575969276865424,5.633479114763563,51218025
2015-10-15,5.620979309082031,5.6884905101889975,5.503458365152439,5.65348455200435,20802094
2015-10-16,5.513459205627441,5.6184775679420795,5.463450485807894,5.6109764373967135,29063450
2015-10-19,5.505956649780273,5.605974063528317,5.490953885637336,5.533461463907774,30396585
2015-10-20,5.375940322875977,5.560972596464531,5.343434043497786,5.538468171212499,28517100
2015-10-21,5.383437633514404,5.440947493457926,5.313425211331695,5.37593650171968,20449837
2015-10-22,5.46345329284668,5.528464814094787,5.403442696843516,5.420946188668901,22130127
2015-10-23,5.388434886932373,5.613474284965842,5.375933345903895,5.595971316428869,21532969
2015-10-26,5.348433494567871,5.475956339079738,5.265919488139097,5.425947589186071,23713477
2015-10-27,5.370937347412109,5.385940122879498,5.290923051855523,5.350933646788924,25977957
2015-10-28,5.605978012084961,5.618480070875318,5.558469478971027,5.588474521455108,3599953
2015-10-29,5.260917663574219,5.518462504094743,5.260917663574219,5.37593792075812,31270957
2015-10-30,5.250914096832275,5.338429492309198,5.213407426351314,5.308423953150048,29438879
2015-11-03,5.5284647941589355,5.538466137676595,5.235913963469727,5.30092497754724,36077768
2015-11-04,5.418083667755127,5.643315619227899,5.373037277460573,5.633305704895121,36021220
2015-11-05,5.565738677978516,5.565738677978516,5.390558247122948,5.438107011015833,24549158
2015-11-06,5.48565149307251,5.538205424236117,5.418081428190189,5.533200215453338,30273072
2015-11-09,5.363025188446045,5.483149196799889,5.343004858634024,5.458123150321826,31971644
2015-11-10,5.3355021476745605,5.358024848919468,5.192855328898132,5.355522495682553,23922663
2015-11-11,5.465634822845459,5.490660885829626,5.345510735262992,5.388054788650692,24212420
2015-11-12,5.463132858276367,5.49816884482588,5.277941991323569,5.413081231475272,25191597
2015-11-13,5.383046627044678,5.44561098917414,5.32298461615738,5.38554948565733,28948227
2015-11-16,5.428100109100342,5.428100109100342,5.32048922487757,5.3905617471394,35215939
2015-11-17,5.63080358505249,5.715891158294147,5.453119860926541,5.453119860926541,34828393
2015-11-18,5.6758551597595215,5.773455596078237,5.598274571210744,5.630808726478412,24426708
2015-11-19,5.8560380935668945,5.856038093566895,5.710888431852306,5.755934843600224,26817252
2015-11-23,5.798474311828613,5.966147568714485,5.7309052491588925,5.931111608109305,32983560
2015-11-24,5.758434772491455,5.790968391141062,5.618290383006743,5.730906872340912,22931794
2015-11-25,5.478144645690918,5.675848660824803,5.468134225896964,5.653324962603159,36694059
2015-11-26,5.598270893096924,5.6333073794737825,5.480650178915058,5.4881577437390145,23376101
2015-11-27,5.393054485321045,5.558224825509756,5.37053181060836,5.550717267272193,29661245
2015-11-30,5.285447597503662,5.385550804370399,5.217877501603595,5.330493989856633,70247991
2015-12-01,5.255416393280029,5.3480115309378,5.210370000393413,5.2854476601181855,29841732
2015-12-02,5.252645492553711,5.355344180067471,5.159966771332627,5.277694138713875,34518653
2015-12-03,5.483089447021484,5.670952462411449,5.435497794590818,5.485594564839578,46562575
2015-12-04,5.4079484939575195,5.470569889240703,5.322784066706516,5.470569889240703,27758164
2015-12-07,5.35283899307251,5.550721517806689,5.340315431895522,5.460547408440674,17966604
2015-12-08,5.235113620758057,5.3854040149635685,5.21256957918992,5.355345631425218,32786279
2015-12-09,5.498122215270996,5.540705187248492,5.310259567869576,5.317773911260403,51690181
2015-12-10,5.260160446166992,5.520663832331799,5.260160446166992,5.458042469585555,33822004
2015-12-11,5.21507453918457,5.342821395750621,5.190026394829404,5.200045347874232,35564583
2015-12-14,5.122395992279053,5.197541443886179,5.092338116333453,5.1950363246572735,28639551
2015-12-15,5.202549457550049,5.280200017918725,5.1524526658413015,5.159967514686258,19151991
2015-12-16,5.247636318206787,5.29272286167901,5.037229740250731,5.134918182126251,55544602
2015-12-17,5.3606486320495605,5.4728718545728565,5.326720385731235,5.441553758266825,38863513
2015-12-18,5.128371715545654,5.282353120547832,5.078784151605126,5.18317852178704,48042395
2015-12-21,4.979610919952393,5.204059036199829,4.966561752377187,5.177960171929006,26976267
2015-12-22,5.023974895477295,5.1100997591273,4.984826893469106,5.016144977603653,19094167
2015-12-23,5.063126564025879,5.104884749635701,5.000490343852038,5.10227512759531,14549901
2015-12-28,5.112710475921631,5.130979404455655,5.029195222874644,5.089221777932162,13078797
2015-12-29,5.138811111450195,5.167519059765102,5.099663091471299,5.162299288493233,11689538
2015-12-30,5.031805992126465,5.151859658777521,5.010926909536651,5.151859658777521,17977234
2016-01-04,4.958730697631836,5.031806971803722,4.90131426757142,4.963950469295563,22798501
2016-01-05,4.976743698120117,5.039442958940877,4.914044437299356,4.995030872182733,16877732
2016-01-06,4.906208515167236,4.963682278875209,4.822609302262767,4.903596288036775,31314962
2016-01-07,4.806931972503662,4.885306162726179,4.791257558177867,4.801707520827321,43702638
2016-01-08,4.71288537979126,4.880083264610772,4.702435412680925,4.864408313945272,26191820
2016-01-11,4.57965087890625,4.7860353786342635,4.566588153123222,4.731173837080851,23604420
2016-01-12,4.553523063659668,4.647572193154225,4.527398687990551,4.637122231027234,24265567
2016-01-13,4.488207817077637,4.637118327927173,4.446408003752916,4.624055621439241,26244542
2016-01-14,4.6240620613098145,4.6240620613098145,4.446414196215638,4.519563441759982,26951607
2016-01-15,4.506500244140625,4.543075123600093,4.42290157895891,4.543075123600093,34419162
2016-01-18,4.467310905456543,4.545684548688997,4.467310905456543,4.50911021715707,19736394
2016-01-19,4.498663425445557,4.577037653529029,4.459476841052463,4.571812669680221,20056125
2016-01-20,4.5091118812561035,4.52478682754678,4.422901000778545,4.446412625741863,34352410
2016-01-21,4.443802356719971,4.553525969783803,4.422902948776054,4.480377247507047,31875342
2016-01-22,4.5352396965026855,4.540464681946113,4.446415473613223,4.482990371717215,28205447
2016-01-26,4.482985496520996,4.530009784724656,4.44641063819175,4.475148291703128,24044688
2016-01-27,4.537850379943848,4.595324663903106,4.467313373522169,4.4777633396326815,42961133
2016-01-28,4.545685291290283,4.595322875825105,4.498660991739081,4.595322875825105,28774756
2016-01-29,4.741621971130371,4.741621971130371,4.535237021612002,4.569199142138961,45583398
2016-02-01,4.864406108856201,4.8670188642737005,4.6527967542155455,4.707658262202554,28885727
2016-02-02,4.667996883392334,4.81182837558764,4.647076199347072,4.7307599959039015,53295853
2016-02-03,4.89289665222168,4.9922713358242135,4.801367156997214,4.916432217355887,106029201
2016-02-04,5.159639835357666,5.30085641867599,4.858900344049849,4.960890452127178,68902314
2016-02-05,5.107335567474365,5.238091499987033,5.075953761936235,5.159638046516958,34412147
2016-02-10,5.164868354797363,5.177943311842105,5.026266175421286,5.026266175421286,16781855
2016-02-11,5.031497955322266,5.115182264620563,4.9765805746912,5.065495186457376,21285943
2016-02-12,5.047189712524414,5.094261912473127,4.963505389136135,5.094261912473127,20533171
2016-02-15,5.047189712524414,5.164870742584068,5.036729105827395,5.112568239286845,11267765
2016-02-16,5.227633476257324,5.2694759042769626,5.023653760413133,5.060265884930317,26978819
2016-02-17,5.285165786743164,5.418537188022696,5.1570246884734035,5.264245104891923,42743019
2016-02-18,5.177942752838135,5.25378184304868,5.120409979001728,5.25378184304868,27180564
2016-02-19,5.198866844177246,5.245939043447879,5.099492142362816,5.1256431285407835,23900767
2016-02-22,5.470837116241455,5.512678990463052,5.316545105639142,5.332235477105,37900279
2016-02-23,5.418540000915527,5.541450329793355,5.368852891810714,5.384542748609326,24877393
2016-02-24,5.408073902130127,5.413304202548116,5.238090994201996,5.347926242604616,20443247
2016-02-25,5.3923869132995605,5.504837128405162,5.316548827683655,5.358390731198208,22469204
2016-02-26,5.408073902130127,5.517909150532747,5.340080526883845,5.50221824927878,18230213
2016-02-29,5.580672264099121,5.6068232361830175,5.431609496433082,5.4891422712427484,43985379
2016-03-01,5.737582683563232,5.776809162174733,5.609441050793625,5.6146713539793955,34267587
2016-03-02,5.862940788269043,5.862940788269043,5.687576057585966,5.729454115105704,32723991
2016-03-03,6.386414051055908,6.386414051055907,6.386414051055907,6.386414051055907,58264657
2016-03-04,7.045993328094482,7.061697787868242,6.38641344663648,6.38641344663648,92716133
2016-03-07,6.847076892852783,7.0407632375824,6.700503959091407,7.0407632375824,35402166
2016-03-08,6.881100654602051,7.053847633870906,6.768553323949298,6.8051960115353545,49113623
2016-03-09,6.56962776184082,7.119277252729568,6.569627761840821,6.99364268918978,51949750
2016-03-10,6.76593542098999,6.875865602643301,6.548692733552593,6.713587740709644,45017490
2016-03-11,7.0067362785339355,7.035527536372328,6.750232634507875,6.765937101686805,41492367
2016-03-14,6.962238311767578,7.242298831709216,6.94915152532189,7.030290450318424,33809249
2016-03-15,6.595808506011963,6.799963965567367,6.49896506899296,6.705738736219839,33692539
2016-03-16,6.4492316246032715,6.498961624623127,6.1770236050528675,6.459701265864013,46399308
2016-03-17,7.289411544799805,7.320819937784054,6.773787286987518,7.1192812017515985,71874072
2016-03-18,7.192566871643066,7.354844701375056,7.027672427852737,7.2553841816434685,47691626
2016-03-21,7.3129730224609375,7.354851088614511,7.158547554023476,7.197807942553974,23422658
2016-03-22,7.237066745758057,7.326057670120903,7.187336195568061,7.2475358604832225,30869379
2016-03-23,7.001499652862549,7.174247155400742,6.912508756394006,7.137603938733546,24105276
2016-03-24,6.873250484466553,6.938684976505188,6.784259023422143,6.805198315584598,19821641
2016-03-28,7.208271026611328,7.29202761328091,7.006732850977081,7.169010673838339,29838756
2016-03-29,7.333910942077637,7.381023823973908,7.040763472822298,7.242302855416047,25745599
2016-03-30,7.3443779945373535,7.538064277308805,7.302499420406535,7.3967256815549804,25079776
2016-03-31,7.082637310028076,7.082637310028076,7.082637310028076,7.082637310028076,151362
2016-04-01,7.223978519439697,7.223978519439697,7.223978519439697,7.223978519439697,31037
2016-04-04,6.930354595184326,6.930354595184326,6.930354595184326,6.930354595184326,247239
2016-04-05,6.9617838859558105,6.9617838859558105,6.9617838859558105,6.9617838859558105,54634
2016-04-06,6.778440952301025,6.778440952301026,6.778440952301026,6.778440952301026,124150
2016-04-07,6.830826282501221,6.830826282501221,6.830826282501221,6.830826282501221,19983
2016-04-08,7.179174423217773,7.239415414337149,7.061310852621652,7.097979235823857,22920739
2016-04-11,7.2996602058410645,7.2996602058410645,7.2996602058410645,7.2996602058410645,54422
2016-04-12,7.642773151397705,7.642773151397704,7.642773151397704,7.642773151397704,100978
2016-04-13,8.407047271728516,8.407047271728516,8.407047271728516,8.407047271728516,312503
2016-04-14,7.5170464515686035,7.805156623322343,7.420137100987006,7.7422961739387866,30188887
2016-04-15,7.551095485687256,7.613955396326282,7.467281386485098,7.5720486122302395,24838915
2016-04-18,7.50814151763916,7.634910101204602,7.3352754121436,7.490855013291634,22452699
2016-04-19,7.525432109832764,7.525432109832764,7.525432109832764,7.525432109832764,38458
2016-04-20,7.519664764404297,7.548475777134509,7.369847710611217,7.485091761532066,20546757
2016-04-22,7.361205577850342,7.450519359171174,7.303583543638774,7.346800334802519,15283482
2016-04-25,7.191222190856934,7.4159478511330725,7.14512466036518,7.346801820900565,16770433
2016-04-26,7.450519561767578,7.48797383192255,7.171053697161433,7.2459622374713755,15378180
2016-04-27,7.712702751159668,7.7732060739040865,7.450522747954613,7.450522747954613,27109521
2016-04-28,7.554243087768555,7.689654996072855,7.37849615804184,7.490859027524393,40427150
2016-04-29,7.462044715881348,7.646434821397573,7.3756116547917925,7.620505062373766,27196682
2016-05-02,7.3151092529296875,7.499499367752078,7.22867565646763,7.464926353975436,17665039
2016-05-03,7.161993026733398,7.306155175567526,7.092794833936427,7.159109613706556,29212203
2016-05-04,7.467615604400635,7.467615604400636,7.193707370188807,7.196590251165446,25984741
2016-05-05,7.280202388763428,7.597359594276333,7.213887642366386,7.528161967710017,21580705
2016-05-06,7.3148064613342285,7.421486920868346,7.193710527776162,7.205243119558068,12477136
2016-05-09,7.360939025878906,7.438786412496892,7.009182219335411,7.213892899453416,36473993
2016-05-10,7.678092956542969,7.67809295654297,7.401300780736318,7.447432721469656,23659036
2016-05-11,7.75305700302124,7.908752770141223,7.683859356662702,7.781890064212812,24617225
2016-05-12,7.920291900634766,8.015439268010814,7.657916052406832,7.842443957980356,27377574
2016-05-13,7.60024881362915,7.9174062614998775,7.467619219485342,7.865508001916765,24756759
2016-05-16,7.467615604400635,7.6550267811806405,7.441666487171088,7.5483468998791805,14136090
2016-05-17,7.2254228591918945,7.539697299074153,7.216773152718683,7.507981885807938,14381918
2016-05-18,7.257139682769775,7.438784603519398,7.136043777479014,7.147576366568879,22923677
2016-05-19,7.107210636138916,7.213891069654032,7.049545565666244,7.1937087732546585,17903524
2016-05-20,7.029362201690674,7.234072267387106,6.991879964716682,7.199473442920853,10308359
2016-05-23,7.049546718597412,7.121628334180341,6.830420052651865,6.8794354237106194,15825579
2016-05-24,7.069728851318359,7.182175046741308,6.986114128018285,7.127393921191024,11777144
2016-05-25,7.040893077850342,7.2167711013546185,7.02936049343531,7.136040884823294,12818435
2016-05-27,6.939988136291504,7.13893263872146,6.890973263087161,7.05243549106251,12230535
2016-05-30,6.919800758361816,6.991882376068133,6.8707859172660015,6.919800758361816,4255998
2016-05-31,6.57381010055542,6.971698238852269,6.4094645956233345,6.8765509251663355,58986410
2016-06-01,6.69490909576416,6.75834102177392,6.513264092021639,6.660310249873008,27542813
2016-06-02,6.911019802093506,6.9543036399987015,6.651315179140882,6.694599548886562,22413274
2016-06-03,6.945650100708008,7.063959667198668,6.87062439224058,6.954306872312654,19384484
2016-06-06,6.905250072479248,6.9975892982401335,6.769626469002547,6.9802757598900405,15182213
2016-06-07,6.994703769683838,7.012017308624148,6.824453083703117,6.882165234731219,14177448
2016-06-08,7.2140069007873535,7.268833798277404,6.997587204330539,7.040871037253818,26825234
2016-06-09,7.225551605224609,7.248636675916564,7.058186704149841,7.1707246952913515,14854249
2016-06-10,6.936990737915039,7.167839312718234,6.934105503018373,7.124555470862902,11750087
2016-06-13,7.052417755126953,7.092816377722891,6.821569622808891,6.882167024862059,16523059
2016-06-14,6.913906097412109,7.156296671902629,6.789825043472276,7.0322156179627955,23603763
2016-06-15,6.925449371337891,7.049530448046755,6.821568133357212,6.954305448057175,36633433
2016-06-16,7.029332637786865,7.05530295281142,6.755200648348661,6.812912814074831,19819902
2016-06-17,6.986047267913818,7.164954730220295,6.9052505724827675,7.127441883798624,23682034
2016-06-20,7.101470947265625,7.208238474514339,7.055300803278719,7.14186955733388,20459210
2016-06-21,7.185157299041748,7.214012856921111,6.974507897268181,7.023563302976652,20287401
2016-06-22,7.1707234382629395,7.358288142193469,7.115897601621746,7.199580037489592,19817969
2016-06-23,7.406096458435059,7.472975253236059,7.202551601310588,7.295600219487693,15928201
2016-06-24,7.222905158996582,7.2548908494798505,7.077516387608523,7.106594141886135,32914894
2016-06-27,6.937945365905762,7.272339362615692,6.894328454724291,7.228722451434221,33925071
2016-06-28,7.109501361846924,7.167656868927146,7.007729492419686,7.1211331063745344,20548110
2016-06-29,7.281063079833984,7.29560115789991,7.150212874269714,7.202552527754225,21027978
2016-06-30,7.321769714355469,7.452618806209809,7.211274032467927,7.243259187390214,38885892
2016-07-01,7.449712753295898,7.484605850768026,7.254892244507958,7.350848262556308,24447928
2016-07-04,7.481414794921875,7.5745322689227566,7.47268506525448,7.510514072587527,7497954
2016-07-05,7.478504657745361,7.53088303165362,7.344648098215851,7.449404846032369,10983227
2016-07-06,7.478504657745361,7.504693844699491,7.280629370564019,7.40575620110882,14151937
2016-07-07,7.507604122161865,7.618181593856615,7.426125928668573,7.472685202849324,15144527
2016-07-08,7.714208602905273,7.722938332711839,7.525063563224658,7.565802659870644,21797350
2016-07-11,7.801503658294678,7.824782212789051,7.635637789810157,7.74039450297159,13592639
2016-07-12,7.737485885620117,7.900441149974919,7.705476528520323,7.85679251422325,22926189
2016-07-13,7.90917444229126,7.90917444229126,7.676381255799151,7.717119822089876,19348151
2016-07-14,8.235084533691406,8.237994085729587,8.002290336551404,8.002290336551404,39439972
2016-07-15,8.235084533691406,8.32238182129595,8.165246167284815,8.235084533691406,18994483
2016-07-18,8.406766891479492,8.438776244334496,8.211802295879329,8.223442109310493,24600024
2016-07-19,8.374759674072266,8.412588672704748,8.302011764801458,8.383489401731847,14239871
2016-07-20,8.447505950927734,8.482424854818252,8.281640621124994,8.409676959605413,18119783
2016-07-21,8.383491516113281,8.488248810771747,8.243815302009668,8.438779984009106,23175496
2016-07-22,8.438779830932617,8.496978386500844,8.31365299009323,8.383491364039704,13327292
2016-07-25,8.412590026855469,8.514437223493232,8.325292199884682,8.479518307234107,12337988
2016-07-26,8.345664978027344,8.462062125725554,8.32529542354784,8.409683194732086,11948373
2016-07-27,8.374759674072266,8.51152630127719,8.342750315105208,8.37184958607811,20073847
2016-07-28,8.002289772033691,8.32238123419754,7.923721682409194,8.293281961607834,46027280
2016-07-29,8.252543449401855,8.29328200216835,7.9731905384390105,7.987740442966484,23099544
2016-08-01,8.264180183410645,8.432955591466362,8.243811181464132,8.278730083455589,13228342
2016-08-02,8.161959648132324,8.336671274820779,8.028013763552016,8.19981389652759,27382599
2016-08-03,8.351228713989258,8.359964266213373,8.09498459649352,8.124103282800812,17367417
2016-08-04,8.44150161743164,8.517210137677278,8.37161662309681,8.386175706214338,19956151
2016-08-05,8.493911743164062,8.528853958754791,8.333759206132111,8.458969527573334,14449366
2016-08-08,8.409468650817871,8.493912705853472,8.374526431266835,8.432763821639158,10702998
2016-08-09,8.365787506103516,8.493909283962244,8.325021241929976,8.435671917051668,12220485
2016-08-10,8.2464017868042,8.43567298488215,8.121191485764767,8.386171163073898,17840134
2016-08-11,8.490999221801758,8.496822208120888,8.191076785351362,8.255137685073292,18687198
2016-08-12,8.502649307250977,8.590004866880328,8.42985229198524,8.441500415510431,14100143
2016-08-15,8.62785530090332,8.668621565929161,8.493909461544717,8.528851667749331,10584336
2016-08-16,8.496825218200684,8.613300012907036,8.464795025333107,8.581269283358502,23168345
2016-08-17,8.592914581298828,8.592914581298828,8.365789128314075,8.47061576506324,18498962
2016-08-18,8.6162109375,8.65406518725117,8.49682412725038,8.560885578122273,14335149
2016-08-19,8.566710472106934,8.601652694757673,8.432764569704512,8.575446027769617,13751500
2016-08-22,8.336666107177734,8.560879964853175,8.304635939424482,8.531760752327523,11787966
2016-08-23,8.2464017868042,8.490998866127104,8.24057826404824,8.41528985021518,23305561
2016-08-24,8.188162803649902,8.26678329715149,8.100807296071071,8.211457963458017,13735653
2016-08-25,8.2260160446167,8.29881247105418,8.159043139089208,8.211456974001432,12534341
2016-08-26,8.339580535888672,8.479349898162374,8.191075622015404,8.28425519686454,22092074
2016-08-29,8.490999221801758,8.546324032002692,8.290079896434206,8.37161243851736,11415939
2016-08-30,8.517208099365234,8.557974381027913,8.418204425807563,8.531766642317624,9759497
2016-08-31,8.461883544921875,8.668626479978936,8.365792423387287,8.5201209460635,26165247
2016-09-01,8.377433776855469,8.511379601049686,8.330843994963649,8.49681999232564,23760691
2016-09-02,8.621886253356934,8.653937539719683,8.435403747190366,8.45288636466721,22081638
2016-09-05,8.65102767944336,8.735527389958484,8.551958757027222,8.653941092195875,7757697
2016-09-06,8.741350173950195,8.741350173950195,8.575264262868679,8.709298356152907,12818242
2016-09-08,8.857904434204102,8.875387055176008,8.618974027840881,8.706387669734912,26499009
2016-09-09,8.368391990661621,8.738442751816299,8.35382331254568,8.71221880898677,25256339
2016-09-12,8.397526741027832,8.400440153153477,8.231440768486308,8.327595720425956,21173117
2016-09-13,8.047872543334961,8.286802406559493,7.966286264837771,8.260578475771602,31728657
2016-09-14,8.114889144897461,8.202302242477389,8.042044180868254,8.126543866551817,21088662
2016-09-15,8.33633804321289,8.382958550264105,8.106149457470819,8.126545492965146,21344153
2016-09-16,8.184820175170898,8.321768265676416,8.094492585531526,8.280975126030604,29287188
2016-09-19,8.228523254394531,8.382953900424344,8.14693754656734,8.31593685801712,15799876
2016-09-20,8.31884765625,8.365468119790519,8.257657995771412,8.28970979940792,14812118
2016-09-21,8.482027053833008,8.496596263664966,8.231441370627223,8.417923389827648,27672877
2016-09-22,8.645197868347168,8.683077596100448,8.543215555727615,8.572353973086903,16932580
2016-09-23,8.662678718566895,8.67433451275587,8.540300398063975,8.616058764017273,18691063
2016-09-26,8.554871559143066,8.589836801564438,8.516991830473911,8.554871559143066,8892720
2016-09-27,8.7326078414917,8.741349147676637,8.487849657210738,8.595659279169718,23310199
2016-09-28,8.785062789916992,8.814200679798013,8.639373877546557,8.75301094993747,18221052
2016-09-29,8.63936996459961,8.828765357493204,8.586921034720431,8.744265676220275,21240951
2016-09-30,8.645197868347168,8.7559220283952,8.584008695589231,8.636456557953176,18724884
2016-10-03,8.86760425567627,8.89439502020618,8.632444962391329,8.662212051822426,17791046
2016-10-04,8.995369911193848,9.019198955792067,8.852397290545822,8.876226335144041,41553670
2016-10-05,9.066854476928711,9.144298031156533,9.001324893366471,9.02515393265825,16715161
2016-10-06,9.066854476928711,9.108555021199171,8.995367908033682,9.069833244085261,21767782
2016-10-07,9.194936752319336,9.194936752319336,9.034092067141131,9.147279210150357,18620330
2016-10-10,9.191953659057617,9.30514074880609,9.159188874055129,9.233653645720553,13712268
2016-10-11,9.15919017791748,9.1800404487072,9.069832658790501,9.11451141835399,15691456
2016-10-13,9.171109199523926,9.224724286303726,8.977500231392366,9.057922587071797,27578566
2016-10-14,9.245575904846191,9.325998272159964,9.227704389661046,9.24259713598846,19806374
2016-10-17,9.430240631103516,9.430240631103516,9.206846330952551,9.272374798642549,24571422
2016-10-18,9.659589767456055,9.710226585219724,9.391516242923734,9.427259233133375,29082718
2016-10-19,9.59108829498291,9.748954177893934,9.561302817961534,9.61491733537641,17068635
2016-10-20,9.731081008911133,9.754908947271437,9.454071069338145,9.471942572088615,21212542
2016-10-21,9.638750076293945,9.725128871187149,9.614921026751958,9.662578027874842,12218939
2016-10-24,9.546405792236328,9.737035855777492,9.492791292732932,9.68044368793527,15456837
2016-10-25,9.501728057861328,9.573214060706867,9.370668922030701,9.489812992080168,19167645
2016-10-26,9.463006973266602,9.561300783256668,9.400456167280117,9.418327669281908,21969739
2016-10-27,9.620874404907227,9.710231929612618,9.457050995326622,9.457050995326622,17341907
2016-10-28,9.656620025634766,9.707255786998031,9.531518359263057,9.573218914720293,13992304
2016-10-31,9.960433959960938,9.978305464656586,9.725124533847541,9.725124533847541,24715788
2016-11-01,9.668533325195312,10.00809418312199,9.59108975559319,9.9783076036038,19360133
2016-11-03,9.438732147216797,9.805313650266967,9.41190868168553,9.617552687353992,22071008
2016-11-04,9.438732147216797,9.584769306172861,9.289715579736782,9.444693161468626,18425909
2016-11-07,9.766570091247559,9.817236519523274,9.587749535796089,9.703983830651293,17696734
2016-11-08,9.76060676574707,9.972211753693687,9.650334610362222,9.763588371024424,13842526
2016-11-09,9.492375373840332,9.769547080033997,9.334417328345053,9.334417328345053,27302589
2016-11-10,8.645960807800293,9.614571137918901,8.589335023653552,9.528140835045088,77904942
2016-11-11,8.660858154296875,8.866501478240925,8.336001762995922,8.613172817493988,58245446
2016-11-14,8.723450660705566,8.809880424884108,8.544630667312408,8.610197979913199,29182054
2016-11-16,8.854584693908691,9.018503218764303,8.702587096849177,8.836702752913663,22315290
2016-11-17,8.577413558959961,9.000621356369052,8.562512123524845,8.9708179361979,20415340
2016-11-18,8.726430892944336,8.7830566786911,8.529728424419956,8.571453323634445,21232255
2016-11-21,8.777091026306152,8.86053967158641,8.639995489330037,8.82179585388507,20275998
2016-11-22,8.836697578430176,8.99763495314573,8.70854301060778,8.935048196311904,21153791
2016-11-23,8.875445365905762,8.893327304430091,8.747290740746989,8.786035673284115,12491051
2016-11-24,8.791994094848633,8.887365332959652,8.750270311107789,8.881404870896777,5282794
2016-11-25,8.833721160888672,8.842662130843554,8.61913678336983,8.672783152399965,11782362
2016-11-28,8.94399356842041,8.976777490067848,8.741330673792833,8.836701932412428,12335862
2016-11-29,8.660858154296875,8.923128330663692,8.660858154296875,8.860540467827672,18552881
2016-11-30,8.866503715515137,8.961874413185683,8.774112974502518,8.818818366679864,18859587
2016-12-01,8.3717679977417,8.732388356386354,8.300240246943122,8.687683512137243,40935234
2016-12-02,8.505655288696289,8.565301765338631,8.183561126734377,8.27899669863888,23903704
2016-12-05,8.460917472839355,8.565299466031755,8.371446957386825,8.54442350713016,13405949
2016-12-06,8.642848014831543,8.687583586448216,8.326719243852553,8.371454265797642,21152438
2016-12-07,8.58916187286377,8.768102974244815,8.508638871946488,8.684596907065131,22511837
2016-12-08,8.499692916870117,8.672669567193886,8.46688742689861,8.645828561852266,13693329
2016-12-09,8.61302375793457,8.669688293898226,8.511623656978502,8.663723808412605,21613559
2016-12-12,8.25514030456543,8.550392444875886,8.20145774744537,8.481798402243882,17890382
2016-12-13,8.287945747375488,8.475833871764268,8.201457702732117,8.201457702732117,22231608
2016-12-14,8.189530372619629,8.365489025872748,8.189530372619629,8.302859451119657,25843853
2016-12-15,8.2163667678833,8.284960789935727,8.028479248511577,8.171631775097469,20723978
2016-12-16,8.171636581420898,8.341630753335235,8.162689577601359,8.28496566291609,24946735
2016-12-19,7.992692947387695,8.252157627365849,7.9628699769428675,8.186546102978742,18388223
2016-12-20,8.165669441223145,8.267069524606153,8.052340388936237,8.055323455669324,18498962
2016-12-21,8.09707260131836,8.255137705950663,8.052337609193156,8.252155189918575,15881432
2016-12-22,8.061488151550293,8.133815725162176,7.962037946123501,8.112720159715426,20145547
2016-12-23,8.230246543884277,8.30257351305752,8.073537370091026,8.073537370091026,21059866
2016-12-26,8.38093090057373,8.399012648909341,8.22422167441363,8.22422167441363,4191642
2016-12-27,8.299568176269531,8.462304567575663,8.245322897647137,8.438195740000914,11211082
2016-12-28,8.597914695739746,8.619009701324195,8.323673513316438,8.341755264068068,13852383
2016-12-29,8.739558219909668,8.739558219909668,8.474357828716279,8.631067125537879,13093446
2017-01-02,8.679282188415527,8.679282188415527,8.58887288323648,8.670241313441489,5198726
2017-01-03,9.04687213897705,9.070996827507935,8.715153086291357,8.745309363808238,26106302
2017-01-04,8.989569664001465,9.077022651874547,8.94433555158575,8.96846078207683,15809152
2017-01-05,9.089093208312988,9.158452611819492,8.917202875147655,8.995609109041569,17786601
2017-01-06,9.146390914916992,9.146390914916992,9.019734720825857,9.095125166978903,10221778
2017-01-09,9.15845012664795,9.194637438378061,9.025762390630234,9.083059708608754,13939737
2017-01-10,9.15845012664795,9.245903167198641,9.09813756989484,9.19765323295703,12783841
2017-01-11,9.227803230285645,9.245896873834981,9.09210034786162,9.212725379262533,10811031
2017-01-12,9.44493293762207,9.544448590148944,9.40874562972296,9.45398032040117,31209751
2017-01-13,9.369544982910156,9.526357432639047,9.312248767591296,9.444935412724593,17513909
2017-01-16,9.38763427734375,9.435884752494625,9.28811920080665,9.378588008008224,9275571
2017-01-17,9.656028747558594,9.6952318551084,9.345419681834567,9.366528021337878,15900758
2017-01-18,9.55952262878418,9.677131874574858,9.505240583336118,9.656022437257961,12131585
2017-01-19,9.550485610961914,9.610798195635635,9.457001493780897,9.538423538670882,13241870
2017-01-20,9.505243301391602,9.622852580813039,9.423822433153092,9.60174424906822,20708903
2017-01-23,9.722373008728027,9.764590799834822,9.46604379772487,9.478106976562936,20906996
2017-01-24,9.686187744140625,9.764593985734455,9.577625768830327,9.710312998079305,13328258
2017-01-26,9.903311729431152,9.97870216713314,9.734437193443064,9.852046543044336,19825120
2017-01-27,9.933465003967285,9.990761760507569,9.818871490886718,9.864105070297263,11795697
2017-01-30,9.758559226989746,9.91235473543796,9.634918327426528,9.849027500079485,14959962
2017-01-31,9.86109447479248,9.89728179796309,9.659046178603486,9.77364085078924,11291672
2017-02-01,9.779666900634766,10.084245437314737,9.770620629744096,9.951558275252221,26636611
2017-02-02,9.414243698120117,9.483644162244682,9.266392324704928,9.359931016799734,50476346
2017-02-03,9.643566131591797,9.71296548611858,9.347862261167311,9.353896262262076,25759592
2017-02-06,9.444417953491211,9.722017579653825,9.393121717548741,9.673738900208935,23888823
2017-02-07,9.429330825805664,9.613390640646577,9.326739471156056,9.586234858002191,20375914
2017-02-08,9.604341506958008,9.604341506958008,9.35389761372208,9.441402320950715,14294564
2017-02-09,9.661672592163086,9.719002845490847,9.513820066653636,9.607359896209186,18701306
2017-02-10,9.80650806427002,9.866855878073004,9.637533740718228,9.652620416104329,22402451
2017-02-13,9.83365535736084,9.878916456654302,9.67071628971047,9.866847349229602,17255519
2017-02-14,9.77331256866455,9.827625248097988,9.670721210451491,9.821590135185987,15699187
2017-02-15,9.984529495239258,10.02375550547392,9.818573897000878,9.821590341261983,24390143
2017-02-16,9.951337814331055,10.12332851206303,9.88193735662706,9.954355370612722,20673537
2017-02-17,9.930217742919922,9.960391086417177,9.773313687314248,9.872887500468488,10117417
2017-02-20,9.969441413879395,10.014702530746668,9.906076072716823,9.963407413952996,7602702
2017-02-21,10.250059127807617,10.2741984656273,9.99659886134622,9.99659886134622,16403237
2017-02-22,10.31644344329834,10.364721013299231,10.17160850877914,10.234973862147433,19062125
2017-02-23,10.159540176391602,10.419035639337928,10.056949903914298,10.376793174807641,24054641
2017-02-24,10.084105491638184,10.201783547928505,9.957375876080079,10.011688568462123,12713108
2017-03-01,9.993579864501953,10.16255298036587,9.966422974337236,10.117292979768614,10137129
2017-03-02,9.963072776794434,10.029492564558986,9.857403415039732,9.975148798325769,18873309
2017-03-03,10.198567390441895,10.225738727360598,9.981191130616153,9.990247871957312,13436484
2017-03-06,10.09893798828125,10.258951199286042,10.04157490868081,10.18347240864773,9644313
2017-03-07,9.963072776794434,10.141200493526759,9.944958188050029,10.141200493526759,18266275
2017-03-08,9.793998718261719,9.96306964390485,9.706445085677487,9.96306964390485,13215587
2017-03-09,9.706446647644043,9.848345165101927,9.640025757182263,9.69135134482375,20693056
2017-03-10,9.652100563049316,9.963069994251027,9.591719359361445,9.79097977989931,22677269
2017-03-13,9.772866249084473,9.845324591631746,9.661159452174992,9.670216188546094,11704478
2017-03-14,9.691359519958496,9.851371645463063,9.676263091508995,9.703435549822526,12045777
2017-03-15,9.863443374633789,9.93892102387281,9.609837983516897,9.739659406660616,19100197
2017-03-16,9.818150520324707,9.914761987632597,9.643042166273265,9.872495374912015,13849290
2017-03-17,9.516239166259766,9.929857470470848,9.510201714555668,9.92683930106596,31875342
2017-03-20,9.685312271118164,9.730598177206488,9.395476685101094,9.480012157097288,21741305
2017-03-21,9.398496627807617,9.69135151736626,9.313961706324834,9.69135151736626,24866725
2017-03-22,9.43472957611084,9.582665591347007,9.310945607475904,9.35925081357334,15341460
2017-03-23,9.443784713745117,9.528320201197552,9.301886177777037,9.329058616713828,13128426
2017-03-24,9.57965087890625,9.60984262090837,9.419637651112867,9.480020022221606,11653070
2017-03-27,9.661162376403809,9.67323951241359,9.437747602067322,9.528321670560874,8985099
2017-03-28,9.715498924255371,9.74267134717404,9.428683850754396,9.64605989542139,16014009
2017-03-29,9.917781829833984,9.987221986663116,9.637004145892616,9.640023428306192,18390156
2017-03-30,9.854379653930664,10.020431273683316,9.763806751361951,10.017411991448643,18144134
2017-03-31,9.77588939666748,9.917787967661813,9.724564902556578,9.809099297980708,13043005
2017-04-03,9.824195861816406,9.887596381079883,9.721545759211388,9.75173748957525,10093452
2017-04-04,9.899398803710938,9.938670139611178,9.757418676643468,9.787626882623611,11639349
2017-04-05,9.697000503540039,9.94773260518679,9.603352621460195,9.94773260518679,16092473
2017-04-06,9.594287872314453,9.715122880826677,9.47345286380223,9.621475025426733,17316590
2017-04-07,9.615427017211914,9.75136602391235,9.551988517140453,9.57313468383094,11775404
2017-04-10,9.675848007202148,9.733245568294754,9.539908935263783,9.615431631711987,34252842
2017-04-11,9.700019836425781,9.784604583987747,9.467412894173657,9.712104008102223,21709610
2017-04-12,9.603347778320312,9.739287968225597,9.561055423266595,9.68189040526499,25369204
2017-04-13,9.310325622558594,9.603350021248296,9.310325622558594,9.558037727572993,24990992
2017-04-17,9.727205276489258,9.772518679993608,9.364700275540372,9.394909582390923,25084530
2017-04-18,9.669809341430664,9.85710282257195,9.576162600860023,9.681892396698709,18618977
2017-04-19,9.573143005371094,9.784603742547883,9.509704450155102,9.757416585700447,13631872
2017-04-20,9.406993865966797,9.663767996799024,9.334493301722484,9.639600770869887,23396007
2017-04-24,9.579180717468262,9.715120909619394,9.515743297382434,9.60334793697576,25987833
2017-04-25,9.66678524017334,9.696994539098242,9.470428694560795,9.515742086176816,15305513
2017-04-26,9.829914093017578,9.929601788459843,9.576161064749005,9.606369254844932,32025120
2017-04-27,10.116896629333496,10.1984603037795,9.947728310383061,9.968874489444724,42093642
2017-04-28,10.092734336853027,10.113880526240584,9.968879357346957,10.089714407120587,20841867
2017-05-02,10.364313125610352,10.460678069514463,10.181549452433005,10.261300326807204,21791254
2017-05-03,10.357311248779297,10.403860028315036,10.191061787396501,10.350661582305657,21376797
2017-05-04,10.204352378845215,10.377251339709815,10.164452190099855,10.300775792244677,20653121
2017-05-05,10.217658996582031,10.294133484447437,10.16445944973827,10.220984943202243,10338068
2017-05-08,10.211002349853516,10.33402663564248,10.144503518878386,10.204352689599844,11538923
2017-05-09,10.300777435302734,10.383902656078192,10.224302989858478,10.310753041189855,11304901
2017-05-10,10.45372486114502,10.503599535616885,10.380575264305008,10.407175016408733,14828053
2017-05-11,10.516904830932617,10.536854934902097,10.407180930430052,10.440430360899375,13937646
2017-05-12,10.623306274414062,10.699781875761438,10.570106728083685,10.580082339408108,18794827
2017-05-15,10.63992977142334,10.689804477046255,10.51358059145994,10.689804477046255,16892258
2017-05-16,10.656557083129883,10.689806521831976,10.546832041238993,10.679832024487345,11598131
2017-05-17,10.447077751159668,10.633277195403439,10.317403774901026,10.556802742008882,17191110
2017-05-18,9.077189445495605,9.509435925250822,8.491993474266298,8.491993474266298,90429550
2017-05-19,9.226816177368164,9.50611380233978,9.220165955361463,9.373114933305677,42561914
2017-05-22,8.964136123657227,9.156984632502951,8.797887370713697,9.100460290488192,36396003
2017-05-23,9.023991584777832,9.176940556919153,8.964141817428192,8.994066979658,25250278
2017-05-24,9.12706470489502,9.369788576332,9.110439988248205,9.180264800962656,20439480
2017-05-25,9.063885688781738,9.260059032208426,8.930886906307652,9.200209858649902,19232124
2017-05-26,9.273360252380371,9.336534818679505,9.07718689235131,9.140360901540767,16851673
2017-05-29,9.273360252380371,9.273360252380371,9.273360252380371,9.273360252380371,0
2017-05-30,9.326560974121094,9.336536024216239,9.176936894023155,9.176936894023155,11403113
2017-05-31,9.15034008026123,9.366462508071521,9.15034008026123,9.306613306079425,19832991
2017-06-01,9.100464820861816,9.233464223691886,9.023990345295244,9.196889401841364,12689530
2017-06-02,8.973676681518555,9.193277041526514,8.900476375683988,9.169985984443176,23255295
2017-06-05,8.967021942138672,9.050204210032328,8.867203443664582,8.900476462321194,9915178
2017-06-06,9.086800575256348,9.163327989213236,8.957036796372154,8.967018754169912,11464605
2017-06-07,9.233205795288086,9.249842027343977,9.130060153049127,9.233205795288086,11706357
2017-06-08,9.093459129333496,9.183295671368978,9.003622587298016,9.183295671368978,13345212
2017-06-09,8.907126426696777,9.15001828625729,8.900472160678943,9.15001828625729,14258284
2017-06-12,8.764054298400879,8.920436252676215,8.627636258818173,8.897145762195512,29742722
2017-06-13,8.69417667388916,8.867195320407587,8.684195279182326,8.79732276998357,28608455
2017-06-14,9.030238151550293,9.076820255153024,8.823946934159256,8.823946934159256,44258571
2017-06-15,9.030238151550293,9.030238151550293,9.030238151550293,9.030238151550293,0
2017-06-16,8.986983299255371,9.010273792420781,8.883837695610035,8.973674207091316,24328949
2017-06-19,9.010273933410645,9.113420096165568,8.93707420411072,8.960365255136168,8123295
2017-06-20,8.80065631866455,9.030238599238864,8.784020091194073,8.950384038385792,17963452
2017-06-21,8.750748634338379,8.913784908634938,8.69418400499848,8.860547971165195,14099458
2017-06-22,8.860549926757812,8.873859582184572,8.697513616477865,8.767386798737125,9682737
2017-06-23,8.787346839904785,8.91378350112631,8.760728654120845,8.827274676076314,6094755
2017-06-26,9.183295249938965,9.206586307452607,8.86720352117329,8.883840309394891,25899987
2017-06-27,9.08014965057373,9.226550265505926,9.030240400710095,9.163331362015953,24657493
2017-06-28,9.156673431396484,9.186618744519516,8.983654146423364,9.14003665077658,13164777
2017-06-29,9.199933052062988,9.246515172223976,9.033569053982651,9.213242149609583,11493770
2017-06-30,9.36629581451416,9.39624113888718,9.196603598916127,9.253167670782139,14842635
2017-07-03,9.446489334106445,9.496736653624378,9.34934436669923,9.419690838533157,12965191
2017-07-04,9.45954704284668,9.493068536157105,9.382449405511347,9.385801891832134,5349821
2017-07-05,9.462896347045898,9.506473602302513,9.30534919133209,9.48300901280271,13830649
2017-07-06,9.325464248657227,9.48301144477491,9.305351577742407,9.446139150847015,14871097
2017-07-07,9.335522651672363,9.412620870792997,9.194736162216522,9.365691666541235,21390325
2017-07-10,9.439435958862305,9.479660180193424,9.32211297310652,9.372394092244827,21645430
2017-07-11,9.603682518005371,9.627147104167545,9.39250236584448,9.43943153816883,11721994
2017-07-12,9.85844612121582,9.885262647514603,9.64391278752618,9.72101156434699,29220214
2017-07-13,9.945596694946289,10.01599047750402,9.861795214738933,9.881907884512437,24366723
2017-07-14,9.955655097961426,10.026048891171069,9.905373977568713,10.015991993112983,17851712
2017-07-17,9.888611793518066,9.948949803205789,9.821569934964735,9.948949803205789,12200755
2017-07-18,10.012642860412598,10.012642860412598,9.781349866765446,9.878560209740238,13595574
2017-07-19,9.888611793518066,10.052863953819058,9.838330680427836,10.012638614027242,20218811
2017-07-20,9.855093002319336,10.012640215657019,9.851739954051101,9.891965300277395,16250455
2017-07-21,9.814868927001953,9.902023480677983,9.76123587395489,9.855094278436951,11725859
2017-07-24,9.898667335510254,9.9154280805817,9.79475318732519,9.881907713737855,10448754
2017-07-25,10.059563636779785,10.079675175047953,9.92212917545427,9.938888790677742,29064024
2017-07-26,9.972414016723633,10.153425812665741,9.928837872553657,10.062920476344265,25062815
2017-07-27,9.959006309509277,10.066272392450374,9.865147925286239,10.05621661841183,16651209
2017-07-28,9.972414016723633,9.992526688117012,9.871851783055888,9.902021351795536,9378438
2017-07-31,10.119903564453125,10.123255488513433,9.932187953983243,10.002580605847605,16801250
2017-08-01,10.243929862976074,10.280802149109169,10.09643847184591,10.119903062402932,19170105
2017-08-02,10.384454727172852,10.431413040212414,10.203330608303247,10.22680976482303,22867895
2017-08-03,10.381093978881836,10.448177400217007,10.324073688944447,10.337490822809666,11301914
2017-08-04,10.391158103942871,10.43476239289681,10.347554938984626,10.381096094489974,12293344
2017-08-07,10.511913299560547,10.538746462707024,10.371039474040614,10.397872637187092,13046536
2017-08-08,10.622596740722656,10.763470508682616,10.46830583467346,10.491784983332757,23748990
2017-08-09,10.629303932189941,10.629303932189941,10.491784178305135,10.54880448181866,10366355
2017-08-10,10.528684616088867,10.66285043396286,10.43141397663161,10.66285043396286,11211082
2017-08-11,10.622596740722656,10.662845906998722,10.454888696584225,10.501846993902818,14456816
2017-08-14,10.83390998840332,10.877514290383965,10.582348436970422,10.599118457735262,18590321
2017-08-15,10.860745429992676,10.981495224877301,10.837266271987437,10.884224587997917,12444967
2017-08-16,10.860745429992676,10.96472407658891,10.736641630249627,10.914411755720005,23259688
2017-08-17,10.77017593383789,10.867446508680143,10.729926777210594,10.80036308230725,11509231
2017-08-18,10.991554260253906,11.018387415844595,10.760117871785724,10.783597023427072,16628896
2017-08-21,10.988207817077637,11.068707339239868,10.917770313686908,11.015040991131714,11117965
2017-08-22,11.236408233642578,11.303491693985242,11.038514105024541,11.068701268780098,23973349
2017-08-23,11.337027549743652,11.397401842978255,11.202861829224826,11.236401854360183,16114997
2017-08-24,11.373932838439941,11.417537157969347,11.306850480390915,11.353807681426641,19674517
2017-08-25,11.383989334106445,11.424238500643112,11.313550763676668,11.383989334106444,12341660
2017-08-28,11.209575653076172,11.420888058267764,11.135785304084262,11.404116911317143,22816592
2017-08-29,11.400755882263184,11.400755882263184,11.10223616964992,11.186090728740693,13016141
2017-08-30,11.286717414855957,11.414175154636165,11.202863964051943,11.400758018029762,11425075
2017-08-31,11.263243675231934,11.350451171048869,11.155911026843016,11.326972013714265,14205752
2017-09-01,11.498028755187988,11.61877849023546,11.323612721007352,11.323612721007352,14556433
2017-09-04,11.494316101074219,11.497671958015372,11.380211341990297,11.46746812092805,7439853
2017-09-05,11.329870223999023,11.712454750282498,11.198986191930576,11.675539202618818,31203426
2017-09-06,11.50103759765625,11.581581606604912,11.383576881719936,11.42049358870759,26445335
2017-09-07,11.50103759765625,11.50103759765625,11.50103759765625,11.50103759765625,0
2017-09-08,11.410419464111328,11.5547281144758,11.383571473882748,11.548015273455634,14782197
2017-09-11,11.850051879882812,11.91381653735374,11.53794368044434,11.571504500004604,19469484
2017-09-12,11.833273887634277,12.024565631713841,11.78293377741064,11.78293377741064,17319717
2017-09-13,11.88361644744873,11.9842966886494,11.799716621320615,11.85676845810304,17968723
2017-09-14,11.79300308227539,11.937311719350008,11.779579650705989,11.816495212139102,14347887
2017-09-15,12.044706344604492,12.058130903771744,11.73930971318771,11.829922394868516,30785279
2017-09-18,12.14874267578125,12.222574940963673,11.991010569325969,11.991010569325969,16643303
2017-09-19,12.185663223266602,12.212512353042602,12.01786347218351,12.131968337568559,16197923
2017-09-20,12.115171432495117,12.269547533312293,11.876895570264203,12.199071193908855,16202316
2017-09-21,12.118532180786133,12.24270450759755,12.004427424547163,12.162160569167229,13241554
2017-09-22,12.088327407836914,12.19907517402065,12.004426494432924,12.131955792837644,9299904
2017-09-25,11.88361644744873,12.088332787941114,11.799716621320615,12.034636809249735,16666494
2017-09-26,11.870190620422363,12.04470309480614,11.850054349413234,11.947378722109688,12826745
2017-09-27,11.746023178100586,11.98094456384909,11.635275328117487,11.944027864109607,13946079
2017-09-28,11.598350524902344,11.74601383252065,11.534585878184874,11.74601383252065,15679281
2017-09-29,11.762797355651855,11.826562019261754,11.645336725116293,11.678897547907638,13329576
2017-10-02,11.88026237487793,11.89704279406094,11.665478407499858,11.729243100701222,14325222
2017-10-03,12.390290260314941,12.390290260314941,11.718730074847647,11.893335993121797,31477681
2017-10-04,12.309703826904297,12.386933263587204,12.232474390221391,12.366786209404827,17644747
2017-10-05,12.319784164428711,12.548114935445353,12.302994756558952,12.39365485852761,23437664
2017-10-06,12.19218635559082,12.282847581966145,12.118315662154638,12.282847581966145,9453635
2017-10-09,12.185463905334473,12.188822685087004,12.017574427359184,12.168675632668553,13474346
2017-10-10,12.464162826538086,12.521246334836345,12.279483932637545,12.316419261329871,17780733
2017-10-11,12.390290260314941,12.491024400656976,12.259336102914176,12.410437313427225,15744638
2017-10-12,12.390290260314941,12.390290260314941,12.390290260314941,12.390290260314941,0
2017-10-13,12.296273231506348,12.52124737814483,12.219044912825629,12.52124737814483,16488694
2017-10-16,12.262693405151367,12.407078163749311,12.20896756158601,12.407078163749311,13063930
2017-10-17,12.232471466064453,12.296269142968539,12.121664382378844,12.272765564796954,11486567
2017-10-18,12.17874813079834,12.353354036385937,12.098161049423904,12.2425469401485,18147050
2017-10-19,12.12838363647461,12.138457727044992,11.94706238362269,12.088089524632164,9418672
2017-10-20,12.067938804626465,12.232471731937933,12.061223496431483,12.188821103451348,5760062
2017-10-23,11.953781127929688,12.135102432871452,11.873194006313332,12.054515311255097,13025629
2017-10-24,12.11495590209961,12.138461746140205,11.943708683117405,12.041085214628804,12634363
2017-10-25,12.151885032653809,12.202252096107685,11.916839111608795,12.1384544158497,9771461
2017-10-26,12.0410795211792,12.336565507005904,12.014217158831316,12.205611349907555,14582260
2017-10-27,12.017571449279785,12.158599656041343,11.947057345899005,12.071296158935882,13736127
2017-10-30,11.802674293518066,12.034363706209545,11.708656591860821,12.034363706209545,16746785
2017-10-31,11.644854545593262,11.873185115131877,11.50718512324427,11.812745100484811,23157611
2017-11-01,11.282217979431152,11.759026409073025,11.282217979431152,11.701944018788888,23069589
2017-11-02,11.282217979431152,11.282217979431152,11.282217979431152,11.282217979431152,0
2017-11-03,11.396090507507324,11.399450056299306,11.238184959159165,11.32217705652122,31975065
2017-11-06,11.396090507507324,11.396090507507324,11.396090507507324,11.396090507507324,0
2017-11-07,11.00300407409668,11.318815103717657,10.929090638809106,11.318815103717657,25837968
2017-11-08,11.402810096740723,11.449844903066653,10.986206930184876,11.070200148729526,20572127
2017-11-09,10.989571571350098,11.453209759081501,10.979492920864264,11.453209759081501,20734994
2017-11-10,10.99964427947998,11.07691726111406,10.808141036469413,11.050039751234985,16996795
2017-11-13,11.053397178649902,11.053397178649902,11.053397178649902,11.053397178649902,14364402
2017-11-14,10.81822395324707,11.147475549551341,10.798066657266851,11.05340366489298,15227225
2017-11-15,10.81822395324707,10.818223953247072,10.818223953247072,10.818223953247072,0
2017-11-16,11.10044002532959,11.211309660814136,10.80814571235488,10.851822106999133,14659037
2017-11-17,11.29530143737793,11.362495802065364,11.050044201684761,11.066841948465862,12236420
2017-11-20,11.29530143737793,11.29530143737793,11.29530143737793,11.29530143737793,0
2017-11-21,11.553988456726074,11.661499576629595,11.328889828878685,11.379284153467939,18544641
2017-11-22,11.422965049743652,11.611108739945013,11.318814560890981,11.611108739945013,20363405
2017-11-23,11.338976860046387,11.412890317118913,11.2381858845706,11.412890317118913,4794634
2017-11-24,11.238189697265625,11.375936885082993,11.238189697265625,11.338980706936011,7420703
2017-11-27,11.221386909484863,11.248263299088517,11.03660272412677,11.160911655314278,12436358
2017-11-28,11.254986763000488,11.422972144174178,11.16427553533325,11.322181140640875,14475615
2017-11-29,11.039960861206055,11.3692112278549,10.986205837163874,11.305377559000052,15736381
2017-11-30,10.96940803527832,11.063479899415164,10.818221593281574,10.962688938084,29262908
2017-12-01,10.94253158569336,11.036603458986303,10.771187835436612,10.915655194300173,14198548
2017-12-04,11.130423545837402,11.274974910617736,10.992596312483476,11.066552746103028,18126670
2017-12-05,11.01612663269043,11.406077768690816,10.972424852959154,11.096806061534435,18589619
2017-12-06,11.130423545837402,11.177486833277923,10.80770579168903,10.898469737602435,13123313
2017-12-07,11.0497465133667,11.113618453517962,10.757283344172695,10.918642256382551,26804977
2017-12-08,11.080004692077637,11.261533807667979,11.063197170779114,11.227918765070934,15995526
2017-12-11,11.080004692077637,11.234640647080871,11.03966551445171,11.16068530034843,18095397
2017-12-12,11.298506736755371,11.298506736755371,10.885023903508937,11.026212641601164,18194663
2017-12-13,11.106894493103027,11.493484224467643,10.992597761890131,11.409443272390732,29550691
2017-12-14,11.019489288330078,11.083361213586025,10.891746564327033,11.002680649787177,18741768
2017-12-15,10.975793838500977,11.133792428368992,10.928730524626207,11.019495648028906,23992850
2017-12-18,11.063197135925293,11.194301434188091,10.982517654418146,11.063197135925293,20710924
2017-12-19,10.992602348327637,11.046388670218821,10.878306695936244,11.043027165914307,13792349
2017-12-20,11.093449592590332,11.157320413629325,11.026216141462069,11.053109296611526,9314311
2017-12-21,11.419528007507324,11.490121822866879,11.00940662118841,11.1169792222211,17920759
2017-12-22,11.453141212463379,11.45314121246338,11.295143854595661,11.362377276170939,19216136
2017-12-25,11.453141212463379,11.45314121246338,11.45314121246338,11.45314121246338,0
2017-12-26,11.476744651794434,11.607671206385513,11.40783551347808,11.504308076203834,8691658
2017-12-27,11.49052619934082,11.604225173364766,11.483634477744198,11.51119790037381,8025434
2017-12-28,11.662801742553711,11.662801742553711,11.507758152847806,11.566330303912933,10960896
2017-12-29,11.662801742553711,11.662801742553711,11.662801742553711,11.662801742553711,0
2018-01-02,11.921199798583984,11.990108901743616,11.721365362215742,11.731701208126387,14794320
2018-01-03,11.975992202758789,12.075964727279853,11.844994001197485,11.913940848678312,9683264
2018-01-04,12.172492027282715,12.255228727416064,11.993232257574642,11.993232257574642,16803885
2018-01-05,12.241439819335938,12.241439819335938,12.041495859453253,12.141467261785643,11602172
2018-01-08,12.237988471984863,12.269014148685649,12.075964595156034,12.227646964823773,11357609
2018-01-09,12.124232292175293,12.237993538918255,12.051838246421596,12.237993538918255,9807303
2018-01-10,11.996681213378906,12.11044246017012,11.951865686671708,11.986338546713712,15648359
2018-01-11,12.237988471984863,12.237988471984863,12.003570579375861,12.058727594670037,11252369
2018-01-12,12.237988471984863,12.251777148199652,12.110437440910516,12.189725794798083,8755435
2018-01-15,12.324174880981445,12.324174880981445,12.206966476935355,12.255229168678284,11004644
2018-01-16,12.406908988952637,12.47930301816511,12.282805103905215,12.327620620353564,13154060
2018-01-17,12.717161178588867,12.717161178588867,12.313825216485535,12.413797703862977,13036697
2018-01-18,12.703380584716797,12.806801470286423,12.610303520531033,12.689591903452802,15550323
2018-01-19,12.793008804321289,12.837824318953103,12.641326412657977,12.7447461201359,19189958
2018-01-22,12.96882438659668,12.986060236821272,12.830930653492894,12.8722990044676,15453341
2018-01-23,13.027420043945312,13.189443861102477,12.896421892062506,12.896421892062506,33601622
2018-01-24,13.720343589782715,13.720343589782717,13.144640618574694,13.144640618574694,36601035
2018-01-25,13.720343589782715,13.720343589782717,13.720343589782717,13.720343589782717,0
2018-01-26,14.20295524597168,14.20984958105594,13.823749488082402,13.823749488082402,34145915
2018-01-29,13.789284706115723,14.10643816771506,13.73068051325882,14.099543828606642,21285261
2018-01-30,13.927177429199219,13.92717742919922,13.57210394308365,13.723786336570049,21703232
2018-01-31,14.047833442687988,14.468406595851842,13.88925671789564,14.140910482778645,31883178
2018-02-01,13.675524711608887,13.961652517562843,13.603130678850416,13.930626833585722,42657314
2018-02-02,13.250938415527344,13.54755056900474,13.157816882235725,13.499264815844706,34889093
2018-02-05,13.03709888458252,13.540648024347176,13.03709888458252,13.1750573155243,19859520
2018-02-06,13.347508430480957,13.416488235255047,12.768081768841737,12.816367516606627,56699497
2018-02-07,13.147469520568848,13.447530496916462,13.06814325482808,13.347510171467258,23766032
2018-02-08,12.98536491394043,13.4061390141102,12.871549347753392,13.192303147567477,21307574
2018-02-09,12.837057113647461,13.07158700258879,12.63011890835985,12.950873820017307,23947170
2018-02-14,13.306118965148926,13.323364203533526,12.943977049459596,13.085385461520174,25548954
2018-02-15,13.361305236816406,13.499263694550168,13.292325430064643,13.4440791556869,11886090
2018-02-16,13.337154388427734,13.416480598669526,13.278521067647139,13.388888923618863,12653337
2018-02-19,13.271626472473145,13.430278929233673,13.22334074115136,13.38199319791189,9525844
2018-02-20,13.675156593322754,13.685504197208125,13.175056308100363,13.175056308100363,20210553
2018-02-21,13.747588157653809,14.05454672042231,13.664813087594478,13.723445284415291,38791036
2018-02-22,13.830367088317871,13.96832673269647,13.720000297431008,13.79242893736427,16135026
2018-02-23,13.957976341247559,13.957976341247559,13.65446772681149,13.906241773861096,15156070
2018-02-26,13.957976341247559,14.061445476020486,13.83726312119234,13.995915640408187,13407407
2018-02-27,13.806221961975098,13.978670911504732,13.757937365645839,13.913139917721727,11935636
2018-02-28,13.371649742126465,13.806219109699393,13.371649742126465,13.78897502734783,32392334
2018-03-01,13.447528839111328,13.630324225089465,13.299222777882171,13.4199371481582,16457245
2018-03-02,13.533424377441406,13.533424377441408,13.191810656247366,13.329836110181565,13088702
2018-03-05,13.623147964477539,13.681808669425438,13.374702013699084,13.516178035573136,12496620
2018-03-06,13.647300720214844,13.819833474259317,13.643850227020364,13.819833474259317,13732789
2018-03-07,13.405755996704102,13.66110406035509,13.305687067192375,13.650751424280228,15425933
2018-03-08,13.229768753051758,13.554130052737376,13.126249361541841,13.5506795605312,17527209
2018-03-09,13.512721061706543,13.512721061706543,13.27807719810983,13.298781306495355,18565197
2018-03-12,13.619697570800781,13.623148064489913,13.47822039155644,13.578289333867884,11530490
2018-03-13,13.423002243041992,13.681799501394506,13.374693051456974,13.681799501394506,14128272
2018-03-14,13.350541114807129,13.488566578019704,13.195262035068815,13.443709025182562,13252271
2018-03-15,13.157303810119629,13.388497174924375,13.115896750894507,13.233218101085265,23401120
2018-03-16,13.191811561584473,13.34709064154119,13.12970039213423,13.167656960946909,34084950
2018-03-19,13.057238578796387,13.236673458939636,12.981325422886941,13.071041706627172,16808102
2018-03-20,13.043437957763672,13.146957380052687,12.953721664734566,13.143506886820587,12647715
2018-03-21,13.109004974365234,13.219425418295605,13.046892607405493,13.102103985702557,19658529
2018-03-22,13.188360214233398,13.29533008597765,13.029629496195982,13.095192309769159,17920408
2018-03-23,13.278076171875,13.44370786982677,13.064136433198769,13.064136433198769,18935205
2018-03-26,13.353991508483887,13.488566478666291,13.167656845436628,13.457510894213598,14497752
2018-03-27,13.191811561584473,13.440257395716552,13.115897267628004,13.388497702397645,10027796
2018-03-28,13.278076171875,13.333286352415252,13.043432326413422,13.077938400168327,12477294
2018-03-29,13.630037307739258,13.692148448020427,13.33673290211951,13.353985354236183,27092760
2018-04-02,13.505130767822266,13.69111970167465,13.44439909741578,13.531700945895805,12985715
2018-04-03,13.656635284423828,13.831330787403923,13.550297985868845,13.656635284423828,21676719
2018-04-04,13.538912773132324,13.603473912545272,13.295857778754057,13.51612553585337,12782391
2018-04-05,13.58069133758545,13.88830755077683,13.405995696057653,13.880712188705862,38537081
2018-04-06,13.538912773132324,13.652844331737228,13.333834579306536,13.580687832213783,13999458
2018-04-09,13.026217460632324,13.538911749485667,13.018622101096097,13.538911749485667,18329467
2018-04-10,13.136344909667969,13.216097877723307,12.931267997569657,13.136344909667969,20090060
2018-04-11,13.443962097167969,13.4629510661167,13.086975728444928,13.124952509395522,13541381
2018-04-12,13.200909614562988,13.443964527424255,13.083179836913919,13.443964527424255,28981992
2018-04-13,12.91228199005127,13.143943277934737,12.874305203901121,13.064190291598887,17707198
2018-04-16,12.63125228881836,12.973048077034761,12.566691157819575,12.942666640552348,15979826
2018-04-17,12.790753364562988,12.843920857887056,12.570484564236963,12.654034639264509,14813391
2018-04-18,13.219902038574219,13.269272454098369,12.840129433473466,12.904690568090066,38906833
2018-04-19,13.197110176086426,13.21609914510345,13.030010025409092,13.067986806496272,19068172
2018-04-20,13.011028289794922,13.185723893810659,12.973050330647252,13.05280335068885,11970215
2018-04-23,13.00722599029541,13.00722599029541,12.843924056144616,12.984439916054006,9100366
2018-04-24,13.03001594543457,13.18572255405567,12.957859450112089,13.140150396045913,11295398
2018-04-25,13.189519882202148,13.303451426139171,12.855319452576408,12.90089160737229,23200128
2018-04-26,13.189519882202148,13.371810815280313,12.995835331951355,13.299654325046506,34209628
2018-04-27,13.333828926086426,13.462952307114607,13.219897415785718,13.443963336415496,16047228
2018-04-30,13.128756523132324,13.398395835436691,13.07558784953932,13.330036442802077,13858425
2018-05-02,12.790753364562988,13.117357151537151,12.745180070481206,12.98823493937469,20946958
2018-05-03,12.528167724609375,12.83595698974696,12.478769518945233,12.771359514278252,21102845
2018-05-04,12.539556503295898,12.676350966382044,12.391360861689343,12.482557556279298,16202635
2018-05-07,12.425564765930176,12.600358597350679,12.417965134789984,12.497761840561022,16279940
2018-05-08,12.360968589782715,12.448366093252663,12.216573268118443,12.311570403507757,22512054
2018-05-09,12.459765434265137,12.539563308838185,12.273572708791102,12.402767613911935,12173538
2018-05-10,12.710553169250488,12.820749541435944,12.490160424879575,12.501560448760095,14180101
2018-05-11,12.482566833496094,12.737158615074145,12.417969367984638,12.710559318216948,14556880
2018-05-14,12.303966522216797,12.702952269379116,12.174770509011166,12.520558851110499,18760072
2018-05-15,12.231771469116211,12.383766409492729,11.94298200847927,12.04557876687313,20378674
2018-05-16,12.429364204406738,12.490161248852619,12.159573268085312,12.224170706608035,12176094
2018-05-17,11.912592887878418,12.3951762205925,11.908792490449642,12.357178034299608,29459395
2018-05-18,11.965785026550293,12.00758359168081,11.399604778218352,11.680794704515105,42002207
2018-05-21,11.794783592224121,12.091172586863829,11.722585382557261,11.98857701973345,31932340
2018-05-22,12.132970809936523,12.250766789147262,11.84798068701992,11.90497963768136,23688392
2018-05-23,11.813790321350098,12.083580198161165,11.783390630476779,11.96958454078175,18810703
2018-05-24,11.83278751373291,11.847986778684966,11.58959580170529,11.749190398898362,16767245
2018-05-25,11.597199440002441,11.897389078088736,11.460404850585096,11.8859902042365,23886285
2018-05-28,11.107011795043945,11.464199120370466,11.095612926132358,11.437599830246526,13660372
2018-05-29,11.152607917785645,11.437596932340735,11.095610114874626,11.285603177110637,20385063
2018-05-30,11.084211349487305,11.335002636842859,11.053811668912159,11.133609528124188,39316515
2018-06-01,11.35400390625,11.490798436687864,11.065213266529124,11.247606745511707,23224246
2018-06-04,11.471475601196289,11.61596257037208,11.384023784984308,11.490487318850892,16451958
2018-06-05,10.92013931274414,11.49428408062838,10.870710957836781,11.376413346493164,24472458
2018-06-06,10.737632751464844,11.072233326888124,10.619761988910502,10.809875636310306,22191656
2018-06-07,10.547516822814941,10.581737434112123,10.057023324775857,10.482878405179068,34889396
2018-06-08,10.45626163482666,10.665386937023127,10.114056700171735,10.467667732371407,32059158
2018-06-11,10.258548736572266,10.593149387999832,10.178700222027333,10.48668470193992,16091151
2018-06-12,10.231926918029785,10.433447758995396,10.129265095273981,10.266147525615054,19028721
2018-06-13,10.022806167602539,10.300372800262966,9.832691337470205,10.300372800262966,22976680
2018-06-14,9.615960121154785,10.125465978501301,9.615960121154785,10.05702474623347,40013693
2018-06-15,9.787062644958496,9.787062644958496,9.456264899353535,9.600751237711666,53285466
2018-06-18,9.471471786499023,9.69580598849438,9.43725117757896,9.676794281687183,22808974
2018-06-19,9.961968421936035,10.102652548766278,9.387824655232714,9.39923133544877,35212989
2018-06-20,10.174893379211426,10.334589168440308,9.91633856768186,10.121661063357722,28603615
2018-06-21,9.752845764160156,10.22813060932717,9.695811768073382,10.095050899013723,21106359
2018-06-22,9.939155578613281,10.007595663470381,9.752843562892876,9.904934957018405,31857272
2018-06-25,9.923948287963867,10.04562072809109,9.672997215098007,10.019004556032147,27012645
2018-06-26,9.870712280273438,10.041815352622987,9.718620917814375,9.999990285863365,23741419
2018-06-27,9.711019515991211,9.961969401245495,9.631171588296793,9.874517598492508,19255523
2018-06-28,10.041815757751465,10.098849731391498,9.688203499517822,9.688203499517822,15723315
2018-06-29,10.228126525878906,10.277556046642204,10.02280399027232,10.12546583724184,23760266
2018-07-02,10.095047950744629,10.133071375919643,9.973375538516256,10.00759499950816,15750468
2018-07-03,10.562657356262207,10.631147444108123,10.170743270338646,10.20879267516453,20965805
2018-07-04,10.711050987243652,10.730075106621067,10.463725843746126,10.577875196647069,12568366
2018-07-05,10.68822193145752,10.764321898848396,10.429482505992267,10.760516378857165,20764398
2018-07-06,10.718664169311523,10.741494976722327,10.497975251230661,10.653979586353305,16017999
2018-07-10,10.577877044677734,10.886082437842365,10.425678267272636,10.779541786751684,25825126
2018-07-11,10.536026000976562,10.653979765167307,10.387630386954086,10.482755661670073,19724461
2018-07-12,10.844230651855469,10.844230651855469,10.627346062001555,10.65778675687424,23753558
2018-07-13,11.061117172241211,11.10677647899473,10.756717157244998,10.806181985807903,26517513
2018-07-16,11.110581398010254,11.15624070228657,10.96218576121274,11.04970116648204,15271308
2018-07-17,11.430196762084961,11.483467094451573,11.038282628700511,11.083943079180386,21778940
2018-07-18,11.148627281188965,11.49107659125388,11.072527305712383,11.388341450486577,18886890
2018-07-19,11.289414405822754,11.289414405822754,10.859450779316129,10.973600188994762,22265926
2018-07-20,11.681319236755371,11.867764127475409,11.529119373276105,11.677514877705708,43679107
2018-07-23,11.548151016235352,11.624250989953538,11.472051042517164,11.559566417998868,20498624
2018-07-24,11.719375610351562,11.78025465869194,11.605225076394683,11.68132504597949,20255051
2018-07-25,11.932454109191895,12.05421336004558,11.700349849001231,11.799279457662216,48499137
2018-07-26,11.628052711486816,12.080845726405729,11.479657173678094,12.080845726405729,33913986
2018-07-27,11.757426261901855,11.806891073501562,11.612836188447622,11.723181214000604,26784884
2018-07-30,11.844943046569824,11.913431991334804,11.696547435013377,11.79547706994461,14686254
2018-07-31,11.61663818359375,11.852547926805482,11.567173387005369,11.795472091518173,17103456
2018-08-01,11.768842697143555,11.8601636146625,11.491079060012263,11.506298826545528,18553075
2018-08-02,11.772246360778809,11.833163885246897,11.574265856094838,11.650412471712485,12988909
2018-08-03,12.221513748168945,12.297661544835178,11.844589577840216,11.844589577840216,32439611
2018-08-06,12.137742042541504,12.290035184124116,12.065403322230889,12.259577019755262,13496659
2018-08-07,11.954997062683105,12.267198052144474,11.821740783251865,12.183436895937994,23513818
2018-08-08,11.669445037841797,12.103479772127207,11.60852753622665,11.935957512587617,21775106
2018-08-09,11.547611236572266,11.856004308302813,11.47907918510558,11.661831708973253,14525895
2018-08-10,10.972700119018555,11.406734679210077,10.904168102173799,11.395312289779634,29139316
2018-08-13,11.185922622680664,11.216381976804314,10.858493554846289,10.877529346319475,14440604
2018-08-14,11.376283645629883,11.43720000109421,11.128806892012191,11.338209763595003,18507075
2018-08-15,11.239218711853027,11.361052573824912,11.121191541887043,11.193530288695076,24697503
2018-08-16,11.239218711853027,11.361052573824912,11.13261393764393,11.239218711853027,12794051
2018-08-17,10.896557807922363,11.144034502962489,10.873714180030312,11.056465522905524,20858952
2018-08-20,10.96509838104248,11.018400220919913,10.782346896007814,10.888951735632984,16861480
2018-08-21,10.698576927185059,11.033621428238769,10.584356472818067,10.907978580474273,31138691
2018-08-22,10.961284637451172,10.980321578542782,10.489177081414928,10.622433349316823,18825876
2018-08-23,10.68715763092041,11.048853714808072,10.603396481383042,10.946055624047752,21177434
2018-08-24,10.782340049743652,10.927017540275214,10.721422540121665,10.927017540275214,11641511
2018-08-27,11.071696281433105,11.144036187161438,10.828027400817328,10.888944910938667,14927431
2018-08-28,11.003164291381836,11.102154520984968,10.881330430301732,11.02981577470643,13109178
2018-08-29,11.136423110961914,11.227798817767694,11.045047404156135,11.079313439192033,12102942
2018-08-30,10.660503387451172,11.083115718136568,10.660503387451172,11.018391526565447,24706927
2018-08-31,10.80518913269043,10.892758169447095,10.614823123925262,10.67954735812879,18953812
2018-09-03,10.710000991821289,10.755689417619347,10.546286549106707,10.668120418118761,8012194
2018-09-04,10.469571113586426,10.682924254682295,10.40099290371606,10.667684910411268,14768509
2018-09-05,10.534341812133789,10.587680692442465,10.34765805235555,10.458143909114707,18032228
2018-09-06,10.835326194763184,10.865806061329318,10.454337728223452,10.595303484056181,20384265
2018-09-10,10.877233505249023,11.033438592634832,10.75531753764446,10.968670771115258,33457187
2018-09-11,10.549585342407227,10.621972848712426,10.408618427029182,10.621972848712426,21427396
2018-09-12,10.553387641906738,10.73245166066186,10.496239526119982,10.595296414903775,23259704
2018-09-13,10.51148796081543,10.637214388553547,10.401000889048301,10.625784291249486,13329113
2018-09-14,10.557205200195312,10.652452908516377,10.37433178224377,10.45814823350627,21348334
2018-09-17,10.858185768127441,10.949624211754942,10.496247054979218,10.500056313083677,15075491
2018-09-18,10.94581127166748,11.071537651880305,10.820084891454654,10.858183266980724,19103470
2018-09-19,10.995344161987305,11.10202081701183,10.762941076188694,10.858187633633154,21024582
2018-09-20,10.972485542297363,11.178219181954756,10.877237820600367,11.048683487524617,15624129
2018-09-21,11.147735595703125,11.220123089736823,10.953430978332335,11.052487915636723,28994770
2018-09-24,10.850565910339355,11.162977299011533,10.797228173206069,11.151548364237264,15144490
2018-09-25,10.858185768127441,10.858185768127441,10.610543368536398,10.709600328372815,31067137
2018-09-26,10.884847640991211,11.052482736538956,10.812460180877649,10.930566830981803,24086574
2018-09-27,11.13249683380127,11.136306091240574,10.957241975311781,10.957241975311781,21252662
2018-09-28,10.922951698303223,11.04867807220785,10.835323698013118,10.972480164327669,15520950
2018-10-01,10.801034927368164,10.957241165818491,10.690549060021864,10.911521955365641,12234711
2018-10-02,11.437311172485352,11.505935274128605,11.052255003739798,11.098003630550341,34841959
2018-10-03,11.932929039001465,12.386609338823613,11.807118564969127,12.333234775987767,59115885
2018-10-04,11.990117073059082,11.997741845748365,11.704184032214085,11.86430658154439,24886771
2018-10-05,11.81092357635498,12.195979548595215,11.738487706824042,12.161667515284021,31184691
2018-10-08,12.611546516418457,12.962290754741785,12.45523575092396,12.962290754741785,61743918
2018-10-09,12.657288551330566,12.794535556060154,12.390416988089498,12.611538775469286,35844362
2018-10-10,12.245542526245117,12.53528836058151,12.207418685636107,12.470477250832705,29962034
2018-10-11,12.173111915588379,12.390420804655104,11.959615992945885,12.390420804655104,27053852
2018-10-15,12.237924575805664,12.375172801312313,12.207425486327578,12.310361655457562,23334932
2018-10-16,12.8212251663208,12.821225166320799,12.356107199535565,12.356107199535565,30352549
2018-10-17,12.836471557617188,12.912720404962107,12.649661823550783,12.676349094335563,30397271
2018-10-18,12.481922149658203,12.771667015871879,12.481922149658203,12.722106570729238,22166740
2018-10-19,12.523846626281738,12.710656289147135,12.401849213884438,12.607720210250699,11544561
2018-10-22,12.676355361938477,12.783103336430218,12.59629350999895,12.619168988511744,14200705
2018-10-23,12.722101211547852,12.79072414151872,12.45141781166734,12.47048031737288,15043547
2018-10-24,12.417104721069336,12.775473526469531,12.417104721069334,12.657289020751294,22560609
2018-10-25,12.775476455688477,12.985160564600035,12.516230753891227,12.542918033466778,29407646
2018-10-26,12.996598243713379,12.996598243713379,12.64204116257197,12.935598913732319,39156955
2018-10-29,12.752599716186523,12.981346290051038,12.535290877514758,12.847909917559662,49942846
2018-10-30,13.248215675354004,13.293964289690223,12.535289896484041,12.809785066782727,40421298
2018-10-31,13.07664966583252,13.496017584973924,12.859340940588938,13.419768766818523,31402070
2018-11-01,13.823896408081055,13.823896408081053,13.320654568250358,13.423590715877742,64765661
2018-11-05,14.121018409729004,14.22019340313516,13.667101021107483,13.796792201585545,32364862
2018-11-06,13.968430519104004,14.0485329743044,13.728120829435815,13.850183152258847,31382743
2018-11-07,13.697611808776855,14.098126583671196,13.594621896820938,14.037095395619465,33333564
2018-11-08,13.411529541015625,13.903590518669857,13.388643281179942,13.857817998998492,25262912
2018-11-09,13.609881401062012,13.625140071840203,13.25895405181294,13.33142896139828,24888848
2018-11-12,13.598444938659668,13.674733678569037,13.403908709992514,13.62133121202207,18200573
2018-11-13,13.354317665100098,13.686172608050644,13.228441451906031,13.598441335722022,20710892
2018-11-14,13.541221618652344,13.583179183604292,13.247510529750073,13.426787987395999,33974999
2018-11-16,14.197300910949707,14.197300910949705,13.552662574353382,13.65946627720134,36361535
2018-11-19,14.136273384094238,14.15534468873347,13.892149761590977,14.113385959272506,15467923
2018-11-21,13.979884147644043,14.021842886502332,13.812049192210882,13.865451646043041,21664899
2018-11-22,14.037097930908203,14.082871620722846,13.934109162385134,13.979881690165561,10421570
2018-11-23,14.006577491760254,14.105752425604114,13.934103769805226,13.979876279871423,16182191
2018-11-26,13.804420471191406,14.262152802823195,13.62895675934288,14.10957535894593,25024769
2018-11-27,14.368955612182617,14.368955612182617,13.781533304966308,13.850193266439394,20574331
2018-11-28,14.662665367126465,14.708437895719404,14.09050062547505,14.3155517961426,27309245
2018-11-29,14.845754623413086,14.845754623413086,14.475754867441355,14.513899795126763,22266086
2018-11-30,14.6702880859375,14.963999090684018,14.655030582684079,14.723689347324475,25225537
2018-12-03,14.418545722961426,14.876276945869316,14.323184518923108,14.876276945869316,36888452
2018-12-04,14.379977226257324,14.540263757676891,14.131915429189599,14.490651398263347,29335772
2018-12-05,14.37233829498291,14.42576750272222,14.192969808386582,14.38760345073226,9515638
2018-12-06,14.528801918029785,14.54406590367184,13.986881016556305,14.162432546756104,18354223
2018-12-07,14.460118293762207,14.750160999181762,14.337995844849795,14.50209922985172,17569519
2018-12-10,14.181527137756348,14.55934512391638,14.147179942412977,14.50210018588311,30698663
2018-12-11,14.345629692077637,14.448670109446464,14.120464499675252,14.387608303238176,26426312
2018-12-12,14.441034317016602,14.570789318404957,14.246400652317353,14.441034317016603,38736731
2018-12-13,14.822670936584473,14.822670936584473,14.387608045699137,14.414322658100632,13205809
2018-12-14,14.654744148254395,14.81884744532897,14.540254341079645,14.639478995646607,19249294
2018-12-17,14.368524551391602,14.723444731570822,14.345627975401763,14.635669485603485,18087171
2018-12-18,14.635661125183105,14.715803745834513,14.38378265654129,14.425762401314925,14721072
2018-12-19,14.425773620605469,14.872286010028379,14.425773620605469,14.731080352920964,16838800
2018-12-20,14.502096176147461,14.662382655892667,14.395237747906174,14.59750399228425,23420542
2018-12-21,14.391432762145996,14.593699157222478,14.265493374416353,14.521189023420897,36331827
2018-12-26,14.243132591247559,14.336531293690458,13.982398202322845,14.169193236141586,21125046
2018-12-27,14.573921203613281,14.593378186029533,14.21978800037644,14.243137090596282,17595394
2018-12-28,15.040908813476562,15.083716071298763,14.67120955309686,14.764607098751304,19362695
2019-01-02,15.718045234680176,15.873708238888364,14.951406539425948,15.040911996248463,37247502
2019-01-03,15.877243995666504,15.920071298482739,15.511265549624781,15.690361435393669,31131823
2019-01-04,15.752660751342773,16.068026524669158,15.573564798268857,15.748768005672405,23808981
2019-01-07,15.93954849243164,16.0758171601455,15.70983848645941,15.70983848645941,30560665
2019-01-08,16.036874771118164,16.04076870194131,15.569668307246403,15.982368042218488,33927722
2019-01-09,16.313304901123047,16.313304901123047,16.0641277403576,16.149782352305436,27569588
2019-01-10,16.262697219848633,16.492407188858472,16.11864189596718,16.200402609003557,29781071
2019-01-11,16.157577514648438,16.262699462554536,16.025202782698305,16.18872423132147,17275155
2019-01-14,16.348356246948242,16.348356246948242,16.091392242687114,16.196514204273004,13903785
2019-01-15,16.317209243774414,16.352249897029832,16.103071391173593,16.254914617310355,20090699
2019-01-16,16.395069122314453,16.461257653902322,16.23154772428038,16.23933440103965,17328981
2019-01-17,16.449575424194336,16.54301672218395,16.23933280024002,16.371707478188114,15448757
2019-01-18,16.61699676513672,16.726011446874665,16.469047506006184,16.570275509483537,20097727
2019-01-21,16.426218032836914,16.655927976686478,16.274374861402922,16.60531398157163,12483555
2019-01-22,16.352249145507812,16.539130644131475,16.22376596541624,16.42622319559737,15685941
2019-01-23,16.632572174072266,16.632572174072266,16.35224932993035,16.410650021300732,17293203
2019-01-24,16.79998016357422,16.79998016357422,16.535229628280085,16.535229628280085,25768905
2019-01-28,16.936254501342773,17.05305704997751,16.58584922761782,16.58584922761782,26271224
2019-01-29,16.718225479125977,17.146499948582047,16.718225479125977,17.11145929938937,21450715
2019-01-30,16.67929458618164,16.897324007107844,16.367822629327158,16.842817244921253,34294439
2019-01-31,17.62149429321289,17.886244957196627,17.212688277867535,17.3450630168145,50802779
2019-02-01,17.403461456298828,17.617596881595617,17.216577625015624,17.61370413561927,26545304
2019-02-04,17.788667678833008,17.901624219926543,17.149880723114457,17.258941679145806,28072546
2019-02-05,17.796457290649414,17.991208048472195,17.59001977866339,17.699080725145055,27787606
2019-02-06,16.959022521972656,17.60949502180841,16.881122689590857,17.543279570987366,27403000
2019-02-07,17.216093063354492,17.35241953039093,16.84995915721643,17.145983224250244,30796731
2019-02-08,17.399154663085938,17.621172044184394,17.02912529905769,17.15766174004061,29588609
2019-02-11,17.297889709472656,17.445900556858252,17.060292287507426,17.367999548795527,16768204
2019-02-12,17.64453887939453,17.854871847607264,17.375780482209006,17.562743516151077,32518832
2019-02-13,17.37188720703125,17.784762005406684,17.33293731406768,17.74970650844331,36950583
2019-02-14,18.034046173095703,18.053520527677534,17.04470458178267,17.430313889433585,34746766
2019-02-15,17.91719627380371,18.111948149259717,17.78086984232525,17.97951730112295,24143434
2019-02-18,17.508224487304688,17.897728405245097,17.368002412354027,17.79645862063737,15755259
2019-02-19,17.656225204467773,17.886032534562254,17.56663867266211,17.644539643530248,24445625
2019-02-20,17.364097595214844,17.886033291505274,17.364097595214844,17.80034233858308,22781981
2019-02-21,17.516000747680664,17.562741798242243,17.255033540704254,17.434205392438063,37820577
2019-02-22,17.37188720703125,17.679595514516567,17.145975454657908,17.644540017553194,44009248
2019-02-25,17.196611404418945,17.469265428204736,17.122606007252656,17.410839989747938,24582824
2019-02-26,17.504322052001953,17.508216448633043,17.126502689382942,17.2005080912988,26716683
2019-02-27,17.30956268310547,17.527685599265617,17.25503284400949,17.46146901476095,16541880
2019-02-28,16.853857040405273,17.371897448484795,16.811011539589988,17.348527498929098,26590345
2019-03-01,16.57340431213379,16.959013619674366,16.495503334051534,16.959013619674366,26155268
2019-03-06,16.448299407958984,16.693796059683407,16.35087949873697,16.64703417086292,13570769
2019-03-07,16.56519889831543,16.604167328734434,16.32359842850446,16.393740653561956,20419722
2019-03-08,16.79511260986328,16.81459682972285,16.2963246538824,16.522338280314067,16822509
2019-03-11,17.4770450592041,17.4770450592041,16.814592440975073,16.834076655749097,26233850
2019-03-12,17.5277099609375,17.5277099609375,17.254935595312283,17.480948064514244,21300099
2019-03-13,17.69526481628418,17.784891258727868,17.348452187585078,17.48873545398613,28321710
2019-03-14,17.734228134155273,17.734228134155273,17.44586702922675,17.636809451552192,24349473
2019-03-15,17.80827522277832,17.870624013355698,17.687474960400152,17.691372279176747,22256023
2019-03-18,17.90178680419922,17.93296058675321,17.745915517188383,17.874509150904256,10846425
2019-03-19,17.516019821166992,17.9173879325161,17.504329049859617,17.9173879325161,34472687
2019-03-20,17.04060935974121,17.629022552398762,17.01333169111713,17.574467215150605,36744384
2019-03-21,16.66651153564453,17.145815060104486,16.428808431964217,17.079570166381245,25797175
2019-03-22,16.078102111816406,16.444400140890867,15.891056966441015,16.4171224765401,39760377
2019-03-25,16.113174438476562,16.32359994609117,15.941716177782805,15.957303076551147,20953507
2019-03-26,16.2183895111084,16.382053152707034,16.11317615254831,16.30801478212093,23256190
2019-03-27,15.657252311706543,16.046930746170943,15.645562730301322,15.945614709346527,35715308
2019-03-28,16.452199935913086,16.53792909287247,15.587113727394403,15.665049432550333,36142879
2019-03-29,16.732765197753906,16.732765197753906,16.475578935166926,16.6392425966892,26932625
2019-04-01,16.8668155670166,17.20349741837409,16.768616891557553,17.016452209202445,22168736
2019-04-02,16.651100158691406,16.945852076717543,16.389100301382186,16.945852076717543,17454734
2019-04-03,16.46395492553711,16.89438525164042,16.304882667755187,16.782099441100954,16439979
2019-04-04,16.88970375061035,16.908417851113054,16.426523824446555,16.669810694214835,22280008
2019-04-05,17.030061721801758,17.12363341119115,16.73531107838683,16.941168557494617,16063572
2019-04-08,17.053457260131836,17.123636336097334,16.82420711645434,17.076851077283386,11535510
2019-04-09,16.987960815429688,16.987960815429688,16.660460361353188,16.945854072321442,19063380
2019-04-10,16.744672775268555,17.072174372886685,16.730637196126867,17.072174372886685,15823859
2019-04-11,16.478002548217773,16.824218447596337,16.290859011431316,16.711931375328163,13487156
2019-04-12,16.32828140258789,16.7072468696262,16.192601733694325,16.309566105407953,28133480
2019-04-15,16.29085350036621,16.51542519344101,16.173887938634156,16.49203255619259,22395938
2019-04-16,16.262781143188477,16.48735402394287,16.164530879028735,16.272138198085123,14552089
2019-04-17,16.038198471069336,16.36569873149323,15.771517838093972,16.332949061774087,32402928
2019-04-18,16.258100509643555,16.468636593034876,15.907206245494812,16.183242892422584,18296325
2019-04-22,16.393783569335938,16.529462063693234,16.06628187136064,16.253425359419364,14163703
2019-04-23,16.791454315185547,16.889704535132815,16.45459573951238,16.496703655343744,20794079
2019-04-24,16.679176330566406,16.786783651595385,16.375068477615816,16.772748068993128,21182731
2019-04-25,16.87567710876465,16.87567710876465,16.206638159666685,16.749355675755844,41204964
2019-04-26,16.824207305908203,16.94585016793884,16.72595707354796,16.828885831842282,13804998
2019-04-29,16.60431480407715,16.983280196348318,16.557528351975357,16.917780826248414,18010825
2019-04-30,16.646419525146484,16.768063573226126,16.426526433820676,16.627706609415597,12718104
2019-05-02,16.65577507019043,16.75870500548349,16.398453795191173,16.534132220859266,17284232
2019-05-03,16.833162307739258,16.917420598759595,16.65528012823263,16.70677249445518,20207508
2019-05-06,16.37908935546875,16.753576424929,16.360365299089803,16.71144610970011,15218520
2019-05-07,16.27611541748047,16.34633185852241,15.906310333270389,16.332288807989414,22871371
2019-05-08,16.61314582824707,16.81911285247936,16.341643409622176,16.346324424337617,21069596
2019-05-09,16.32292366027832,16.472717359096865,16.173128773083047,16.430588215535106,13867555
2019-05-10,16.17780876159668,16.42122514073567,16.00460880564464,16.27611127870775,14566197
2019-05-13,15.775236129760742,15.985885408085183,15.714382923726829,15.868857635112704,18722777
2019-05-14,15.728434562683105,15.925039712477023,15.634813006191843,15.868866303231323,16503601
2019-05-15,15.559901237487793,15.616074595159686,15.316484938744612,15.550539209271856,24808509
2019-05-16,15.37734317779541,15.545862104815898,15.162014097922874,15.4054304578832,29397264
2019-05-17,15.494376182556152,15.559911612140072,15.180743274700792,15.321176168326755,32340771
2019-05-20,15.915671348571777,15.915671348571777,15.386709348746884,15.499056122576105,19525370
2019-05-21,16.571020126342773,16.622512490941745,15.84077212017732,16.00929107365808,29764620
2019-05-22,16.27611541748047,16.622515417468886,16.229305249037147,16.613153383780222,20361504
2019-05-23,16.196544647216797,16.322933341238613,15.92035978878044,16.14973327156366,18735954
2019-05-24,16.037384033203125,16.336972729639825,15.910994179179406,16.327610694286538,12938251
2019-05-27,16.266754150390625,16.435273141482252,16.0841921081042,16.187175671909745,11599798
2019-05-28,16.716140747070312,16.748909060815162,16.159092485557366,16.21994571838295,43920338
2019-05-29,17.04849624633789,17.118712697075708,16.58506957287171,16.613155677815985,27660575
2019-05-30,17.36212158203125,17.36212158203125,16.884652032133243,16.940825409688113,18513145
2019-05-31,17.319992065429688,17.49787303739886,17.20296548546365,17.226370563781526,18205284
2019-06-03,17.263826370239258,17.455750474591444,17.151480755951155,17.362128931288495,24380060
2019-06-04,17.35231590270996,17.45067016060845,17.1930783367041,17.389784474525523,19514323
2019-06-05,17.085355758666992,17.46940234444823,16.91675017251673,17.361681250138908,14948061
2019-06-06,17.460031509399414,17.520917180459968,17.122821580186105,17.319527669474073,16194277
2019-06-07,17.464712142944336,17.68483649456769,17.403827670591163,17.427244775342384,15805092
2019-06-10,17.25863265991211,17.36635248966565,16.88395437086317,17.310151459700414,19707850
2019-06-11,17.338253021240234,17.441290627036317,17.108763090389555,17.375721565798877,26825772
2019-06-12,17.136869430541992,17.53964958474595,17.071300347022778,17.37572747044157,28634335
2019-06-13,16.94953727722168,17.188395416699972,16.68257859980046,17.118141693867038,44256548
2019-06-14,16.921430587768555,17.01041678747878,16.705990815412207,16.883963214832654,16948155
2019-06-17,16.87929344177246,17.043215708889104,16.766890043088175,16.888660292580447,18445929
2019-06-18,17.024471282958984,17.16029172310516,16.935485067350225,17.04320497277395,26954347
2019-06-19,17.235227584838867,17.28206299812886,16.74814570715634,16.972952361782838,20888447
2019-06-21,17.62395477294922,17.62395477294922,17.324212198166187,17.32889562016338,23594503
2019-06-24,17.764448165893555,17.844067476641364,17.56305877405386,17.633311246947432,12982973
2019-06-25,17.614593505859375,17.86750194074307,17.413203918243592,17.717630011407266,20308531
2019-06-26,17.83470916748047,17.904960484981974,17.516231772190917,17.675470469835695,17154726
2019-06-27,17.750417709350586,17.853454229669182,17.441308148394786,17.66611488563753,13366833
2019-06-28,17.675472259521484,17.92838059509655,17.656738572957583,17.853444659853476,22523048
2019-07-01,17.712881088256836,17.97648086078725,17.628154126355227,17.93411618484954,15761435
2019-07-02,17.768884658813477,17.905459055043764,17.46747695090627,17.717079835395708,18177200
2019-07-03,18.084428787231445,18.10797590141322,17.618188752901716,17.6652841768537,15631130
2019-07-04,18.39995765686035,18.545952107982934,18.211578414140398,18.239834941871976,19060053
2019-07-05,18.56007957458496,18.626012665381147,18.206868210760526,18.343443813439194,17271854
2019-07-08,18.47532081604004,18.611895311960605,18.376421713314453,18.58363876706437,12413172
2019-07-10,18.390548706054688,18.809693404126445,18.32932619637302,18.649570603012407,27363230
2019-07-11,18.235132217407227,18.343451338001064,17.938434980499906,18.343451338001064,26312139
2019-07-12,17.89605712890625,18.367006818754167,17.867800577927422,18.301073670881216,23367036
2019-07-15,17.82069206237793,18.02790899487486,17.721791821935053,18.02790899487486,15665736
2019-07-16,17.825408935546875,17.910178556069944,17.69825211358514,17.844246628996448,12215252
2019-07-17,17.73122215270996,17.947858053744316,17.73122215270996,17.867796647991074,17275847
2019-07-18,18.11739730834961,18.16449154337089,17.754766916331352,17.80186115135263,18491716
2019-07-19,17.707672119140625,18.051464829448143,17.6370307640818,18.037336558436376,19097853
2019-07-22,17.95256233215332,18.126813366096435,17.754764184322866,17.7641830298778,18066062
2019-07-23,18.013792037963867,18.122109993597242,17.886636384931435,18.098562871848426,19371507
2019-07-24,18.35287094116211,18.35287094116211,18.05146424916752,18.060883096205917,23880802
2019-07-25,17.28382682800293,17.88664169277924,17.26027850367735,17.754775380676996,71658244
2019-07-26,17.06247329711914,17.505165115404623,17.06247329711914,17.495746267737772,33354860
2019-07-29,17.024791717529297,17.213169797975052,16.925891461802607,17.1189813555463,19152291
2019-07-30,16.671585083007812,16.92589755589423,16.51617290145668,16.9117692844431,40448158
2019-07-31,16.247730255126953,16.751644522504844,16.139412324426175,16.718678559644598,42927545
2019-08-01,16.1064510345459,16.69042810139729,16.101741609564215,16.483211011025336,39146440
2019-08-02,16.153060913085938,16.40280214068224,15.97871218023519,16.171909036772327,32229765
2019-08-05,15.860916137695312,16.105945425930145,15.724265993656367,15.879764268424685,27430179
2019-08-06,16.101238250732422,16.19076809495765,15.898618391762522,16.021132474714967,37678081
2019-08-07,16.440500259399414,16.52531802189312,15.870336079233207,16.021123478388834,42189505
2019-08-08,16.520620346069336,16.647846502238036,16.327423299662456,16.577164772699103,25420635
2019-08-09,16.247316360473633,16.600723761130684,16.181346675967255,16.47820846186862,19384018
2019-08-12,15.908034324645996,16.04468444002762,15.757246917931123,15.922170419728502,29025516
2019-08-13,16.068248748779297,16.36039835627953,15.804371336641708,15.832643532004353,22951098
2019-08-14,15.752542495727539,15.945738281015908,15.578194846320704,15.856208439327299,29252185
2019-08-15,15.64416217803955,15.903327596397588,15.450966421650195,15.842069967694446,29948032
2019-08-16,15.67715072631836,15.898619939515507,15.559348666001604,15.790240752072501,19358729
2019-08-19,15.450963973999023,15.818507295491525,15.342584833558142,15.81379526297244,32985640
2019-08-20,15.300175666809082,15.502795446056297,15.092843855311976,15.498083413806402,21706480
2019-08-21,15.601758003234863,15.64416631383605,15.370864723429563,15.521651024040805,25938128
2019-08-22,15.399128913879395,15.686566458182782,15.384992817704763,15.644158169658883,16565093
2019-08-23,15.064576148986816,15.361439077731408,14.899653761769239,15.13525785565226,29252451
2019-08-26,14.909069061279297,15.15409707910798,14.777129793601725,15.149385047851684,21668813
2019-08-27,15.097551345825195,15.243625497879885,14.857234184621605,15.008021563759215,32621345
2019-08-28,15.008028984069824,15.18708863673295,14.871377629865856,14.946771356711034,17731715
2019-08-29,15.290753364562988,15.403843347844909,15.003315775439722,15.135253889893457,21709275
2019-08-30,15.526354789733887,15.663006110286931,15.403840761436983,15.43682498544939,36239536
2019-09-02,15.36614990234375,15.705421110633965,15.36143786868701,15.620602112310166,12854798
2019-09-03,15.115763664245605,15.577817303584053,15.054470431484054,15.299642165583828,18683247
2019-09-04,15.304346084594727,15.38449834845995,15.172331365663855,15.36092450524829,17994853
2019-09-05,15.657960891723633,16.082296118520837,15.39393021693268,15.502371109073698,26544931
2019-09-06,16.313331604003906,16.313331604003906,15.75698016181481,15.761694933539935,32827784
2019-09-09,16.520790100097656,16.76124713837623,16.388774048787017,16.388774048787017,32587006
2019-09-10,16.228466033935547,16.572649215233756,16.08230688905925,16.459493477954496,27172365
2019-09-11,16.157739639282227,16.35104764873437,16.05401228094313,16.303898740676033,19352473
2019-09-12,15.983291625976562,16.294471348154836,15.940858680377543,16.289756576421613,24002056
2019-09-13,15.775838851928711,16.08230379413912,15.686256994458127,16.049299195947007,28031259
2019-09-16,15.568387031555176,15.756980296059593,15.464660855772383,15.700401837929718,20793547
2019-09-17,15.983291625976562,15.983291625976562,15.49766415272262,15.511808467922293,24177215
2019-09-18,16.03044319152832,16.101165976169884,15.86070898716719,16.00215455645032,18018811
2019-09-19,15.837130546569824,16.261465934810207,15.81355669081931,16.148309033315293,19203534
2019-09-20,16.115310668945312,16.115310668945312,15.870138901720923,15.907858279649762,39010279
2019-09-23,16.1483154296875,16.1483154296875,15.799417438595967,16.05873474235249,17156323
2019-09-24,15.940851211547852,16.20488189574018,15.846554624118147,16.171878509070815,15409120
2019-09-25,16.044588088989258,16.07287792203634,15.756983364461261,15.898428938856856,12891001
2019-09-26,16.27560806274414,16.341614849982083,15.99271824088622,16.058726225070217,19977511
2019-09-27,16.266185760498047,16.39820059066931,16.030443538899938,16.256756215267714,18152444
2019-09-30,15.992725372314453,16.303903956034173,15.992725372314453,16.256756229840242,19269951
2019-10-01,15.775838851928711,16.18131519482278,15.681542222851588,16.162456108396622,18953040
2019-10-02,15.16678237915039,15.61494540323224,15.105454429236751,15.61494540323224,25454443
2019-10-03,15.20924186706543,15.317744251147742,14.98751845838684,15.176219766839138,22194291
2019-10-04,15.364917755126953,15.4026572930293,15.048844334697465,15.209239766031105,18406931
2019-10-07,15.265848159790039,15.68570648196237,15.256413275878778,15.56776923544737,29808410
2019-10-08,15.251697540283203,15.586640747103393,15.246980097799787,15.43568019238526,22898790
2019-10-09,15.685708045959473,15.80364530423381,15.331895073512081,15.412092792378433,18797979
2019-10-10,15.86496639251709,15.992338480560766,15.685701262604441,15.685701262604441,15544216
2019-10-11,16.04423713684082,16.199915119300766,15.968758064253482,15.968758064253482,21677863
2019-10-14,16.270679473876953,16.346158553545212,15.94988859478929,15.992345577102686,15452510
2019-10-15,16.40276527404785,16.52542114544024,16.185760574852257,16.280110600279574,26255439
2019-10-16,16.79431915283203,16.79431915283203,16.256524799707723,16.41692021609747,27560617
2019-10-17,16.511276245117188,16.95943936680736,16.47825294291392,16.794325251040327,28942595
2019-10-18,16.429445266723633,16.565588086523483,16.341925235241696,16.497516676623558,17146208
2019-10-21,16.5461483001709,16.594771118079503,16.298175755364284,16.439179582008332,16341086
2019-10-22,17.017776489257812,17.017776489257812,16.49751840137086,16.546139960409075,38381381
2019-10-23,17.163644790649414,17.406756322781046,16.82329012690095,16.896222475613577,36496419
2019-10-24,17.144195556640625,17.246302075582264,16.974017613616855,17.178230651500126,28947120
2019-10-25,17.36785888671875,17.440792474207846,17.115023026126067,17.178232299865055,21644988
2019-10-28,17.995080947875977,18.00480525902344,17.29978282592899,17.333819149308038,50467127
2019-10-29,17.747108459472656,17.970770083513656,17.62555210198857,17.91728513809711,27647665
2019-10-30,17.829761505126953,17.849211357765498,17.348402030985753,17.625548544504948,25465490
2019-10-31,17.10043716430664,17.4018958387456,16.97401984669125,17.256028658574277,51040389
2019-11-01,16.954565048217773,17.31923163156954,16.79897361057458,17.236573757469273,29501881
2019-11-04,16.9735164642334,17.158381329377505,16.93459806527011,17.051354497194218,15937394
2019-11-05,17.20216178894043,17.255675814027622,16.905405338998097,17.221620985323394,30057706
2019-11-06,17.109731674194336,17.367569766077814,16.97838084589441,17.202164104489604,16237800
2019-11-07,17.15351676940918,17.245949203273955,17.065949135482853,17.197299968855216,13497937
2019-11-08,16.657289505004883,17.124316186590363,16.58431755087707,17.031885044695134,29049873
2019-11-11,16.61838150024414,16.68648993496696,16.452975830931972,16.574598300444354,23574139
2019-11-12,16.46270179748535,16.657296223716063,16.26810737125464,16.511351021560024,19981903
2019-11-13,16.29243278503418,16.44810883359353,16.12702713781913,16.370270809313855,20086653
2019-11-14,16.22431755065918,16.36053309933931,16.131883939189123,16.199992331045934,24764985
2019-11-18,16.117292404174805,16.457831927635368,16.01512918859966,16.423778345799395,25034645
2019-11-19,16.088098526000977,16.23404488321733,15.961612588771239,16.151342112132504,15653092
2019-11-21,16.18053436279297,16.34593994046773,16.029723176965938,16.18053436279297,38837115
2019-11-22,16.448101043701172,16.457830637748888,16.141615126097488,16.204858722441173,22091538
2019-11-25,16.365406036376953,16.560000479872894,16.28270321263606,16.51135248651596,19302162
2019-11-26,16.015132904052734,16.321620151814876,15.956755321647679,16.224322946105882,42977457
2019-11-27,16.28270149230957,16.399457899064576,15.96162106497481,16.083242270551526,23903562
2019-11-28,16.15620994567871,16.229183138005578,15.922695977239448,16.054047970434517,20297750
2019-11-29,16.234058380126953,16.32162602025337,16.08324710128858,16.238923180409845,18767100
2019-12-02,16.34107780456543,16.4821581837707,16.24378060803407,16.282698992633097,15525848
2019-12-03,16.39897346496582,16.559604854468947,16.330827863372306,16.44765013040611,19495556
2019-12-04,16.822452545166016,16.822452545166016,16.403837754046883,16.452514409831597,22446117
2019-12-05,16.890607833862305,17.08531208311828,16.78352062034462,16.841932389413817,23276794
2019-12-06,16.700767517089844,17.04636804085334,16.686164886913485,16.89060418084401,26245855
2019-12-09,16.841934204101562,16.89060965379474,16.549876563017914,16.720243108406326,26372167
2019-12-10,16.78352165222168,16.944153100239582,16.69590461109656,16.84193342488212,29095660
2019-12-11,16.6861572265625,16.953875697416013,16.535260979219377,16.841921015063136,34195519
2019-12-12,16.910076141357422,16.929546316983384,16.671562782746797,16.76891489660747,18787597
2019-12-13,16.93927574157715,17.17292022539276,16.84192366736558,16.93927574157715,31059151
2019-12-16,16.642356872558594,17.119382335510977,16.642356872558594,17.03663409231638,35736817
2019-12-17,16.949007034301758,17.05122662757309,16.671552263769453,16.793243256112067,27434705
2019-12-18,17.421171188354492,17.5136557345384,16.90033670983912,16.94901337212407,64706165
2019-12-19,17.74244499206543,17.74244499206543,17.367639005234924,17.377374097284402,43858712
2019-12-20,17.6400146484375,17.758635861128923,17.526335933993234,17.70921087865735,29786715
2019-12-23,17.748741149902344,17.753683645444237,17.536211332082985,17.640004993221716,13666574
2019-12-26,17.971155166625977,18.035408856110976,17.70425667348692,17.758624118255227,13913608
2019-12-27,17.901962280273438,18.114492113040132,17.84265107484036,18.040354674697596,13847724
2019-12-30,17.877254486083984,18.035416905517245,17.77346079044321,17.9711631873551,9923270
2020-01-02,18.539554595947266,18.539554595947266,17.892078796536346,18.055183684155384,25031584
2020-01-03,18.548913955688477,18.791221046847248,18.23737447363778,18.247265711902763,39999078
2020-01-06,18.217601776123047,18.435183996909064,18.01979952897338,18.395624049636368,33675497
2020-01-07,17.90111541748047,18.276939874860208,17.802214310559112,18.173093775362425,19775066
2020-01-08,17.62419891357422,18.05936470631475,17.535187757227142,17.985188533459954,28306110
2020-01-09,17.342327117919922,17.74782161011439,17.169249833087708,17.693426681128518,30779241
2020-01-10,17.025840759277344,17.495621374646074,16.986280814990714,17.3621053072857,26446970
2020-01-13,17.20880889892578,17.282983792873335,17.09507155075358,17.19891765767313,21719790
2020-01-14,17.189029693603516,17.233534635206762,16.981337455335456,17.22364590357694,18941860
2020-01-15,16.887386322021484,17.119803596644214,16.74892520732159,17.1000236167433,28302783
2020-01-16,17.129688262939453,17.258260603123993,16.887381073671776,16.951667243764046,32815006
2020-01-17,17.53024673461914,17.58464294180896,17.1989270066497,17.233541975974532,29995016
2020-01-20,17.189029693603516,17.480788076959715,17.114853535538316,17.436283135356472,18649572
2020-01-21,16.615398406982422,17.144520101544224,16.61045341481228,17.06045397925904,31255074
2020-01-22,16.67475128173828,16.882443609565026,16.585740104756297,16.813212415158223,23771926
2020-01-23,17.114845275878906,17.28792247603925,16.491768861772684,16.560998737522805,38929221
2020-01-24,16.986286163330078,17.248374642929754,16.793428863423284,17.16925347405123,17851638
2020-01-27,16.595638275146484,16.847836943456286,16.53135204470023,16.803330705333718,18971275
2020-01-28,16.615398406982422,16.82803558108406,16.506607323846534,16.739025722021516,16647083
2020-01-29,16.3780460357666,16.773650666787866,16.318704838956,16.74398069607933,21514683
2020-01-30,16.54122543334961,16.58078663367152,16.106061017559743,16.18023591430141,21038983
2020-01-31,16.264305114746094,16.457162393369675,16.13078902008102,16.338481280845915,23105760
2020-02-03,16.368148803710938,16.561006053568587,16.22474274234162,16.313753877306155,20154401
2020-02-04,16.377519607543945,16.704081037762506,16.347832661564727,16.69913321343264,27380134
2020-02-05,16.694189071655273,17.11970833844784,16.669448688436685,16.83272943956388,52370324
2020-02-06,16.501224517822266,16.956430824034328,16.412161131013857,16.82283699993402,31171620
2020-02-07,16.68924903869629,16.921799454303063,16.40721783354901,16.427010400587744,30296088
2020-02-10,16.86736297607422,17.05043500177916,16.585333200483785,16.748613927434004,32551069
2020-02-11,17.01580047607422,17.253299850447945,16.877260116440205,17.080123458821436,36211052
2020-02-12,16.78820037841797,17.080125870392795,16.62491961398915,17.01085505273933,65565592
2020-02-13,16.466585159301758,16.66944851164792,16.342888268968938,16.66944851164792,25560923
2020-02-14,16.095483779907227,16.486368035053204,16.031162087886184,16.461627666626104,29435464
2020-02-17,15.961902618408203,16.179609473147426,15.961902618408201,16.144974691383705,14387045
2020-02-18,15.899389266967773,16.048121195267893,15.706038515340913,15.874599773180758,34812571
2020-02-19,16.12745475769043,16.360468106175713,15.775456539024564,15.810161351006746,36195879
2020-02-20,15.894440650939941,16.286100023765584,15.86965114306786,16.286100023765584,27882985
2020-02-21,15.770488739013672,15.889474791223902,15.62175806165922,15.815108823243897,21578305
2020-02-26,14.922718048095703,15.334209020096877,14.783902680920715,15.205307687785727,38676996
2020-02-27,14.8582763671875,15.423455940473788,14.729374967844686,14.729374967844686,47990536
2020-02-28,15.135900497436523,15.21522536828446,14.724410753522985,14.907846213519372,55779548
2020-03-02,15.339170455932617,15.408578785968153,14.932637030243676,15.145819668309555,44379000
2020-03-03,14.941781997680664,15.398171231403984,14.842567056382249,15.179898612422772,41219739
2020-03-04,15.105487823486328,15.19478140091895,14.748314773132421,15.169977979236716,38989515
2020-03-05,14.609418869018555,15.075729677890644,14.480439765900474,14.956671947368026,32076434
2020-03-06,14.192716598510742,14.50524490966867,13.999247291306894,14.162952477210835,40149215
2020-03-09,13.170797348022461,13.617265332224902,12.9723674126829,13.23032683237507,61036066
2020-03-10,13.488286972045898,14.07365543848113,13.007094164255792,13.890107549588075,44294615
2020-03-11,12.396918296813965,13.279932748263564,11.910764909745634,13.145991745479686,47226275
2020-03-12,10.735069274902344,11.310516404084627,10.417580964782,10.913656488700568,51490932
2020-03-13,12.54574203491211,12.768975372509946,10.918614730998687,12.74913263305711,79427025
2020-03-16,10.754907608032227,11.990135540112222,10.735064872276253,11.112081889145648,61220542
2020-03-17,11.618085861206055,12.183611710403666,10.740031707351681,11.08728481946933,72201692
2020-03-18,10.263800621032715,11.166658309196452,9.772686278296325,10.814444471128224,78717070
2020-03-19,10.293560028076172,10.660656367152932,9.385742753803783,9.921503633932595,72420907
2020-03-20,9.544487953186035,10.76483429350561,9.405587491153867,10.680501375373707,67041671
2020-03-23,8.765646934509277,9.772679631048062,8.5820997390125,9.67346406283088,70904765
2020-03-24,10.085208892822266,10.224110595365122,9.385743473102988,9.430389639320977,49044688
2020-03-25,10.839245796203613,11.618084889969692,9.861977988443309,9.916545538463021,47534934
2020-03-26,11.067441940307617,11.543674162404017,10.59617040493216,11.012873127000066,51020557
2020-03-27,10.34813117980957,10.814441978402375,10.273719627606848,10.516796399280006,42285204
2020-03-30,10.670581817626953,10.829325049880035,10.298524651501783,10.487033263046262,42414843
2020-03-31,10.303483963012695,10.66065902151083,10.119936062617574,10.54160003898962,52023599
2020-04-01,9.852056503295898,10.00584030745262,9.613940396810568,9.921507375435432,34088640
2020-04-02,9.90615177154541,10.119667452279689,9.742290313968212,9.856496287808913,39838294
2020-04-03,9.538702011108398,9.846561864531605,9.047118447328215,9.831665602998395,54433374
2020-04-06,10.442425727844238,10.61621805356954,10.194150796725294,10.248771710168521,75409934
2020-04-07,10.834693908691406,11.385863155322847,10.809866805846468,11.172347549698442,49370250
2020-04-08,11.122694969177246,11.331245208340357,10.790007923003579,10.874421355156134,45025201
2020-04-09,11.117733001708984,11.559661987212438,11.053181236928564,11.271663648270108,50273467
2020-04-13,11.405726432800293,11.405726432800293,10.824764581501775,11.10779737525586,42999286
2020-04-14,11.53035831451416,12.04925169868764,11.53035831451416,11.743378513230825,41663446
2020-04-15,11.197176933288574,11.503051440725867,11.142557295904277,11.328265827821811,43839147
2020-04-16,10.907686233520508,11.38288415681965,10.874913702138716,11.371959979692386,35433640
2020-04-17,11.120709419250488,11.300955869192629,10.792986538407769,11.186253239071462,32352012
2020-04-20,10.760210990905762,10.967769093584886,10.678280923882829,10.858528584027999,50772084
2020-04-22,10.721983909606934,11.000548065393374,10.579970785861303,10.650976717444284,52473465
2020-04-23,10.569043159484863,11.006005311207128,10.394257542448402,10.869454323649105,51634451
2020-04-24,9.744272232055664,10.498033483319809,9.394702363033819,10.394254436040322,88260909
2020-04-27,10.028304100036621,10.410646719869735,9.913601440144648,10.181240769795984,53192084
2020-04-28,10.907686233520508,11.060623452723256,10.590888878566691,10.678281035005856,69331911
2020-04-29,11.273643493652344,11.32280102948124,10.863990638657251,11.213560520265002,44718333
2020-04-30,10.459805488586426,10.700135634795508,10.405185201358401,10.405185201358401,85093250
2020-05-04,9.995532035827637,10.235862180452576,9.875367278660086,10.219475275015393,53674269
2020-05-05,10.005889892578125,10.410499740197523,9.929341998306485,10.115244297656027,62144511
2020-05-06,9.798112869262695,10.082432663732645,9.672355272682005,10.027755804447755,50904216
2020-05-07,9.377099990844727,9.885595602998682,9.295084386352672,9.869192355911741,85305726
2020-05-08,9.798112869262695,9.912934336855226,9.552066056066721,9.645017158510887,48497526
2020-05-11,9.650480270385742,10.148040808305415,9.650480270385742,9.732495840737265,37148936
2020-05-12,9.349760055541992,9.825449743912811,9.349760055541992,9.798111633190508,49303265
2020-05-13,9.267745018005371,9.573936419268056,9.081843456348803,9.448178831000632,65038105
2020-05-14,9.776244163513184,9.792646783481537,8.808461192954317,9.114652686191318,82827525
2020-05-15,9.355233192443848,9.858261912221641,9.355233192443848,9.699698381118687,48846974
2020-05-18,9.847321510314941,9.880127371945663,9.535662985581277,9.814515017741597,58094641
2020-05-19,9.557533264160156,9.841854323193159,9.557533264160156,9.809047828747662,42144179
2020-05-20,9.655953407287598,9.743436136567967,9.49738993518504,9.623146910600434,33736010
2020-05-21,10.191787719726562,10.279271715570772,9.68329204142397,9.732501158143604,63209795
2020-05-22,10.251931190490723,10.38862428778201,9.967611390477426,10.076965111179257,51975913
2020-05-25,10.979134559631348,11.017407538320198,10.536250704358485,10.7112173993833,50529600
2020-05-26,10.503448486328125,11.230652369085401,10.426900609573229,11.203313616336214,73392187
2020-05-27,10.683881759643555,10.782300002109436,10.487044643768998,10.716688261094044,38394873
2020-05-28,10.443297386169434,10.749488090900662,10.421427027151651,10.590925937458696,44381711
2020-05-29,10.361288070678711,10.443303065748493,10.098838572192646,10.443303065748493,85059733
2020-06-01,10.82603931427002,10.90258653675044,10.273801724601464,10.328479213434102,73584335
2020-06-02,11.312551498413086,11.328970453601,10.967757228748043,11.038904771468621,57911810
2020-06-03,11.816062927246094,12.040452799875714,11.690184264494993,11.843426590837337,92530636
2020-06-04,11.985721588134766,12.12801792767631,11.49863100071965,11.706601893768413,70904185
2020-06-05,12.204641342163086,12.932540828050252,12.138965516799178,12.773825513181277,88795971
2020-06-08,12.844978332519531,12.861397293984368,12.36883223932188,12.423562110871334,70020280
2020-06-09,12.560383796691895,12.812138644956445,12.38524949494933,12.511126919081605,62607457
2020-06-10,11.974781036376953,12.85045140866727,11.930997138834174,12.806667511124493,74329574
2020-06-12,11.837952613830566,11.952882757829467,11.597142567963015,11.684710316676139,89793858
2020-06-15,11.575249671936035,11.766802843284935,11.383697763680567,11.493156177411326,81559324
2020-06-16,12.056872367858887,12.193695745134978,11.761333670847515,12.034980425399697,63720657
2020-06-17,12.248428344726562,12.489238527454319,12.03498436211829,12.040457349523336,65846627
2020-06-18,12.204641342163086,12.456396146537129,12.013088114612156,12.100654618670232,66061281
2020-06-19,12.237476348876953,12.461866195891824,11.963829639451857,12.39619164243849,89256255
2020-06-22,11.810589790344238,12.30315472775001,11.755861194917305,12.253897855081265,45392424
2020-06-23,11.794169425964355,12.095179790405687,11.67923674908862,12.040451207367996,44536712
2020-06-24,11.411065101623535,11.83795545278906,11.334444566218082,11.728495740647213,55327613
2020-06-25,11.684714317321777,11.788699791427916,11.3946485765831,11.553362649279537,49717932
2020-06-26,11.323495864868164,11.668291348795867,11.290657959142948,11.515049051838393,55023540
2020-06-29,11.717548370361328,11.717548370361328,11.361808137657118,11.432955678960484,59291694
2020-06-30,11.328972816467285,11.651876476323007,11.257825258907571,11.613565572894096,54322829
2020-07-01,11.58072566986084,11.690184112080043,11.36180878542243,11.394646697016318,40633494
2020-07-02,11.61849308013916,11.985507906153273,11.607537300476737,11.843084034767463,45546578
2020-07-03,11.695180892944336,11.71709118308856,11.503456056435652,11.602056786873503,15265844
2020-07-06,12.407297134399414,12.43468657363025,11.903336509452853,11.996459338612489,69057483
2020-07-07,11.89238452911377,12.374433756517567,11.89238452911377,12.297744566421732,67814208
2020-07-08,12.29774284362793,12.374432022980358,11.974549931286365,12.051240374864232,63011960
2020-07-09,12.023850440979004,12.445644070800643,11.974549443544197,12.36347574174263,97748398
2020-07-10,12.199138641357422,12.199138641357422,11.859512159073853,12.01836962567584,83139221
2020-07-13,12.029329299926758,12.374432517131945,12.029329299926758,12.31965489090003,45588807
2020-07-14,12.232003211975098,12.24295898518145,11.89237803525293,12.04027970931377,46757788
2020-07-15,12.434687614440918,12.675712171396148,12.325131112572661,12.37990873139413,57340932
2020-07-16,12.215572357177734,12.368951937187983,12.17174925882478,12.32512883883503,36847041
2020-07-17,12.275833129882812,12.451124334417434,12.242965791990267,12.314178357424119,54564466
2020-07-20,12.390867233276367,12.489469244447315,12.199143628895161,12.30322226535001,48562745
2020-07-21,12.725014686584473,12.861960646339089,12.4949446145234,12.599024504748265,77298188
2020-07-22,12.505899429321289,12.790747104811869,12.352519814501331,12.763358926350575,50483015
2020-07-23,12.325127601623535,12.538762656199058,12.28678239441384,12.538762656199058,37550656
2020-07-24,12.401823043823242,12.522335349112948,12.095063758962755,12.21557732847806,34986303
2020-07-27,12.971510887145996,12.9989003186941,12.505894343502801,12.538761661360525,66450296
2020-07-28,12.883870124816895,13.223495392850873,12.790746027525502,12.823613355981287,51909000
2020-07-29,13.289233207702637,13.31114476729785,13.092031699797088,13.092031699797088,56100440
2020-07-30,12.82361125946045,13.27279421557719,12.703099005716947,13.130370413112129,79453077
2020-07-31,12.292262077331543,12.966035924201902,12.20461714084175,12.927690711389118,92756543
2020-08-03,12.160794258117676,12.462075550016808,12.040281994203054,12.418252448875068,67604394
2020-08-04,11.908023834228516,12.291799798818776,11.694206212557123,12.02315649707506,82536278
2020-08-05,11.96284294128418,12.132801208795435,11.74902541448001,12.0779768183531,45419286
2020-08-06,12.04508113861084,12.204074271193639,11.820297220695265,12.006703180500054,50515322
2020-08-07,11.973806381225586,12.36306468613598,11.798366838223878,11.902534304125753,70822510
2020-08-10,12.077983856201172,12.187633966283794,11.886095214577455,12.03412330604592,35251898
2020-08-11,11.979293823242188,12.308244014531564,11.979293823242188,12.220524216582058,38937074
2020-08-12,11.869647026062012,12.171185765518267,11.7490317833406,12.067018228436885,53486114
2020-08-13,11.62292766571045,12.045081418836151,11.579067141134862,11.92446624155806,39513639
2020-08-14,11.639376640319824,11.770956963188087,11.546174280668737,11.666789471189237,40462037
2020-08-17,11.299460411071777,11.639376993558647,11.184329048535997,11.595516462836484,61115406
2020-08-18,11.420077323913574,11.595516923156957,11.354286525218557,11.562622789114446,50875902
2020-08-19,11.376215934753418,11.540691653799962,11.31042514101284,11.469418293914336,64540311
2020-08-20,11.348799705505371,11.414590479544179,11.11853452697859,11.17336017201093,41295606
2020-08-21,11.348799705505371,11.409107915040945,11.217219422732278,11.332352011995669,29621405
2020-08-24,11.606480598449707,11.743543479876983,11.463935151153146,11.46941771702243,38914326
2020-08-25,11.606480598449707,11.738060914007699,11.480382848761,11.70516678409683,30182361
2020-08-26,11.365250587463379,11.666789189126927,11.239152833817604,11.595515830589601,46002990
2020-08-27,11.535215377807617,11.705173755677508,11.348809292533645,11.381704707341804,42850335
2020-08-28,11.770959854125977,11.831266831545113,11.573588688696933,11.644862066462084,43992212
2020-08-31,11.370733261108398,11.727096261252735,11.370733261108398,11.677754431718686,57366705
2020-09-01,11.600996017456055,11.688717056127228,11.496828549338657,11.540689068674244,50020311
2020-09-02,11.58944320678711,11.699192777368411,11.474207424115361,11.682730341781216,33742060
2020-09-03,12.044900894165039,12.231473909622899,11.551032860781886,11.556520339661198,129192789
2020-09-04,12.055872917175293,12.313781828842998,11.95161211028719,12.231470932128893,57514809
2020-09-08,11.863810539245605,11.979047548909032,11.797962085876119,11.891247922498803,33833173
2020-09-09,11.830886840820312,12.066847093524643,11.759550903796894,11.962585026926734,35740012
2020-09-10,11.441279411315918,11.88576125080546,11.419330769665082,11.808937838931866,56327799
2020-09-11,11.227275848388672,11.496159821517256,11.15593987854016,11.468722422945179,47278451
2020-09-14,11.358968734741211,11.402868551739992,11.095572365625115,11.337020092680115,68687586
2020-09-15,11.238245010375977,11.397380573562328,11.13398421602569,11.386405619795115,45286791
2020-09-16,11.260197639465332,11.446770632163831,11.19434916738492,11.23824772662568,42998197
2020-09-17,11.28763484954834,11.342508364329179,11.106549337962967,11.123011772328777,30859114
2020-09-18,11.01875114440918,11.254710174843225,10.996801231543026,11.232760261977074,76123157
2020-09-21,10.854127883911133,10.909002665164268,10.70047976284088,10.810228058908626,57832434
2020-09-22,10.919978141784668,11.051677638341845,10.799254869712652,10.876079576037672,30436824
2020-09-23,10.662070274353027,10.914491772929386,10.645606571080371,10.837667067704322,32262351
2020-09-24,10.865105628967285,10.958391514603285,10.640121500958585,10.667557632188808,41345700
2020-09-25,10.854127883911133,10.854127883911133,10.68401732846494,10.804740580783312,20911462
2020-09-28,10.821202278137207,11.304096520959744,10.755353811556848,11.002287777500463,83360409
2020-09-29,10.563297271728516,10.854131167475417,10.530373026235736,10.8376687281193,55956329
2020-09-30,10.651093482971191,10.749866820533168,10.568781312970799,10.618168614971035,39182704
2020-10-01,10.700482368469238,10.744382204161607,10.5468348432042,10.67304623760034,29290107
2020-10-02,10.787784576416016,11.177770633538534,10.623002663812839,10.661452368333002,62918911
2020-10-05,10.941582679748535,11.023974907883925,10.633988831053847,10.831727643238272,41923233
2020-10-06,10.903132438659668,11.183263432673618,10.831725852745892,11.067914332351366,36957998
2020-10-07,10.787784576416016,10.996510276140999,10.754828954497494,10.974539016415193,35786960
2020-10-08,11.342550277709961,11.40846403633841,10.765811228060002,10.798766839704433,79523136
2020-10-09,11.391984939575195,11.611694920323917,11.100868391097823,11.238187445983204,86877032
2020-10-13,11.457900047302246,11.56226223709705,11.32607378975358,11.441421606649929,36440965
2020-10-14,11.468887329101562,11.573249533953442,11.435930443042006,11.496350133147807,34703768
2020-10-15,11.391984939575195,11.567753684776005,11.249173071787611,11.298608387907448,41188642
2020-10-16,11.16678524017334,11.353538395257011,11.16678524017334,11.342552766408552,28485820
2020-10-19,11.320578575134277,11.573246705503196,11.15579672044855,11.254666086793934,62748180
2020-10-20,11.80943775177002,11.919292768513039,11.42494455933444,11.42494455933444,78651694
2020-10-21,11.930275917053223,12.095059041749922,11.666623424606408,11.80943529698758,76419244
2020-10-22,12.479557037353516,12.578426443789965,11.919294954763203,11.919294954763203,81425740
2020-10-23,12.424628257751465,12.825599946150577,12.32575885630694,12.523498926866186,77700150
2020-10-26,12.578422546386719,12.644336308701256,12.320262845994518,12.353219727151785,47649921
2020-10-27,12.226885795593262,12.907988307302954,12.149986409296305,12.847567360926773,94080404
2020-10-28,11.534797668457031,11.979711743740065,11.51282641520802,11.979711743740065,80850506
2020-10-29,11.419451713562012,11.479871402152222,10.969044751723073,11.424944527767487,118969499
2020-10-30,11.073410034179688,11.375511061920228,10.947075286774627,11.232699136871695,69347036
2020-11-03,11.452407836914062,11.54578568253113,11.166785288625034,11.282133124364274,70121073
2020-11-04,11.369355201721191,11.677229841032364,11.15494327684298,11.655238614106961,86799350
2020-11-05,11.545286178588867,11.622254220207342,11.286891745467733,11.572775218032072,59907463
2020-11-06,11.517797470092773,11.5727755505589,11.380353537749995,11.407842577983057,47718891
2020-11-09,12.611851692199707,12.787780288839658,12.018093471553998,12.177528643306834,144734997
2020-11-10,13.425516128540039,13.535470996323744,12.655830785231844,12.655830785231844,164328769
2020-11-11,13.370543479919434,13.51898305568446,12.985700652271237,13.392534716154662,92258144
2020-11-12,12.842758178710938,13.370542744016555,12.760292316190446,13.359547126504129,66495429
2020-11-13,13.299071311950684,13.299071311950684,12.826263607586695,12.9802009701977,67209934
2020-11-16,13.887334823608398,13.909324792760488,13.529979744161048,13.573962220110966,114690334
2020-11-17,13.964301109313965,13.964301109313965,13.590453917818513,13.7443912952161,76666205
2020-11-18,13.535475730895996,13.975296624697966,13.535475730895996,13.914820728410833,61293155
2020-11-19,13.54647159576416,13.804866074245762,13.49149350722649,13.540973786910392,39838161
2020-11-23,13.458508491516113,13.656428368449857,13.398033854691148,13.562966873998784,37882196
2020-11-24,14.063260078430176,14.266676461513693,13.584955799574617,13.590453608242964,89390444
2020-11-25,13.881842613220215,14.118247269587433,13.733404221096293,14.030282274167632,51217848
2020-11-26,13.656423568725586,13.837849953081658,13.579455530138965,13.815858722393353,25190627
2020-11-27,13.54647159576416,13.925816600205914,13.546471595764158,13.766381412269395,40041804
2020-11-30,13.35954475402832,13.65092602871679,13.321061368391664,13.48599306414299,61542657
2020-12-01,14.107242584228516,14.398623906758496,13.595951452041747,13.628937035314388,78138775
2020-12-02,14.260716438293457,14.354246993048921,13.99662912035766,14.249712694232763,54318715
2020-12-03,14.073646545410156,14.700853273215614,14.040635330852034,14.249705086627035,66249678
2020-12-04,14.19469165802002,14.348742779975376,14.002127438135762,14.315731553179177,48098226
2020-12-07,14.288214683532715,14.57430929245926,14.04613502052089,14.117659307632314,42097352
2020-12-08,14.117668151855469,14.486289745541024,14.051645691622632,14.2442099308747,41379459
2020-12-09,14.156172752380371,14.260708261014939,14.051638513505525,14.117660940011568,39119300
2020-12-10,14.73936653137207,14.799885822352033,14.271712731967687,14.27721333136606,74726938
2020-12-11,14.623831748962402,14.761377238255852,14.392755733272631,14.524798082443873,48451667
2020-12-14,14.546802520751953,14.8549046570578,14.546802520751955,14.717359196538382,36431285
2020-12-15,14.546802520751953,14.816392842339418,14.546802520751955,14.546802520751955,33169730
2020-12-16,14.87690544128418,15.11898503815255,14.475272978829175,14.618320244207617,57006367
2020-12-17,14.948429107666016,15.168502517192195,14.821887436836159,15.074972048255159,45968142
2020-12-18,14.975945472717285,15.1795133768577,14.860407481614837,14.926429916393312,54097164
2020-12-21,14.61282730102539,14.904423876586396,14.596321690737787,14.634834781408864,66521686
2020-12-22,14.909930229187012,14.992457035675796,14.722867859449277,14.722867859449277,38527126
2020-12-23,15.251033782958984,15.350067418058465,14.942931679946588,15.030961577812795,31883742
2020-12-28,15.39958667755127,15.548135896245073,15.361074857712111,15.460107246921325,45444938
2020-12-29,15.374215126037598,15.569674306465544,15.284863057503117,15.536166797446555,26853167
2020-12-30,15.15640640258789,15.49147735005024,15.15640640258789,15.430046967482173,26660051
2021-01-04,14.759908676147461,15.374206207564983,14.664970788999815,15.374206207564983,48196357
2021-01-05,14.669909477233887,14.753737044960479,14.351363688053683,14.641966524733709,47107478
2021-01-06,15.156102180480957,15.357288715559594,14.681076195825076,14.692253368859781,73317409
2021-01-07,15.558480262756348,15.636719202944816,15.06668840088788,15.18404745605725,56545599
2021-01-08,15.424358367919922,15.877028910843991,15.217581867882634,15.681430878407896,60861427
2021-01-11,15.150516510009766,15.306994383067149,14.949328646435125,15.156105097602762,44169961
2021-01-12,15.13934326171875,15.312588232265277,15.005218414470317,15.234347985669087,46567697
2021-01-13,14.9102144241333,15.25111582244571,14.67549623203957,15.178464155032929,56170741
2021-01-14,15.36846923828125,15.513771229629178,14.899031737824876,14.994037729327221,72262168
2021-01-15,14.943742752075195,15.245523956938975,14.904623921647303,15.144930651908885,53980036
2021-01-18,14.994030952453613,15.29022338901438,14.87108336761621,15.016385293291819,51058007
2021-01-19,14.753727912902832,15.1561036003006,14.61401581642688,15.133749252137042,38386524
2021-01-20,14.44636344909668,14.876680899708216,14.40724332910286,14.865503722567123,41861039
2021-01-21,14.239583969116211,14.535775204957993,14.105459173533346,14.47989062583278,43414921
2021-01-22,13.976924896240234,14.18370136904538,13.870743010635467,13.94339465694685,49504004
2021-01-26,13.64161205291748,14.323413290672256,13.574550291547691,13.954569088931954,70337058
2021-01-27,13.83720588684082,14.055159447877497,13.46836308555868,13.580133514149672,79338490
2021-01-28,14.26752758026123,14.435183920290878,13.809268551226362,13.84279878741366,62478350
2021-01-29,13.826028823852539,14.250758777433273,13.70866980841942,14.071925316416053,67913428
2021-02-01,14.111050605773926,14.273118383298543,13.982514359414434,14.071931775854768,54510500
2021-02-02,14.054530143737793,14.429242751225651,13.847598453145547,14.322981159660674,82720803
2021-02-03,14.121644020080566,14.32857573657631,14.015382415213871,14.160793507936306,45415172
2021-02-04,14.546690940856934,14.848698677870978,14.429243774405176,14.764806922732813,114781326
2021-02-05,14.468384742736816,14.652943913909214,14.390085817368355,14.54668237736436,49424023
2021-02-08,14.160786628723145,14.490758141725859,14.11604566936461,14.468387016676031,30201237
2021-02-09,14.233490943908691,14.44042255187532,13.93148463963958,14.065710094006207,54631621
2021-02-10,14.076903343200684,14.356539966729953,13.97623322939607,14.188757734464037,34475320
2021-02-11,14.093682289123535,14.30620551240115,14.00419773975037,14.188758332090696,29089005
2021-02-12,14.093682289123535,14.278241590722034,13.959456755805615,14.037754445765307,26965092
2021-02-17,14.08249568939209,14.171978941471849,13.914713462343526,13.998603930496941,20858827
2021-02-18,13.943544387817383,14.24581212294414,13.837190853688059,14.005116942583458,58438039
2021-02-19,13.825996398925781,14.14505701954629,13.775617794263269,13.9099594481715,36792107
2021-02-22,12.919190406799316,13.428568902768912,12.907995161449792,13.327811694623184,104356450
2021-02-23,13.534920692443848,13.686055193270986,13.120700543621618,13.15428627532949,58129852
2021-02-24,13.439764022827148,13.70844732499407,13.249446145517894,13.663666344013436,43288839
2021-02-25,13.148691177368164,13.557312490818726,13.064726831980897,13.400581629812896,43365553
2021-02-26,12.874414443969727,13.339012139645796,12.824035820258798,13.193475185228737,69104310
2021-03-01,12.448990821838379,13.143089398260635,12.437795579326881,13.098308428214644,70533925
2021-03-02,12.784538269042969,13.053450525695109,12.017016954002168,12.213098107458077,86893609
2021-03-03,12.896587371826172,13.120680532266476,12.44839975798603,12.78454079160602,68702348
2021-03-04,13.395193099975586,13.608082732115406,12.991824699718341,13.025439056312944,87727541
2021-03-05,14.028255462646484,14.12909852125161,13.423203575811664,13.501635772878688,94742879
2021-03-08,13.529647827148438,14.274759522753303,13.479226297497252,13.748138536385182,70396348
2021-03-09,13.64169692993164,13.882597252969603,13.32796678784291,13.535252751491546,51552413
2021-03-10,13.871390342712402,14.022653643845603,13.524045894414888,13.748139003448173,68433970
2021-03-11,14.112295150756836,14.263559793317791,13.736938620317865,14.073079684534019,69172433
2021-03-12,14.017049789428711,14.129097625217483,13.87699128765185,14.011447397639273,53786436
2021-03-15,14.213138580322266,14.257956441768854,13.888202296796159,13.921816662600863,37805845
2021-03-16,13.977835655212402,14.241145508175952,13.753741255506096,14.19072397732621,37929628
2021-03-17,14.560473442077637,14.566075832643866,13.854579988485654,13.876988257791751,73650280
2021-03-18,14.829397201538086,15.031080816158621,14.459641753134239,14.482051330972014,109927895
2021-03-19,14.980658531188965,15.087104020697005,14.661325941543804,14.95824895445043,96725464
2021-03-22,14.902219772338867,14.975049571850418,14.633307555288527,14.756558880356675,56779734
2021-03-23,14.739750862121582,15.036675020831705,14.70613651367311,14.711738905081189,44842358
2021-03-24,14.58849048614502,14.868607526296875,14.58849048614502,14.778970538913619,48280210
2021-03-25,14.913426399230957,14.935834675955778,14.459636492006295,14.566080655046376,66434203
2021-03-26,15.01426887512207,15.15432739926729,14.81258403145086,14.846198387555948,48706372
2021-03-29,15.075892448425293,15.137517463766372,14.834990899847414,15.047880490107044,50369880
2021-03-30,15.32800579071045,15.395233234132979,14.980659905321437,14.98626230001996,45199308
2021-03-31,14.99746322631836,15.350411415492278,14.81818922806312,15.350411415492278,48801357
2021-04-01,14.448430061340332,15.098301043355157,14.442827669557484,15.064687985617171,61328003
2021-04-05,14.582398414611816,14.733772949320075,14.464662952929846,14.644070048493344,39431722
2021-04-06,14.352532386779785,14.688919197422651,14.246009961438372,14.610429329778947,36674979
2021-04-07,14.195550918579102,14.442234830870376,14.13387929355136,14.296468123169953,40372497
2021-04-08,14.150700569152832,14.358138908442369,14.0778159190874,14.352532396898875,38028364
2021-04-09,14.12826919555664,14.414197294728778,14.049778063544785,14.072204101262459,38960911
2021-04-12,14.39177417755127,14.419806727866742,14.156302048810854,14.223580169567986,27353018
2021-04-13,14.296467781066895,14.40859671179706,14.12827373801674,14.296467781066895,34344035
2021-04-14,14.464661598205566,14.694527281779845,14.201158138665464,14.352532659196362,50114933
2021-04-15,14.464661598205566,14.666494723550066,14.274042790062891,14.526333226311081,33300410
2021-04-16,14.632855415344238,14.750590864081804,14.391778006314468,14.397384517869108,33964942
2021-04-19,14.566693305969238,14.727037143653813,14.480353321131869,14.727037143653813,34552870
2021-04-20,14.344684600830078,14.66537372067888,14.332349756957825,14.554365301468534,29159900
2021-04-22,14.246010780334473,14.492694714434556,14.190505924729482,14.400187915669536,29729150
2021-04-23,14.511199951171875,14.603705479092135,14.28301628480183,14.344687930658953,25618340
2021-04-26,14.52353286743164,14.875058516198305,14.37552247655417,14.733214901463171,39296070
2021-04-27,14.394017219543457,14.696204633015983,14.381683673153365,14.511192379797361,42098650
2021-04-28,15.164911270141602,15.214248063028638,14.603703633663914,14.628373324017552,62279250
2021-04-29,14.659199714660645,15.238907330770852,14.659199714660643,15.090897040773694,38657630
2021-04-30,14.70854663848877,14.893558981834953,14.511199448834043,14.609873043661405,63985680
2021-05-03,15.146401405334473,15.306746541898546,14.86271435368627,14.899717575166216,56953380
2021-05-04,14.689030647277832,15.343249344265654,14.652000157677653,15.306217559757282,54545480
2021-05-05,14.713720321655273,14.82481309257276,14.281689713867033,14.800125666267954,69076920
2021-05-06,14.787781715393066,14.79395324787278,14.584109489388757,14.596453849256381,48443120
2021-05-07,14.849496841430664,14.96059087974422,14.68902796273507,14.812465063690158,39517720
2021-05-10,15.207474708557129,15.207474708557127,14.707553162038936,14.830990341134395,60087170
2021-05-11,15.182785034179688,15.330909627254664,14.997628645381672,14.997628645381672,43745350
2021-05-12,14.874184608459473,15.065512443128252,14.713717020930037,15.009966070130215,47810290
2021-05-13,15.219812393188477,15.275360075306398,14.84332945390026,14.86801688098323,37995870
2021-05-14,15.361769676208496,15.509894279720978,15.12723970143474,15.361769676208496,42070930
2021-05-17,15.429654121398926,15.45434154520278,15.151919632424448,15.31238853460358,28853990
2021-05-18,15.676534652709961,15.707393621125934,15.31856751130388,15.374113913434366,47018290
2021-05-19,15.781455039978027,15.781455039978027,15.38645486013117,15.516064840432938,31737860
2021-05-20,15.92957878112793,15.929578781127931,15.695047558119187,15.738250882606337,35715570
2021-05-21,16.003643035888672,16.096219934861765,15.664190521594922,15.88637740996579,60487790
2021-05-24,15.960433006286621,16.133244958032808,15.898713804637538,16.046838334705697,25234770
2021-05-25,15.88019847869873,16.015978644224788,15.769104438806522,16.015978644224788,25695010
2021-05-26,16.244342803955078,16.275201764546107,15.904890352728744,15.935749313319773,42588260
2021-05-27,16.343093872070312,16.392468731082907,15.929579104112717,16.244344154045123,76937740
2021-05-28,16.380126953125,16.460362082860286,16.18262748591565,16.20731491931682,30718600
2021-05-31,16.343093872070312,16.435670761537594,16.21348519088936,16.41098462693974,16464250
2021-06-01,16.713401794433594,16.713401794433594,16.40480834314761,16.49738650802422,54375970
2021-06-02,17.367431640625,17.373607495474573,16.620113033557956,16.675698318834353,72726170
2021-06-04,17.34889793395996,17.484773181770304,17.077144846709764,17.237726098647176,40250650
2021-06-07,17.5650691986084,17.78741163345665,17.20067303283821,17.348902618552152,37756180
2021-06-08,17.4415340423584,17.694756878839577,17.31183340295797,17.50947099158996,34704120
2021-06-09,17.355072021484375,17.805932578362576,17.138905521789418,17.398305580586293,52013830
2021-06-10,17.38595962524414,17.6206550733497,17.305669622814406,17.4477220626775,35655950
2021-06-11,17.318017959594727,17.367427377894305,17.077145425615782,17.33654551959597,39460080
2021-06-14,17.243907928466797,17.478602073234413,17.08332663293939,17.41066378297993,28142400
2021-06-15,17.256258010864258,17.330372148930874,17.1512633058903,17.237729152393857,18155060
2021-06-16,17.342716217041016,17.639173934518134,17.18213630321426,17.293306813430565,72971470
2021-06-17,17.26861000061035,17.76270555825169,17.20067171565548,17.429191283611413,34797730
2021-06-18,17.046266555786133,17.29331367181522,16.92274299777159,17.169790113800676,35541330
2021-06-21,17.089496612548828,17.1883154386497,16.87950595917715,16.97832608109268,28258890
2021-06-22,16.774520874023438,17.058625809455062,16.66952613519671,16.9845116474923,43905180
2021-06-23,16.70039939880371,17.040089483000173,16.675694688967873,16.873332367654566,30743570
2021-06-24,16.82391929626465,16.89185755752056,16.601576956002667,16.873328705211755,23603690
2021-06-25,16.29894256591797,16.85479769758533,16.200122464845883,16.79921244358147,30688680
2021-06-28,16.21865463256836,16.397763429783886,16.014841128984667,16.30512175276426,32689800
2021-06-29,16.119844436645508,16.274248610151144,15.940735543546355,16.181605587721624,33584870
2021-06-30,15.891318321228027,16.200126516993528,15.854260612079928,16.02101771161695,43697390
2021-07-01,15.693680763244629,15.9592566944825,15.514570660889598,15.891318424479376,38459520
2021-07-02,16.070051193237305,16.070051193237305,15.63739700124134,15.82900161189355,39391330
2021-07-05,15.784831047058105,15.873191339446574,15.77851997594068,15.80376558459651,19020650
2021-07-06,15.589174270629883,15.765893497458622,15.418766113712842,15.715402289793268,34748560
2021-07-07,15.702783584594727,15.765896945888084,15.46294963363316,15.734340265241405,33947100
2021-07-08,15.51975154876709,15.63335611633253,15.29885216005137,15.456636870197158,71023700
2021-07-12,15.911056518554688,16.00572786675838,15.58286365907634,15.601798193554263,34999910
2021-07-13,15.898441314697266,16.030980465496445,15.658607304502084,15.784835382450469,35166230
2021-07-14,15.96785831451416,16.403344613096202,15.84794137530915,16.09408632310213,68463230
2021-07-15,15.728029251098633,16.005730955008033,15.589177737050843,15.91737198403904,36420670
2021-07-16,15.728029251098633,15.816389546253804,15.355656180719027,15.772209398676218,37051630
2021-07-19,15.153688430786133,15.286227524192602,15.059017082273257,15.216801780337432,47496240
2021-07-20,15.387210845947266,15.399834311109991,15.04008343048334,15.160000390692224,50840460
2021-07-21,15.393524169921875,15.532374349978168,15.273607202473656,15.336720559539403,31971500
2021-07-22,15.273603439331055,15.41876465449158,15.128440899984774,15.393520377233886,29645220
2021-07-23,15.115817070007324,15.311470807488083,14.995901459202997,15.27991413749672,35162490
2021-07-26,15.242046356201172,15.30516102567834,15.090572738478972,15.096885132356773,33585200
2021-07-27,15.361963272094727,15.361963272094728,15.04639389786588,15.153687379168822,39891170
2021-07-28,15.72171688079834,15.829010381033632,15.380900519339558,15.500817485348097,52118660
2021-07-29,15.570237159729004,15.81638206647179,15.399829045508184,15.728021813103386,35160180
2021-07-30,15.305163383483887,15.721716558484099,15.279917776641026,15.469260490055497,40227000
2021-08-02,15.399825096130371,15.85424573472328,15.355644980776423,15.532364118007,48047120
2021-08-03,15.487594604492188,15.613920705855394,15.15282944196858,15.60128743311167,59400990
2021-08-04,14.874906539916992,15.152823860547436,14.811742849893825,15.12124267814301,108007020
2021-08-05,14.653841972351074,15.05176954907408,14.559097058804666,15.001239105211313,69889160
2021-08-06,14.975970268249512,15.020184727260283,14.653838435079647,14.742267353101191,50173090
2021-08-09,14.969656944274902,15.203361225988631,14.906493230910034,14.906493230910034,38625510
2021-08-10,14.754897117614746,15.064396959731042,14.754897117614746,15.02649847897624,38955290
2021-08-11,14.811744689941406,15.058082183983991,14.590675060432863,14.754898289508608,30339760
2021-08-12,14.603309631347656,14.84964584448041,14.514882028683042,14.767534215174399,40036700
2021-08-13,14.672794342041016,14.717008821132195,14.426458044493211,14.62226388742686,42676590
2021-08-16,14.552779197692871,14.767534218871653,14.470667568366302,14.62225888029907,31897250
2021-08-17,14.49593448638916,14.653841790193683,14.325393909168538,14.578046125341727,45561120
2021-08-18,14.4011869430542,14.77384922513135,14.363289780159127,14.470666621112239,46310550
2021-08-19,14.369610786437988,14.552783342556857,14.16117300446772,14.287499133724715,56256860
2021-08-20,14.287493705749512,14.382238598001413,14.18011554276388,14.224330002510047,31478480
2021-08-23,14.38855266571045,14.47066560913419,14.262226589536855,14.369604748195316,31936080
2021-08-24,14.767537117004395,14.855966062260071,14.464353108424204,14.527516830066114,40907240
2021-08-25,14.792805671691895,14.82438687701688,14.603315789311436,14.748591189107751,20103600
2021-08-26,14.508564949035645,14.818063522584383,14.50224765094402,14.748583845293457,33102630
2021-08-27,14.698055267333984,14.729637786135239,14.44540306821267,14.590678414011123,22746900
2021-08-30,14.540148735046387,14.710689309681047,14.483300993358263,14.653841567992924,22814990
2021-08-31,14.622259140014648,14.792799700271775,14.489617071021215,14.571728701806222,35247850
2021-09-01,14.5969877243042,14.843323837301163,14.578038486716544,14.704364528610606,26944060
2021-09-02,14.084280967712402,14.558392644822924,14.014744305458537,14.539427859426137,42032980
2021-09-03,14.014742851257324,14.198065554266892,13.837741300623618,14.198065554266892,48821960
2021-09-06,14.160143852233887,14.217036902490051,13.894640740535129,13.913605532721181,17038560
2021-09-08,13.344664573669434,13.951528344933676,13.243520832842286,13.926241083425541,58961320
2021-09-09,13.40156078338623,13.559598910738318,13.053878760033966,13.395239629656611,76710590
2021-09-10,13.23720932006836,13.755572032434465,13.22456568010708,13.59753382758122,55216260
2021-09-13,13.509028434753418,13.61649336455199,13.306739557629928,13.464777701435724,41682960
2021-09-14,13.420527458190918,13.597529071623404,13.31938367908664,13.52799239191375,36636930
2021-09-15,13.3004150390625,13.464774295683329,13.218236073902819,13.464774295683329,18948050
2021-09-16,13.129739761352539,13.237204695115768,12.933773357688874,13.218239904951124,74356480
2021-09-17,12.655628204345703,13.085487947526593,12.655628204345703,13.085487947526593,88977020
2021-09-20,12.181517601013184,12.560808184991114,12.105659749478027,12.459663056642087,83070790
2021-09-21,12.35851764678955,12.522876966884148,12.12462296656068,12.307947078647343,54100090
2021-09-22,12.541839599609375,12.744127142559273,12.497588868013647,12.541839599609375,42577590
2021-09-23,13.098128318786621,13.148700196709681,12.567123600594485,12.605051845886008,51252410
2021-09-24,12.80733871459961,13.04755578582508,12.763089318364583,12.95905434075207,44736120
2021-09-27,13.192953109741211,13.407884289714946,12.674590611899916,12.775734384522435,89182170
2021-09-28,12.914806365966797,13.578561971863765,12.914806365966797,13.306737780180624,109024520
2021-09-29,13.148704528808594,13.300420212563488,12.933774639973487,13.047560739638666,63995360
2021-09-30,13.167669296264648,13.36363571899094,13.06020435204777,13.29409903249097,77271700
2021-10-01,13.496387481689453,13.565924172678248,13.186634939514912,13.21824204403634,46504920
2021-10-04,13.11609172821045,13.38815739768232,13.014859441698901,13.369175763188966,42585840
2021-10-05,13.337535858154297,13.502041086259188,13.084451912977071,13.248957141081963,35939200
2021-10-06,13.438776016235352,13.476739290339536,13.078131549645777,13.173038407426203,38029200
2021-10-07,13.103434562683105,13.653892518244097,13.103434562683105,13.527350535786368,63955540
2021-10-08,13.192009925842285,13.54632871393649,13.122412848830836,13.24262670593015,75912210
2021-10-11,12.951584815979004,13.305902384157028,12.913621555648723,13.248958821141162,39408270
2021-10-13,12.91362476348877,13.014859707023842,12.660540723350802,12.98954997553016,51281670
2021-10-14,12.79340934753418,12.989548460149297,12.704829280079837,12.989548460149297,49092780
2021-10-15,13.464077949523926,13.508367972190516,12.812386453073456,12.83769484781445,64975020
2021-10-18,13.698183059692383,13.774108252025501,13.286920605611666,13.388154195389157,40842340
2021-10-19,13.274269104003906,13.558988286996975,13.242632606742653,13.558988286996975,49452260
2021-10-20,13.729815483093262,13.755123875484118,13.280591186285724,13.419788008175077,53331080
2021-10-21,13.44509506225586,13.831049041514984,13.2363011570693,13.375497978846523,63172340
2021-10-22,12.93893051147461,13.400809785524439,12.470724469590024,13.400809785524439,85791750
2021-10-25,13.135065078735352,13.343860271520434,13.008523141053038,13.059139916125963,27476570
2021-10-26,12.837695121765137,13.084452307625376,12.812386726484073,13.078125540674968,40538850
2021-10-27,13.008525848388672,13.305899795701357,12.932600669977727,12.970562595443552,31750950
2021-10-28,12.964238166809082,13.084453386173305,12.749116125447866,12.970564934281006,29216880
2021-10-29,12.590940475463867,13.052819778112688,12.590940475463867,13.033838145953489,30768100
2021-11-01,13.027505874633789,13.116084574826385,12.711150339707922,12.806057132933596,30642040
2021-11-03,12.919174194335938,13.178823691414033,12.798848331530973,12.91284160384655,50494950
2021-11-04,12.064231872558594,13.04583686369489,12.064231872558594,12.988840873468186,78727770
2021-11-05,12.65953254699707,12.919182205074957,12.418880672167218,12.602535211146542,118130540
2021-11-08,12.368212699890137,12.90017833747081,12.368212699890137,12.539201987002196,56784310
2021-11-09,12.228888511657715,12.68485908834882,12.184559035450164,12.444208615001608,66943360
2021-11-10,12.912847518920898,13.204161430591363,12.203558526862452,12.228890229125184,96874910
2021-11-11,12.976177215576172,13.210496477992908,12.881184320525591,13.13450136473122,39270990
2021-11-12,13.102832794189453,13.204159589109118,12.798852409430458,13.121831900412326,46733060
2021-11-16,13.083834648132324,13.292820824592127,12.90651143331588,13.115498938477387,41142090
2021-11-17,13.14083480834961,13.2991576390398,13.020508872396128,13.178831703086319,43446370
2021-11-18,13.014174461364746,13.197828972476502,12.665863219506562,13.166164676499015,61360750
2021-11-19,13.001507759094238,13.096501974364841,12.798854141824643,12.944511761412645,43549440
2021-11-22,12.779853820800781,13.197827531123506,12.773521228037264,13.045837332588297,41808360
2021-11-23,13.026839256286621,13.026839256286621,12.602531634205342,12.900179431703043,41310170
2021-11-24,13.362482070922852,13.413145462195867,12.817849950387146,12.855846829491115,37099150
2021-11-25,13.470141410827637,13.615798992541242,13.324483829114032,13.406812836248768,17497370
2021-11-26,12.931843757629395,13.153496435408982,12.79251876175595,13.08383393747226,43187100
2021-11-29,12.836852073669434,13.15983160117891,12.836852073669435,13.14083249280732,30746980
2021-11-30,12.608863830566406,12.893845075138099,12.475871431558243,12.817849988005541,65055100
2021-12-01,12.558201789855957,13.020506331742311,12.545536603649085,12.798853614805223,42846430
2021-12-02,13.197769165039062,13.23580238054374,12.709666701261469,12.798413087392747,64814970
2021-12-03,13.159729957580566,13.495696780375004,13.083662223546838,13.18508586892514,41316880
2021-12-06,13.438644409179688,13.787288507790015,13.166069371330304,13.273831657455487,46710070
2021-12-07,13.280168533325195,13.69220168771574,13.172406261556256,13.69220168771574,47259850
2021-12-08,13.197769165039062,13.394276550095631,12.950548609355895,13.394276550095631,35081420
2021-12-09,12.86180305480957,13.115362274475455,12.779396640911235,13.115362274475455,28753890
2021-12-10,12.811088562011719,13.001258602427072,12.665291708356218,12.944208122291277,30212710
2021-12-13,12.576547622680664,13.020276864131045,12.576547622680664,12.86180137505755,33137500
2021-12-14,12.766715049743652,13.090003312223775,12.709664571062453,12.735020487139874,45201860
2021-12-15,12.766715049743652,12.868138714053337,12.551190428071568,12.77305369627001,44282040
2021-12-16,12.925193786621094,12.956888357228493,12.677973209944241,12.880820589787334,39404310
2021-12-17,12.56386661529541,12.906172117198029,12.544850677390057,12.79206983990653,62958720
2021-12-20,12.30396842956543,12.506815733714827,12.158171597215093,12.462442553439189,49098940
2021-12-21,12.251005172729492,12.539792003541116,12.231752358290098,12.385772180915607,24044790
2021-12-22,12.308767318725586,12.334437299693136,12.15474743292029,12.321601635986676,33019030
2021-12-23,12.347269058227539,12.526958868168416,12.225335004140051,12.353686214828478,29967190
2021-12-27,12.488454818725586,12.552630432204783,12.302347828592609,12.437114866520274,22208010
2021-12-28,12.443530082702637,12.55262847395305,12.379355825679951,12.520539998996801,19267820
2021-12-29,12.38577651977539,12.50129075398789,12.302349423239107,12.482039279249332,15056580
2021-12-30,12.32801628112793,12.44994764271273,12.18041360016797,12.443530486091413,36097050
2022-01-03,12.636054992675781,12.783657662379689,12.417859566185896,12.456365195867283,35620970
2022-01-04,12.71888542175293,12.795969502310982,12.571140597081264,12.641801341194878,110060060
2022-01-05,12.628948211669922,12.795964325852067,12.506899477632603,12.686760911765605,45808070
2022-01-06,12.808815002441406,12.840934377205983,12.558291426629951,12.58398611779673,36651120
2022-01-07,12.995104789733887,12.995104789733887,12.539023605076393,12.828088594161994,84778540
2022-01-10,13.040069580078125,13.11715501525397,12.815240654793152,12.879478068192451,51092910
2022-01-11,13.059337615966797,13.123575013021103,12.892322809560074,13.040066262076367,53026600
2022-01-12,12.962984085083008,13.168541629253944,12.879476669698958,13.059339520848527,49113570
2022-01-13,13.194239616394043,13.252052347285098,12.873055232375952,12.873055232375952,57497660
2022-01-14,13.406219482421875,13.444760850762288,13.149272534346906,13.187813902687319,56481590
2022-01-17,13.48330307006836,13.560387151650781,13.2456274887913,13.335558243433317,21673410
2022-01-18,13.727398872375488,13.727398872375488,13.36124859310061,13.412637964113802,74687690
2022-01-19,13.553958892822266,13.875141775569752,13.528264208292821,13.778787719390179,50084980
2022-01-20,13.541115760803223,13.650317872505955,13.457608342897698,13.592505148397638,28939130
2022-01-21,13.399795532226562,13.695285182856395,13.399795532226562,13.489726286065032,44387750
2022-01-24,13.682435035705566,13.791637129731138,13.399793449689067,13.419064803852812,86358580
2022-01-25,14.228446006774902,14.299106736009032,13.566808798783017,13.637468180275835,74485400
2022-01-26,14.24129867553711,14.421161551036226,14.093553833727396,14.382620180157291,75827730
2022-01-27,14.311954498291016,14.511088664511446,14.164209707369968,14.369767208567499,65708720
2022-01-28,14.5175199508667,14.549637991084834,14.164217465241125,14.234878231914644,49132160
2022-01-31,14.645995140075684,14.774468663432298,14.369776727923421,14.536792982158108,62474390
2022-02-01,14.697379112243652,14.800157892906777,14.581752310126795,14.620295026746309,29653910
2022-02-02,14.433103561401367,14.645260009724222,14.362384295674483,14.574542092855138,51841460
2022-02-03,14.645258903503418,14.722406819689661,14.317381271355158,14.542396364112793,42935860
2022-02-04,14.74169921875,14.850993149340642,14.542401378196123,14.619549320982253,40621790
2022-02-07,14.690269470214844,14.863852704851245,14.625980182635951,14.773847432469122,33281710
2022-02-08,14.60668659210205,14.82527304360833,14.433103431914384,14.69669317473928,48921730
2022-02-09,13.353034973144531,13.989505777550225,13.308030324745337,13.764490628702468,226386930
2022-02-10,13.545902252197266,13.706628106926345,13.19230726019428,13.436609696113457,80558500
2022-02-11,13.590909957885742,13.873785773554715,13.488046024915207,13.687345232260192,89646920
2022-02-14,13.61019515991211,13.661625769518071,13.378749997965866,13.661625769518071,42557020
2022-02-15,13.623053550720215,13.74520479893139,13.590908911356701,13.629482208821281,45128050
2022-02-16,13.783783912658691,13.790212572843325,13.565197326653605,13.655202615814321,44218790
2022-02-17,13.623053550720215,13.822352742718735,13.571621588195319,13.738776140830325,25904450
2022-02-18,13.700196266174316,13.796631496320979,13.635907011981654,13.668051639077985,33335500
2022-02-21,13.539472579956055,13.725913046734219,13.436608688098069,13.700197073769722,22943580
2022-02-22,13.48804759979248,13.725920135346495,13.410899641056709,13.635914857917319,44470030
2022-02-23,13.42375659942627,13.629484483866126,13.398040613871286,13.500904556091214,26533320
2022-02-24,13.018725395202637,13.160163945700416,12.69727500243549,13.050870029821956,79078560
2022-02-25,13.083020210266113,13.198741471561654,12.896578302176874,12.954438932824644,55603460
2022-03-02,12.948005676269531,13.083015564988713,12.748706520514684,12.993008972509259,42620050
2022-03-03,13.198163986206055,13.3461689480379,12.908588708679071,12.908588708679071,42707830
2022-03-04,12.818501472473145,13.198165901349714,12.689801780490814,13.198165901349714,43527770
2022-03-07,12.490317344665527,12.863547139149695,12.387357587582287,12.734847442795642,52141650
2022-03-08,12.651187896728516,12.876412636457763,12.438833797896523,12.516053592936743,68288990
2022-03-09,13.462000846862793,13.507046079645242,12.85711157839813,12.89572216367305,62361860
2022-03-10,13.378340721130371,13.442691219336025,13.146681357795774,13.333295507397846,33495110
2022-03-11,13.320427894592285,13.564957953179778,13.25607873187849,13.436258277637576,42839830
2022-03-14,13.416948318481445,13.687218218099321,13.32685925201825,13.32685925201825,36692150
2022-03-15,13.384780883789062,13.526351228135253,13.140252130075003,13.410520823659747,51826390
2022-03-16,13.577826499938965,13.61643572158466,13.333296479096749,13.481301420653121,51718480
2022-03-17,13.629312515258789,13.719402989961399,13.410522326777462,13.64861780985435,52868970
2022-03-18,13.597132682800293,13.71939906354185,13.423389131509772,13.622873968304031,91396580
2022-03-21,13.9188871383667,13.9188871383667,13.610007811880102,13.642182404193688,46281290
2022-03-22,14.092622756958008,14.22132239102991,13.983228405525436,13.989663049700486,48284500
2022-03-23,14.002538681030273,14.150543650515429,13.912448229999427,14.124802364408335,30857860
2022-03-24,14.208462715148926,14.317857140590245,14.002543161322867,14.028281755436032,43444170
2022-03-25,14.337157249450684,14.420811700399573,14.150543058837128,14.27924273341796,40055180
2022-03-28,14.266369819641113,14.43368004501706,14.144104810725738,14.39506947373246,25232680
2022-03-29,14.523771286010742,14.626731024583316,14.420811547438172,14.446551482081315,54799690
2022-03-30,14.433676719665527,14.543071062911388,14.298542451531576,14.543071062911388,27442800
2022-03-31,14.29854965209961,14.5237730957045,14.124803383965993,14.433683988285495,36693250
2022-04-01,14.144111633300781,14.440121655551915,14.073327801992935,14.375771122408826,35110570
2022-04-04,14.085455894470215,14.162742270568241,13.905119665629616,14.136978793923692,22034760
2022-04-05,13.69258975982666,14.09834378820548,13.6024229486754,14.09834378820548,41254180
2022-04-06,13.621742248535156,13.692588462119117,13.44784748838512,13.628182444875753,44633160
2022-04-07,13.679712295532227,13.744118339034662,13.460734720439246,13.679712295532227,33112640
2022-04-08,13.83427906036377,13.918007015017253,13.602421189874384,13.628181974347351,37651020
2022-04-11,13.814963340759277,13.98885815619043,13.70547321176659,13.77631944787255,32351330
2022-04-12,13.69258975982666,13.988855034922071,13.66682762074355,13.943770953706812,29440620
2022-04-13,13.83427906036377,13.924447211135494,13.673266049733215,13.76987439662318,35077570
2022-04-14,13.802082061767578,13.892250247381266,13.711915227433495,13.827844207474403,30043860
2022-04-18,14.046815872192383,14.111220527581002,13.802074938646246,13.834277266340555,34271160
2022-04-19,13.86455249786377,14.176275062946043,13.680352861736939,14.098344083855654,32993200
2022-04-20,13.814963340759277,13.949571054232646,13.708694662240118,13.942486295494092,22521400
2022-04-22,13.616591453552246,13.687437675629191,13.47490036067765,13.616591453552246,35690800
2022-04-25,13.531576156616211,13.62367529321707,13.347376532135288,13.50323712918259,38839200
2022-04-26,12.950641632080078,13.354463377199394,12.837288207179197,13.333209103300698,66772900
2022-04-27,13.028566360473633,13.191513029770944,12.886875308349373,13.099412562175214,62402800
2022-04-28,12.908135414123535,13.08525034140927,12.801866728008028,13.03565837797401,66856100
2022-04-29,12.738101959228516,13.26944660398111,12.738101959228516,13.035655014341142,61884300
2022-05-02,12.731016159057617,12.872708593231156,12.560986048816888,12.752270429567407,43038200
2022-05-03,12.815369606018066,12.872106108954478,12.638067865253667,12.737356407216152,55511000
2022-05-04,12.999764442443848,13.05650094914984,12.62388424007601,12.708989676487509,54528700
2022-05-05,12.574243545532227,12.928847151572315,12.432402914739436,12.90757180094137,47513400
2022-05-06,12.836647033691406,13.155789373638438,12.517503341039365,12.730266253709061,73889800
2022-05-09,13.028136253356934,13.134517057868946,12.659348201856996,12.680623551136208,66525900
2022-05-10,13.155786514282227,13.269259501961173,13.049405757421304,13.134511174532872,57446300
2022-05-11,13.382741928100586,13.496214984339131,13.191255638433466,13.191255638433466,44034600
2022-05-12,13.467842102050781,13.538763079618535,13.297632567511252,13.31181703356583,25040300
2022-05-13,13.623865127563477,13.751522597501479,13.510392121553016,13.574220856522016,27983200
2022-05-16,13.850814819335938,13.928826678634156,13.58131537025435,13.680605281723695,29746400
2022-05-17,14.13449478149414,14.1415870133446,13.96428527519782,14.013929545446132,37015800
2022-05-18,13.872086524963379,14.14867813460076,13.808257796024353,14.063572711780457,45581800
2022-05-19,13.765703201293945,13.914637325359621,13.645137997128229,13.886268405459662,55752600
2022-05-20,13.950102806091309,14.09194475797135,13.850814251398344,13.8862740630158,38174000
2022-05-23,14.177048683166504,14.233785192722095,13.992654688934554,14.049391198490147,36222200
2022-05-24,14.474910736083984,14.482002966436125,14.028111045536185,14.091939766000817,40495800
2022-05-25,14.311796188354492,14.446545884984264,14.198323186783595,14.368532689139942,30288400
2022-05-26,14.38980770111084,14.467819535125713,14.198321526092588,14.318886745248,39550400
2022-05-27,14.59548282623291,14.659311576783185,14.297615774566719,14.389813459897232,40497700
2022-05-30,14.453633308410645,14.666396150017686,14.368529253931474,14.609659662796721,16964100
2022-05-31,14.53874397277832,14.630940290586206,14.382718914678417,14.474915232486303,55770400
2022-06-01,14.27633285522461,14.560016668643483,14.191228793362685,14.560016668643483,35754500
2022-06-02,14.218798637390137,14.382069584251894,14.083921990253371,14.382069584251894,27083600
2022-06-03,14.1336088180542,14.232990868442037,14.01293003373516,14.197497665868921,17800100
2022-06-06,14.147812843322754,14.296885984260776,14.06262722422997,14.218800633570162,11405400
2022-06-07,14.027131080627441,14.154908805627828,13.94904439224294,14.041328906511751,21522200
2022-06-08,13.77867603302002,14.041330424355435,13.743182818451691,13.927750512961566,23629700
2022-06-09,13.771574974060059,13.941944814611707,13.686390730773802,13.785772799267479,40261700
2022-06-10,13.565715789794922,13.686394630485168,13.459233424378013,13.643801142726597,39495800
2022-06-13,13.366944313049316,13.523116303619341,13.253364437365859,13.430833162368627,28188100
2022-06-14,13.232067108154297,13.516018138578318,13.175277172865263,13.459226849310426,23589800
2022-06-15,13.32435131072998,13.473424379893812,13.224967910641931,13.416634445834424,42167500
2022-06-17,13.118492126464844,13.31015873723609,12.976517912321944,13.139788867876993,56517300
2022-06-20,13.466329574584961,13.587008390501799,13.224971942751283,13.246268682258695,38181500
2022-06-21,13.370392799377441,13.664483957482792,13.298664316431251,13.542543621087907,30440200
2022-06-22,13.313004493713379,13.399080558257193,13.205410439133086,13.370388080698378,35022300
2022-06-23,12.961538314819336,13.377569934114915,12.904154690369378,13.377569934114915,36957800
2022-06-24,12.853940963745117,13.047611160703964,12.853940963745117,13.047611160703964,34188700
2022-06-27,13.03326416015625,13.069128401305406,12.82524773071846,12.896977581149873,24748500
2022-06-28,12.84676742553711,13.155204832603946,12.76069269731989,13.090648102374463,31457800
2022-06-29,12.624406814575195,12.904151748986768,12.559850080767415,12.846768137616875,45403300
2022-06-30,12.337488174438477,12.50246587831051,12.287276319747157,12.437909147554818,42129000
2022-07-01,12.430734634399414,12.502464479226964,12.150989744518265,12.337486793816696,22723600
2022-07-04,12.300722122192383,12.422795899290556,12.250456690969065,12.379711439617752,10774200
2022-07-05,12.329446792602539,12.386893199030217,12.099661166891822,12.20019203573267,19873600
2022-07-06,12.228912353515625,12.422793062586353,12.157104024037967,12.28635874317176,20841700
2022-07-07,12.480241775512695,12.552050118357899,12.307902574462338,12.365348974812456,39176300
2022-07-08,12.487422943115234,12.666943118235949,12.401254026050227,12.516146828557066,19211100
2022-07-11,12.236091613769531,12.429972295750773,12.157102325417688,12.343803408121282,15202200
2022-07-12,12.286361694335938,12.43715798979308,12.099660540700693,12.250456836157836,25334600
2022-07-13,12.006308555603027,12.300721526771527,12.006308555603027,12.236095525205705,30571100
2022-07-14,11.733440399169922,11.833971273038973,11.618547580568023,11.833971273038973,45285000
2022-07-15,11.80525016784668,11.956046496720436,11.647271496115394,11.80525016784668,39165900
2022-07-18,11.956040382385254,12.099657034216927,11.819604700108153,11.91295593468771,27541200
2022-07-19,12.394075393676758,12.41561831182367,11.956045645436372,12.056577893824796,32754800
2022-07-20,12.236091613769531,12.415611727565706,12.157102325417688,12.343803408121282,35322500
2022-07-21,12.401252746582031,12.458699141908562,12.121200370938855,12.164286194656329,28221100
2022-07-22,12.24327564239502,12.480242223550075,12.142744780580834,12.429976792642982,32676600
2022-07-25,12.40843391418457,12.473061281156635,12.250455297306136,12.257636268039713,24554900
2022-07-26,12.322265625,12.537689303276716,12.221734757754911,12.401254946195623,25712700
2022-07-27,12.394075393676758,12.444340833055719,12.257639651340645,12.365351502814207,20248300
2022-07-28,12.487422943115234,12.50178488583615,12.178648022766767,12.350988596157265,32776400
2022-07-29,12.516145706176758,12.724388378434984,12.4371563979253,12.48742182331073,31334800
2022-08-01,12.487422943115234,12.616677688342987,12.408434997410685,12.530508771277981,22790100
2022-08-02,12.702323913574219,12.889228673653495,12.479476510493672,12.5082303506699,40541200
2022-08-03,12.903604507446289,12.96830235286375,12.623246720262708,12.767020014773456,28300300
2022-08-04,13.140828132629395,13.248657406864943,12.968301019627797,13.011432455097294,46297600
2022-08-05,13.298978805541992,13.421185692654083,12.781397421309224,13.011433592079344,70278300
2022-08-08,13.3421049118042,13.421180328070573,13.212709274685839,13.3421049118042,28027200
2022-08-09,13.536199569702148,13.60089739400748,13.234276846651705,13.37086129475444,33583700
2022-08-10,13.751861572265625,13.787805578880121,13.507449182905326,13.536203017073268,40650200
2022-08-11,13.866881370544434,14.010653287241967,13.830937363027282,13.888446403931034,38010400
2022-08-12,14.039414405822754,14.046603210353682,13.881263448390886,13.945961318044965,29995100
2022-08-15,13.967523574829102,14.017843820445757,13.78061882602163,13.838127874029786,30443000
2022-08-16,14.16879940032959,14.219120998754734,13.910009464045642,13.953140891572406,23972600
2022-08-17,14.19036865234375,14.291009127179072,14.032219138870586,14.075350575068061,23628000
2022-08-18,14.276633262634277,14.319764699939814,14.140048778189126,14.240689255609936,22363200
2022-08-19,14.096914291381836,14.233497375157109,13.953141036633431,14.168799547632664,22014600
2022-08-22,13.902825355529785,14.025032250694945,13.83812750684683,13.924391762132046,15569700
2022-08-23,14.00346851348877,14.053788767362464,13.874072791456939,13.88126159502805,12149300
2022-08-24,13.92438793182373,14.089726223588475,13.917199131600466,13.938764161146814,23308700
2022-08-25,14.0250244140625,14.147231240943286,13.910006385365648,13.989080423142823,33878200
2022-08-26,13.974716186523438,14.247883896242731,13.938772164768116,14.089734313892007,29014500
2022-08-29,14.0250244140625,14.11128725002361,13.744668140504306,13.874062394445971,19061800
2022-08-30,13.981901168823242,14.161617115100539,13.953145959279423,14.147239510328628,18597600
2022-08-31,13.62965202331543,14.096914419947554,13.572142995116254,14.039405391748376,50789500
2022-09-01,13.744674682617188,13.938766841474107,13.413996664377185,13.636844029656588,32988800
2022-09-02,13.895021438598633,14.146873480988226,13.75830289564466,13.794281170636081,49703800
2022-09-05,13.923808097839355,14.067722600688711,13.823066436112951,13.959786380430819,14188800
2022-09-06,13.837461471557617,13.995769245225983,13.707937428550343,13.923811291057074,35403700
2022-09-08,13.758301734924316,13.909412124119703,13.6359736887972,13.851846065500066,18121700
2022-09-09,13.945388793945312,14.074912754079778,13.866236330238761,13.895018670000342,17577500
2022-09-12,14.082112312316895,14.341160299364851,14.017350315554905,14.06772045248461,21459500
2022-09-13,13.974170684814453,14.103694628066933,13.887820931818545,14.00295302082458,20325400
2022-09-14,13.909418106079102,14.024550272832737,13.815873735273156,13.902222174096538,17631500
2022-09-15,13.85904312133789,14.0245453817668,13.76549741067236,13.9238051141115,17430800
2022-09-16,13.700736045837402,13.794280378936204,13.499254148992804,13.758302106009696,55848400
2022-09-19,14.053333282470703,14.11089936290521,13.621586992970089,13.693544936634128,47561500
2022-09-20,14.506664276123047,14.56423034973927,14.046135687193253,14.053331617955713,55045000
2022-09-21,14.420310974121094,14.607399620726559,14.326765278335367,14.528247154080551,36242300
2022-09-22,14.751322746276855,14.823280692706648,14.40592625039426,14.60740685341727,39088100
2022-09-23,14.463493347167969,14.600213317722504,14.204445270850695,14.549841790951215,38353600
2022-09-26,14.204439163208008,14.427507481630593,14.182851375302656,14.319571287070191,10591200
2022-09-27,14.118087768554688,14.240415795828753,14.089304057439431,14.1684578905235,29141500
2022-09-28,14.125286102294922,14.420313730213184,14.024545831409775,14.118091545074488,38504200
2022-09-29,14.233222007751465,14.362744609792781,13.952586272120875,13.966978129842053,36767300
2022-09-30,14.276397705078125,14.391529833951076,14.146873716975248,14.146873716975248,23472700
2022-10-03,15.262208938598633,15.334166825529795,14.499458631086405,14.564220592076197,72013900
2022-10-04,15.254247665405273,15.556739879331793,15.139012667119891,15.527930442905678,32759000
2022-10-05,15.419901847839355,15.585552029605278,15.146218998561308,15.297464458336306,28893000
2022-10-06,15.10300350189209,15.527933147215304,14.99497084389851,15.527933147215304,47265200
2022-10-07,14.742894172668457,14.886938636829512,14.447604257477131,14.872533915671443,73837200
2022-10-10,14.51962947845459,14.786111379895468,14.411596794949949,14.735694845463874,49206300
2022-10-11,14.483619689941406,14.570045291128285,14.38999035266043,14.411597439812232,32893900
2022-10-13,14.27475357055664,14.440403764164959,14.130710461479406,14.332371088929534,37633900
2022-10-14,14.181124687194824,14.476414621180611,14.094697728455369,14.289157355336714,26359800
2022-10-17,14.281954765319824,14.397189792651622,14.159517377066054,14.224337251653925,18923800
2022-10-18,14.389985084533691,14.512422452816315,14.238739650972033,14.43319924301673,44309400
2022-10-19,14.454809188842773,14.490820998142645,14.28915898719356,14.38998930581307,29547600
2022-10-20,14.620454788208008,14.678072291240674,14.404389495262917,14.476411717481158,49603500
2022-10-21,14.930155754089355,15.009380369712119,14.52683306072934,14.52683306072934,50452400
2022-10-24,14.296361923217773,14.807717272422195,14.19553022683864,14.742897386789224,41018300
2022-10-25,14.209928512573242,14.397185722476086,14.166715732967816,14.289153086607772,24860900
2022-10-26,13.590544700622559,13.914642702219918,13.561735256724184,13.712982089770867,55001100
2022-10-27,13.842625617980957,13.96506305269669,13.684177738700175,13.734592910575406,32956100
2022-10-28,13.921849250793457,13.986669145352296,13.770603745963033,13.8498269930936,23368600
2022-10-31,14.303563117980957,14.41159579398211,13.504118842894405,13.504118842894405,58768900
2022-11-01,14.382784843444824,14.807714515154753,14.231539387603931,14.476414160240497,48476000
2022-11-03,14.136917114257812,14.252261556417844,13.949482051994208,14.129707914746033,31611800
2022-11-04,13.985528945922852,14.425280562461735,13.985528945922852,14.34598072996733,41996600
2022-11-07,13.524147033691406,13.985524738460983,13.509728636663851,13.891807907809921,52267000
2022-11-08,13.394387245178223,13.502522497356562,13.228579766837145,13.466477871635226,56009200
2022-11-09,11.06586742401123,12.43558360393453,10.993776809275454,12.399538984073697,499194800
2022-11-10,10.741464614868164,11.210052421897139,10.698210778839229,11.101916456810146,180563000
2022-11-11,10.921687126159668,11.174003611750425,10.597280707190917,10.813551882339121,121144900
2022-11-14,10.928895950317383,11.16679402855594,10.683788672736545,11.080285698969835,73637500
2022-11-16,10.964943885803223,11.130751385346727,10.820763301959467,11.022616119340725,69709700
2022-11-17,11.202841758728027,11.210050959628237,10.842389963804337,10.950525227278549,111982000
2022-11-18,11.253301620483398,11.548872586578312,11.231674711381299,11.354228342138274,76091400
2022-11-21,11.174001693725586,11.411899739301118,10.979357463250878,11.32539142159247,46728300
2022-11-22,11.13074779510498,11.318182837397995,11.029821762721843,11.231674514995149,40922700
2022-11-23,11.0514497756958,11.137958106742474,10.964941444649128,11.044240576231804,48131200
2022-11-24,11.274931907653809,11.390276367065967,11.094706017945509,11.174005161914566,25028500
2022-11-25,11.06586742401123,11.303765490129413,11.029822116643343,11.274929381736515,31535100
2022-11-28,11.0514497756958,11.130748907278477,10.98656835553402,11.08749508550869,35206100
2022-11-29,11.1812105178833,11.325391042572514,10.964939387095994,11.065866098131929,31529200
2022-11-30,11.231677055358887,11.274931570097065,10.98656974269264,11.137959513015486,39650500
2022-12-01,11.101914405822754,11.267722579988181,11.044242176767094,11.1451689213681,59654400
2022-12-02,11.093931198120117,11.368211949992222,10.935136933698633,11.115584742428668,86889800
2022-12-05,10.68250846862793,11.05062209658876,10.668072316149322,11.043404020349456,48011700
2022-12-06,10.935138702392578,10.935138702392578,10.64642243706788,10.776345100640931,73397300
2022-12-07,10.812431335449219,11.000097203799855,10.812431335449219,10.848521031417217,27019100
2022-12-08,10.50206184387207,10.812431584290966,10.45153599301257,10.812431584290966,40884200
2022-12-09,10.321610450744629,10.574236863577012,10.314392376229954,10.55258332838646,29843800
2022-12-12,10.20612621307373,10.357702368804901,9.960717133475299,10.314394600730159,62653000
2022-12-13,9.902976989746094,10.321615895484205,9.881322754779276,10.271090035582134,46700100
2022-12-14,10.11229419708252,10.213344517739793,9.700872772672946,9.816359935122762,76655700
2022-12-15,9.989590644836426,10.292743013819027,9.967937100867312,10.032897732774654,46986900
2022-12-16,9.975151062011719,10.083420121358323,9.902972377467497,9.99680528689315,50773500
2022-12-19,10.249435424804688,10.321614823825598,9.99680890493903,10.011244371730953,35317400
2022-12-20,10.617548942565918,10.805214826187424,10.198910087320254,10.234999786224966,84518300
2022-12-21,10.7041654586792,10.805216493534779,10.516499546099064,10.71138353724471,43956000
2022-12-22,10.740251541137695,10.82686638965248,10.59589346027972,10.754687005046678,20749500
2022-12-23,10.927921295166016,11.02897164369683,10.761908926595023,10.79078055308295,21104200
2022-12-26,10.668076515197754,10.920703776180583,10.63920488723005,10.89183214821288,13937200
2022-12-27,10.617548942565918,10.812432215285364,10.509280534205532,10.783560593832345,78235200
2022-12-28,10.942354202270508,10.992879364706324,10.603112154199586,10.646419927968651,45117800
2022-12-29,10.935138702392578,11.173329793373924,10.92070323330328,11.00731811290069,41911700
2023-01-02,10.646419525146484,10.819649236960933,10.581458211127645,10.754687922942093,24748300
2023-01-03,10.118070602416992,10.681791485850486,10.081934498132016,10.667337457679812,127764400
2023-01-04,10.146981239318848,10.284297634109874,9.872347760497805,10.226480132172707,153235200
2023-01-05,10.587837219238281,10.6312006794792,10.168660090277617,10.19756883402529,164949200
2023-01-06,10.8841552734375,10.898609304103845,10.479432076195156,10.595067078481831,86788300
2023-01-09,11.021282196044922,11.081425561938758,10.682975583650723,10.758155149500757,73674800
2023-01-10,11.352068901062012,11.42724773322902,10.840849687678965,10.908511138504993,118245200
2023-01-11,11.577606201171875,11.600160496259551,11.246817759837816,11.27688943632273,88295000
2023-01-12,11.306963920593262,11.540020008948659,11.201712668277034,11.509948324996236,97774200
2023-01-13,11.269372940063477,11.314480819686242,11.043834975880495,11.254337458166171,35872400
2023-01-16,10.923547744750977,11.12653211816383,10.855886286946692,11.058870660359545,44231400
2023-01-17,10.998725891113281,11.156602366754727,10.87092109097662,10.931064441986189,36676900
2023-01-18,11.164116859436035,11.25433185681558,11.04382947929824,11.126527097953291,46015200
2023-01-19,11.186673164367676,11.209226739985013,10.998725027970972,11.05135027673317,77758400
2023-01-20,11.028796195983887,11.246815995539889,11.013760001617511,11.164119077420443,39537400
2023-01-23,10.562686920166016,11.051351857928093,10.525097144115392,11.051351857928093,72241700
2023-01-24,10.675454139709473,10.743115584387239,10.592757216750675,10.64538246618216,32256100
2023-01-25,10.600274085998535,10.758150532963285,10.464951212324415,10.675452902622359,44253900
2023-01-26,10.63034725189209,10.705526079094714,10.50254245698583,10.600275577617985,36574500
2023-01-27,10.314595222473145,10.645383668637994,10.26196925013201,10.600276511734544,56910500
2023-01-30,10.36722183227539,10.36722183227539,10.14168386739672,10.239417009409658,58048100
2023-01-31,10.540131568908691,10.622828488741595,10.389772489990358,10.41984416238098,39064700
2023-02-01,10.337148666381836,10.562686598859596,10.269487214941977,10.540133020701417,37948600
2023-02-02,10.494447708129883,10.660070474816147,10.24601391707773,10.261070858573975,77873500
2023-02-03,10.261069297790527,10.577257841572228,10.21589919812698,10.426692039284365,39818600
2023-02-06,10.223430633544922,10.298713915505706,10.095449484984341,10.261072274525313,27231000
2023-02-07,10.163203239440918,10.28365590370231,10.072863741244873,10.276127432697347,32094700
2023-02-08,10.660067558288574,10.682652246399426,10.170728580812463,10.268596519898544,81945200
2023-02-09,10.38904857635498,10.86333130835307,10.38152010808019,10.690180127804124,58306600
2023-02-10,9.53835391998291,9.884655667467577,9.48565606208996,9.560938613657822,237891100
2023-02-13,9.877126693725586,9.929824548933798,9.508240271359249,9.56093812656746,87016300
2023-02-14,9.967466354370117,10.05027809165059,9.816900538343495,9.884655335044085,56512300
2023-02-15,10.358936309814453,10.426691094191176,9.907238225939178,9.959936072474711,85427900
2023-02-16,10.55467414855957,10.607372004853797,10.185787000636637,10.253541797560327,69398600
2023-02-17,10.494447708129883,10.592315673992017,10.358938824436109,10.53208934391601,38594300
2023-02-22,10.38904857635498,10.404104794950312,10.208369645485494,10.313765329515569,36666600
2023-02-23,10.34388256072998,10.532090034038552,10.313769393718792,10.411637365993792,42173800
2023-02-24,10.012636184692383,10.381522603371272,9.96746608214085,10.33635250081974,40443000
2023-02-27,9.914769172668457,10.11050510579457,9.854542842161113,10.065334998936816,24898500
2023-02-28,9.847012519836426,10.095446265955124,9.824427829631368,9.944880467997482,38059200
2023-03-01,9.771728515625,9.922295020038412,9.598578040685599,9.922295020038412,43825000
2023-03-02,9.642762184143066,9.868941269606859,9.642762184143066,9.740773145144159,32975000
2023-03-03,9.695538520812988,9.763392328712731,9.597527544847093,9.680460296281712,31061100
2023-03-06,10.019730567932129,10.087584389045135,9.725697582777013,9.763394229951322,38725200
2023-03-07,10.253445625305176,10.276063318111486,9.951873272205912,10.00464884742529,58414500
2023-03-08,10.570099830627441,10.645492405541216,10.291145074534887,10.298684547727387,76198500
2023-03-09,10.532402038574219,10.675648418639103,10.457008752853548,10.547480264316158,61048300
2023-03-10,10.230834007263184,10.5173276094015,10.162980164782534,10.44947376692085,40235200
2023-03-13,10.117740631103516,10.238369315747972,9.98957247391786,10.178054973425745,33541200
2023-03-14,10.057425498962402,10.215750814875738,9.944335576736522,10.019728858220443,44785600
2023-03-15,10.20067024230957,10.24590634777812,9.763391005128762,9.906638073276254,70935100
2023-03-16,10.487168312072754,10.562561614966254,10.140360412969528,10.193136012596508,84701000
2023-03-17,10.049883842468262,10.41930925962944,10.049883842468262,10.389152097391865,76083800
2023-03-20,9.876483917236328,10.193134594943393,9.831247797990867,10.072505183290069,34593300
2023-03-21,9.906639099121094,10.080042630199099,9.86894246049435,9.944335018744257,38954800
2023-03-22,9.81616497039795,9.982028985554281,9.770928872353158,9.906636447484145,29424300
2023-03-23,9.476899147033691,9.891560759204596,9.378888168229397,9.85386411827931,61539500
2023-03-24,9.582446098327637,9.672917572106092,9.341188834918421,9.559828409633862,40452000
2023-03-27,9.75584888458252,9.816163915159498,9.620142043043415,9.69553457300885,45000300
2023-03-28,9.740776062011719,9.861404751980306,9.657844017409241,9.725697116263792,30254900
2023-03-29,9.79355239868164,9.944338283691387,9.574912685666556,9.770934695681133,58776800
2023-03-30,10.0875825881958,10.102660812971495,9.876482408310812,9.959414442086155,58758400
2023-03-31,9.929253578186035,10.155432617673851,9.838782106191577,10.080039364843463,60841800
2023-04-03,9.680463790893555,9.966957350446924,9.63522766296245,9.936800171494141,58954700
2023-04-04,9.8986234664917,9.951477019507951,9.724963746759876,9.76271607889553,46417800
2023-04-05,9.981680870056152,10.087386558501453,9.838222121357532,9.89107568564618,51710100
2023-04-06,9.838220596313477,10.049633380564517,9.777817149403432,9.989229213588587,32588600
2023-04-10,9.951480865478516,10.004333718855083,9.845774438659262,9.875976172026746,24189300
2023-04-11,10.472456932067871,10.472456932067871,9.959026941548492,10.049632826988491,94873900
2023-04-12,10.419604301452637,10.721621525236133,10.39695318968534,10.487558356820388,63610500
2023-04-13,10.427152633666992,10.525307669899757,10.28369394366704,10.434702522562487,33003100
2023-04-14,10.412053108215332,10.525309380780207,10.268595114962102,10.36675016714989,41846400
2023-04-17,10.366750717163086,10.412053660632099,10.238393937476909,10.359200826639798,28114200
2023-04-18,10.298797607421875,10.464906723622803,10.177989995549554,10.41205388847395,45070000
2023-04-19,10.11003589630127,10.238393389179365,10.079834175627942,10.193090448136465,45391200
2023-04-20,10.200641632080078,10.208192242689567,9.936376021274866,10.132687576726402,61683400
2023-04-24,10.117589950561523,10.29880106924917,10.049636591128037,10.1779934167687,30197500
2023-04-25,10.344100952148438,10.35920217529274,10.019432575271424,10.019432575271424,66333300
2023-04-26,10.193089485168457,10.396951620503387,10.162887767348366,10.26859413975156,29344200
2023-04-27,10.389403343200684,10.434705570067194,10.185541162103645,10.21574288670329,66471700
2023-04-28,10.457358360290527,10.555513434169963,10.268597384256879,10.412055409213421,34292000
2023-05-02,10.306349754333496,10.487560851779019,10.140240601768646,10.47245962696438,76570500
2023-05-03,10.396280288696289,10.456767679963377,10.101403715469297,10.245061810528568,37376800
2023-05-04,10.638227462768555,10.75164183670382,10.449204227276198,10.449204227276198,71085400
2023-05-05,11.167491912841797,11.296027035943096,10.502130108052336,10.630665952219978,113562200
2023-05-08,11.583348274230957,11.658957887102629,11.205301652006012,11.205301652006012,119305500
2023-05-09,11.469930648803711,11.810172348097558,11.409443267643315,11.477491751715377,63086800
2023-05-10,11.492612838745117,11.553100217812215,11.356516596377366,11.454808046561572,34391600
2023-05-11,11.643832206726074,11.711880693821632,11.38676118590557,11.424565260010665,38711200
2023-05-12,11.696762084960938,11.742127273470242,11.522860272830812,11.53042137793792,33331100
2023-05-15,11.878220558166504,11.916025350786297,11.658953626251433,11.757245798636319,44270100
2023-05-16,11.885782241821289,11.999195904157318,11.74968527016487,11.847977447353786,29720900
2023-05-17,11.832855224609375,11.938708504757207,11.711880459335555,11.817733739483387,31306500
2023-05-18,11.870664596557617,11.900908299538568,11.727007187664793,11.79505569963862,30064600
2023-05-19,12.157974243164062,12.203339415116313,11.81773256925656,11.946268424898612,81459600
2023-05-22,12.03700065612793,12.316755701559881,12.021878449967724,12.135292111903345,24901500
2023-05-23,12.135293960571289,12.460414231879112,12.029441385590388,12.044563594054281,65141600
2023-05-24,11.764805793762207,12.089925249124217,11.681635113615572,12.067242664114397,84758000
2023-05-25,12.188220977783203,12.28651244278694,11.893343698505815,11.92358811366579,57019700
2023-05-26,12.188220977783203,12.475535711137507,12.067245480342942,12.37724424613377,34702600
2023-05-29,12.203341484069824,12.248708105846342,12.097488917524068,12.188220718944045,11951700
2023-05-30,11.870664596557617,12.324320141271867,11.82529940261957,12.309199371381528,46546900
2023-05-31,11.727002143859863,11.931146870911569,11.727002143859863,11.802611008259351,48483600
2023-06-01,11.931148529052734,12.07480661718972,11.742125260184684,11.75724746780607,33499600
2023-06-02,11.945487976074219,11.945487976074219,11.945487976074219,11.945487976074219,0
2023-06-05,12.36184024810791,12.4299705306428,12.089319839901574,12.263430642149986,37490300
2023-06-06,12.558658599853516,12.588937917721443,12.399687488481776,12.414827869348835,33361400
2023-06-07,12.551090240478516,12.6873508004285,12.44511044668026,12.672210417352636,25890200
2023-06-09,12.76305103302002,12.823611120323408,12.604079901432138,12.61922028422458,34371000
2023-06-12,12.657069206237793,12.853889841748622,12.581370183543578,12.83118071248688,38493000
2023-06-13,12.672208786010742,12.808469328419386,12.596508324243027,12.657068404883956,45002300
2023-06-14,12.755477905273438,12.838747103730286,12.558657305879539,12.747907715619897,60815500
2023-06-15,12.793328285217285,12.891739313582251,12.694918700718459,12.755478778225308,29023000
2023-06-16,12.831181526184082,12.88417142297694,12.694920966507361,12.778190185524826,41296400
2023-06-19,13.058280944824219,13.080991518433185,12.831180984199898,12.853890113942528,21307100
2023-06-20,13.088563919067383,13.088563919067383,12.914452379740197,13.012863438125116,28404300
2023-06-21,13.058280944824219,13.247531393299932,12.975010285457678,13.088561709636174,32294600
2023-06-22,12.71762752532959,12.99014858957123,12.62678813315978,12.95229908347816,36675900
2023-06-23,12.558658599853516,12.75547921952671,12.452678821516482,12.725198457792592,43608700
2023-06-26,12.498096466064453,12.687346864198926,12.339125380821201,12.566226724902139,36850700
2023-06-27,12.54142951965332,12.648686232424057,12.25796347142094,12.648686232424057,38301600
2023-06-28,12.334577560424805,12.526108263346734,12.250303583534901,12.510785456409787,48492800
2023-06-29,12.388202667236328,12.441831016156279,12.234978291299715,12.334574318316378,40903300
2023-06-30,12.602720260620117,12.740621132958436,12.495462078228229,12.495462078228229,41639400
2023-07-03,12.763604164123535,12.801909714915489,12.618040440840536,12.71763721092057,17915500
2023-07-04,12.6860933303833,12.770461754523245,12.647742716750303,12.724442481089973,10908500
2023-07-05,12.709099769592285,12.808809882764233,12.617061240584686,12.632400020135258,19944300
2023-07-06,12.402303695678711,12.655411874654758,12.356284425753852,12.601722482588054,40277700
2023-07-07,12.486678123474121,12.632406108458994,12.425318586920818,12.471337873604108,21703000
2023-07-10,12.494341850280762,12.578710255508787,12.40997198212674,12.532690992391137,19191400
2023-07-11,12.5020112991333,12.571040929639002,12.195213754066893,12.5020112991333,30173500
2023-07-12,12.38696575164795,12.60939494628781,12.379295628081765,12.555705544251012,18940500
2023-07-13,12.693760871887207,12.808811239724156,12.386963304483137,12.440652695913075,34783700
2023-07-14,12.601724624633789,12.801143445440415,12.486675698802475,12.73978392080195,30430600
2023-07-17,12.7321138381958,12.778133116090645,12.448325121503585,12.486675738854677,20090100
2023-07-18,12.709099769592285,12.854829147268033,12.640070141373563,12.778129397811005,22381500
2023-07-19,12.66308307647705,12.785802115357429,12.563372943057782,12.655412953681235,24524300
2023-07-20,12.670751571655273,12.801140716582369,12.586381694665343,12.785800472961263,47691600
2023-07-21,13.084927558898926,13.092597680504289,12.647740867875932,12.647740867875932,43331100
2023-07-24,12.7321138381958,13.16163051204277,12.640073819479646,13.084930740267051,62342600
2023-07-25,12.6860933303833,12.854831641589515,12.52502367897736,12.808812368156243,45514000
2023-07-26,12.816484451293945,12.839494825619914,12.563376185415168,12.647746095017,22666000
2023-07-27,12.5250244140625,12.870172642384368,12.494345384281894,12.816481780147091,30083400
2023-07-28,12.66308307647705,12.755121624174166,12.50968354641341,12.54803416039249,25809200
2023-07-31,12.778132438659668,12.831821837178394,12.678423764685803,12.747453409331705,22318100
2023-08-01,12.747452735900879,12.801142131583267,12.59405320858579,12.716772245267336,26649900
2023-08-02,12.800392150878906,12.93860897649275,12.639138699464189,12.669854200532022,34593700
2023-08-03,12.708245277404785,13.069145039865187,12.662173497050764,12.977000014561652,52594900
2023-08-04,11.863591194152832,12.347349375529278,11.825197548209072,12.155381878108365,150660800
2023-08-07,11.779121398925781,12.07859011538475,11.717691881072781,11.901980434631781,45283000
2023-08-08,11.832876205444336,11.932699390136404,11.617872817344887,11.694659375517181,32711600
2023-08-09,11.771448135375977,11.832877682500998,11.594838370466036,11.832877682500998,37143300
2023-08-10,11.871270179748535,11.994129262068133,11.79448288714984,11.848234284888084,27521100
2023-08-11,11.802157402038574,11.95573119819342,11.733049010694488,11.90198055261363,44038100
2023-08-14,11.740732192993164,11.802161734002715,11.656266757179505,11.756089944394498,27965700
2023-08-15,11.771448135375977,11.809841785403606,11.633231288195699,11.786805888306215,30300300
2023-08-16,11.7100191116333,11.925022536180506,11.671625459889658,11.77912753831226,40641100
2023-08-17,11.587154388427734,11.763764075519289,11.479652362177893,11.763764075519289,49707800
2023-08-18,11.66394329071045,11.694658056975934,11.510369459383023,11.564120849570966,24526300
2023-08-21,11.579480171203613,11.671624488339432,11.50269287410813,11.663945612170297,18689900
2023-08-22,11.656266212463379,11.686980981532804,11.556443029913286,11.633229586437917,25653900
2023-08-23,11.817520141601562,11.848234913811853,11.587158983875419,11.648588528295999,26483400
2023-08-24,11.533406257629395,11.855910942142653,11.487333741385898,11.855910942142653,28986200
2023-08-25,11.38751220703125,11.59483746154949,11.318403788858504,11.57180083395997,21558900
2023-08-28,11.756087303161621,11.848231593973946,11.356794644010487,11.402867155565513,41896500
2023-08-29,11.894305229187012,12.070915696691758,11.771446155599977,11.825196817219844,28648200
2023-08-30,11.640909194946289,11.932699885632282,11.61019442394239,11.917342866279284,24566600
2023-08-31,11.479654312133789,11.617871121890264,11.41054590725555,11.602513373118315,47366800
2023-09-01,11.510371208190918,11.648588043534229,11.471977561451343,11.556443730737989,20774500
2023-09-04,11.455737113952637,11.56337517905527,11.386542000555584,11.486490742092771,12793700
2023-09-05,11.209709167480469,11.432673176257126,11.202020576399521,11.432673176257126,38596300
2023-09-06,11.055939674377441,11.278903656178738,11.0482510842267,11.271215066027997,30673700
2023-09-08,11.055939674377441,11.248150028800087,10.925236574712098,11.032874637149533,26255000
2023-09-11,11.263529777526855,11.340414235122582,11.0943851439755,11.16358100916675,27501400
2023-09-12,11.401920318603516,11.424985360186566,11.232774969470762,11.278905785861314,30070000
2023-09-13,11.448051452636719,11.532623762937451,11.332724775072661,11.371167000927347,38146100
2023-09-14,11.49417781829834,11.586438690565156,11.440359159448755,11.49417781829834,38099300
2023-09-15,11.471110343933105,11.532617579030006,11.371160903594623,11.463421756239974,38634100
2023-09-18,11.471110343933105,11.517240403643742,11.340407286046172,11.501863961481556,16752200
2023-09-19,11.340412139892578,11.463426662738222,11.278904878469756,11.43267303202681,25653600
2023-09-20,11.386539459228516,11.486488178458451,11.294277862175367,11.39422731462947,29633200
2023-09-21,10.963680267333984,11.232774359795975,10.917549453447249,11.194332870318842,52192300
2023-09-22,10.87910270690918,11.055936564514035,10.863726264157165,11.03287153377396,39166700
2023-09-25,10.848353385925293,10.963680051762335,10.80991189720401,10.886795607870974,29657400
2023-09-26,10.733027458190918,10.832976942005358,10.694585236227766,10.832976942005358,35395500
2023-09-27,10.70227336883545,10.971368177826498,10.640766109618816,10.756092037343914,41531600
2023-09-28,10.955989837646484,10.99443205389712,10.679207200445633,10.7022722369063,29948700
2023-09-29,10.99443244934082,11.055939704264391,10.871417939493679,11.01749748663108,20641500
2023-10-02,10.840665817260742,11.071317688638038,10.80222359428972,11.00981042517417,22179800
2023-10-03,10.70897102355957,10.847548886500235,10.678176024485056,10.809054954104417,23190500
2023-10-04,11.070813179016113,11.117005312048281,10.693574244340294,10.739766377372463,45563700
2023-10-05,11.117002487182617,11.347965296287228,11.009220381354854,11.270978182726044,40153400
2023-10-06,11.140103340148926,11.186295478270369,10.832152571092527,11.009224391786846,29367600
2023-10-09,11.040016174316406,11.093907231138825,10.932233326460988,11.08620829896117,20940600
2023-10-10,11.16319751739502,11.240185380164773,11.040017524331956,11.086209654625268,21013500
2023-10-11,11.324872970581055,11.33257190473944,11.070814017040544,11.147801155992072,31695400
2023-10-13,11.155497550964355,11.34796645585005,11.140100420363014,11.278677532617504,31324400
2023-10-16,11.270979881286621,11.332569875101523,11.140100960877295,11.224787018820125,24351900
2023-10-17,11.155497550964355,11.301774329835423,11.086208627731809,11.193991478783616,27989500
2023-10-18,11.055411338806152,11.232483076355898,11.032315280590256,11.101604189448398,32347600
2023-10-19,11.109307289123535,11.270981225725297,11.001524419985452,11.040018354264106,24267000
2023-10-20,10.90143871307373,11.170895475027153,10.90143871307373,11.08620868653348,29052700
2023-10-23,10.916836738586426,11.001522794115475,10.87064387743655,10.893739940906178,25208300
2023-10-24,10.916836738586426,11.086208849644525,10.793656754467582,11.009221726675557,35238200
2023-10-25,10.886042594909668,11.286377574641246,10.855247596468777,11.055414719229228,44133500
2023-10-26,11.16319751739502,11.17859538363324,10.862945733645795,10.924535730177327,52455700
2023-10-27,11.047717094421387,11.255583161147426,10.955331360086797,11.140102094545261,43153700
2023-10-30,10.924532890319824,11.147796753261341,10.855244712891476,11.109303566093532,37855700
2023-10-31,10.770562171936035,10.924537183752161,10.739767169572811,10.924537183752161,32793200
2023-11-01,10.870645523071289,10.924536590728838,10.747465520305044,10.778260520996605,42471800
2023-11-03,11.386341094970703,11.471140930613121,11.077976652712959,11.162776488355377,70577700
2023-11-06,11.378630638122559,11.478849016320302,11.262993708572703,11.46343046496819,23949400
2023-11-07,11.679283142089844,11.779501504023166,11.332373880134112,11.370919517061832,80300200
2023-11-08,11.74095630645752,11.802629768967899,11.571356673943908,11.679283579144043,33468600
2023-11-09,11.764084815979004,11.949103008698685,11.555938797771654,11.756375540816448,45228200
2023-11-10,11.594486236572266,11.65615897704363,11.324667445612256,11.463431479271353,66453700
2023-11-13,11.36320972442627,11.59448280024868,11.270700641136672,11.509682991032427,47338000
2023-11-14,11.602192878723145,11.633029241957617,11.340083423631675,11.409465424708465,42559800
2023-11-16,12.003067970275879,12.003067970275879,11.60219516909213,11.633031538413958,60626800
2023-11-17,11.895140647888184,12.026195396927294,11.833467911304723,12.003067569310737,34543100
2023-11-20,11.92597770690918,11.941395524349508,11.787213673960943,11.902849877953104,26702200
2023-11-21,11.879720687866211,11.972229781774944,11.81033868363543,11.91826632746075,17047900
2023-11-22,12.12641429901123,12.249760520156247,11.89514188045741,11.956814623431375,39082200
2023-11-23,12.4501953125,12.835650284839902,12.427068955211785,12.627504246881788,70385300
2023-11-24,12.457904815673828,12.519577553557598,12.342268615941018,12.38852280175533,28854100
2023-11-27,12.380809783935547,12.511864496129856,12.303719252478002,12.473319597999488,25263900
2023-11-28,12.496448516845703,12.550413443869523,12.280594690326078,12.349976697534219,43584200
2023-11-29,12.434775352478027,12.712303371658898,12.42706754785088,12.619795012194515,36063500
2023-11-30,12.542704582214355,12.588958765080518,12.434776195001362,12.45019474608807,54061000
2023-12-01,12.58124828338623,12.596666832994778,12.411648648873665,12.565829733777683,43911800
2023-12-04,12.487817764282227,12.64989627158125,12.441509829640033,12.518689230009455,24320200
2023-12-05,12.60358715057373,12.680768015780881,12.480098355083317,12.541842752828524,33186200
2023-12-06,12.472379684448242,12.711639033316908,12.464661450987638,12.634459642915894,33542000
2023-12-07,12.503252029418945,12.5881496492821,12.418352937453351,12.541841722801976,26382800
2023-12-08,12.703922271728516,12.78110314317419,12.387482023693662,12.52640729787534,40696300
2023-12-11,12.60358715057373,12.742512413526088,12.557279220290466,12.642176847126025,17300300
2023-12-12,12.541840553283691,12.788818100950449,12.472377933989629,12.773381636195701,114069600
2023-12-13,13.089825630187988,13.12841680335764,12.541844220103545,12.564998924005337,73283800
2023-12-14,13.313650131225586,13.42170247281193,13.10526221064957,13.120698680048404,62827600
2023-12-15,13.44485855102539,13.51432119831674,13.29821502095444,13.30593325644269,74469300
2023-12-18,13.545193672180176,13.62237456068067,13.336807186962748,13.537476908222832,68532600
2023-12-19,13.545193672180176,13.691837213120817,13.421704839420586,13.545193672180176,31387900
2023-12-20,13.321366310119629,13.53747243204472,13.321366310119629,13.514317731519792,28935500
2023-12-21,13.329087257385254,13.491165777750824,13.236469908531486,13.44485783937535,30227000
2023-12-22,13.528233528137207,13.600577145920708,13.295127507735877,13.439813210144367,36672400
2023-12-26,13.568424224853516,13.608615976796772,13.504118954902875,13.52823400606883,13390200
2023-12-27,13.648805618286133,13.71311088551689,13.455889816593857,13.54431013397059,17838700
2023-12-28,13.737225532531738,13.76937739862434,13.624691701469944,13.664881917375311,14852700
2024-01-02,13.463926315307617,13.672918788360043,13.399621056919047,13.62469022785819,31715700
2024-01-03,13.479171752929688,13.632070250345269,13.40674622967464,13.430888582391095,20470600
2024-01-04,13.294087409973145,13.55964719868193,13.294087409973145,13.48722166222548,31294000
2024-01-05,13.583788871765137,13.648166959881761,13.237757607447469,13.294088242687678,30772400
2024-01-08,13.479171752929688,13.656211068167407,13.471124302024203,13.58378554491236,21044300
2024-01-09,13.117043495178223,13.318225153293804,13.060712876488939,13.286036886140318,49479300
2024-01-10,12.891721725463867,13.14923401635197,12.883674274511822,13.0768084926779,39455700
2024-01-11,12.82734203338623,12.980239754084781,12.762963964939777,12.875625968444627,30915500
2024-01-12,12.722731590270996,12.891724256202586,12.642258599847452,12.795156360715408,39595400
2024-01-15,12.771012306213379,12.787107208171266,12.593972221912448,12.674445196807552,11765400
2024-01-16,12.658350944519043,12.779060413056918,12.577878732940999,12.771012961664953,48307800
2024-01-17,12.682491302490234,12.787105851778007,12.602018336131305,12.64225481931077,35712900
2024-01-18,12.610066413879395,12.730775101978564,12.441073790072284,12.730775101978564,42665600
2024-01-19,12.585925102233887,12.690539658993393,12.424979158021022,12.634208271540034,61792500
2024-01-22,12.441075325012207,12.690540949961779,12.32841330609188,12.593973066631662,30906700
2024-01-23,12.376697540283203,12.521548601254754,12.336461049185859,12.513501149545837,37294600
2024-01-24,12.328413009643555,12.50545310156205,12.272082385261523,12.424980123204406,36308700
2024-01-25,12.360599517822266,12.433025030032365,12.312316354646892,12.344505385912822,30256900
2024-01-26,12.489355087280273,12.569827273196799,12.352551527030524,12.392787236265306,22825700
2024-01-29,12.376697540283203,12.489359561866324,12.344508500894774,12.47326465844849,17302700
2024-01-30,12.288174629211426,12.48130881454613,12.288174629211426,12.392788404015782,35419800
2024-01-31,12.352555274963379,12.545689500698936,12.247940710828153,12.2720822971833,32956700
2024-02-01,12.328413009643555,12.43302757452961,12.167467820375466,12.392791085350789,32717300
2024-02-02,12.343676567077637,12.432306592104306,12.142245809685914,12.327562506052926,41476600
2024-02-05,12.5934476852417,12.625676567091952,12.34367327460437,12.34367327460437,31582200
2024-02-06,13.374999046325684,13.407227159816658,12.6417906386757,12.722363227594602,99040100
2024-02-07,11.247893333435059,12.55316452707069,11.175378139055745,12.367848602232304,341120300
2024-02-08,10.925604820251465,11.336522988916943,10.7644595966522,11.183435948574491,156143100
2024-02-09,10.845029830932617,11.078689431850298,10.619427643107974,11.006174250807362,99727200
2024-02-14,10.772513389587402,10.909486322555445,10.651655280920126,10.8127996819422,46804300
2024-02-15,10.820856094360352,10.982000480494396,10.78056980572758,10.845027560181197,49860300
2024-02-16,10.86114501953125,10.973946509386518,10.756401712005205,10.893374675259,55291600
2024-02-19,10.998113632202148,11.038399917528288,10.788626331620788,10.877255544620711,28026600
2024-02-20,11.255949020385742,11.296235318679484,10.982003114064968,11.038403470637869,85230500
2024-02-21,11.215659141540527,11.288174301639662,11.102857696008876,11.280116890873762,43236100
2024-02-22,11.280117988586426,11.368747210445235,11.207602821430555,11.24788911078349,42741200
2024-02-23,11.135092735290527,11.360695751252273,11.094807195952095,11.304294613063131,34751100
2024-02-26,11.118976593017578,11.159262893216372,11.006175106140407,11.159262893216372,21888800
2024-02-27,11.296236038208008,11.392922699233235,11.135090834768683,11.199548608785502,45546800
2024-02-28,11.247893333435059,11.360694832291477,11.183435553630634,11.272064808762382,22066700
2024-02-29,11.078689575195312,11.239833997155074,10.93365921123292,11.223719939157705,62632200
2024-03-01,11.118976593017578,11.167319538538319,11.030346578900778,11.110919179298365,29511700
2024-03-04,11.01323127746582,11.158460951188607,10.997095074526175,11.1181192896597,31807800
2024-03-05,11.069713592529297,11.14232845353816,10.956757056576235,11.02130342870557,31456000
2024-03-06,11.150399208068848,11.303697460693423,11.09392130944593,11.13426299537101,31614900
2024-03-07,11.101988792419434,11.190739877832751,11.053578619814429,11.158466685913945,21462000
2024-03-08,11.166533470153809,11.263353031117438,11.029372233091966,11.085850117957381,31663900
2024-03-11,11.23107624053955,11.271417903693786,11.11811973759834,11.142325197162815,27118300
2024-03-12,11.368240356445312,11.42471823771016,11.223010639531793,11.255283824462195,42760600
2024-03-13,11.489265441894531,11.618358190990552,11.36017269279851,11.368241181980382,25253000
2024-03-14,11.56187915802002,11.61028931885269,11.440854910118446,11.489264301497714,41564200
2024-03-15,11.384374618530273,11.610287643886705,11.37630690076656,11.569945977254964,30908700
2024-03-18,11.456993103027344,11.513471762029289,11.392446723699582,11.456993103027344,15035500
2024-03-19,11.392444610595703,11.537674321872306,11.360171426917946,11.497332649911762,16792800
2024-03-20,11.537676811218262,11.553813021811958,11.376310858013483,11.40051555863081,35020600
2024-03-21,11.40858268737793,11.545743923599249,11.38437722019525,11.537675434538356,19771200
2024-03-22,11.263354301452637,11.424720254591644,11.182670940156353,11.400515553984183,28438800
2024-03-25,11.24721622467041,11.352104276346283,11.166533640695226,11.24721622467041,31920500
2024-03-26,11.40858268737793,11.456992082836354,11.206875077576397,11.223011286244716,19219400
2024-03-27,11.58608341217041,11.66676675399893,11.319829461371018,11.408581291273064,35882600
2024-03-28,11.505402565002441,11.682904712515802,11.473129377322422,11.586085149475744,25925000
2024-04-01,11.400510787963867,11.61028682407381,11.327895947044793,11.58608136413196,24308100
2024-04-02,11.464289665222168,11.5612399415945,11.351182293598086,11.399656661298069,24862500
2024-04-03,11.690510749816895,11.779380974083004,11.383503469870563,11.472373694136673,50953400
2024-04-04,11.763222694396973,12.021754807300267,11.730906180284062,11.730906180284062,53741700
2024-04-05,11.730905532836914,11.827855069824851,11.642034546066482,11.779379916087667,18774100
2024-04-08,11.81169605255127,11.940962097755081,11.738983709502524,11.763221670843043,23453800
2024-04-09,11.884405136108398,11.965196777445561,11.811692813002193,11.852088633670773,23248900
2024-04-10,11.633954048156738,11.884407571231074,11.601637539097439,11.860170382058186,28689800
2024-04-11,11.625873565673828,11.666268617416533,11.49660678044401,11.601635610044736,20195300
2024-04-12,11.480450630187988,11.60971666425704,11.415817613153463,11.593558795241577,22530800
2024-04-15,11.310785293579102,11.545080100983796,11.270389477719098,11.512763602393013,30053000
2024-04-16,11.229995727539062,11.326946011630843,11.181521355979417,11.254233683805131,39993200
2024-04-17,11.173444747924805,11.286552926481331,11.052258019139293,11.2542364141061,27611500
2024-04-18,11.124968528747559,11.270392425194835,11.044176875898614,11.189601542832193,40788000
2024-04-19,11.019938468933105,11.149204482799686,10.995700513468456,11.084571475866396,49864000
2024-04-22,10.971461296081543,11.108806602993807,10.939144798601367,11.068410788522069,24572300
2024-04-23,11.044179916381836,11.108812948260065,10.882597336686265,10.906834531018973,29567700
2024-04-24,11.044179916381836,11.084575753927359,10.931071725351678,11.068417110714543,21669200
2024-04-25,11.036097526550293,11.133047047414,10.995701700235506,11.028018207190074,18043100
2024-04-26,11.213838577270508,11.310788097072777,11.068413912323958,11.100730418924714,23755300
2024-04-29,11.359262466430664,11.359262466430664,11.181521307022278,11.221917130135944,25762000
2024-04-30,11.310785293579102,11.537000783714575,11.229993661859094,11.391576925299107,60459200
2024-05-02,11.181522369384766,11.569320458953888,11.052256339528391,11.569320458953888,79939800
2024-05-03,11.148303985595703,11.37483031588516,11.059311994687683,11.310107956129464,61196700
2024-05-06,11.140214920043945,11.196846119663087,11.075492557067776,11.140214920043945,30205500
2024-05-07,11.140214920043945,11.204936511477888,11.091673340697376,11.164485323946117,30097000
2024-05-08,11.164487838745117,11.196848641751354,10.9703230207077,11.075495051821166,23271100
2024-05-09,10.881326675415039,11.059311419516668,10.808514699576094,11.043130637533723,60548200
2024-05-10,10.816604614257812,10.986498959886662,10.800424604529507,10.881326196255268,38379100
2024-05-13,10.865147590637207,10.889417994137204,10.776154825233524,10.840876415594993,21216600
2024-05-14,10.8570556640625,10.905596464200139,10.735702892176299,10.865146054599476,41886100
2024-05-15,10.751884460449219,10.84087645463113,10.703342881732219,10.84087645463113,31232700
2024-05-16,10.808518409729004,10.840879213260973,10.711435999133096,10.800428787502822,30538600
2024-05-17,10.865147590637207,10.929869180998677,10.743794030052788,10.784245216914261,31448500
2024-05-20,10.784244537353516,10.88132691677815,10.776154146182588,10.840875732465678,27043700
2024-05-21,10.840876579284668,10.889418158559822,10.768065367685278,10.800426163354638,26225200
2024-05-22,10.598172187805176,10.800427376339304,10.598172187805176,10.784246590916261,36303200
2024-05-23,10.42018985748291,10.638625111290317,10.379738655950428,10.614354698987826,47524300
2024-05-24,10.492997169494629,10.557718754361622,10.412094802639814,10.452545986067221,34080500
2024-05-27,10.460638046264648,10.54153965448678,10.436366869409962,10.476818059292166,11028300
2024-05-28,10.452547073364258,10.573899864727716,10.404005493893536,10.565810244434454,26207100
2024-05-29,10.34737491607666,10.39591649846506,10.234111738198582,10.38782610614328,29552400
2024-05-31,10.25029182434082,10.420186193809428,10.25029182434082,10.339283819189243,50760400
2024-06-03,10.31501579284668,10.39591818611342,10.242203793215095,10.29074538348362,30299600
2024-06-04,10.411383628845215,10.476201517658913,10.225031618988194,10.314156022934483,44292600
2024-06-05,10.354670524597168,10.459999818910282,10.322261570400089,10.403284342237997,23783000
2024-06-06,10.573430061340332,10.589634149819995,10.338464983207894,10.387078021337192,26997300
2024-06-07,10.492406845092773,10.622042638060085,10.468100327083972,10.524815793334602,131901800
2024-06-10,10.419486045837402,10.516712886153508,10.387077099065367,10.492406369247043,24749200
2024-06-11,10.476203918457031,10.541021822124842,10.435692535492059,10.459999056194897,24693700
2024-06-12,10.281747817993164,10.541020164585063,10.249338871255457,10.508611217847356,59033400
2024-06-13,10.289851188659668,10.411385329555717,10.273647100154381,10.289851188659668,42051200
2024-06-14,10.395182609558105,10.419489133667845,10.233137827675726,10.306058172695414,43737800
2024-06-17,10.508610725402832,10.541019670621822,10.37897494452687,10.41138388974586,59437200
2024-06-18,10.34514045715332,10.6543246857362,10.311715156682794,10.604186336569397,39586800
2024-06-19,10.39527416229248,10.411987204803557,10.178010188100592,10.361848874192056,29600400
2024-06-20,10.370209693908691,10.51226742644898,10.30335908999821,10.4454168225385,33487200
2024-06-21,10.361852645874023,10.445416295002854,10.303358569637053,10.303358569637053,63797400
2024-06-24,10.39527416229248,10.503906547849288,10.33678010734717,10.403630683548018,29037500
2024-06-25,10.311716079711914,10.403635465003305,10.286647301345551,10.403635465003305,26896300
2024-06-26,10.336782455444336,10.336782455444336,10.144587204438377,10.26993186405775,35848900
2024-06-27,10.378565788269043,10.411991088838265,10.253221110364963,10.353497012072632,20010000
2024-06-28,10.34514045715332,10.428703309868625,10.286646380560404,10.378565757623846,31675700
2024-07-01,10.253220558166504,10.428702779012616,10.219794462475454,10.38692175324277,18567800
2024-07-02,10.235594749450684,10.32765703169873,10.210487217089428,10.260703079966003,26562800
2024-07-03,10.269073486328125,10.36113497905405,10.235595709168729,10.310919111469094,31060900
2024-07-04,10.310918807983398,10.36113467409033,10.243964851943568,10.36113467409033,13768400
2024-07-05,10.428089141845703,10.461566121508364,10.252334799078197,10.327658202857721,41410800
2024-07-08,10.428089141845703,10.553627616042142,10.361135182520382,10.38624271772884,33661100
2024-07-09,10.428089141845703,10.511781990079433,10.336027647311925,10.394612162183043,18579400
2024-07-10,10.603843688964844,10.64569011388815,10.45319687850261,10.503412748041411,32909900
2024-07-11,10.603843688964844,10.704274629888278,10.553627819426042,10.64569011388815,35308200
2024-07-12,10.578734397888184,10.612211372640987,10.528518536681961,10.612211372640987,28892700
2024-07-15,10.553628921508789,10.628952334605698,10.52852138319457,10.612214241780968,18471500
2024-07-16,10.587101936340332,10.620578907593941,10.49504046493139,10.561994407438611,28351100
2024-07-17,10.712642669677734,10.712642669677734,10.55362643545295,10.578734766006798,23144800
2024-07-18,10.511780738830566,10.712642592897339,10.511780738830566,10.679165617219544,22829000
2024-07-19,10.45319938659668,10.628953774920955,10.45319938659668,10.587107339957202,31721300
2024-07-22,10.570363998413086,10.603840970137394,10.469933083240164,10.495040612494904,20828400
2024-07-23,10.49504566192627,10.57036908408445,10.469938120591658,10.55363019109181,22575300
2024-07-24,10.503416061401367,10.587108139494934,10.469939070533057,10.528523605013996,17329000
2024-07-25,10.336026191711426,10.511780509727828,10.327656748435874,10.469934091504106,27476800
2024-07-26,10.419715881347656,10.444823407360909,10.30254689451657,10.344392505154037,45675500
2024-07-29,10.461567878723145,10.47830677044316,10.336029383440183,10.419721447577395,20952000
2024-07-30,10.377874374389648,10.44482834081893,10.344397391175006,10.41972080294651,20995500
2024-07-31,10.40298080444336,10.444826427179274,10.361134383553352,10.3778724730169,32230200
2024-08-01,10.53688907623291,10.612212476802346,10.419719253329996,10.428088697427516,59113900
2024-08-02,10.603055000305176,10.686873939178646,10.494091498868965,10.61143705406385,57959900
2024-08-05,11.407715797424316,11.53344422801406,10.603056879205736,10.770694786658728,133145300
2024-08-06,11.784897804260254,11.885480047903975,11.56696921002055,11.617259932164103,104219100
2024-08-07,11.81004810333252,12.162086502957646,11.675938389067129,11.877102960465216,59096500
2024-08-08,11.9441556930542,12.06150207184213,11.784900635530471,11.801663947153429,44280800
2024-08-09,12.237524032592773,12.31296015114362,11.927394303558998,11.944158418363847,37787700
2024-08-12,12.321341514587402,12.35486894295179,12.203995914990527,12.254286657858632,24117200
2024-08-13,12.472213745117188,12.54765064911828,12.329721992972198,12.38001352875854,36761400
2024-08-14,12.581178665161133,12.673378885857991,12.447068962563199,12.447068962563199,53268600
2024-08-15,12.706904411315918,12.76557719758936,12.581176783770895,12.631467515046198,31738900
2024-08-16,12.547649383544922,12.815868749067526,12.447067121473946,12.765577218353657,49810300
2024-08-19,13.109233856201172,13.31039837384557,12.656613291822904,12.6649945472072,73702900
2024-08-20,13.159527778625488,13.234964690883407,12.916453727659377,13.209819319916411,30434800
2024-08-21,13.100852012634277,13.20981632795392,13.050560482734156,13.159524798053797,25842000
2024-08-22,13.008654594421387,13.100854819744411,12.966745110417497,13.05894533574052,33853100
2024-08-23,13.125997543334961,13.360689487327646,13.092470122764578,13.092470122764578,33620800
2024-08-26,13.084091186523438,13.151146043647485,13.050563757961413,13.126000672065205,13905900
2024-08-27,12.924834251403809,13.09247137022836,12.908070139842936,13.09247137022836,18690000
2024-08-28,13.134381294250488,13.218200256177674,12.715288083328282,12.824252414090878,27179000
2024-08-29,13.100852012634277,13.142761487658255,13.000269752190782,13.07570664736259,29559800
2024-08-30,13.109233856201172,13.134379221067537,12.98350543315587,13.025414907504302,51286000
2024-09-02,13.075706481933594,13.100851846887151,12.949978058452329,12.991887532946084,17133800
2024-09-03,13.217486381530762,13.334975437484928,13.091605878981003,13.091605878981003,26984600
2024-09-04,13.318190574645996,13.519600493605603,13.259446448460821,13.293014634899306,33458800
2024-09-05,13.435677528381348,13.553165762397319,13.242659886267358,13.28462031284245,29843800
2024-09-06,13.175525665283203,13.486031591879371,13.10838929198288,13.46924709838994,19284000
2024-09-09,13.217486381530762,13.326583190560621,13.150350006793728,13.175525947237936,16779800
2024-09-10,13.259443283081055,13.301403706194273,13.032857478466783,13.158738747806435,27410100
2024-09-11,13.108386993408203,13.284620142500987,13.07481881264427,13.251051961737055,19715400
2024-09-12,13.049643516540527,13.150348063766495,12.906978541221589,13.058035762224842,21793200
2024-09-13,13.049643516540527,13.234268919952436,12.923762232261618,13.007683088447557,27724900
2024-09-16,12.948938369750977,13.091603338464221,12.831449336596375,13.041250667018375,27880800
2024-09-17,12.865018844604492,12.906979275083238,12.772706537814168,12.881803336927447,34079400
2024-09-18,12.78948974609375,12.948939215816672,12.73074562584247,12.797881991937823,32088700
2024-09-19,12.613255500793457,12.839841317134729,12.579687320631255,12.839841317134729,38153100
2024-09-20,12.378280639648438,12.688786566434073,12.28596832638634,12.672002873263102,57966500
2024-09-23,12.059382438659668,12.319536485011444,12.025814252065441,12.319536485011444,45384200
2024-09-24,12.042598724365234,12.227223350144701,11.967070104578774,12.21043965704143,44927000
2024-09-25,12.118127822875977,12.19365645063439,12.042599995446347,12.084559632797658,44200800
2024-09-26,12.428628921508789,12.453804852520204,12.151690479069561,12.193650897640865,58564400
2024-09-27,12.537727355957031,12.722352753796176,12.361494203548885,12.403454630375315,44021100
2024-09-30,12.336318969726562,12.588080744686007,12.294358540511885,12.52933662398263,37058100
2024-10-01,12.4955415725708,12.606121686991271,12.342431331320293,12.435998746040612,29701400
2024-10-02,12.946048736572266,13.03973776818633,12.784223482727777,12.801257335221003,48598900
2024-10-03,12.809773445129395,12.954564832662872,12.724601754018838,12.860876622247217,34496900
2024-10-04,12.82680892944336,13.039737358594257,12.690534052490488,12.716086048813994,23637900
2024-10-07,12.946048736572266,13.141943319918246,12.87791170208432,12.946048736572266,28305600
2024-10-08,12.96308422088623,13.073807111993737,12.937532222144638,12.96308422088623,22407600
2024-10-09,12.707571029663086,12.946050686286648,12.630916651255387,12.87791364153706,31287500
2024-10-10,12.775707244873047,12.792741911083187,12.62239849801214,12.707570204547665,21996700
2024-10-11,12.605362892150879,12.775705469289916,12.545742380959108,12.758670805447272,35337900
2024-10-14,12.792744636535645,12.843847021538082,12.588332659752602,12.596849994672263,22762100
2024-10-15,12.903463363647461,12.980117733342633,12.784223955017241,12.818292473519811,29965600
2024-10-16,12.860877990722656,12.997152061193976,12.750155105400324,12.869394510933965,55542100
2024-10-17,12.946048736572266,13.022703103435584,12.664983266245114,12.724602968357685,29445500
2024-10-18,13.048254013061523,13.150459562637495,12.877911430434905,12.988634312206583,39996000
2024-10-21,13.01418685913086,13.116392419407825,12.97160100595106,13.082323899315503,22922500
2024-10-22,12.929017066955566,13.107877015748702,12.801259496527521,12.860880020963672,32416400
2024-10-23,12.877911567687988,12.929014749149385,12.724602835561312,12.81829186619762,19789900
2024-10-24,12.903463363647461,13.022703584535234,12.80125780813975,12.818292473519811,24512500
2024-10-25,12.71608829498291,12.954567950324845,12.664985105566533,12.911982094520805,31639200
2024-10-28,12.946048736572266,13.073806285430303,12.809774667596376,12.81829199997175,22941700
2024-10-29,12.758673667907715,13.10787704470979,12.741639812500937,13.02270533090291,32485200
2024-10-30,12.801257133483887,12.81829179796618,12.67350039889671,12.775705949017953,28738700
2024-10-31,12.239129066467285,12.53722926662286,12.136923492423067,12.34985197474628,84313700
2024-11-01,12.017680168151855,12.324297623914669,11.966577800363048,12.315780291864037,62202000
2024-11-04,12.033839225769043,12.195882878164003,11.888853142404987,12.110596659708797,34631600
2024-11-05,11.88032341003418,12.042366225057357,11.82062274062603,11.982666368998744,80715900
2024-11-06,11.77798080444336,11.812095125121743,11.556237313359082,11.760923237429386,61380900
2024-11-07,11.65004825592041,11.837677374209644,11.556234103450462,11.726805659463704,35235600
2024-11-08,11.52212142944336,11.564764527843225,11.394192134243761,11.556235745493362,44207900
2024-11-11,11.479476928710938,11.556234333784124,11.402719523637751,11.522120021901525,36639600
2024-11-12,11.419780731201172,11.505066131454251,11.360080056339442,11.505066131454251,30009000
2024-11-13,11.496535301208496,11.505064083720688,11.343021282736363,11.428306667809888,30372800
2024-11-14,11.539179801940918,11.692694652408063,11.38566576482334,11.505065481098171,38876900
2024-11-18,11.701223373413086,11.78650876838932,11.470951098943175,11.470951098943175,36262700
2024-11-19,11.78650951385498,11.837681404756857,11.650052222582792,11.692695329442754,20410500
2024-11-21,11.743864059448242,11.854734968753446,11.650049086936987,11.658577868683354,37207100
2024-11-22,11.769452095031738,11.812095199485572,11.65005156523092,11.803566415924893,20755200
2024-11-25,11.59887981414795,11.726808306699407,11.547707929117655,11.658579668892028,39191600
2024-11-26,11.675636291503906,11.8206223485656,11.564765366315092,11.615936437425388,26857200
2024-11-27,11.360076904296875,11.709748819016315,11.223619651074594,11.675634505710747,68995600
2024-11-28,10.882477760314941,11.368606983751048,10.873948977677594,11.343021449188484,57956800
2024-11-29,10.771607398986816,10.950707790451188,10.507220796977663,10.899535901454405,96013500
2024-12-02,10.541332244873047,10.780133243959511,10.490161183175491,10.746018931711355,65638300
2024-12-03,10.506265640258789,10.651474252674408,10.455015206336448,10.60876569350546,34013800
2024-12-04,10.625846862792969,10.685639161533441,10.480639089103503,10.489180147839678,33476400
2024-12-05,10.771053314208984,10.933345616967225,10.719803713567856,10.771053314208984,32611400
2024-12-06,10.523344993591309,10.779595446793223,10.489178320804236,10.771053574947022,26301100
2024-12-09,10.4550142288208,10.668556190101935,10.403764614288173,10.54897321312718,34547600
2024-12-10,10.660015106201172,10.736890348295564,10.403765385350525,10.506265436610382,32732400
2024-12-11,10.847930908203125,11.001681373032095,10.531888919630825,10.71126419039866,45892900
2024-12-12,10.47209644317627,10.762513598325032,10.420846021550917,10.762513598325032,48022200
2024-12-13,10.335429191589355,10.566054040209469,10.326887319337336,10.50626256364088,24692500
2024-12-16,10.164593696594238,10.369594531266953,10.096260356569223,10.361052660114408,52741800
2024-12-17,10.241471290588379,10.326888392791925,9.933971188931759,10.224388358906385,66961700
2024-12-18,9.814386367797852,10.173136855645094,9.703344472550107,10.173136855645094,70432300
2024-12-19,9.822930335998535,9.933972254939837,9.711888417057233,9.840014084111633,39732600
2024-12-20,10.045012474060059,10.164595432224088,9.805844928536384,9.88272015284058,63007200
2024-12-23,9.86563777923584,10.036471168113954,9.788762550591226,9.993762617244961,28062600
2024-12-26,9.94251537322998,10.036473555816368,9.848556376045545,9.882723061949509,17715100
2024-12-27,9.86563777923584,10.019387421927215,9.848554033049101,9.993762617244961,19364200
2024-12-30,9.874181747436523,9.98522286281965,9.85709799762495,9.968139927606103,24874700
2025-01-02,9.9911527633667,10.078794791532644,9.754520624624769,9.91227594099694,31243900
2025-01-03,9.832207679748535,10.042897646972806,9.77075664861,10.007782652435427,27722400
2025-01-06,10.025341033935547,10.165801018608734,9.902438128742734,9.955111041598952,30587800
2025-01-07,10.165800094604492,10.27114507353422,10.060455115674767,10.121906144081905,31934700
2025-01-08,10.007781982421875,10.148242788375152,9.937551998048963,10.095569881491741,35250500
2025-01-09,9.937552452087402,10.025340355168224,9.902437458296571,10.007782439669063,18386900
2025-01-10,9.814648628234863,9.946329621978874,9.718081784762404,9.937550665807317,46311500
2025-01-13,9.84976577758789,9.990225758332295,9.744420792029587,9.75319891292047,36560700
2025-01-14,10.034117698669434,10.086789762278265,9.709303849057122,9.858541920753714,43570500
2025-01-15,10.38526725769043,10.437940156871463,10.104347361277803,10.121904436199927,42795800
2025-01-16,10.297479629516602,10.385267517949211,10.174577590359771,10.37648856166448,37429100
2025-01-17,10.174578666687012,10.35893258213166,10.0955697261811,10.332596547698836,60743100
2025-01-20,10.20969295501709,10.218471911625754,10.05167508489066,10.130684019953874,17924700
2025-01-21,10.218474388122559,10.28870438359769,10.165801472912419,10.227252509651262,25985500
2025-01-22,10.078012466430664,10.297481387778449,10.034119351927101,10.297481387778449,42528000
2025-01-23,9.999005317687988,10.23603134014507,9.928775323092736,10.095571350954566,36035600
2025-01-24,9.919995307922363,10.01656133090403,9.840986363115778,10.007782373212747,45727800
2025-01-27,10.165800094604492,10.165800094604492,9.902437228676442,9.937552221653016,80300500
2025-01-28,10.20969295501709,10.297480009481587,10.034118008880712,10.13946297656254,24844400
2025-01-29,10.104349136352539,10.297481180460895,10.069234143132157,10.297481180460895,33371500
2025-01-30,10.657411575317383,10.753977603422795,10.104349769533593,10.130685806797336,56868200
2025-01-31,10.613516807556152,10.929551742100013,10.54328682210196,10.657410757766888,37528400
2025-02-03,10.595958709716797,10.683746608623167,10.464277698564691,10.61351662438105,32339300
2025-02-04,10.577442169189453,10.700538226382578,10.44555419532226,10.577442169189453,36005500
2025-02-05,10.823637008666992,10.885184633497893,10.471934258933342,10.682955405659433,42185200
2025-02-06,10.97310733795166,11.061033216152998,10.638991013242544,10.753293480971635,45483400
2025-02-07,10.542272567749023,10.929145432514554,10.427969259455724,10.814842124221254,129620600
2025-02-10,10.551066398620605,10.876390845288597,10.533480885464996,10.551066398620605,31716900
2025-02-11,10.797255516052246,10.876388632103222,10.57744167747654,10.595027187053756,40337300
2025-02-12,10.3048734664917,10.595027679824744,10.041096680228035,10.595027679824744,123782500
2025-02-13,10.445556640625,10.568652726634895,10.304875878627112,10.340046069126585,44812400
2025-02-14,10.718124389648438,10.770880089650083,10.524688779530349,10.533480697427786,46996800
2025-02-17,10.735711097717285,10.85001442834362,10.718125582917773,10.806051479868337,17475100
2025-02-18,10.726914405822754,10.850010448698793,10.656574049471642,10.788462846522368,25805300
2025-02-19,10.53348159790039,10.682955115739079,10.498311407733846,10.65657768274504,38006500
2025-02-20,10.507102966308594,10.63899179328053,10.48072553632356,10.559858664802045,26359900
2025-02-21,10.410385131835938,10.568651388303705,10.304874573698552,10.551065876019118,45757000
2025-02-24,10.225740432739258,10.427968772843672,10.18177749490512,10.427968772843672,30213900
2025-02-25,10.348838806152344,10.384008996583065,10.243327396336698,10.304875858483072,33494400
2025-02-26,10.146608352661133,10.498310214347173,10.093852654146536,10.46314002817857,51824900
2025-02-27,10.085060119628906,10.216948100063197,10.04988993561154,10.15540048766364,40713100
2025-02-28,9.882832527160645,10.093853665311588,9.856455094522643,10.067476232673586,84387200
2025-03-05,10.085060119628906,10.15540048766364,9.882830932636553,9.882830932636553,41379800
2025-03-06,10.1725435256958,10.243002633272699,9.943551006101472,10.058047265898637,44187500
2025-03-07,10.295846939086914,10.392728845677086,10.05804765187409,10.110891564615228,29808500
2025-03-10,10.14612102508545,10.234194484854086,10.058046725378041,10.181350576980657,42234700
2025-03-11,10.084468841552734,10.172543142677073,9.925936275443222,10.154927946476692,43087500
2025-03-12,10.084468841552734,10.146121188315286,9.978780184166798,10.093276439652925,31708500
2025-03-13,10.26061725616455,10.32226960684655,10.031625570573311,10.093277081316472,35174100
2025-03-14,10.68337345123291,10.74502496600818,10.29584748423121,10.322270281939662,42086800
2025-03-17,10.841906547546387,10.929980017409006,10.683373125879257,10.692180724847178,23901600
2025-03-18,10.833100318908691,10.921173799912143,10.762641198130341,10.868329879297868,19650500
2025-03-19,10.92997932434082,11.035667985437584,10.762639154255648,10.83309826165349,25791100
2025-03-20,10.8771333694458,11.000436364248287,10.78025148502824,10.929977270092966,31369300
2025-03-21,11.026862144470215,11.088513658588411,10.885943078010376,10.903558276294937,74318800
2025-03-24,11.141358375549316,11.21181749388163,10.982825779271082,11.04447729782712,44562300
2025-03-25,11.326312065124512,11.705030399070258,11.141356697376452,11.185393849685765,63764400
2025-03-26,11.511268615722656,11.581727730682116,11.36154278644908,11.432001901408539,49065500
2025-03-27,11.467231750488281,11.599342374735288,11.41438699682616,11.537690862078533,40588300
2025-03-28,11.308698654174805,11.484846438208594,11.264661498181635,11.449616881401836,25978000
2025-03-31,11.158971786499023,11.247046090267002,11.070897482731045,11.247046090267002,38613400
2025-04-01,11.174607276916504,11.353974798357417,11.102860268340137,11.165638687021506,20578300
2025-04-02,11.200601577758789,11.272457812922777,11.083834981468835,11.209582964708869,18113400
2025-04-03,11.416171073913574,11.55988355419481,11.092817993280793,11.092817993280793,46295700
2025-04-04,11.290421485900879,11.37125996491302,11.083835023175533,11.209583006888737,48847400
2025-04-07,11.101798057556152,11.380241597356983,10.90419384902018,11.128744786842388,50116900
2025-04-08,10.796408653259277,11.263474121797984,10.697605700161523,11.200600138258526,56053800
2025-04-09,11.200601577758789,11.335331804542793,10.61676859630902,10.697607075016979,64688900
2025-04-10,11.182636260986328,11.182636260986328,10.92215721369438,11.128744516908727,29807400
2025-04-11,11.33533000946045,11.49700694127293,11.182635319769494,11.245510158026436,28170600
2025-04-14,11.434134483337402,11.523955210063761,11.299404249841796,11.497009334683428,18681300
2025-04-15,11.443114280700684,11.541917230293617,11.407186169010641,11.425150653152539,20639200
2025-04-16,11.425151824951172,11.640720517200819,11.38922370957623,11.398205095974587,29640200
2025-04-17,11.479043006896973,11.577845961779111,11.326348309891664,11.470061620938976,26318600
2025-04-22,11.434134483337402,11.532937454055185,11.317368737824642,11.425153095939914,23746500
2025-04-23,11.811378479003906,11.883234707490189,11.514971322349535,11.514971322349535,38980300
2025-04-24,12.000001907348633,12.080840382683217,11.820361326935032,11.84730719984861,28878200
2025-04-25,12.017967224121094,12.134733823606899,11.93712874320062,11.991021349345575,26229400
2025-04-28,11.991018295288086,12.188622468771571,11.96407157078186,12.026946404702693,19185700
2025-04-29,12.125749588012695,12.25149841063251,11.973054895043552,11.982037137357919,29771000
2025-04-30,12.33233642578125,12.350300910998637,11.973055287371539,12.035929272444788,55291100
2025-05-02,12.071857452392578,12.350300978630244,12.053893823670624,12.27844475055481,27262900
2025-05-05,11.962971687316895,12.214823479042739,11.90900301733133,12.097892075576441,32690500
2025-05-06,11.909000396728516,11.953974135519427,11.801063938311962,11.917995316047241,26635800
2025-05-07,11.729108810424805,12.01693942782326,11.648156234830763,11.953976694718074,45197400
2025-05-08,13.564030647277832,13.752919703495746,13.042337226828908,13.042337226828908,218670200
2025-05-09,13.600007057189941,13.79789099944004,13.339160393325027,13.510060434569167,58078200
2025-05-12,13.402125358581543,13.671966987223383,13.303183799794121,13.635988160591332,28273600
2025-05-13,13.68995475769043,13.716938659130175,13.40212333038969,13.40212333038969,41967000
2025-05-14,13.671963691711426,13.842863720371827,13.62698995481118,13.680958610652011,44162100
2025-05-15,13.806884765625,13.977783934789592,13.716937292715631,13.734927130418574,37314300
2025-05-16,13.851858139038086,13.887836957926393,13.662969125423809,13.716937782657618,35982000
2025-05-19,13.977785110473633,14.085721572361903,13.788896087718472,13.815879988739853,34562300
2025-05-20,14.112707138061523,14.13069697939962,13.905829109490524,13.986781679906255,27806300
2025-05-21,13.860854148864746,14.085721999061262,13.734928701748473,14.031754195383652,25605500
2025-05-22,13.896832466125488,14.112705388605235,13.743922264918316,13.797890924439624,46122600
2025-05-23,14.067733764648438,14.112706650835335,13.492071728746248,13.824876061785652,35866200
2025-05-26,14.139690399169922,14.25662178204697,13.94180645447009,14.03175393600713,16875000
2025-05-27,14.427522659301758,14.607415917167954,14.211648862696148,14.247627685829947,51944300
2025-05-28,14.526463508605957,14.679373723037836,14.427522816165776,14.436516020892093,53685300
2025-05-29,14.463499069213867,14.706356742601974,14.427521107751978,14.472493988480696,35789500
2025-05-30,14.57143783569336,14.589425960412672,14.24762757226732,14.427522544305253,55543700
2025-06-02,14.607415199279785,14.841277967057598,14.571437235716944,14.679372842010993,26220300
2025-06-03,14.858610153198242,14.894631850749262,14.597457998780584,14.714526798212319,50865800
2025-06-04,14.813582420349121,15.119759930969005,14.741540754180255,14.876618663545779,36692500
2025-06-05,14.381332397460938,14.85860867817338,14.318295291808932,14.85860867817338,36435500
2025-06-06,14.372326850891113,14.45337308522774,14.264264346304497,14.372326850891113,19352100
2025-06-09,14.264265060424805,14.435364678689476,14.003113779898534,14.354316722686406,28177300
2025-06-10,14.255261421203613,14.44437191087844,14.201230588843316,14.399344785903866,27623200
2025-06-11,14.696516036987305,14.732537734752913,14.093166340286055,14.201229715973794,48251000
2025-06-12,14.840598106384277,14.894630648348915,14.534420572353746,14.597456820370219,38328100
2025-06-13,14.669500350952148,14.813583695694444,14.534420712348412,14.642484079709611,29855200
2025-06-16,14.984682083129883,15.074734605935127,14.786567907045553,14.804578755128404,25238300
2025-06-17,15.209811210632324,15.209811210632324,14.957666229802836,14.975675358712898,33555400
2025-06-18,15.092750549316406,15.26385022864856,14.957672578310849,14.975681714864557,32449600
2025-06-20,14.9666748046875,15.074736471338532,14.849605995271453,14.975678512234067,39693200
2025-06-23,14.84960651397705,14.939659051071317,14.651492306457095,14.939659051071317,25046300
2025-06-24,14.894633293151855,15.137772904730673,14.867617017372323,14.948664127101678,32515100
2025-06-25,14.76855754852295,14.993688004194363,14.76855754852295,14.885626347333163,33727300
2025-06-26,14.90363597869873,14.90363597869873,14.615469260583406,14.8315942991699,27870800
2025-06-27,14.921646118164062,14.97567694583817,14.68751024143087,14.777562765960411,28697200
2025-06-30,15.155784606933594,15.155784606933594,14.840601575564234,14.885628704393763,30209500
2025-07-01,15.29021167755127,15.400212219279604,15.180209387395848,15.198543393826265,24480600
2025-07-02,15.01392650604248,15.307597149123442,14.867091184502002,15.307597149123442,29531300
2025-07-03,15.371835708618164,15.491138737965175,15.013924870162215,15.032277970543737,34023600
2025-07-04,15.298418998718262,15.40854635986933,15.25253361931408,15.289241572754422,11797800
2025-07-07,15.151582717895508,15.390190526494049,15.096519916038895,15.289240597744499,22852900
2025-07-08,15.188288688659668,15.188288688659668,15.059808250941275,15.160758166528403,18149600
2025-07-09,15.01392650604248,15.18829235636236,14.986394226847978,15.169939253981129,22687500
2025-07-10,14.812026977539062,14.857914110618609,14.720256212210264,14.821204404154972,24133500
2025-07-11,14.729432106018066,14.784496666527025,14.610129059079002,14.720256429681745,20943500
2025-07-14,14.784493446350098,14.830378819698202,14.637657275931021,14.6927209492391,16403700
2025-07-15,14.775315284729004,14.968035943677505,14.591770299660688,14.84873292867339,20723100
2025-07-16,14.738609313964844,14.85791410954792,14.600951415566417,14.821204403086927,18619600
2025-07-17,14.711077690124512,14.766140495304533,14.573418926759441,14.711077690124512,19360000
2025-07-18,14.380696296691895,14.646835502636744,14.325632620368934,14.619304102078987,43557800
2025-07-21,14.389874458312988,14.555063745320135,14.28892452575627,14.408228434554898,28460200
2025-07-22,14.343987464904785,14.509177618597423,14.288923788604757,14.426582541751104,22020400
2025-07-23,14.573418617248535,14.656013698471916,14.325633373578386,14.343988225053577,23447100
2025-07-24,14.389874458312988,14.490823515662216,14.27974797523906,14.490823515662216,40868200
2025-07-25,14.279748916625977,14.4632930671826,14.2155078075255,14.426584237071275,21825400
2025-07-28,14.1696195602417,14.362341110050508,14.013607710594018,14.325632285096804,24295500
2025-07-29,14.14208984375,14.298102587176281,14.096203588293884,14.187976099206118,28054200
2025-07-30,14.371519088745117,14.500000418636466,14.05949362701431,14.077848477801986,45351600
2025-07-31,14.252212524414062,14.628478143265864,14.123732093707961,14.545883955757924,63011500
2025-08-01,14.279748916625977,14.545888153734966,14.233862660184935,14.417406810741557,30228600
2025-08-04,14.389036178588867,14.64631116754,14.333906261950737,14.453354706758095,25590900
2025-08-05,14.416601181030273,14.591181295558519,14.34309404110498,14.34309404110498,31469200
2025-08-06,14.398223876953125,14.581991714548975,14.37065892038229,14.4809196229398,24917500
2025-08-07,14.508485794067383,14.517674405784929,14.352282899966069,14.444167264593045,27653400
2025-08-08,14.664689064025879,14.692254023610767,14.471732594383134,14.471732594383134,25120200
2025-08-11,14.60955810546875,14.664688900297266,14.52686322763736,14.655500288446804,13742600
2025-08-12,14.949528694152832,15.01384722008485,14.627934311944358,14.673876491727595,31596100
2025-08-13,14.820890426635742,15.032224987058875,14.738196427833504,14.86683348435749,29193000
2025-08-14,14.7106294631958,14.949528087352405,14.581991540278977,14.655498674438832,29789000
2025-08-15,14.729007720947266,14.78413763730805,14.591181177496864,14.637123358646997,20291000
2025-08-18,15.02303695678711,15.105732711337472,14.719819774285288,14.793326916935774,42207700
2025-08-19,14.508485794067383,14.765760788238977,14.425790041157953,14.756572176521429,44185500
2025-08-20,14.554428100585938,14.637123854201079,14.361471634242024,14.480920958766756,31984600
2025-08-21,14.508485794067383,14.57280432354172,14.361471511683614,14.389036470562012,26082100
2025-08-22,14.98628044128418,14.98628044128418,14.480919124363655,14.563614867503127,36922300
2025-08-25,15.02303695678711,15.059789651838093,14.912775366537119,15.013848344887235,24075600
2025-08-26,14.98628044128418,15.078164795055624,14.876020618797071,15.004657662548125,37241300
2025-08-27,15.09654712677002,15.133299829191074,14.830082585884659,14.99547412815159,20684700
2025-08-28,15.427324295043945,15.555961333009636,15.10572994758152,15.160859856345644,32140300
2025-08-29,15.464077949523926,15.519207861732417,15.372193594144235,15.436512117145526,32575000
2025-09-01,15.363003730773926,15.565149646637535,15.353815120730292,15.473265298749364,13494400
2025-09-02,15.187256813049316,15.260847326041725,14.97568430751317,15.141261645843919,25223800
2025-09-03,15.178058624267578,15.316040624490018,15.122866175085866,15.187257658220583,18858600
2025-09-04,15.481616973876953,15.546008445562604,15.122863486179174,15.141259796277922,22151800
2025-09-05,15.858768463134766,16.061141909704205,15.509214009144642,15.54600838373181,31586500
2025-09-08,15.775982856750488,15.923163900832193,15.61040374352446,15.877170482507827,21367000
2025-09-09,15.628799438476562,15.85877000423614,15.628799438476562,15.849570971061416,23027600
2025-09-10,15.518417358398438,15.812779455126586,15.490820253878988,15.638001302243064,26745800
2025-09-11,15.665596008300781,15.83117334645748,15.5644083950915,15.610401807712323,44461600
2025-09-12,15.481616973876953,15.665594111152538,15.472417941559572,15.628797981883016,26449500
2025-09-15,15.665596008300781,15.739186521215833,15.573607428522909,15.610401807712323,28565000
2025-09-16,15.628799438476562,15.739186082037078,15.555208927614945,15.729987048862354,27075700
2025-09-17,16.171533584594727,16.245124111249563,15.601205687117345,15.601205687117345,44010600
2025-09-18,16.005952835083008,16.15313387344185,15.941561350118063,16.097941422691378,25877600
2025-09-19,16.291112899780273,16.346307094978332,16.051945072066243,16.070341382596208,51887400
2025-09-22,16.318708419799805,16.35550454637465,16.033545456988303,16.18992548585962,31295400
2025-09-23,16.419897079467773,16.603872460679625,16.245118975960914,16.355505608316825,31896600
2025-09-24,16.291112899780273,16.456691976302338,16.291112899780273,16.42909663323936,24592400
2025-09-25,16.162328720092773,16.392299252261505,16.116335315473396,16.28191437936063,22322600
2025-09-26,16.245119094848633,16.32790863108745,16.116336151604255,16.143931493993186,17781600
2025-09-29,16.41069793701172,16.576277007165547,16.36470453065165,16.511885536447057,17152900
2025-09-30,16.547882080078125,16.75367759082892,16.4730471866956,16.669488112748006,31375900
2025-10-01,16.267248153686523,16.78173955190023,16.10822379921384,16.650777164319873,39717600
2025-10-02,16.004051208496094,16.303717180230706,15.947864285333374,16.21007111752612,32063000
2025-10-03,16.013418197631836,16.041510770005104,15.77930390171953,15.97595905293371,22193300
2025-10-06,15.919770240783691,16.004051520244555,15.73247811172619,15.957229381055239,25025200
2025-10-07,15.657559394836426,15.807392362354488,15.563915129750034,15.807392362354488,42904900
2025-10-08,15.910406112670898,15.957230039943735,15.676291834757288,15.723115762030124,25534300
2025-10-09,15.99468994140625,16.06024166387157,15.854221709530501,15.94786779283116,20125800
2025-10-10,15.779305458068848,16.125793649949806,15.72311852163014,16.060241926412896,28431400
2025-10-13,15.844855308532715,15.947866168285179,15.807396164568075,15.872949666506194,15538000
2025-10-14,16.069602966308594,16.247530307383304,15.891675625233882,15.93849954980622,38399800
2025-10-15,16.256898880004883,16.313085816432636,15.872951539805962,15.975960625565097,35955800
2025-10-16,16.444185256958008,16.575290458213814,16.116424933043596,16.163248857117125,43635200
2025-10-17,16.556562423706055,16.622114137336865,16.172615141453953,16.32244814008159,33720300
2025-10-20,16.86559295654297,17.00606116740458,16.55656217818733,16.55656217818733,19858100
2025-10-21,16.64084243774414,17.00606012073641,16.55656115918437,16.55656115918437,18340400
2025-10-22,16.65957260131836,16.809405593841444,16.622113460112505,16.72512431227844,17711400
2025-10-23,16.83749771118164,16.87495685138099,16.65020736863525,16.678299937634648,21199100
2025-10-24,16.9311466217041,17.043522275042697,16.809407967891836,16.884324474734097,17723600
2025-10-27,17.071613311767578,17.230811097743235,16.95923945469668,17.12780202645328,25859200
2025-10-28,17.080976486206055,17.22144468736867,16.94050828504344,17.090341271103576,33329500
2025-10-29,17.633485794067383,17.642850578700404,17.10907035766855,17.14652771005059,43232000
2025-10-30,16.949874877929688,17.20271873868249,16.80004187588735,16.968604449722548,66549800
2025-10-31,17.006061553955078,17.118437196888813,16.762582482723865,17.09034283961782,35036500
2025-11-03,17.19335174560547,17.436830789205445,17.00605962402086,17.174622176217,35328300
2025-11-04,17.248605728149414,17.33297405313016,17.061121952188188,17.164237403168666,24920700
2025-11-05,17.61420249938965,17.651698539597522,17.2017353291339,17.248605826392456,32489600
2025-11-06,17.53920555114746,17.689195064916163,17.464211688260473,17.614201202029175,23203700
2025-11-07,17.557954788208008,17.557954788208008,17.314224282324293,17.492335380469076,15628600
2025-11-10,17.88605308532715,17.989170316146524,17.595452093375386,17.61420100588704,28034500
2025-11-11,18.270397186279297,18.401636000273747,17.895427869156055,17.93292390687101,39993600
2025-11-12,18.223526000976562,18.33601589784978,18.054789367672065,18.279770949413173,30776900
2025-11-13,18.261022567749023,18.598495844161565,18.1579071239522,18.17665424864589,32477500
2025-11-14,18.251649856567383,18.504754838077854,18.167281529397226,18.214153815600035,26233700
2025-11-17,18.111034393310547,18.27977102733432,17.979795583734138,18.214151622546115,27809900
2025-11-18,17.895429611206055,18.026668437976088,17.829810197821036,17.951674567251082,31226100
2025-11-19,17.717317581176758,17.979797009133055,17.679821541751473,17.820434818587234,25755800
2025-11-21,17.61420249938965,17.886054601880012,17.473587431624264,17.886054601880012,33815400
2025-11-24,17.62357521057129,17.70794353623424,17.52983421583011,17.61420254149306,32487300
2025-11-25,17.764188766479492,17.914176490891368,17.623573710347983,17.632948166623066,28601700
2025-11-26,18.29852294921875,18.37351682245346,17.792312963888232,17.839185252156785,33913900
2025-11-27,18.261022567749023,18.37351425588478,18.232900986711126,18.279771480437436,9964400
2025-11-28,18.42038345336914,18.570371168332365,18.261021282721387,18.28914464977497,25415300
2025-12-01,18.139158248901367,18.467257069650486,18.139158248901367,18.420384787832194,24721300
2025-12-02,18.335216522216797,18.372749298126127,18.1756981976723,18.185080049339685,23940400
2025-12-03,17.828510284423828,18.475967211671417,17.622075546491896,18.429049005496047,63797200
2025-12-04,18.081863403320312,18.185079878410743,17.89419415629785,17.941112362926756,35919800
2025-12-05,17.00277328491211,18.232001921289843,16.955855068411,18.110016348133918,72531700
2025-12-08,17.124753952026367,17.246737713237213,16.93708469966715,17.199821295020726,34307900
2025-12-09,16.899551391601562,17.01215150767884,16.496063764540402,16.984002373532807,34063400
2025-12-10,17.19982147216797,17.284272457624745,16.908935738787214,16.908935738787214,26416600
2025-12-11,17.396873474121094,17.54700815394066,17.059069549653792,17.10598596594245,22571700
2025-12-12,17.509475708007812,17.622077626372196,17.378108294705008,17.4719429283842,29409300
2025-12-15,17.753442764282227,17.90357744302802,17.65022450148954,17.67837542490933,22821300
2025-12-16,17.265506744384766,17.67837806752621,17.227973963961077,17.64084349735571,30577300
2025-12-17,17.124753952026367,17.237355861391222,16.768184520239814,17.218588578205974,48096300
2025-12-18,17.19982147216797,17.331188876324443,16.955852157486913,16.955852157486913,22975800
2025-12-19,17.359338760375977,17.547008003413794,17.143520383705066,17.17166951733816,33688200
2025-12-22,17.115371704101562,17.349957393779075,17.049687997351345,17.312424614098997,19424900
2025-12-23,17.274890899658203,17.37810918094386,17.15290712247714,17.162290765298277,26477700
2025-12-26,17.265506744384766,17.303041314555266,17.012153764974325,17.143522970824264,18043500
2025-12-29,17.349958419799805,17.349958419799805,17.134140002072915,17.303041994988526,24923600
2025-12-30,17.432035446166992,17.729117442865263,17.432035446166992,17.623700483962036,18087700
2026-01-02,17.460783004760742,17.681200433593457,17.441617781798804,17.60453405813399,19380800
2026-01-05,18.198448181152344,18.198448181152344,17.430986653077394,17.459767146544934,50153200
2026-01-06,18.30397605895996,18.639741186248514,18.217636402520828,18.227229900988814,24993300
2026-01-07,18.0737361907959,18.32316164240405,17.9394308821502,18.227228494897435,17154200
2026-01-08,17.766752243041992,18.12170252330676,17.699599586222856,18.07373686265671,30919300
2026-01-09,17.785940170288086,17.958617655531366,17.68041351560656,17.776346671701333,16397800
2026-01-12,17.65163230895996,17.7571589593916,17.555699156728714,17.709191468389633,18972100
2026-01-13,17.450172424316406,17.632443380837127,17.32545879114698,17.60366471916148,25752700
2026-01-14,17.766752243041992,17.766752243041992,17.421393631089103,17.555698944727375,31867300
2026-01-15,18.131296157836914,18.294381966956102,17.776345874900997,17.83390503406875,37422400
2026-01-16,18.14089012145996,18.29438243636078,17.910651649108733,18.131296623057068,28353400
2026-01-19,18.131296157836914,18.303975465112842,18.064143500512426,18.131296157836914,10581700
2026-01-20,18.390317916870117,18.50543808249403,17.92024741430397,18.01618058069507,25010600
2026-01-21,18.95631980895996,19.01387897149014,18.562995510420286,18.601367675516144,74374300
2026-01-22,19.474353790283203,19.74296623551433,18.889165071053817,18.994689885795708,56520800
2026-01-23,19.944425582885742,20.126696545097083,19.46476168907634,19.512727346548264,37158300
2026-01-26,20.030763626098633,20.088324611440623,19.551099726884107,19.93483231007378,34782400
2026-01-27,20.55839729309082,20.788635770675274,20.29937831964352,20.29937831964352,34219200
2026-01-28,20.836599349975586,20.836599349975586,20.462462090042845,20.625547890741938,31338800
2026-01-29,20.567989349365234,21.124399421952162,20.299376896133648,20.951720118429904,31208200
2026-01-30,20.44327735900879,20.759855497809614,20.19385188150317,20.56799101264799,26351100
2026-02-02,20.702295303344727,20.72148229983636,20.443276340025758,20.51042899797378,25109800
2026-02-03,20.816499710083008,21.238975303289532,20.71088035393634,20.931719160988326,24905100
2026-02-04,20.14438247680664,20.566858131785185,19.837128120960582,20.432434808947637,46217700
2026-02-05,20.3076114654541,20.42283276392378,19.635493023752268,20.259603659396973,61032100
2026-02-06,19.789119720458984,19.875535234368616,19.040185877035636,19.203414977600456,94063600
2026-02-09,20.077171325683594,20.105977109043966,19.52027233371296,19.99075580698294,40230200
2026-02-10,20.086769104003906,20.33641368074823,19.923540028108775,20.048361400790892,25521200
2026-02-11,20.682077407836914,20.739687136077674,20.18278821273636,20.336415375631876,50967100
2026-02-12,20.384422302246094,20.7588900981872,20.384422302246094,20.538049458547,32620300
2026-02-13,20.134775161743164,20.278802204966134,19.59708018288518,20.153979011690218,45493100
2026-02-18,20.077171325683594,20.326815953998768,19.875536336302375,20.21159465193774,28450400
2026-02-19,20.480440139770508,20.643669225506464,19.97154902979836,20.077168388621686,42690400
2026-02-20,20.893312454223633,20.97972795464494,20.201990282233247,20.249998079631716,36313800
2026-02-23,20.384422302246094,20.88371147591413,20.307608724095637,20.768490192998367,37464600
2026-02-24,20.547651290893555,20.653270647135606,20.2115912012526,20.47083771309392,30613800
2026-02-25,20.326812744140625,20.73008449060187,20.23079531281553,20.720482564331345,34124600
2026-02-26,20.14438247680664,20.528450421614217,19.87553583113155,20.34601929244338,40191400
2026-02-27,20.3076114654541,21.02773954459347,20.278807514371987,20.643671601995223,69034600
2026-03-02,20.384422302246094,20.509245511353182,19.683498172700673,20.115575694409582,32108900
2026-03-03,19.412771224975586,19.701078964419263,19.143682657283158,19.61458627598298,57300000
2026-03-04,19.69146728515625,19.88367365530857,19.36471755570678,19.74912846299563,64157000
2026-03-05,19.05718994140625,19.595365243000277,19.028358434297036,19.576146071276703,46790000
2026-03-06,18.78809928894043,19.057187826381124,18.58628426062168,18.9418636437592,37187000
2026-03-09,18.78809928894043,18.970695147668604,18.365248229696665,18.567063258015413,38655600
2026-03-10,19.2493953704834,19.460820913110513,18.91303513624623,19.028357492946178,32907500
2026-03-11,19.16290283203125,19.480042064889133,18.970696458716727,19.037968139472063,23976900
2026-03-12,18.634336471557617,18.826542847447016,18.413300422395903,18.797711341158852,45693900
2026-03-13,18.249923706054688,18.884202116083838,18.134601358603387,18.720827263014773,33706400
2026-03-16,18.259532928466797,18.72082595199907,18.259532928466797,18.58628261172271,34664900
2026-03-17,18.11537742614746,18.45173757900202,17.952002599504695,18.17303859054627,24004200
2026-03-18,17.903953552246094,18.19226309583609,17.8751238809981,17.99044623202152,26382300
2026-03-19,17.91356086730957,18.009664031411976,17.365775214845872,17.548371043338904,33436700
2026-03-20,17.615644454956055,17.98083431513652,17.413829440044225,17.91356264349924,53625700
2026-03-23,18.259532928466797,18.528621442035057,18.019275916250127,18.019275916250127,30955400
2026-03-24,18.201873779296875,18.201873779296875,17.894345062804483,18.105770597139067,23064400
2026-03-25,18.528621673583984,18.70160518480868,18.403686999181332,18.54784084170969,29470000
2026-03-26,18.0865478515625,18.45173954197476,18.067326850379633,18.297975198542932,50872800
2026-03-27,17.798240661621094,18.076937854473073,17.72135848776376,17.9808346788975,20727200
2026-03-30,17.750186920166016,18.05771742717658,17.663694251477963,18.038496426798016,32459400
2026-03-31,18.422908782958984,18.490180456795663,17.90395272819209,18.067327578802153,41297600
2026-04-01,18.67277717590332,18.86498170535401,18.43252013932817,18.45174114217795,48850400
2026-04-02,18.392789840698242,18.64289937401384,18.094579074014085,18.123438713152552,29291200
2026-04-06,18.59480094909668,18.642898510628864,18.41202691262653,18.450506429695764,27976500
2026-04-07,18.767555236816406,18.767555236816406,18.337690638980018,18.494005376996643,24923500
2026-04-08,19.705446243286133,20.076693293690504,19.3732769470944,20.076693293690504,67537800
2026-04-09,19.822683334350586,19.900840706595147,19.529591790869432,19.734756057648113,32822000
2026-04-10,19.96922492980957,20.1646173969645,19.871527764522884,20.00830267787318,33816800
2026-04-13,20.11577033996582,20.233005451036558,19.65659607200486,19.76406127991662,34692500
2026-04-14,20.301393508911133,20.487016067116855,20.203696346823797,20.233004191057134,32893100
2026-04-15,20.320934295654297,20.496788839348582,20.13531171146023,20.184159367633693,37389800
2026-04-16,20.369781494140625,20.701950735842175,20.350241688530318,20.49678650377078,35466500
2026-04-17,20.770341873168945,21.0927412692039,20.643334977611044,20.809419627896855,49218700
2026-04-20,20.545637130737305,20.7801092205069,20.47724780739663,20.701951857250368,20455500
2026-04-22,19.939916610717773,20.40886080067026,19.881299052828354,20.311165491994085,35201800
2026-04-23,19.510047912597656,20.076689209036807,19.470970166335483,19.930144399571542,19189100
2026-04-24,19.461200714111328,19.676132982071188,19.37327345371448,19.578437682446594,21380800
2026-04-27,19.275577545166016,19.57843895665197,19.256037738602046,19.470971883968662,17874000
2026-04-28,19.119260787963867,19.19741814249657,18.90432852885351,18.982485883386214,26064600
2026-04-29,18.669857025146484,19.06064380952932,18.57215986319618,19.050873906992454,33825900
2026-04-30,18.875019073486328,19.03133378463343,18.76755201079082,18.79686171791278,24009300
2026-05-04,18.474464416503906,18.93363869785839,18.366997342038978,18.86525123716927,27527900
2026-05-05,18.766813278198242,18.7863708108209,18.47342790541616,18.5614433307221,23567700
2026-05-06,18.845048904418945,19.206888437388027,18.708134985066707,19.040637286614253,31056000
2026-05-07,18.111589431762695,18.483208687383932,18.013794301771753,18.483208687383932,53319900
2026-05-08,18.18004608154297,18.414753282332345,18.092030648086073,18.209385181124276,37000000
2026-05-11,17.691072463989258,18.13114963584453,17.642175829466247,18.052912036148445,33701700
2026-05-12,17.56393814086914,17.79864720819532,17.534600906418643,17.66173327470721,29020600
2026-05-13,17.260774612426758,17.857323239978392,17.250994912679865,17.52482090973194,54103500
2026-05-14,17.446584701538086,17.661732494244948,17.38790836994293,17.407465903616682,28467200
2026-05-15,17.29989242553711,17.34878905619809,17.08474277394024,17.14342096907769,34994000
2026-05-18,17.27055549621582,17.417247271902212,17.104304319694677,17.29989459746795,17534300
2026-05-19,17.006505966186523,17.270552231683478,16.87937361536583,17.094521388018844,37267200
2026-05-20,17.46614646911621,17.622617951447314,17.12386440203422,17.12386440203422,40845900
2026-05-21,17.505260467529297,17.69107102107842,17.250993885116515,17.319449913980172,20334500
2026-05-22,17.23143768310547,17.534600919470815,17.21187828326589,17.407466685800582,20095600
2026-05-25,17.671512603759766,17.671512603759766,17.348789974567822,17.368349373982362,13186100
2026-05-26,17.446584701538086,17.632395261090846,17.299892939906726,17.485701634172536,26326900
2026-05-27,17.603055953979492,17.798646210694038,17.52482022435106,17.700851082336765,23973800
2026-05-28,17.505260467529297,17.808423680477006,17.427024739501277,17.69107102107842,31080500
2026-05-29,17.309675216674805,17.554162144225085,17.309675216674805,17.544382443288608,59372500
2026-06-01,17.114084243774414,17.417247499526585,17.084745142138853,17.397689963723366,27399600
2026-06-02,17.377378463745117,17.524229175892607,17.201156862244883,17.230527751597627,21483700
2026-06-03,17.00535774230957,17.250109569032283,16.946615959434183,17.14241816773565,30635400
2026-06-05,17.103256225585938,17.201157325423168,16.956405509484174,17.044516312606866,24164700
2026-06-08,16.838924407958984,17.14241611388722,16.819343816013156,17.034724725493188,18139400
2026-06-09,17.064096450805664,17.250108348803224,16.887874849261465,16.966195353580208,26754000
2026-06-10,16.897666931152344,17.044517658852982,16.79976582358248,16.98577774123439,19825200
2026-06-11,17.308849334716797,17.377379546836412,16.809555388449017,16.85850500644639,31243100
2026-06-12,17.426328659057617,17.612340563203702,17.11304663142727,17.14241752175818,22078400
2026-06-15,17.279478073120117,17.886463406740294,17.17178854237275,17.69066120433167,18201800
2026-06-16,17.289270401000977,17.318641295005026,17.10325847359215,17.1717905596016,19627200
2026-06-17,17.181575775146484,17.602549173886715,17.132626161607973,17.377377963916658,30207900
2026-06-18,17.103256225585938,17.44590914136216,17.024935719177787,17.25010880899587,25189700
2026-06-19,17.103256225585938,17.220737918852247,17.034726015892325,17.152207709158635,20299600
2026-06-22,17.308849334716797,17.445909758956027,17.142418019294205,17.142418019294205,21753800
2026-06-23,17.465490341186523,17.55360114736839,17.103256819404606,17.12283741351352,21980600
2026-06-24,17.279478073120117,17.62213099368111,17.240318753023306,17.387169471175678,76122900
2026-06-25,17.25010871887207,17.69066086487568,17.171788212873107,17.416540027533387,51834700
2026-06-26,17.54380989074707,17.72003149347228,17.113046180453022,17.308848376216172,54809800
2026-06-29,17.788564682006836,17.86688519997191,17.455702013828162,17.59276245343993,18900500
2026-06-30,17.72003173828125,17.788561947552687,17.465489627195815,17.68087055166434,25467200
2026-07-01,17.739612579345703,17.837511812638947,17.465489871123342,17.534020081351887,56556800
2026-07-02,17.79737663269043,18.061985656820113,17.689572540801542,17.954181564931226,25735800
2026-07-03,17.8953800201416,18.02278332545691,17.836578638400862,17.93458031821469,11813000
2026-07-06,17.901670455932617,17.92165045606257,17.691884265363516,17.901670455932617,35102000
2026-07-07,17.80177116394043,18.13143352233201,17.701873075404105,17.91165925187014,22292100
2026-07-08,17.671905517578125,17.771803609138523,17.552027426626125,17.73184361035532,34277500
2026-07-09,17.98158836364746,18.031536458054084,17.701874080936452,17.731844080819023,20018900
2026-07-10,18.840709686279297,18.85069968644163,18.301261109899528,18.371189205638156,48063400
2026-07-13,18.75080108642578,18.980565367793105,18.670882992672034,18.780769180709903,24114300
2026-07-14,18.610942840576172,18.970575212215515,18.361198561470548,18.88066711930568,53143500
2026-07-15,18.580974578857422,18.66089267123411,18.46109648759358,18.610942672625168,22326000
2026-07-16,18.39116859436035,18.521036686754186,18.171394314290776,18.44111668811328,19600800
2026-07-17,18.271291732788086,18.46109600636151,18.191371737097082,18.40115791499083,55082500
2026-07-20,18.39116859436035,18.491066687263846,18.261302407364155,18.341220500607424,12804800
2026-07-21,18.531024932861328,18.620933026670595,18.331230650816682,18.401158744802192,19403200
2026-07-22,18.95059585571289,18.95059585571289,18.48107728100354,18.570985376964565,36477500
2026-07-23,18.700851440429688,18.970575726470894,18.660893345496373,18.780769535694006,19179800
2026-07-24,18.461097717285156,18.620933912685203,18.401159620359575,18.600955817308506,13967900
2026-07-27,18.658658981323242,18.758383678946213,18.52901573117484,18.598821876272382,15130368
2026-07-28,18.718494415283203,19.107424170596794,18.668630160449986,18.898000016490034,20158531
2026-07-29,18.299646377563477,18.608795235111145,18.299646377563477,18.59882238399709,22522604
2026-07-30,18.339536666870117,18.339536666870117,17.671376572811187,17.93066309135881,48017329
2026-07-31,18.379426956176758,18.66863010638394,18.379426956176758,18.45920785828127,25236379
2026-08-03,18.49909782409668,18.6387139299582,18.319592218873705,18.59882252519912,18993223
2026-08-04,18.188608169555664,18.827505111694336,18.068815231323242,18.817522048950195,31739183
2026-08-05,18.049999237060547,18.40999984741211,18.010000228881836,18.31999969482422,37330400
2026-08-06,17.700000762939453,17.989999771118164,17.540000915527344,17.719999313354492,58573100
2026-08-07,17.309999465942383,17.81999969482422,17.25,17.790000915527344,26547600
2026-08-10,17.18000030517578,17.31999969482422,17.020000457763672,17.309999465942383,31144700
2026-08-11,16.790000915527344,17.25,16.770000457763672,17.170000076293945,51847000
2026-08-12,16.739999771118164,16.899999618530273,16.670000076293945,16.8799991607666,44453700
2026-08-13,16.65999984741211,17.030000686645508,16.559999465942383,16.729999542236328,41325600
2026-08-14,16.540000915527344,16.65999984741211,16.350000381469727,16.559999465942383,41889000
2026-08-17,16.219999313354492,16.540000915527344,16.18000030517578,16.489999771118164,40198100
2026-08-18,16.1200008392334,16.360000610351562,16.049999237060547,16.25,26514900
2026-08-19,16.020000457763672,16.469999313354492,16.0,16.309999465942383,38268000
2026-08-20,15.75,16.040000915527344,15.680000305175781,15.960000038146973,36972400
2026-08-21,16.239999771118164,16.280000686645508,15.779999732971191,15.84000015258789,41406100
