Price,Close,High,Low,Open,Volume
Ticker,EGIE3.SA,EGIE3.SA,EGIE3.SA,EGIE3.SA,EGIE3.SA
Date,,,,,
2015-01-02,9.015585899353027,9.289288877753695,8.813765042553044,9.289288877753695,1004850
2015-01-05,9.026646614074707,9.090233628008605,8.755708314579449,8.92435426061407,1048250
2015-01-06,9.209112167358398,9.311405419053775,8.935410123397245,9.04323191700428,1316875
2015-01-07,9.44134521484375,9.56852014932964,9.211878862727506,9.239524343831091,1106875
2015-01-08,9.53810977935791,9.53810977935791,9.408171024564396,9.44411162938048,966700
2015-01-09,8.805474281311035,9.488346787565407,8.683827863205668,9.488346787565407,1598975
2015-01-12,8.556648254394531,8.92987777433044,8.365885474418883,8.819291284083043,1457050
2015-01-13,8.628533363342285,8.70870876683983,8.504123159003889,8.606415501517866,1690850
2015-01-14,9.095762252807617,9.095762252807617,8.515182213603216,8.515182213603216,1328950
2015-01-15,9.081939697265625,9.336289606132235,9.06258748833453,9.09576336279363,2556050
2015-01-16,9.283761024475098,9.477287717439866,8.990705790666697,9.004528532644711,1124900
2015-01-19,8.697651863098145,9.308644096282496,8.6672407188096,9.156587452031566,956200
2015-01-20,8.860766410827637,8.871825343031828,8.719768716456572,8.76400259965715,1168300
2015-01-21,8.94094181060791,9.021117223354782,8.769532052926156,8.974117684363842,1461250
2015-01-22,8.849709510803223,9.30588041808869,8.711476517740438,9.01282510703929,2506700
2015-01-23,8.777827262878418,9.305879339158468,8.650652296495762,9.012824062086104,1343825
2015-01-26,8.570477485656738,8.708711395358026,8.495831525085183,8.689358260420375,1100400
2015-01-27,8.639593124389648,8.703181067228638,8.401831598384085,8.473712818281921,1244600
2015-01-28,8.929883003234863,8.929883003234863,8.526241200811706,8.553888531668159,1262450
2015-01-29,9.03217601776123,9.090233565246447,8.681063231420868,8.846942597670115,1582700
2015-01-30,8.609179496765137,8.985174810299814,8.584297827152069,8.88011682124929,1818950
2015-02-02,8.722532272338867,8.838649211480563,8.609180988975663,8.609180988975663,1180025
2015-02-03,8.730829238891602,8.957531877481932,8.689359153997433,8.841415824339931,947975
2015-02-04,8.576006889343262,8.730828276466168,8.548360476730815,8.708711330937865,1166200
2015-02-05,8.484769821166992,8.661709020177375,8.44053594422236,8.542828284219762,1067675
2015-02-06,8.371420860290527,8.388009260827648,8.269128492069608,8.38247979398194,1194025
2015-02-09,8.515181541442871,8.567709614276495,8.266361148792903,8.27465534644282,666750
2015-02-10,8.252537727355957,8.501358127281696,8.211067660701667,8.426712191865565,1380050
2015-02-11,8.459890365600586,8.459890365600586,8.130894475359195,8.213834631265566,1257375
2015-02-12,8.58430290222168,8.5925971045989,8.371422988581978,8.562185029215762,1815450
2015-02-13,8.797176361083984,8.816528562956364,8.487532825855933,8.487532825855933,1595825
2015-02-18,8.913293838500977,9.117879434030172,8.722530982972556,8.835883172388083,1361675
2015-02-19,9.012822151184082,9.101291754502327,8.783354867358888,8.82206020345962,899500
2015-02-20,8.736356735229492,9.079176272413077,8.72253306911462,9.079176272413077,794850
2015-02-23,8.656180381774902,8.899471342251578,8.570475506742431,8.634063441189774,929600
2015-02-24,8.708708763122559,8.893941241783068,8.603651687925373,8.617474428751747,675675
2015-02-25,8.985176086425781,8.993470285077429,8.603652176530371,8.603652176530371,1286425
2015-02-26,9.192525863647461,9.192525863647461,8.811001054809918,8.993469722499867,1485050
2015-02-27,9.23399829864502,9.325231733069764,9.018353705951169,9.192528220158056,2656675
2015-03-02,9.0211181640625,9.26717389405542,8.96582442016461,9.26717389405542,1161650
2015-03-03,9.106821060180664,9.175937532831128,8.987940321186354,9.092997396527377,720300
2015-03-04,8.929883003234863,9.048763757493294,8.802708049719497,8.985176742139664,835800
2015-03-05,9.123409271240234,9.13999766896509,8.88288396388627,8.891177239940635,1269800
2015-03-06,9.00452709197998,9.148290414329816,8.927116427179266,9.12893728672568,1380575
2015-03-09,8.90776538848877,8.97411713191601,8.786119910333472,8.888412258351137,1048425
2015-03-10,8.805474281311035,9.117881757949164,8.708710462603287,8.708710462603287,1350300
2015-03-11,8.976881980895996,8.976881980895996,8.764002160668918,8.764002160668918,1154825
2015-03-12,9.073644638061523,9.120643246006717,8.882882705294545,9.095761575752912,999425
2015-03-13,9.131705284118652,9.131705284118652,8.910532140699512,9.095764671383249,1205750
2015-03-16,9.123409271240234,9.250585141514666,9.112351262231726,9.137232936010948,676900
2015-03-17,9.30311393737793,9.394348286263854,9.018352880861357,9.12617562874768,1186325
2015-03-18,9.455170631408691,9.643168796728723,9.206350181643804,9.286525598380837,1255800
2015-03-19,9.496641159057617,9.540875969311623,9.369466194928371,9.435818871713472,772800
2015-03-20,9.814576148986816,10.021926492287777,9.549168263246386,9.626578935037678,1996400
2015-03-23,9.84222412109375,9.894752201443627,9.726108105803622,9.856046863013585,689325
2015-03-24,9.922399520874023,10.035750803104044,9.734402294804916,9.842224111149367,829325
2015-03-25,9.814576148986816,10.008103751273046,9.79798867520754,10.008103751273046,1077300
2015-03-26,9.53810977935791,9.775871271407713,9.369464764046109,9.698460595987221,2194150
2015-03-27,9.457934379577637,9.637638326628249,9.236761284693237,9.468993311164269,1474550
2015-03-30,9.814576148986816,9.850517674925916,9.36670051482634,9.41093439344308,1119825
2015-03-31,9.759285926818848,9.961106858100068,9.692933245685468,9.817343484651282,1055075
2015-04-01,10.03575325012207,10.185045174202097,9.775873826982197,9.894754604084492,2216200
2015-04-02,10.00810432434082,10.243101085935246,9.983221728035119,10.118690872830893,2036125
2015-04-06,10.132515907287598,10.303924757637622,10.046811020708498,10.126986440694342,870100
2015-04-07,9.944517135620117,10.149102773212185,9.833930578837629,10.129749641300986,811475
2015-04-08,9.84222412109375,10.118690955995206,9.786930384990235,10.11039675715847,1214325
2015-04-09,9.947282791137695,9.9915176025141,9.709521256744644,9.709521256744644,1577800
2015-04-10,9.897515296936035,9.983220158453774,9.76204617343898,9.96386703103652,1272775
2015-04-13,9.86987018585205,10.008104059918427,9.753754174584147,9.894751858692306,696150
2015-04-14,9.983219146728516,10.010865546000643,9.911337954936299,9.91963215156028,898100
2015-04-15,9.961103439331055,10.176747041280423,9.869869110840515,10.024690442334808,1056650
2015-04-16,9.936222076416016,10.005339475881222,9.817341330530152,9.955575206652524,901775
2015-04-17,9.814576148986816,9.961104217083761,9.781400278620263,9.809046683457725,657475
2015-04-20,9.745457649230957,9.9859838128887,9.654223332586211,9.875397293723806,1211700
2015-04-22,9.797988891601562,10.019161980801986,9.789694693124742,9.795224158775957,1107050
2015-04-23,10.00810432434082,10.010868134455624,9.817341443895984,9.817341443895984,926800
2015-04-24,10.03575325012207,10.107634478545174,9.916872473019776,10.019164848420608,866950
2015-04-27,9.786930084228516,10.14910178369691,9.759283678430387,10.132514309341246,1180025
2015-04-28,9.947282791137695,9.983223402354486,9.748226601347973,9.844990424260398,1173900
2015-04-29,9.786930084228516,9.922399225974598,9.629344002405537,9.806283214252826,1012375
2015-04-30,9.86987018585205,9.86987018585205,9.543639092038788,9.753754174584147,1309175
2015-05-04,10.229277610778809,10.229277610778809,9.78140101986957,9.919634900148449,2010400
2015-05-05,10.408979415893555,10.422803079138117,10.12698406816817,10.129747878009121,1695750
2015-05-06,10.361979484558105,10.478095472575157,10.160158640974405,10.384096420119898,1202075
2015-05-07,10.27074909210205,10.49745169023854,10.162927259740774,10.229279014607991,959350
2015-05-08,10.173986434936523,10.323279284689225,10.079988258582937,10.323279284689225,1040375
2015-05-11,10.244037628173828,10.294157240704159,10.110383159458847,10.246821224945856,1219750
2015-05-12,10.149368286132812,10.280237333925456,10.093678677057424,10.244040342736517,1867425
2015-05-13,9.940526008605957,10.196696718335822,9.787380859503738,10.107593781958984,1212050
2015-05-14,10.191129684448242,10.313646013846668,9.767891117648459,10.057475253446045,1794450
2015-05-15,10.132657051086426,10.283018656317612,10.046338609957733,10.141010628501684,1471400
2015-05-18,10.188344955444336,10.241249078176313,10.029630728419736,10.132655377952728,2150575
2015-05-19,10.182777404785156,10.196700033562593,10.00178787775083,10.179992879029669,728525
2015-05-20,10.018492698669434,10.232896504718601,9.94331237263755,10.118733752988172,1328775
2015-05-21,9.862564086914062,9.98786495396663,9.706634366870274,9.960020626648653,1416800
2015-05-22,9.792951583862305,9.968372978412635,9.634237342855595,9.907115274248198,1240050
2015-05-25,9.8569917678833,9.96836996964675,9.645372533942853,9.840284619382423,637000
2015-05-26,9.759538650512695,9.854210666074508,9.662083038647967,9.795737484838563,1315300
2015-05-27,9.8709135055542,9.901543277940277,9.617528258077439,9.712200241169766,1052975
2015-05-28,9.787382125854492,9.851424346866045,9.71498539979733,9.751184227533056,1330700
2015-05-29,9.425403594970703,9.856994842302186,9.417050018114764,9.703849650934345,4304300
2015-06-01,9.703848838806152,9.901545494112407,9.439324503659714,9.44210902904532,1401925
2015-06-02,9.762322425842285,9.882055163657126,9.637021566435152,9.801304853474656,1297625
2015-06-03,9.60917854309082,9.870917469975975,9.456033337309819,9.870917469975975,1606500
2015-06-05,9.606389999389648,9.709415555057015,9.453244857660772,9.456029382376869,1328425
2015-06-08,9.66208267211914,9.74283205603087,9.520074654163464,9.623100242969146,1666525
2015-06-09,9.634239196777344,9.695497842144228,9.533999044469615,9.695497842144228,2013375
2015-06-10,9.712203979492188,9.770677163180595,9.592472156866714,9.742832834253472,639100
2015-06-11,9.703848838806152,9.762322013075174,9.542350084098423,9.762322013075174,827050
2015-06-12,9.467172622680664,9.659300285361624,9.442111886625781,9.586904462254552,1522325
2015-06-15,9.425403594970703,9.447678870505447,9.302887255993546,9.400342864402887,1136100
2015-06-16,9.383637428283691,9.572981487351704,9.37250025318497,9.467172282718977,1333850
2015-06-17,9.255550384521484,9.422618188362158,9.255550384521484,9.400341985495754,1718675
2015-06-18,9.550705909729004,9.5674121365631,9.222139272155172,9.222139272155172,2082850
2015-06-19,9.531213760375977,9.531213760375977,9.439326264340275,9.483877749405629,1221325
2015-06-22,9.50893497467041,9.701063492358761,9.492228753185078,9.536780226169748,1106175
2015-06-23,9.522859573364258,9.648160442828278,9.522859573364258,9.57576463275959,767025
2015-06-24,9.467172622680664,9.589688988482873,9.428190184898808,9.522861288417813,1321425
2015-06-25,9.361358642578125,9.489444008265897,9.294531899355917,9.422617265043689,1166900
2015-06-26,9.536784172058105,9.542353224662193,9.33351839908214,9.405914224105985,1106350
2015-06-29,9.467172622680664,9.522861288417813,9.37250058974703,9.419836606213847,577675
2015-06-30,9.520072937011719,9.603606831468044,9.394773024741488,9.511720291097491,1577450
2015-07-01,9.536784172058105,9.609179997081949,9.389207995708372,9.550706803568326,1074500
2015-07-02,9.592470169067383,9.692710290081466,9.522857967053216,9.553487744881744,855225
2015-07-03,9.634239196777344,9.676006159259213,9.522860939963891,9.542352622848908,402500
2015-07-06,9.692707061767578,9.701060634756702,9.47551974053435,9.517285746651975,1020075
2015-07-07,9.773460388183594,9.773460388183594,9.581332778270765,9.631453307200225,1240400
2015-07-08,9.912686347961426,9.912686347961426,9.650946465527214,9.703851533128727,1594775
2015-07-10,10.054689407348633,10.104809928567857,9.77624340972906,10.09367182842709,1325975
2015-07-13,10.205053329467773,10.227328605483054,10.024062878009024,10.029631929366456,1132775
2015-07-14,10.330355644226074,10.372121676430057,10.115951783995536,10.157718745614092,1063825
2015-07-15,10.288588523864746,10.38326055846882,10.166073085315444,10.38326055846882,1233750
2015-07-16,10.344276428222656,10.416672240766989,10.277449667322426,10.330354728526897,1892975
2015-07-17,10.163283348083496,10.397178809781854,10.090887554197595,10.377687134051053,1778525
2015-07-20,9.973939895629883,10.210618943706226,9.898759579597558,10.163282948208115,2899225
2015-07-21,10.302510261535645,10.330355521894658,9.926607611420042,9.926607611420042,3090850
2015-07-22,10.283018112182617,10.33592224085081,10.157717245827612,10.235682105415469,1192800
2015-07-23,9.973939895629883,10.210618943706226,9.74839894753291,10.210618943706226,2381575
2015-07-24,9.7400484085083,9.904331716754049,9.570196048537001,9.904331716754049,1615600
2015-07-27,9.737263679504395,9.80130591418316,9.586903003709386,9.79573779198828,1176350
2015-07-28,9.614747047424316,9.804091078874004,9.575764616728403,9.689927383093973,1916950
2015-07-29,9.790167808532715,9.790167808532715,9.536781560911129,9.547918733655322,1631000
2015-07-30,9.912686347961426,10.040771763019789,9.706636059287469,9.831936018772483,1556100
2015-07-31,10.09367561340332,10.132658049099602,9.840289316670201,9.946099448856236,1931300
2015-08-03,10.015708923339844,10.249603495046523,9.982295545869519,10.037985127929668,1481200
2015-08-04,10.024063110351562,10.205053566005395,9.98786520510369,10.015709533121791,678475
2015-08-05,9.8569917678833,10.157713935000162,9.851422718383008,10.135437736998991,718025
2015-08-06,9.773460388183594,9.887623143945873,9.662082157884862,9.809658289795323,1373750
2015-08-07,9.689926147460938,9.773460049645086,9.662081823204336,9.728908573185919,1374450
2015-08-10,9.737263679504395,9.767892533941435,9.648160712583469,9.689927670239246,667800
2015-08-11,9.717772483825684,9.723340605765896,9.495015076711592,9.689927227052394,2494450
2015-08-12,9.66208267211914,9.781814485180865,9.514506532354398,9.650944569672165,1284850
2015-08-13,9.684358596801758,9.73447913175862,9.506153592776059,9.617531836468931,889175
2015-08-14,9.687142372131348,9.751185531118788,9.564626034736257,9.684357846548657,1007125
2015-08-17,9.676002502441406,9.728907549434778,9.606391234417766,9.628667435010447,587825
2015-08-18,9.720555305480957,9.884838589694246,9.561841072178542,9.628668753694654,2408700
2015-08-19,9.742831230163574,9.767891029130611,9.58690152678124,9.714985976406483,1567825
2015-08-20,9.606389999389648,9.689923882044331,9.536778740315455,9.681570307896038,1167600
2015-08-21,9.449187278747559,9.56493847583945,9.420955762117993,9.559291984045853,1907850
2015-08-24,9.189456939697266,9.34473172317429,8.760332907985521,9.341908476759174,2209025
2015-08-25,9.175339698791504,9.36731572221865,9.152754672292392,9.33626095740544,1608775
2015-08-26,9.525416374206543,9.641165715768304,9.132993576781828,9.228982076766883,1890000
2015-08-27,9.598819732666016,9.655282785033199,9.491538236958641,9.590349992109317,1377775
2015-08-28,9.497185707092285,9.584704483832052,9.35038062503773,9.474599729952303,1762425
2015-08-31,9.468951225280762,9.536707250894523,9.20074848441076,9.316498754141993,2851625
2015-09-01,9.189456939697266,9.437896970195942,9.152755678639346,9.217688461509837,1781325
2015-09-02,9.056766510009766,9.276974059940542,8.997479282050852,9.254389032641946,3058475
2015-09-03,9.291091918945312,9.37578743524778,9.00595059868399,9.141463613235674,1697850
2015-09-04,9.034183502197266,9.347557337281119,9.008775220364015,9.034183502197266,2393300
2015-09-08,9.164047241210938,9.308029973812685,8.969247960480141,9.308029973812685,1416275
2015-09-09,9.217689514160156,9.260037272884377,9.113232211887718,9.166872015223353,1390725
2015-09-10,9.245919227600098,9.378608971249285,8.9636012055341,8.9636012055341,1482425
2015-09-11,9.333436965942383,9.437895178797376,9.138637711966998,9.18098545781716,1842400
2015-09-14,9.838788032531738,9.977123330414507,9.288267260255184,9.288267260255184,2028250
2015-09-15,9.610109329223633,9.824671323632447,9.45483456126747,9.728682839790439,1525825
2015-09-16,9.74280071258545,9.89242995583401,9.66939818543488,9.677867925261173,1549975
2015-09-17,9.796441078186035,9.982770635488706,9.54517779372346,9.612933825044683,1508325
2015-09-18,9.514123916625977,9.816204753992464,9.437899073446784,9.660929935912199,1590575
2015-09-21,9.477422714233398,9.62422777761943,9.341909695642569,9.437898201603412,1523375
2015-09-22,9.370141983032227,9.420959486928137,9.212043919657203,9.367318736019188,1074500
2015-09-23,9.21486759185791,9.387081898244352,9.178166321333743,9.350380627720183,1193675
2015-09-24,9.189456939697266,9.34473172317429,8.81961919802578,8.938193662783474,1593200
2015-09-25,9.223336219787598,9.372964530963488,9.155579238867102,9.313677290450395,3080700
2015-09-28,9.090645790100098,9.282621847100028,9.031359496210387,9.282621847100028,1196125
2015-09-29,9.260038375854492,9.384258420085567,9.090647320781317,9.090647320781317,1078525
2015-09-30,9.531062126159668,9.632697121504345,9.274152333469374,9.584702870499285,1948800
2015-10-01,9.316498756408691,9.581878251081143,9.291090482381984,9.54800023826602,1468075
2015-10-02,9.443543434143066,9.49153768550384,9.172518348446326,9.251567371038654,1675800
2015-10-05,9.37296199798584,9.562114770940335,9.228980219324956,9.446365452674499,1207325
2015-10-06,9.302385330200195,9.460483383221657,9.25721432328853,9.372964616226477,904225
2015-10-07,9.279799461364746,9.460482530384583,9.220512225656918,9.426604513839528,1226575
2015-10-08,9.37296199798584,9.42942597643747,9.285443255438121,9.333437495771237,1773275
2015-10-09,9.288267135620117,9.559293119885677,9.240272892010266,9.511298876275827,1366050
2015-10-13,9.274151802062988,9.550824305570973,9.206395770608056,9.330615789834512,977200
2015-10-14,9.189456939697266,9.387079477062441,9.116053475242838,9.209218722264488,3139675
2015-10-15,9.375787734985352,9.423781988069583,9.152756892640411,9.212043190544271,1200150
2015-10-16,9.508478164672852,9.508478164672852,9.206397333666752,9.375788383401852,2756425
2015-10-19,9.56493854522705,9.62987131664762,9.344730075371405,9.460480330964574,2309475
2015-10-20,9.655282974243164,9.686338690226309,9.516947645127809,9.556472159494875,1002925
2015-10-21,9.548001289367676,9.739977344679616,9.437897500013001,9.649635339001534,1180900
2015-10-22,9.58470344543457,9.819027278842476,9.531062697877331,9.59599643278109,951300
2015-10-23,9.485889434814453,9.909365951799476,9.426602213573808,9.725859680984929,1392650
2015-10-26,9.528238296508789,9.680689837859408,9.463305511811635,9.463305511811635,1076075
2015-10-27,9.573409080505371,9.66657432803052,9.480244775318816,9.531061326388357,1337525
2015-10-28,9.562112808227539,9.70327225421309,9.528234805045722,9.528234805045722,112175
2015-10-29,9.514123916625977,9.601642690321093,9.457660860417953,9.457660860417953,1315475
2015-10-30,9.562112808227539,9.567759299147554,9.457655553222082,9.457655553222082,2442650
2015-11-03,10.191688537597656,10.256622279875295,9.494362509520096,9.494362509520096,3836525
2015-11-04,10.219917297363281,10.581284321194087,10.115459075161688,10.293319812114484,1872500
2015-11-05,10.236860275268555,10.304616327166515,10.047707414022389,10.163457728655947,1898750
2015-11-06,9.948893547058105,10.273559386100407,9.799265237970726,10.234034873756267,2209025
2015-11-09,9.872665405273438,10.053349385492451,9.756915142718716,10.022293678534604,792400
2015-11-10,9.824674606323242,9.88113860550914,9.607290235485985,9.872668864280433,1284325
2015-11-11,9.937601089477539,10.084407101962332,9.869845048231484,9.909369562681475,1306550
2015-11-12,10.025118827819824,10.10134554430353,9.821849782653477,10.056173598334722,2336425
2015-11-13,9.940424919128418,10.092876477586385,9.864198197560713,9.954540210846442,1285725
2015-11-16,10.016648292541504,10.025118031738085,9.82467224911193,9.86984324915511,1386175
2015-11-17,9.979949951171875,10.135223822177736,9.889606990848993,10.087230508566275,1096025
2015-11-18,10.248149871826172,10.423186438336078,9.948892347397866,10.02229486970898,1478750
2015-11-19,10.332841873168945,10.4740013193792,10.219914881603703,10.284847642610693,1796025
2015-11-23,10.27638053894043,10.50788201464694,10.205801268922615,10.50788201464694,1258250
2015-11-24,10.149740219116211,10.338546498753484,10.072502588618471,10.292775308382616,3519425
2015-11-25,9.9838228225708,10.235563938970033,9.940911428441712,10.078225025075751,1495375
2015-11-26,10.032453536987305,10.226980391951878,9.963796269754257,10.021009545112305,788025
2015-11-27,9.740662574768066,10.121134991188683,9.740662574768066,9.983822355833603,1047025
2015-11-30,9.571880340576172,9.806456834455346,9.486058530910338,9.774989442322173,3982650
2015-12-01,9.611928939819336,9.68344599258182,9.477476154932786,9.506082785065917,1605975
2015-12-02,9.65770149230957,9.743522358239687,9.554717026109156,9.554717026109156,1543850
2015-12-03,9.79787540435791,9.958074092538906,9.726358337461287,9.760686491377285,1239525
2015-12-04,9.726360321044922,9.880837522600586,9.563300840545123,9.763549241609816,2048725
2015-12-07,9.712056159973145,10.018150746860771,9.657702683550566,9.772131155478066,1512875
2015-12-08,9.597627639770508,9.783572216213544,9.477478616178187,9.720637422604996,1539300
2015-12-09,9.975238800048828,10.109690658712067,9.56901960037203,9.677726536777454,2337650
2015-12-10,9.800737380981445,10.121134797146844,9.609070319278514,10.023871841444988,1904700
2015-12-11,10.012430191040039,10.049619113793414,9.697753295254914,9.729220698375501,2248750
2015-12-14,9.803597450256348,10.029591699370945,9.754965498399159,9.940910073312464,1283800
2015-12-15,9.683446884155273,9.980958156594623,9.683446884155273,9.897998062196866,1400875
2015-12-16,9.611928939819336,9.760684562342794,9.491778992569696,9.649116890590888,1707475
2015-12-17,9.697751998901367,9.995264296017968,9.697751998901367,9.777851353333572,2494625
2015-12-18,9.571880340576172,9.709192944378898,9.360188007518225,9.629093607207501,2808400
2015-12-21,9.32872200012207,9.611931435937937,9.251483410303038,9.571881761407342,1614375
2015-12-22,9.540414810180664,9.62051417099963,9.328723369484907,9.374494569218559,1261750
2015-12-23,9.597627639770508,9.783572216213544,9.548995687513235,9.620512758848282,460775
2015-12-28,9.726360321044922,9.863672964712315,9.597629001461971,9.663424563647622,784175
2015-12-29,9.669144630432129,9.789293653022002,9.626234197017206,9.657701593558937,445375
2015-12-30,9.580464363098145,9.783573522104774,9.580464363098145,9.783573522104774,1240400
2016-01-04,9.343023300170898,9.631953222418524,9.343023300170898,9.517525747882473,1227100
2016-01-05,9.45459270477295,9.577602489722075,9.34588671628055,9.357328798586355,1113175
2016-01-06,9.314416885375977,9.448868717502943,9.268644748673246,9.340162757411937,2839200
2016-01-07,9.097003936767578,9.248620318931954,9.079839385642861,9.248620318931954,1981700
2016-01-08,8.96827220916748,9.205709425091468,8.93966462542295,9.205709425091468,1620850
2016-01-11,8.982579231262207,9.237180134130593,8.882454561869086,8.882454561869086,2247875
2016-01-12,9.014046669006348,9.225738091465669,8.973996992046995,8.982579270293916,1527225
2016-01-13,8.96827220916748,9.1513569256954,8.962550692418574,9.065535129321075,1229200
2016-01-14,8.79663372039795,9.028349503714377,8.776608404505122,9.028349503714377,2429000
2016-01-15,8.510563850402832,8.810936883153666,8.41902146548797,8.73369829427536,1747900
2016-01-18,8.584943771362305,8.685068458289427,8.527729528138265,8.564918452032966,1190875
2016-01-19,8.696507453918457,8.850985569292519,8.604966034080553,8.725115042798528,1334550
2016-01-20,8.645018577575684,8.736560027845336,8.536311613412096,8.599246420151218,2150225
2016-01-21,8.639293670654297,8.690787333258838,8.573498122600812,8.573498122600812,1216250
2016-01-22,8.810940742492676,8.868154041980182,8.69365147333736,8.69365147333736,1298325
2016-01-26,8.839546203613281,8.925367096164468,8.70509334463511,8.70509334463511,1245475
2016-01-27,8.96827220916748,9.131331617074228,8.768022942392841,8.86814757578016,1460900
2016-01-28,9.154221534729004,9.220018057022111,8.888177550259678,9.03121267949097,1589875
2016-01-29,9.680588722229004,9.680588722229004,9.202852384167858,9.217156181818078,2441775
2016-02-01,9.686309814453125,9.872254401413894,9.440289280008729,9.440289280008729,1686300
2016-02-02,9.443150520324707,9.737801085269574,9.360189456632618,9.617652060911391,1998325
2016-02-03,9.448871612548828,9.61765259891576,9.434568770306296,9.506085846097822,1021825
2016-02-04,9.709193229675293,9.840785274569145,9.514666398665812,9.531830952075227,1785000
2016-02-05,9.674866676330566,9.960935929739675,9.674866676330566,9.72349863083344,1551025
2016-02-10,9.726360321044922,9.889419801544722,9.680589121535894,9.69775272456447,763175
2016-02-11,9.726360321044922,9.726360321044922,9.483201480119247,9.657703044351532,3021200
2016-02-12,9.634817123413086,9.855090823755978,9.551857010215587,9.663423762662687,1456875
2016-02-15,9.669144630432129,9.869393001415249,9.600487364052523,9.68344842652362,794500
2016-02-16,9.843647003173828,10.021009298245952,9.571881564769104,9.571881564769104,1757875
2016-02-17,9.9838228225708,10.235563938970033,9.875115867163139,9.938050668833105,2271850
2016-02-18,9.909443855285645,10.158324207748345,9.875115695439007,9.978101129838583,1460375
2016-02-19,9.872254371643066,10.052478394112,9.78071198071092,9.840786973153769,1177750
2016-02-22,10.083945274353027,10.218398094445902,9.96665700975014,9.992402888125557,2414825
2016-02-23,10.006706237792969,10.212676120183076,9.946631251118575,10.11827297892025,2006725
2016-02-24,9.94663143157959,10.07536272976641,9.83506468842816,9.935189349748866,1282750
2016-02-25,10.009566307067871,10.095387165054051,9.906580895540673,9.918023931234684,1776775
2016-02-26,9.949491500854492,10.226979392195078,9.8322032474907,10.069640513192486,1762775
2016-02-29,10.098252296447754,10.184073191593761,9.960938673242168,10.023874441950513,3244150
2016-03-01,10.295637130737305,10.458696595522392,10.132577665952216,10.181209620422429,1722175
2016-03-02,10.158324241638184,10.398622316225984,10.129717600813827,10.244145118970922,2940875
2016-03-03,10.352849960327148,10.461555937165723,9.99526272612071,10.161182927792968,2611700
2016-03-04,10.484439849853516,10.76764824699374,10.421504120011646,10.58456352911842,3863825
2016-03-07,10.51304817199707,10.776232257611852,10.484441538294396,10.57312315311806,1751225
2016-03-08,10.770511627197266,10.939292609143775,10.490163895354783,10.53021357133228,2595250
2016-03-09,10.698994636535645,11.007949964237405,10.55596048758564,10.84489049971302,3217900
2016-03-10,10.653223037719727,10.907823904963559,10.553098382336364,10.799117927430906,3081225
2016-03-11,10.610313415527344,10.76479156277256,10.573125452029702,10.70471656858948,2552375
2016-03-14,10.455832481384277,10.710434254675839,10.375733154377865,10.558817876026406,2544325
2016-03-15,10.332823753356934,10.513047734358079,10.175485842252769,10.412923088277578,1869000
2016-03-16,10.378597259521484,10.587427919740579,10.241283674006851,10.264169749022425,1584450
2016-03-17,10.710436820983887,10.80197920374246,10.458695745827576,10.527352055466743,3337950
2016-03-18,10.678972244262695,10.92499186608165,10.678972244262694,10.799121295277082,3054975
2016-03-21,10.927849769592285,11.010809875145707,10.69327324866865,10.701854571251102,2404325
2016-03-22,10.756208419799805,10.9278501552589,10.59028820283729,10.85061156527422,2589125
2016-03-23,10.653223037719727,10.741903702231916,10.561679704485655,10.698993272047543,1185450
2016-03-24,10.613174438476562,10.693273788929552,10.398621311025199,10.544517170331444,1415400
2016-03-28,10.601729393005371,10.80197870409959,10.527351568526683,10.741903719799428,1096900
2016-03-29,10.673250198364258,10.836309684907633,10.641781841069427,10.641781841069427,1670900
2016-03-30,10.78481674194336,10.89638446033368,10.673249978412748,10.781955982248236,1469650
2016-03-31,10.493025779724121,10.761931457875255,10.392902056475275,10.713299498647098,2873150
2016-04-01,10.644640922546387,10.661804521965394,10.347128665735486,10.361431506108076,175
2016-04-04,10.370015144348145,10.58456732669267,10.247005353785232,10.58456732669267,4550
2016-04-05,10.28991413116455,10.412923901894038,10.20123251310338,10.287053372203902,2100
2016-04-06,10.115413665771484,10.2956376966977,10.04961810630998,10.186931699151843,2450
2016-04-07,10.181207656860352,10.181207656860352,10.181207656860352,10.181207656860352,1575
2016-04-08,10.341407775878906,10.450113761668112,10.221258753208875,10.407203328224561,1842225
2016-04-11,10.35571002960205,10.490161873488328,10.347127753219674,10.444391642501134,350
2016-04-12,10.444392204284668,10.584565573298848,10.27275048684248,10.444392204284668,1750
2016-04-13,10.584566116333008,10.721879688303433,10.432949703748246,10.432949703748246,12600
2016-04-14,10.641778945922852,10.787674789109847,10.55023752327591,10.63891914180653,2163875
2016-04-15,10.75906753540039,10.862051988027318,10.627475494660912,10.727600143336002,2169475
2016-04-18,10.813424110412598,11.005090231637386,10.73332475036107,10.739045314770731,1810900
2016-04-19,10.9907865524292,11.09091123100721,10.813424227458002,10.813424227458002,2053275
2016-04-20,10.88780403137207,11.007953094404526,10.827729022425906,10.996510053679565,1401225
2016-04-22,10.79911994934082,10.830587349405112,10.690412996595578,10.779094632571033,1348375
2016-04-25,10.870633125305176,10.967897004976528,10.784812279679702,10.801976830748522,1299900
2016-04-26,10.859192848205566,11.022252305319853,10.859192848205565,10.965039030283698,974400
2016-04-27,11.09949016571045,11.173867984887544,10.927848456926744,10.930709215730435,1697500
2016-04-28,11.085186958312988,11.179590094111662,10.996505340424473,11.142400227695637,794150
2016-04-29,10.91354751586914,11.125238948384316,10.819144360387858,11.050861109763767,2640750
2016-05-02,10.813424110412598,10.953597513072921,10.767652911117484,10.873498153021396,832825
2016-05-03,10.716158866882324,10.813422772709615,10.59314908238761,10.767651579076746,1085525
2016-05-04,10.85633373260498,10.89352265019579,10.470139804740946,10.739044506134404,1439025
2016-05-05,10.822004318237305,10.893522346867874,10.767651800503966,10.867775512811416,671475
2016-05-06,10.713294982910156,10.804837343476205,10.653220965254453,10.761926921639576,1146950
2016-05-09,10.584566116333008,10.759068601675931,10.444392740127325,10.667526220362316,2148475
2016-05-10,10.68468952178955,10.80197776634057,10.610310748908471,10.693271798067299,1301125
2016-05-11,10.551525115966797,10.955466089180762,10.551525115966797,10.793889699895177,1664075
2016-05-12,10.61788272857666,10.889100830650815,10.55729208567069,10.55729208567069,2336775
2016-05-13,10.4447660446167,10.788115272408914,10.358206193713551,10.557292213570237,2214450
2016-05-16,10.450536727905273,10.534211225752262,10.346666631151122,10.346666631151122,856800
2016-05-17,10.33223819732666,10.548635401926802,10.190859396573188,10.450535079022512,2620100
2016-05-18,10.441883087158203,10.476506457644845,10.170664919382423,10.33224129036751,1782900
2016-05-19,10.323585510253906,10.47650578807619,10.21105835952517,10.335125990964459,994875
2016-05-20,10.505358695983887,10.672705782699216,10.329355526216847,10.329355526216847,1778175
2016-05-23,10.372634887695312,10.430341144464304,10.26299405921243,10.274535503180447,1119825
2016-05-24,10.47361946105957,10.597687081055044,10.335125037667765,10.401487370219897,1328250
2016-05-25,10.294731140136719,10.695787614275163,10.294731140136719,10.534211265555303,1386700
2016-05-27,10.300500869750977,10.4995859257484,10.294730148842223,10.326468150769452,973350
2016-05-30,10.271652221679688,10.41303108662561,10.251454690646678,10.309160959098277,320600
2016-05-31,10.237024307250977,10.459192255660414,10.185089743162289,10.248565749524442,2628150
2016-06-01,10.355321884155273,10.381289165496838,10.176433386041822,10.185089467512652,1061200
2016-06-02,10.34089469909668,10.381288781395071,10.239909974886151,10.381288781395071,855400
2016-06-03,10.511129379272461,10.53998202626737,10.329355488140997,10.369749579162312,734125
2016-06-06,10.415912628173828,10.617883049075,10.30338645718695,10.617883049075,1077300
2016-06-07,10.40148639678955,10.493816003743357,10.338009430857223,10.372632792697177,969675
2016-06-08,10.64096736907959,10.765034998879557,10.413028672759573,10.413028672759573,1414175
2016-06-09,10.560178756713867,10.684246381425456,10.490931060850198,10.61499964863281,823200
2016-06-10,10.398600578308105,10.61788316470493,10.398600578308105,10.528438913816583,992600
2016-06-13,10.525554656982422,10.603457466714271,10.297615985891754,10.314928149419258,962850
2016-06-14,10.415912628173828,10.591915767484467,10.225483649344422,10.49381639908729,851375
2016-06-15,10.413029670715332,10.545753395957018,10.092762283881925,10.387062383132218,1520925
2016-06-16,10.40148639678955,10.493816003743357,10.257221265540368,10.30627142942651,1044925
2016-06-17,10.467850685119629,10.568836401519853,10.372635691150405,10.389947858443415,1377250
2016-06-20,10.545750617980957,10.707326949426905,10.47650389395295,10.574604222218378,1574825
2016-06-21,10.534211158752441,10.61788372992525,10.410142574667217,10.496701469613981,1325100
2016-06-22,10.464962005615234,10.6727031319038,10.424567924477758,10.514012167654496,1595300
2016-06-23,10.70444393157959,10.747722417371312,10.450536996923242,10.453422357718829,1522850
2016-06-24,10.499585151672363,10.612111311884387,10.31781130873146,10.51401195288064,1444275
2016-06-27,10.59480094909668,10.672703755623727,10.387059810667584,10.450535814848541,1258600
2016-06-28,10.9208402633667,10.992972357448117,10.586146114098003,10.718869822096114,2762025
2016-06-29,11.093957901000977,11.180516797889497,10.938152271830045,10.990087802577362,2387000
2016-06-30,11.053564071655273,11.145893692236985,10.920840362452946,11.050678710820156,3220175
2016-07-01,11.013168334960938,11.15454810551174,10.920838728195958,11.099727220919242,1106700
2016-07-04,11.117039680480957,11.223796101364382,11.04490758836254,11.099728479169459,752675
2016-07-05,11.180514335632324,11.22090841441301,11.01028194011283,11.01028194011283,1268750
2016-07-06,11.249764442443848,11.249764442443848,11.065105206429907,11.171860665139144,1297975
2016-07-07,11.31324291229248,11.474819297394296,11.131468997517326,11.321898996438197,1629775
2016-07-08,11.347864151000977,11.434423050031906,11.30169934064641,11.37094703771378,1450225
2016-07-11,11.598884582519531,11.682558119390801,11.37671661677032,11.379601977563883,3195325
2016-07-12,11.549834251403809,11.720066683571421,11.512325524680389,11.584458580444826,2775675
2016-07-13,11.619083404541016,11.740265682179192,11.523868413871329,11.552721061955332,1376900
2016-07-14,11.754692077636719,11.855676823942952,11.581573305959392,11.760461836595306,2078125
2016-07-15,11.62773609161377,11.812395312080604,11.4603890342173,11.751803704405257,3113950
2016-07-18,11.671016693115234,11.754691193178687,11.570031954407396,11.590228516920552,2563400
2016-07-19,11.87010383605957,11.927809131220762,11.619083201816373,11.711411866688502,1144675
2016-07-20,11.94223403930664,12.025907570761317,11.803739619394115,11.965315961089912,1321600
2016-07-21,12.017251968383789,12.265387212040698,11.78354352833635,11.942234515756537,1311275
2016-07-22,12.089384078979492,12.190368807144218,11.910495580480193,12.100924557894567,1137325
2016-07-25,12.147090911865234,12.32020871144895,12.060532012073379,12.152861633594165,1945650
2016-07-26,12.028794288635254,12.256732023864371,12.028794288635254,12.147091197648335,1610350
2016-07-27,12.077845573425293,12.222109781040896,12.028795396130372,12.028795396130372,1033725
2016-07-28,11.916267395019531,12.219223533457598,11.916267395019531,12.037449657780554,1515500
2016-07-29,12.178832054138184,12.366375728431892,12.03456687439045,12.03456687439045,1772575
2016-08-01,12.132662773132324,12.317321995864159,12.08072820942607,12.175942218268164,884625
2016-08-02,12.118237495422363,12.323093288412792,12.011481076370274,12.109581413379601,1689800
2016-08-03,12.334633827209473,12.372142550241678,11.982627554501358,11.999939717318183,2101925
2016-08-04,12.484668731689453,12.666442589162283,12.236533509494976,12.262500790674986,1379350
2016-08-05,12.409650802612305,12.579883211571007,12.262500313463025,12.484668245831523,1606850
2016-08-08,12.349058151245117,12.447158469028297,12.276926074500851,12.305778712584399,658875
2016-08-09,12.284318923950195,12.396532056297483,12.189824951522512,12.369954794903913,727300
2016-08-10,12.110093116760254,12.331566333460037,12.110093116760254,12.287270901594368,546000
2016-08-11,12.254789352416992,12.30498985941045,11.938823136873406,12.110093889395525,1502025
2016-08-12,12.231165885925293,12.4172017799937,12.142576989451884,12.322707811324959,831775
2016-08-15,12.25774097442627,12.390624306277298,12.154387928980194,12.163246029244592,666400
2016-08-16,11.974260330200195,12.364051344183808,11.974260330200194,12.142579065141147,1504650
2016-08-17,12.358145713806152,12.479216967705321,11.897483948819657,11.935871361439695,1149750
2016-08-18,11.870902061462402,12.609142401238328,11.870902061462402,12.609142401238328,1329475
2016-08-19,11.921106338500977,12.018553349095058,11.79412903470507,11.932918455781708,1278900
2016-08-22,11.767550468444824,11.944728265417295,11.643526207695537,11.746880251148546,1264375
2016-08-23,11.560842514038086,11.814798060439367,11.560842514038086,11.767549600032492,1330875
2016-08-24,11.723258018493652,11.870905538298704,11.519502942963596,11.525409001460964,1155700
2016-08-25,11.66419792175293,11.785269158813982,11.560843873771132,11.608091354077903,1050350
2016-08-26,11.498834609985352,11.785271594489743,11.298033516424717,11.785271594489743,1722000
2016-08-29,11.76164722442627,12.000836696126028,11.430915811017014,11.599234547174035,975450
2016-08-30,11.726207733154297,11.915197624905831,11.54312488438423,11.749831962451786,1059450
2016-08-31,11.516548156738281,11.826609280945851,11.44567743689655,11.69372594199975,1810900
2016-09-01,11.749832153320312,11.844327100731089,11.484065483348918,11.546078100605088,1371650
2016-09-02,11.974260330200195,11.974260330200194,11.693728448193704,11.78231735981077,1462650
2016-09-05,11.935869216918945,12.089423768096848,11.870904550170101,11.983117680964956,671825
2016-09-06,11.941770553588867,12.083512932715557,11.817746341474322,12.00378315247455,956375
2016-09-08,11.776408195495605,11.968351115269451,11.702584450501247,11.81479756797605,2148475
2016-09-09,11.484066009521484,11.67896197069302,11.45453670672407,11.549031658464381,1460200
2016-09-12,11.546076774597168,11.619900512558571,11.368899014964198,11.368899014964198,885325
2016-09-13,11.442723274230957,11.590371742537304,11.368899532906305,11.498829830179355,1426600
2016-09-14,11.489972114562988,11.616949398469446,11.404336249006139,11.55493776377361,834750
2016-09-15,11.557888984680176,11.59332434279346,11.398429380341847,11.457488967635383,572425
2016-09-16,11.460439682006836,11.554935602115753,11.380710874737796,11.448628554443077,1004675
2016-09-19,11.516548156738281,11.637620366148855,11.386617846590347,11.56970168944815,924000
2016-09-20,11.578560829162598,11.687819938226504,11.487018907312141,11.487018907312141,1542275
2016-09-21,11.678961753845215,11.743926415924731,11.50178298337901,11.50178298337901,1362375
2016-09-22,11.746881484985352,11.921106271264213,11.540174362025002,11.797081997488004,1919400
2016-09-23,11.70849323272705,11.90634225585104,11.599234104133773,11.773458892540955,701400
2016-09-26,11.693729400634766,11.74392991939419,11.53426974099918,11.74392991939419,850150
2016-09-27,11.649431228637695,11.800032736920473,11.596278682803415,11.749832234159546,863625
2016-09-28,11.76164722442627,11.85614219558816,11.608092649873857,11.74097601825951,1038275
2016-09-29,11.599233627319336,11.91224683919132,11.599233627319334,11.678963444896436,1077825
2016-09-30,11.36889934539795,11.779360444329127,11.368899345397947,11.670101348396944,2474325
2016-10-03,11.551986694335938,11.726211498724338,11.26259669211123,11.368903786773522,1807750
2016-10-04,11.404335021972656,11.62876026271975,11.360040579531217,11.551982506339415,1555575
2016-10-05,11.537219047546387,11.61990188035355,11.448630157301979,11.519500875234657,1045975
2016-10-06,11.487018585205078,11.578560504488612,11.422053924482189,11.578560504488612,879900
2016-10-07,11.54312515258789,11.605136784620443,11.43386506086254,11.54607818131869,1098650
2016-10-10,11.5313138961792,11.746880081291033,11.495878534428535,11.608090677581837,994000
2016-10-11,11.457488059997559,11.640571879012628,11.457488059997559,11.578559267984067,1159025
2016-10-13,11.63466739654541,11.87681085145512,11.472255726346534,11.472255726346534,3192875
2016-10-14,11.649431228637695,11.959492345737551,11.649431228637695,11.652384257368167,1052450
2016-10-17,11.826610565185547,11.894528263604224,11.513597363847165,11.652385789803354,1439550
2016-10-18,11.991972923278809,12.068749687734606,11.752783545014905,11.847278479263721,1940575
2016-10-19,11.867950439453125,12.015598919167736,11.80593880735926,11.956539330150468,1349250
2016-10-20,11.95654296875,12.015602575740209,11.80298937049584,11.867954051093394,1682100
2016-10-21,12.006738662719727,12.166198256170231,11.950632107904651,12.015597748057427,1541225
2016-10-24,11.971304893493652,12.133717536913391,11.900433187056976,12.018551383575227,1658125
2016-10-25,11.95949649810791,12.024462167077465,11.891578785040046,11.959496498107912,925925
2016-10-26,11.94472885131836,12.080565234703979,11.735068710792149,11.953587938732971,1697500
2016-10-27,11.98902702331543,12.163250853926945,11.850237579131106,11.977213918410564,1276450
2016-10-28,11.95949649810791,12.074661701610689,11.782318655391354,12.053991478977737,4771200
2016-10-31,11.974260330200195,12.169155344363325,11.823658786188243,12.000836609422372,1844500
2016-11-01,11.60513687133789,12.151434377075391,11.57560756946636,11.983116666447682,1989400
2016-11-03,11.386615753173828,11.755736399825185,11.368898569299251,11.605134915777993,2103675
2016-11-04,11.295077323913574,11.599233413847827,11.25668991609789,11.392525315006509,1716225
2016-11-07,11.54312515258789,11.670102431040917,11.33937109844831,11.33937109844831,1192625
2016-11-08,11.60513687133789,11.720303021385398,11.516547980066173,11.578560598219225,1212925
2016-11-09,11.413195610046387,11.613996648908103,11.18877033975554,11.371854190702587,1585850
2016-11-10,10.931862831115723,11.531313909595376,10.710390587844905,11.442725012287049,2624300
2016-11-11,10.567322731018066,10.991217846809814,10.495169666313778,10.756723146084843,2290925
2016-11-14,10.64247989654541,10.819854611661716,10.453079504884895,10.492162953653565,1876175
2016-11-16,10.852925300598145,10.913052685835531,10.567322478545563,10.675550567799522,1906800
2016-11-17,10.792797088623047,11.093432988303228,10.786785253689823,10.83188053829408,1993600
2016-11-18,10.810836791992188,10.822862470135695,10.519221121356855,10.711627957741703,1575175
2016-11-21,10.732673645019531,10.89802273260393,10.687578348089424,10.768749681868021,1233050
2016-11-22,10.726659774780273,10.976187595683884,10.699603000611924,10.822863199455552,1876525
2016-11-23,10.705615997314453,10.741692031228036,10.591374052530565,10.726659932314918,1168125
2016-11-24,10.672545433044434,10.7446985047101,10.618431883642565,10.70561605081857,247800
2016-11-25,10.65150260925293,10.73267394530257,10.507197454343565,10.564318432980649,633150
2016-11-28,10.798812866210938,10.852926414653796,10.582354658527967,10.582354658527967,736925
2016-11-29,10.672545433044434,10.83488808820585,10.624443719759958,10.735679245317153,1456175
2016-11-30,10.777769088745117,10.837896486630202,10.67855923345203,10.819857966221278,1778525
2016-12-01,10.284728050231934,10.798814884336773,10.143430309751878,10.720648959853124,3283175
2016-12-02,10.317794799804688,10.417004635354523,10.0021287832916,10.140420064994045,1585500
2016-12-05,10.224602699279785,10.45008025357889,10.122387398791743,10.320806161427107,880950
2016-12-06,10.344856262207031,10.39897082847457,9.999125927768123,10.128399000615035,1729350
2016-12-07,10.272704124450684,10.522231007263974,10.179507095091951,10.40197619316862,1421000
2016-12-08,10.224602699279785,10.444066408281623,10.209571598210578,10.3268190032461,1564675
2016-12-09,10.251656532287598,10.341847117819622,10.203554819771991,10.275706886806457,1192100
2016-12-12,10.119379043579102,10.21558248733729,10.011149918481618,10.200550385663172,1224300
2016-12-13,10.221593856811523,10.22760669661574,10.008143061151465,10.020167737281962,1890700
2016-12-14,10.179503440856934,10.242636242289361,10.077287186612885,10.227605148531909,1977850
2016-12-15,10.218585968017578,10.218585968017576,10.032191974792154,10.098331196175359,1080975
2016-12-16,10.239631652832031,10.362891861756243,10.158460320210672,10.221594136403933,1544725
2016-12-19,10.221593856811523,10.31178444691892,10.14342894631256,10.272701991669441,705950
2016-12-20,10.077287673950195,10.314789804363624,10.002129191094914,10.314789804363624,1320025
2016-12-21,10.110359191894531,10.110359191894531,10.110359191894531,10.110359191894531,1343300
2016-12-22,10.230612754821777,10.281719884394901,10.04421874139259,10.110357969944811,1076250
2016-12-23,10.26368522644043,10.329824473405381,10.200551396630084,10.200551396630084,894250
2016-12-26,10.290738105773926,10.380928683595336,10.221592464400484,10.320801297221795,330925
2016-12-27,10.281719207763672,10.407986823922712,10.230612081553867,10.383935467138958,566825
2016-12-28,10.462101936340332,10.49517155339205,10.25165755035942,10.25767039045573,746550
2016-12-29,10.522229194641113,10.636470144525902,10.37191120465568,10.47713389799328,1336475
2017-01-02,10.477132797241211,10.53425376792133,10.34485334120369,10.528240928536277,686350
2017-01-03,10.882989883422852,10.922072334004975,10.4831451154946,10.537258660314263,2194150
2017-01-04,10.744699478149414,10.937105345240841,10.651502462934726,10.765743415161573,1409800
2017-01-05,10.666532516479492,10.825869754171386,10.609412547692152,10.816850494843523,1157450
2017-01-06,10.53425407409668,10.729666342401108,10.459094583076917,10.726659922621202,1576400
2017-01-09,10.543272018432617,10.6545065259818,10.486151053216673,10.486151053216673,1455650
2017-01-10,10.53725814819336,10.609411210242568,10.374915514668736,10.582353435669951,1293775
2017-01-11,10.462101936340332,10.675552742369398,10.40197453885522,10.594381408025189,1157625
2017-01-12,10.612421035766602,10.979195288614118,10.594382513595274,10.81985902334642,2795800
2017-01-13,10.636469841003418,10.78979424662197,10.591374545642426,10.624444161313034,1180900
2017-01-16,10.516218185424805,10.735681866854295,10.465110039862626,10.67254803916498,592200
2017-01-17,10.687579154968262,10.75371939708219,10.47412833431168,10.51621721439216,1186150
2017-01-18,10.71763801574707,10.813841417983546,10.654505222920266,10.705613343075747,894075
2017-01-19,10.762737274169922,10.795807895797685,10.65150273912878,10.774762954761837,1153600
2017-01-20,10.777769088745117,10.879985364106362,10.639476776044022,10.798814029222195,945350
2017-01-23,10.895015716552734,10.95814953019227,10.753717996915832,10.831882906391124,949200
2017-01-24,10.681565284729004,10.895016084808368,10.681565284729004,10.895016084808368,1283275
2017-01-26,10.870963096618652,11.024286463767995,10.705614052523414,10.71463230675512,1370425
2017-01-27,10.852925300598145,10.946122296151092,10.75371646965146,10.87998307551997,683725
2017-01-30,10.705615997314453,10.879984330795013,10.675551799488222,10.765742386011125,1015175
2017-01-31,10.762737274169922,10.895016750246914,10.53124794016568,10.723654815724222,1142400
2017-02-01,10.71763801574707,10.89801914407105,10.561308239721033,10.852923861990055,1405250
2017-02-02,10.858938217163086,10.937103116096496,10.585361070896154,10.663525969829562,874650
2017-02-03,10.958152770996094,11.060369069603093,10.786790802052618,10.873974996900289,1502375
2017-02-06,10.913056373596191,11.036316601681273,10.82887860790501,11.012266241545843,929600
2017-02-07,10.901028633117676,10.99422564256358,10.822863723091414,10.96716886708616,1400875
2017-02-08,10.94311809539795,10.97017487232767,10.831883564155781,10.937105255307348,829500
2017-02-09,11.15356159210205,11.373024197302302,10.892008109931655,10.90403378807232,3998400
2017-02-10,11.168595314025879,11.240747392890043,11.003246214599969,11.156569633055833,1223775
2017-02-13,11.21970272064209,11.318911571720246,11.066378308739141,11.168594583341108,1761900
2017-02-14,11.060365676879883,11.240745849269834,11.039320738072274,11.240745849269834,2363900
2017-02-15,11.231725692749023,11.303877749496221,11.105458088224811,11.156566213203137,2951025
2017-02-16,11.168595314025879,11.2828372762852,11.093436814919201,11.15055679257081,1040025
2017-02-17,11.228720664978027,11.297866310973344,11.099446625112229,11.105459464499278,1335950
2017-02-20,11.243751525878906,11.37302455957544,11.156567363537572,11.228720431202094,547225
2017-02-21,11.294859886169434,11.40910182751592,11.156567590763503,11.33093591899753,1047025
2017-02-22,11.333942413330078,11.466221870222817,11.222707894421081,11.222707894421081,1718675
2017-02-23,11.333942413330078,11.436158676581064,11.21068221557323,11.42112657802125,1450400
2017-02-24,11.117484092712402,11.364005466896678,11.039319195022806,11.219700345677428,2277800
2017-03-01,11.183623313903809,11.306884502747392,11.120490513254923,11.210681088591423,987175
2017-03-02,11.12049388885498,11.210684491568628,11.021284025174353,11.15055708860017,1084300
2017-03-03,11.045332908630371,11.171599523393347,10.873971002632198,11.120491392863078,1289400
2017-03-06,11.123499870300293,11.279830710459029,10.991220391771227,11.018278173604607,1534750
2017-03-07,11.177610397338867,11.22871851888284,11.11147118367797,11.177610397338867,974750
2017-03-08,11.015270233154297,11.21068352331562,10.934099901896289,11.18062032616695,1180900
2017-03-09,10.729666709899902,11.015269574427833,10.720647450251267,11.00625131825713,1503600
2017-03-10,10.774761199951172,10.904034234826382,10.630456066784243,10.771754780292829,3061275
2017-03-13,11.018278121948242,11.1685951175168,10.65751472354082,10.825871243725093,2346750
2017-03-14,10.882989883422852,11.117484586915584,10.882989883422852,10.913053075375757,1575525
2017-03-15,10.882989883422852,11.057357199531955,10.789792884543248,10.943116267328662,1846250
2017-03-16,10.988213539123535,11.147550793215219,10.882991846568872,10.882991846568872,966700
2017-03-17,11.108467102050781,11.207676955858041,10.910048397914236,11.120492782143291,2967300
2017-03-20,10.991219520568848,11.189639224374028,10.934099548181988,11.114479728716754,999075
2017-03-21,10.810836791992188,11.030300400722108,10.738684730086778,10.991217950233526,1707300
2017-03-22,10.831883430480957,10.907041923729981,10.690584700529532,10.792799970374372,1479975
2017-03-23,10.795805931091309,11.012263124963061,10.6996025108199,10.756723479758143,975450
2017-03-24,10.882989883422852,10.889001719031178,10.74469759487498,10.795805723629393,1410325
2017-03-27,10.801816940307617,10.922071708184431,10.714632785509696,10.828874714644893,906325
2017-03-28,10.681565284729004,10.81384475272672,10.597387532683001,10.762736616810654,1495025
2017-03-29,10.759729385375977,10.762735805113593,10.561310700082595,10.657513121252727,1079925
2017-03-30,10.64247989654541,10.759727232418369,10.55228932941923,10.759727232418369,1077825
2017-03-31,10.633460998535156,10.77475969227225,10.573333617259577,10.594378551923231,955850
2017-04-03,10.669539451599121,10.747704355242078,10.588367124839904,10.630455996299792,894950
2017-04-04,10.789793968200684,10.810837903637887,10.61542462762341,10.669540184833728,670250
2017-04-05,10.660520553588867,10.789793591983397,10.537259351196834,10.789793591983397,1320375
2017-04-06,10.540264129638672,10.645486797204603,10.429029627006386,10.630454700844405,1113700
2017-04-07,10.522229194641113,10.714635057788017,10.480140318001668,10.519222774632725,959000
2017-04-10,10.525236129760742,10.600394626692774,10.441058372362143,10.558305747993474,717150
2017-04-11,10.507197380065918,10.594381555721876,10.33583544884407,10.504190959975851,1339800
2017-04-12,10.420013427734375,10.669541283167923,10.401974906807364,10.549286483943892,1404550
2017-04-13,10.221593856811523,10.504190303264217,10.221593856811523,10.410993293254709,1084650
2017-04-17,10.447067260742188,10.495168966176895,10.23962934594596,10.272699958323267,1431850
2017-04-18,10.462101936340332,10.483146876677417,10.386943442092432,10.407988382429517,876225
2017-04-19,10.314791679382324,10.49517187032887,10.278714637714998,10.471121512695337,1105825
2017-04-20,10.353874206542969,10.591375378230333,10.314791747954896,10.3568806267019,1433250
2017-04-24,10.368905067443848,10.522229481619366,10.221594496927098,10.37191148753423,918050
2017-04-25,10.447067260742188,10.495168966176895,10.22760467219559,10.383934462250082,1432550
2017-04-26,10.39595890045166,10.633459976534223,10.317793011262758,10.522225485864723,1216250
2017-04-27,10.323806762695312,10.456086197710968,10.254661127711593,10.450074362759187,1454600
2017-04-28,10.221593856811523,10.383936517613664,10.221593856811523,10.320802703147312,2398550
2017-05-02,10.426027297973633,10.549287526050348,10.251658925699711,10.27270386886014,4117575
2017-05-03,10.456089973449707,10.522230216579914,10.386944313497194,10.462102814050459,1622600
2017-05-04,10.350868225097656,10.507198066075865,10.28172156198955,10.383937844769498,1484700
2017-05-05,10.347857475280762,10.41099026792341,10.284723679160468,10.368901405002429,1118075
2017-05-08,10.284728050231934,10.389950753993492,10.251658430341585,10.371912232156172,755475
2017-05-09,10.236624717712402,10.38393627909824,10.236624717712402,10.335834565247312,1408750
2017-05-10,10.320801734924316,10.36890344536757,10.257668929858564,10.284725702961337,1789725
2017-05-11,10.245644569396973,10.45608895248451,10.233618889369692,10.353873682686547,1306375
2017-05-12,10.350868225097656,10.447070663826826,10.296753663421326,10.296753663421326,1612625
2017-05-15,10.426027297973633,10.444064817204449,10.326817430030713,10.371912733324939,1090250
2017-05-16,10.483145713806152,10.498176808901574,10.341846997650771,10.44105684127879,1562225
2017-05-17,10.374917030334473,10.453081939118894,10.239631148140859,10.40498022521819,2618000
2017-05-18,9.833773612976074,10.209568068930924,9.109243483376337,9.890894587032443,4784500
2017-05-19,10.041213989257812,10.116372489679936,9.869852046347654,9.869852046347654,3130750
2017-05-22,9.96605110168457,10.08630485011873,9.896904468813648,10.041209569021216,2346925
2017-05-23,9.981084823608398,10.215580547813001,9.929976691097842,10.014154437534797,1664950
2017-05-24,10.080293655395508,10.206560262356131,10.056242299701413,10.128395363305906,1529150
2017-05-25,10.041213989257812,10.14643568915317,9.972067325947883,10.14042284856291,946050
2017-05-26,10.137414932250977,10.209566994588057,10.05323618822062,10.116369995373931,1669325
2017-05-29,10.137414932250977,10.137414932250977,10.137414932250977,10.137414932250977,0
2017-05-30,10.153554916381836,10.199497609185276,10.064729446204229,10.107610178863776,1463175
2017-05-31,10.15968132019043,10.187248166665924,9.97590643311696,10.187248166665924,2156700
2017-06-01,10.22400188446045,10.309763353262891,10.070855820251886,10.15968027167994,1981175
2017-06-02,10.22706413269043,10.337328432222446,10.184183401368433,10.300573665711774,1913275
2017-06-05,10.150492668151855,10.328142616893581,10.107611928071435,10.196437413621043,1671250
2017-06-06,10.150492668151855,10.242380114375255,10.095361018303807,10.150492668151855,1543500
2017-06-07,10.248505592346191,10.248505592346191,10.132114299026586,10.233190679446945,1820700
2017-06-08,10.168869972229004,10.227065624065771,10.086171479931057,10.214813692656467,1168475
2017-06-09,10.19949722290039,10.248504941063588,10.08923292410501,10.205624210028061,1722875
2017-06-12,10.168869972229004,10.224002641213445,10.092297445635708,10.224002641213445,1434650
2017-06-13,10.202560424804688,10.260756069018356,10.107610013535075,10.159679692846536,1794100
2017-06-14,10.168869972229004,10.315890082068371,10.13211520035852,10.211750709804141,3004575
2017-06-15,10.168869972229004,10.168869972229004,10.168869972229004,10.168869972229004,0
2017-06-16,10.539483070373535,10.539483070373535,10.144367470448945,10.144367470448945,5722850
2017-06-19,10.65893840789795,10.720197056525224,10.481289451472279,10.530296165902566,1254575
2017-06-20,10.597676277160645,10.714067569073668,10.545607618647123,10.655871923117155,2144450
2017-06-21,10.674250602722168,10.830458634455603,10.563985267792471,10.563985267792471,1988700
2017-06-22,10.640557289123535,10.790640370581704,10.588488629246118,10.649746236992732,1297975
2017-06-23,10.585426330566406,10.72019450761686,10.585426330566406,10.640557976629044,1460900
2017-06-26,10.692627906799316,10.756949525153502,10.567048675339414,10.63749625947566,1283275
2017-06-27,10.576236724853516,10.695689980375809,10.487412273280112,10.658935211165668,1923075
2017-06-28,10.674250602722168,10.714068356347502,10.563985267792471,10.563985267792471,1166025
2017-06-29,10.413902282714844,10.698752498493977,10.413902282714844,10.698752498493977,1537550
2017-06-30,10.389399528503418,10.518041740023982,10.389399528503418,10.465973076736963,1499225
2017-07-03,10.51191520690918,10.5333560855172,10.398587915624585,10.462909529091284,775775
2017-07-04,10.49047565460205,10.53641937345016,10.459845827131717,10.521104459714993,354725
2017-07-05,10.404715538024902,10.576238504776839,10.340393914314163,10.514979864212208,1330875
2017-07-06,10.438407897949219,10.536421319239908,10.401653120554606,10.404716103867289,1642025
2017-07-07,10.533356666564941,10.68650171849781,10.481286980859096,10.49047592934085,1992375
2017-07-10,10.65893840789795,10.67731630919343,10.527233182353319,10.671190342094937,1747025
2017-07-11,10.677314758300781,10.766139223611757,10.530294636364765,10.658936859674712,1746150
2017-07-12,10.741633415222168,10.900904403241148,10.652807952079609,10.756947304158006,2520350
2017-07-13,10.717135429382324,10.7875820152157,10.612996020242926,10.7875820152157,2385600
2017-07-14,10.643620491027832,10.756948805701366,10.582362882019181,10.738570909584348,1137850
2017-07-17,10.643620491027832,10.674250317889529,10.548671094828686,10.64974645640017,679175
2017-07-18,10.674250602722168,10.69875344250799,10.560922285024569,10.63136986632893,781550
2017-07-19,10.625243186950684,10.686500793478428,10.57623648831409,10.637495117199164,866425
2017-07-20,10.66506290435791,10.680377819992323,10.542546646355166,10.649747988723497,877625
2017-07-21,10.66506290435791,10.778390212980007,10.625245146065957,10.671188870611676,1096550
2017-07-24,10.753886222839355,10.766138154039556,10.680376680352978,10.711005485996068,546350
2017-07-25,10.815141677856445,10.897841174612168,10.652807711248778,10.75694706097287,1244775
2017-07-26,10.738570213317871,10.839646590693144,10.704878428311881,10.796765858224438,1152200
2017-07-27,10.741633415222168,10.842708762684723,10.720192539411874,10.821268909231659,743575
2017-07-28,10.698752403259277,10.89784217440429,10.661997635972106,10.87333831464131,1071350
2017-07-31,10.720193862915039,10.790640418845943,10.692627019184147,10.775326528019468,1204525
2017-08-01,10.858024597167969,10.922346213766806,10.750823265979788,10.77226312327446,1507450
2017-08-02,10.980542182922363,11.139814226452092,10.81514417360025,10.861088917043151,1563275
2017-08-03,11.087743759155273,11.136749437330183,10.980541410048907,10.998919306132526,1365875
2017-08-04,11.087743759155273,11.118372563603934,10.995855301094553,11.10305765020092,744275
2017-08-07,11.115312576293945,11.228639898943761,10.965229451571888,11.136752438478442,1326850
2017-08-08,10.998917579650879,11.142873653613199,10.980539686452008,11.139811693770596,1768200
2017-08-09,10.962163925170898,11.057114347116572,10.922346171186812,11.005044661950485,1904350
2017-08-10,10.894290924072266,10.958093907022736,10.718835116804721,10.926192947957778,1479975
2017-08-11,10.961284637451172,11.02827782601747,10.833679730223652,10.910242461596043,1148350
2017-08-14,11.044227600097656,11.187783503936279,10.894290227069652,10.970854014675878,1194550
2017-08-15,11.13035774230957,11.229251861529567,11.04741463097031,11.095266589792235,1204700
2017-08-16,10.999563217163086,11.245203426596172,10.96128186117281,11.210112272340114,1916950
2017-08-17,11.012327194213867,11.088890993055147,10.923003649582913,11.002756586256126,931875
2017-08-18,11.13035774230957,11.14311854861416,10.980422527511788,11.0601754372749,702100
2017-08-21,11.037846565246582,11.13355156972547,11.037846565246582,11.120790760485546,561925
2017-08-22,11.136738777160645,11.165450592974564,11.101647622652866,11.101647622652866,1347850
2017-08-23,11.13035774230957,11.206921515316822,11.101646992944529,11.136738145461864,979475
2017-08-24,11.165450096130371,11.194160845846364,11.114407935108375,11.18140003938579,4336150
2017-08-25,11.20692253112793,11.28986564998527,11.149499962372701,11.184591118070749,909825
2017-08-28,11.277105331420898,11.340907235827995,11.2069219587887,11.2069219587887,732725
2017-08-29,11.398331642150879,11.420661992852969,11.229254119084198,11.251585534606788,1074850
2017-08-30,11.34090805053711,11.382379610827057,11.257964929957211,11.37280900503236,1092700
2017-08-31,11.516366004943848,11.602500400558686,11.356860152308567,11.356860152308567,3154550
2017-09-01,11.541887283325195,11.580168644238727,11.427042135764125,11.48765491168916,1495550
2017-09-04,11.442991256713867,11.545075578838041,11.411090305357675,11.545075578838041,492450
2017-09-05,11.548266410827637,11.599307509855546,11.468512430853268,11.525934998285114,1871800
2017-09-06,11.484464645385742,11.631210748751533,11.484464645385742,11.589739185925186,1816325
2017-09-07,11.484464645385742,11.484464645385742,11.484464645385742,11.484464645385742,0
2017-09-08,11.742864608764648,11.781147034219718,11.494035232229493,11.497224369530281,5416775
2017-09-11,12.071446418762207,12.1065386375763,11.765194508308795,11.77157491172954,1525650
2017-09-12,11.991692543029785,12.11610720528612,11.95022098894434,12.052305305840932,2268000
2017-09-13,12.0044527053833,12.096966412958116,11.962981153520818,12.0044527053833,2819075
2017-09-14,11.915130615234375,12.128868802516669,11.915130615234375,12.004454132142227,1693125
2017-09-15,11.663111686706543,11.959794095094427,11.647161740918909,11.927892073878224,3649275
2017-09-18,11.844945907592773,11.918319472733547,11.726911653855279,11.726911653855279,1016050
2017-09-19,11.739675521850586,11.88961184133137,11.6918246151271,11.835380529759266,1525650
2017-09-20,11.643973350524902,11.8034803015494,11.596121371699626,11.749247916904656,2434600
2017-09-21,11.545075416564941,11.83856650752137,11.487652853074666,11.679060688162062,1335425
2017-09-22,11.500414848327637,11.637590335679352,11.500414848327637,11.57059716054461,1012725
2017-09-25,11.43342113494873,11.554645607080507,11.369618164720228,11.49722304035689,984200
2017-09-26,11.6343994140625,11.6343994140625,11.40471021538421,11.490843531786028,2497075
2017-09-27,11.449374198913574,11.704583995997947,11.43980359193829,11.679063442217723,1949675
2017-09-28,11.592930793762207,11.838569998378798,11.382381687153014,11.484466037944102,2345000
2017-09-29,11.564214706420898,11.746052988169707,11.551453901072868,11.640777408868665,1717450
2017-10-02,11.458946228027344,11.650353067185335,11.414284454753702,11.596120685748625,876750
2017-10-03,11.714155197143555,11.84495030464508,11.4812757397021,11.535508117158974,2083025
2017-10-04,11.682252883911133,11.92789205802665,11.66949207544161,11.749244998735195,813925
2017-10-05,11.860901832580566,12.234147021206335,11.758817478203827,11.758817478203827,2949450
2017-10-06,11.78752613067627,11.854519309021306,11.666301647028638,11.781146791385718,741650
2017-10-09,11.6950101852417,11.844946458985367,11.679060242806157,11.762003350895762,889700
2017-10-10,11.822617530822754,12.071447972150334,11.752435213803968,11.803477382917844,1512000
2017-10-11,11.803475379943848,11.96936266761905,11.742862614752882,11.774764630548278,2594900
2017-10-12,11.803475379943848,11.803475379943848,11.803475379943848,11.803475379943848,0
2017-10-13,11.991692543029785,12.055494442474972,11.85132687350203,11.85132687350203,1769425
2017-10-16,11.860901832580566,12.119301856327343,11.860901832580566,12.061880338708484,1410500
2017-10-17,11.771576881408691,12.05230828997284,11.726915114810783,11.902371978958248,2593675
2017-10-18,11.707773208618164,11.813047746805946,11.701392804507336,11.765195780795176,2377900
2017-10-19,11.682252883911133,11.777955752971156,11.59611849156232,11.69501262756019,1514800
2017-10-20,11.6343994140625,11.777954231518644,11.628019010651947,11.768384691223142,1737575
2017-10-23,11.484464645385742,11.698202863770838,11.478084241132386,11.663111705197847,1451100
2017-10-24,11.557838439941406,11.624831627173156,11.490846317530242,11.490846317530242,1861650
2017-10-25,11.548266410827637,11.672681086246337,11.497223182159011,11.624829124189858,1025150
2017-10-26,11.481271743774414,11.669489365712693,11.481271743774412,11.589736460938235,1197350
2017-10-27,11.685440063476562,11.816235121996367,11.449370491954395,11.484461641348453,1939000
2017-10-30,11.487653732299805,11.710962535386287,11.328146835912108,11.663110572952014,1899100
2017-10-31,11.420659065246582,11.567405135173338,11.391948317469266,11.48765222982062,1477000
2017-11-01,11.363239288330078,11.599308925634677,11.34409914006351,11.513175596383896,1069075
2017-11-02,11.363239288330078,11.363239288330078,11.363239288330078,11.363239288330078,0
2017-11-03,11.251585960388184,11.414283085176606,11.184592776105765,11.363239847764829,2011275
2017-11-06,11.519554138183594,11.634399268495992,11.267534595541896,11.30900508755097,1390550
2017-11-07,11.391952514648438,11.710965318414608,11.280297554160999,11.471705449384825,2464000
2017-11-08,11.969366073608398,12.05868961361274,11.468514931301904,11.474895336276584,2356025
2017-11-09,12.029973983764648,12.116107294020637,11.813045607385858,11.813045607385858,1381800
2017-11-10,11.781771659851074,12.077127630462199,11.697383465849116,12.060898923277536,1432025
2017-11-13,11.785018920898438,12.093356813657401,11.606506368923847,11.707122199726012,2120825
2017-11-14,11.658439636230469,11.895373403290076,11.583788647964298,11.84344152737722,1365350
2017-11-15,11.658439636230469,11.658439636230469,11.658439636230469,11.658439636230469,0
2017-11-16,11.976513862609863,11.99274148921386,11.710368436017704,11.768790708524127,1419250
2017-11-17,11.875895500183105,12.070635644855114,11.836947687920352,11.859666793674355,1309525
2017-11-20,11.875895500183105,11.875895500183104,11.875895500183104,11.875895500183104,0
2017-11-21,12.041428565979004,12.330292042516453,11.898618073796301,12.02844451362955,1355200
2017-11-22,12.077129364013672,12.28160568709951,12.038180461179753,12.135550551547656,1164450
2017-11-23,12.17125415802002,12.323799699603168,11.970022486112267,12.11932336903226,352625
2017-11-24,12.0479154586792,12.314060828696325,12.0479154586792,12.29134063957854,502425
2017-11-27,12.00572395324707,12.10958552593038,11.872651787215894,12.06739196515749,854875
2017-11-28,11.905106544494629,12.145285993231532,11.90510654449463,12.077127590000874,1108625
2017-11-29,11.72010326385498,11.963528446690587,11.629224673377456,11.914843410123465,1732675
2017-11-30,11.49940013885498,11.739579619388984,11.372819456555677,11.690894574911031,2620450
2017-12-01,11.466939926147461,11.632468371384535,11.392288972066414,11.499396250371618,1169700
2017-12-04,11.629223823547363,11.713610925201408,11.476677242336947,11.492905947792792,1035825
2017-12-05,11.496152877807617,11.733086585175588,11.447467839763288,11.554575140132473,716275
2017-12-06,11.46369457244873,11.535098704824376,11.389043615847175,11.460447748222819,1496250
2017-12-07,11.359834671020508,11.522117404401797,11.255973114975859,11.37930803567997,1589000
2017-12-08,11.311150550842285,11.538347046000078,11.311150550842285,11.437731223139124,1334550
2017-12-11,11.32737922668457,11.418257824489718,11.268956961421734,11.324132401736163,839650
2017-12-12,11.376065254211426,11.376065254211426,11.152114460530587,11.265713270140663,1091825
2017-12-13,11.294921875,11.612998052484746,11.15535823590874,11.457205705350892,2329600
2017-12-14,11.298168182373047,11.440977570224117,11.148867310979872,11.18781512887409,1574650
2017-12-15,11.525365829467773,11.574050877490327,11.298169299815351,11.298169299815351,2619925
2017-12-18,11.564311027526855,11.60975031889136,11.41825593027849,11.554573804372,822325
2017-12-19,11.385799407958984,11.664926660023728,11.265710229755513,11.574048070205357,2027375
2017-12-20,11.512384414672852,11.635719369133547,11.379311150179682,11.379311150179682,1437975
2017-12-21,11.51887321472168,11.619487950162261,11.483170058571025,11.525363614299863,1479625
2017-12-22,11.460453033447266,11.564315705757537,11.450716889711908,11.492910457093787,404250
2017-12-25,11.460453033447266,11.460453033447264,11.460453033447264,11.460453033447264,0
2017-12-26,11.522116661071777,11.651943056072927,11.499397556541714,11.548082590086919,639800
2017-12-27,11.593523979187012,11.703877030742275,11.49615389448728,11.60326120432866,490175
2017-12-28,11.525365829467773,11.729843247834207,11.525365829467772,11.67791245771958,1549275
2017-12-29,11.525365829467773,11.525365829467772,11.525365829467772,11.525365829467772,0
2018-01-02,11.593523979187012,11.67791109703121,11.509136861342814,11.616243087825811,929075
2018-01-03,11.515626907348633,11.612998072412939,11.444222758555386,11.52211839057681,942550
2018-01-04,11.36633014678955,11.603263930784188,11.36633014678955,11.603263930784188,1989400
2018-01-05,11.424748420715332,11.486416428628374,11.382555946035831,11.382555946035831,622650
2018-01-08,11.48966121673584,11.53834625402501,11.376062435275024,11.444221920823168,1128400
2018-01-09,11.48966121673584,11.528609029895522,11.369570952522032,11.492906958112338,1307075
2018-01-10,11.447469711303711,11.492909015350046,11.40527614921486,11.492909015350046,1456525
2018-01-11,11.333869934082031,11.479925059523556,11.327379534084107,11.479925059523556,1808975
2018-01-12,11.392291069030762,11.405274034453408,11.278692288299132,11.337114549342777,874825
2018-01-15,11.453959465026855,11.489661537807713,11.343606421858784,11.411765909311603,567350
2018-01-16,11.505889892578125,11.509136717609843,11.434485742481197,11.453960192521288,872900
2018-01-17,11.677909851074219,11.759051218547276,11.457204854869861,11.47018673698193,1254750
2018-01-18,11.716859817504883,11.836950103459687,11.60975358276495,11.645455661011594,4148900
2018-01-19,11.927825927734375,12.077126773160195,11.720102823949198,11.772033599895492,1542625
2018-01-22,11.911599159240723,12.0609000289518,11.879142825254275,11.947301234961651,1271900
2018-01-23,11.629223823547363,11.934316985968197,11.600013237085019,11.911596798330015,821275
2018-01-24,11.911599159240723,12.028442611606964,11.726596213808714,11.781772739936546,2752575
2018-01-25,11.911599159240723,11.91159915924072,11.91159915924072,11.91159915924072,0
2018-01-26,11.947300910949707,12.090110293318814,11.856422311565582,12.031689110399277,1523725
2018-01-29,11.888876914978027,12.015457559164327,11.801242994617246,11.992737373014986,1459500
2018-01-30,11.830456733703613,11.905106620261478,11.668172911442733,11.801245060683177,779975
2018-01-31,11.664928436279297,11.95703869804386,11.603261508814057,11.908353654416432,1540000
2018-02-01,11.713611602783203,11.999230335178831,11.697382896388598,11.911597487364439,1883350
2018-02-02,11.684402465820312,11.814228883026733,11.54159308188574,11.684402465820312,1799700
2018-02-05,11.522116661071777,11.671417502834284,11.492906074287928,11.671417502834284,1221500
2018-02-06,11.668170928955078,11.700628337907535,11.333867200251543,11.405272416588838,1989225
2018-02-07,11.609753608703613,11.791510825665487,11.561067479133325,11.677912023385081,1160950
2018-02-08,11.418256759643555,11.648698974255863,11.382554688840688,11.60650433752001,1070650
2018-02-09,11.343605995178223,11.466941999575896,11.262464628266985,11.392291031996619,1191050
2018-02-14,11.49940013885498,11.713613684542912,11.405275791754836,11.424749159530958,2047325
2018-02-15,11.668170928955078,11.833700464538278,11.512379699415725,11.600012536871139,1584275
2018-02-16,11.924581527709961,12.0381792326405,11.687647809775791,11.716858400561739,1839425
2018-02-19,11.950547218322754,12.002476915700065,11.836948432333887,11.97651206701141,446950
2018-02-20,12.258886337280273,12.421169095812582,11.85317727423265,11.87589746710789,4472300
2018-02-21,12.349762916564941,12.460114870927598,12.060898440393006,12.262130067992915,3197250
2018-02-22,12.398451805114746,12.557488845138035,12.236167939417413,12.349766753741404,3205650
2018-02-23,12.658102989196777,12.75547307885881,12.44064370007607,12.674331698593262,2896950
2018-02-26,12.852839469909668,13.028105147522435,12.710030118391602,12.768452372048566,3098200
2018-02-27,12.820387840270996,12.963197244104023,12.804159129599565,12.84959843612105,1819300
2018-02-28,12.70678997039795,12.898284437024294,12.50555827664987,12.81389730201981,3025925
2018-03-01,12.75871753692627,13.04433629341415,12.619153900235032,12.703541013888648,2006900
2018-03-02,12.70678997039795,12.91451314889385,12.525032730893336,12.768457992143658,2617300
2018-03-05,12.739246368408203,12.820387754505497,12.693807062190697,12.732754884183057,1190000
2018-03-06,12.547752380371094,12.810651001042691,12.547752380371094,12.810651001042691,2013200
2018-03-07,12.677578926086426,12.739246945661158,12.560734371456258,12.560734371456258,2011100
2018-03-08,12.693805694580078,12.765209846646682,12.651611051662615,12.658102535188378,1065225
2018-03-09,12.70678997039795,12.846353642400318,12.687316599513084,12.755475022648012,1071000
2018-03-12,12.778188705444336,12.875558760309017,12.706783492976479,12.706783492976479,965650
2018-03-13,12.495818138122559,12.833366570230282,12.4860809141137,12.833366570230282,1822275
2018-03-14,12.43090534210205,12.583451946458162,12.385466043289414,12.54774987239645,1271025
2018-03-15,12.33028793334961,12.499063223909825,12.297831605047268,12.495817482743773,1828925
2018-03-16,12.460118293762207,12.755474333683363,12.294589775067882,12.297835517266481,3572275
2018-03-19,12.528274536132812,12.609416986622168,12.346517353747196,12.346517353747196,781550
2018-03-20,12.593189239501953,12.641873196803903,12.486081933377633,12.599680722704438,631750
2018-03-21,12.693805694580078,12.752226879595154,12.518539972818052,12.62889194268084,1562400
2018-03-22,12.550996780395508,12.807404994672783,12.460118166480191,12.739246575915562,1359925
2018-03-23,12.47634220123291,12.58994096773004,12.382217880429504,12.495816646926633,1122975
2018-03-26,12.495818138122559,12.602925435503494,12.323797097374154,12.602925435503494,1314950
2018-03-27,12.521782875061035,12.602925324394574,12.414675578624372,12.479589321419553,1698025
2018-03-28,12.54450511932373,12.739245296254424,12.45038077269779,12.45038077269779,2567600
2018-03-29,12.71003246307373,12.791174918316422,12.554241202393081,12.651610198639323,1303925
2018-04-02,12.492573738098145,12.752226572730107,12.391957912586788,12.726261722610259,1062950
2018-04-03,12.32055377960205,12.567224752890935,12.32055377960205,12.49906633813806,2330650
2018-04-04,12.388712882995605,12.528276533387928,12.174498252920891,12.24590349073194,2315775
2018-04-05,12.538010597229004,12.739242209072774,12.421166086042893,12.56072970124076,2078125
2018-04-06,12.401694297790527,12.6905587880234,12.1939711774654,12.46336230226673,1945125
2018-04-09,12.268621444702148,12.52178276431195,12.242655514470432,12.52178276431195,1740200
2018-04-10,12.495818138122559,12.6353817655081,12.265374836679257,12.265374836679257,3844050
2018-04-11,12.333534240722656,12.557484974670508,12.219935461412076,12.54125735145346,1160250
2018-04-12,12.41467571258545,12.460115008024918,12.333534345734597,12.424412936613534,1727600
2018-04-13,12.447136878967285,12.5282782702832,12.239413703836929,12.382223115899404,1141700
2018-04-16,12.168007850646973,12.499065937963216,12.168007850646973,12.499065937963216,1182475
2018-04-17,12.317309379577637,12.317309379577637,12.099848996137657,12.219938201649287,1595125
2018-04-18,12.385467529296875,12.424415349615186,12.239412390584361,12.31730911457945,2361800
2018-04-19,12.229676246643066,12.359503770334761,12.138797630074018,12.356258028074542,1538775
2018-04-20,12.197216987609863,12.314061514290243,12.041425729847095,12.314061514290243,1978725
2018-04-23,12.106339454650879,12.330290219846463,12.106339454650879,12.23616587529312,1119125
2018-04-24,12.495180130004883,12.68004114439182,12.413020440940965,12.498604688266468,1650950
2018-04-25,12.52940845489502,12.601297863703564,12.423284906023785,12.423284906023785,1197175
2018-04-26,12.905976295471191,12.929940196191064,12.539680097189416,12.556796026470504,1320550
2018-04-27,12.8854398727417,12.93336654238404,12.741659863814679,12.93336654238404,2117675
2018-04-30,12.662920951843262,12.919671345345705,12.66292095184326,12.919671345345705,1125600
2018-05-02,12.61499309539795,12.700577313582976,12.512292947705275,12.611569680964081,1384075
2018-05-03,12.556794166564941,12.748501915943242,12.47805793261394,12.5636409943279,1773450
2018-05-04,12.436981201171875,12.58076119196058,12.385631122842923,12.51914086943348,1054200
2018-05-07,12.365091323852539,12.519141567428342,12.361667908928952,12.423288234891645,1095150
2018-05-08,12.303471565246582,12.467792061170545,12.224735303697006,12.375362139295163,1332275
2018-05-09,12.317163467407227,12.440404107424175,12.207616485761438,12.306893223628856,1358350
2018-05-10,12.727967262268066,12.816973778629919,12.306896303280942,12.389057131405911,2340100
2018-05-11,12.642383575439453,12.793009277586686,12.484909900048644,12.673193170394663,1720600
2018-05-14,12.666341781616211,12.892282538852426,12.591027814983617,12.710845021719376,2434250
2018-05-15,12.656076431274414,12.782740515086104,12.430136729369412,12.666346677420552,2280950
2018-05-16,13.248309135437012,13.344162448650202,12.55337204331058,12.55337204331058,2960300
2018-05-17,12.967594146728516,13.190110326376871,12.919667497061065,13.111374095730866,2488850
2018-05-18,13.241463661193848,13.255156175684766,12.803275773604947,12.916246159790312,3008950
2018-05-21,13.214077949523926,13.31677810530059,12.974444633598967,13.265428027412257,1816675
2018-05-22,13.08399486541748,13.3749783314348,13.039491605892884,13.35101442256506,2994075
2018-05-23,13.090839385986328,13.22435029531126,12.943637100995701,13.046336130432007,1563625
2018-05-24,12.90255069732666,13.162724433513928,12.895705012369863,12.991558313702832,2158625
2018-05-25,12.875165939331055,13.11479921890305,12.840931797491049,12.90597552432545,1583400
2018-05-28,12.659497261047363,12.902553990220047,12.464367194772645,12.840933668590722,646100
2018-05-29,12.426712036132812,12.721118872742503,12.231581950069693,12.721118872742503,3181325
2018-05-30,12.662920951843262,12.707424201028777,12.358243894397813,12.385631212457701,2261175
2018-06-01,12.871747016906738,12.974447192942069,12.594457227208549,12.69715626058187,1930075
2018-06-04,12.76219654083252,12.998406424437569,12.673190050507335,12.998406424437569,1351175
2018-06-05,12.392476081848145,12.765619090099483,12.392476081848145,12.669765777374645,1626975
2018-06-06,12.169960975646973,12.512294461828043,12.101494964007857,12.334281460372146,1521450
2018-06-07,11.99879264831543,12.156266290050768,11.629073017221947,12.053567281261705,1890350
2018-06-08,11.892666816711426,12.098067080483561,11.776274171858995,12.098067080483561,2176125
2018-06-11,11.796815872192383,12.145996161914388,11.759159454345339,11.872129850548214,1555400
2018-06-12,11.707810401916504,11.831051052671235,11.639344389418849,11.76943072729387,2255575
2018-06-13,11.646190643310547,11.95771338436032,11.574300076814882,11.748889656978683,2176650
2018-06-14,11.485294342041016,11.731774505067738,11.451060192549898,11.663307348747368,1544550
2018-06-15,11.71123218536377,11.735196086262928,11.447634988781461,11.447634988781461,3333575
2018-06-18,11.509256362915039,11.721503505445419,11.485293602476139,11.605109689994217,1055250
2018-06-19,11.485294342041016,11.711234015373067,11.430520845517092,11.488716614328263,1867250
2018-06-20,11.468177795410156,11.618804632121911,11.396288363492,11.560607717968882,1642725
2018-06-21,11.440788269042969,11.564028903804674,11.348359506964238,11.399708438342968,2049775
2018-06-22,11.564027786254883,11.632494925912674,11.382591408754877,11.433941477832825,1992725
2018-06-25,11.639341354370117,11.74888717433381,11.529794391744876,11.615377456381418,1530025
2018-06-26,11.748886108398438,11.748886108398436,11.536639030401162,11.711229700494178,1175125
2018-06-27,11.748886108398438,11.779696831588558,11.629070057310079,11.629070057310079,1290450
2018-06-28,11.786545753479004,11.841319239555679,11.649612609618138,11.649612609618138,1478050
2018-06-29,11.718079566955566,11.940596943726133,11.642765588952912,11.831049962628677,1635550
2018-07-02,11.728351593017578,11.789971922081937,11.611957765080668,11.707811102442154,624575
2018-07-03,11.810508728027344,12.002215361489421,11.711231996937219,11.779699141457249,935200
2018-07-04,11.930326461791992,12.098069202002849,11.82077948288181,12.015909539151071,960050
2018-07-05,11.831048965454102,12.09464615225361,11.817355308305649,12.09464615225361,658700
2018-07-06,11.731772422790527,11.933749298291701,11.68384576467135,11.933749298291701,959700
2018-07-10,11.776276588439941,11.930326817881316,11.70096260969312,11.793393661487345,1118775
2018-07-11,11.923480987548828,12.039873666036678,11.711233834627086,11.752313670720554,1283100
2018-07-12,12.104917526245117,12.180231512046971,11.961137527163604,12.101495253976807,1888250
2018-07-13,12.41986083984375,12.474634318406315,12.053564701699793,12.104913623774365,1914500
2018-07-16,12.39590072631836,12.467791295954628,12.32743471421527,12.467791295954628,512050
2018-07-17,12.152843475341797,12.546528170442828,12.098069982353701,12.341127857402913,2437575
2018-07-18,12.125456809997559,12.279507038549895,12.09464722135179,12.135725911104984,698950
2018-07-19,12.169960975646973,12.200770566618392,12.019334150314355,12.104917236194165,890225
2018-07-20,12.300047874450684,12.481485441714852,12.173384947261932,12.289777629436543,1256150
2018-07-23,12.21446418762207,12.358244182806525,12.12888110201124,12.258967437846175,698950
2018-07-24,12.361666679382324,12.567066983720032,12.23158035321059,12.337702777300779,1639575
2018-07-25,12.567066192626953,12.751925997829321,12.351395658116408,12.361665901219132,1138375
2018-07-26,12.51229476928711,12.796432495355472,12.457521273032793,12.498602252219925,1623300
2018-07-27,12.601300239562988,12.745080226950028,12.49517667068313,12.512293743941742,637700
2018-07-30,12.70742416381836,12.936787238589286,12.539681411839942,12.724541237555668,1087975
2018-07-31,12.799853324890137,12.981290867863652,12.683460658298044,12.690307487390825,1801975
2018-08-01,12.775891304016113,12.905977636311155,12.690308220734162,12.83408821200609,830375
2018-08-02,12.775891304016113,12.847781870982978,12.683461391245716,12.793007235075427,809025
2018-08-03,12.888861656188965,12.96759905932501,12.656075147139303,12.762198727891,1149575
2018-08-06,12.909399032592773,13.001828930911199,12.823815962692251,12.905975618383824,446775
2018-08-07,12.563643455505371,12.940211057605891,12.481483791578077,12.919670570293201,2220575
2018-08-08,12.53283405303955,12.87174410009229,12.53283405303955,12.645803306949297,1973125
2018-08-09,13.097686767578125,13.52560337021916,12.868322527009113,13.008679117827601,4212250
2018-08-10,12.76562213897705,13.231196299594256,12.755351893876147,13.145613209077188,1985725
2018-08-13,12.76904582977295,13.04291218240678,12.6355360685636,12.88886193055203,1541750
2018-08-14,12.830666542053223,12.943636958651348,12.690309946438978,12.83408995726298,1589350
2018-08-15,12.717694282531738,12.868321101947899,12.60472502496596,12.769044360575016,2445100
2018-08-16,12.717694282531738,12.912824350563833,12.614994126445186,12.775891190002358,1678600
2018-08-17,12.68346118927002,12.78616134463765,12.573914204522975,12.738234681643542,1178800
2018-08-20,12.786161422729492,12.84435833014816,12.614994115184105,12.71084744175775,1451100
2018-08-21,12.697135925292969,13.210624031378973,12.646864504946146,13.210624031378973,2017575
2018-08-22,12.93771743774414,12.987988842222775,12.575044905741533,12.675587714698802,1661975
2018-08-23,12.765359878540039,13.016716941407864,12.715088465966474,12.962854628038686,1250725
2018-08-24,12.926946640014648,12.995172555623489,12.765359702140028,12.837176518494859,1339275
2018-08-27,13.138805389404297,13.214211910233718,12.89463012407492,12.9844002483252,1624700
2018-08-28,13.178304672241211,13.311165612520792,13.04544493052672,13.081352742072376,1786750
2018-08-29,13.171119689941406,13.224981993536929,12.987988576855509,13.224981993536929,2145675
2018-08-30,13.05262565612793,13.167532092427413,12.987991834453934,13.106487973232994,1696100
2018-08-31,13.2501220703125,13.2501220703125,12.944902662483857,13.016718288699336,2602075
2018-09-03,13.300392150878906,13.494296000156968,13.124441607067135,13.124441607067135,2085650
2018-09-04,13.070577621459961,13.368615158862562,13.027488015862158,13.311163150442072,1857100
2018-09-05,13.049036979675293,13.18189673307963,13.020309769059091,13.066990287745222,949900
2018-09-06,13.271665573120117,13.386570798291507,13.077760533603149,13.163939752122932,1478400
2018-09-10,13.260894775390625,13.422481732242375,13.17830524709832,13.386572720565225,1040375
2018-09-11,13.11367130279541,13.217805048090298,13.049037473592902,13.149580317424848,1044400
2018-09-12,13.034671783447266,13.268074348390448,13.03108088255852,13.207030231846831,1095675
2018-09-13,13.084941864013672,13.149576874859946,12.9700354444125,13.059806758918688,1516025
2018-09-14,12.984399795532227,13.14598673268688,12.894629674412418,13.092124420301996,910350
2018-09-17,13.063395500183105,13.303981023261112,12.95207998929102,13.013124095125212,1460200
2018-09-18,13.05262565612793,13.239348914755864,13.038263250514321,13.088534666574708,1247925
2018-09-19,12.905403137207031,13.156760233640023,12.801269397358707,13.03826408725637,1617700
2018-09-20,12.858722686767578,13.102897981933445,12.858722686767578,12.930539514082332,909475
2018-09-21,12.926946640014648,13.059807570486337,12.81563111401891,12.995172555623489,2109450
2018-09-24,12.819220542907715,13.084941174776995,12.801266041239227,12.944899657457393,1134350
2018-09-25,12.77613353729248,12.937720489495709,12.711498516698168,12.786906240485719,999075
2018-09-26,12.82640552520752,12.991583385835918,12.779725007855061,12.783315909079493,1282750
2018-09-27,12.707906723022461,12.980809191923413,12.657635310216891,12.833585854318892,2819775
2018-09-28,12.740224838256836,12.86949488260723,12.668409212342294,12.668409212342294,1287125
2018-10-01,12.682769775390625,12.833583991921314,12.66481527393524,12.772539885537853,626850
2018-10-02,12.934128761291504,13.14957801711779,12.815631430874038,12.819222331708813,1736700
2018-10-03,13.081348419189453,13.39015861270143,13.023895220563423,13.171118517670571,1995700
2018-10-04,13.124442100524902,13.271666641987006,12.94849274866274,13.106487595818532,1686125
2018-10-05,12.959264755249023,13.260894453182491,12.837177714208563,13.250121749941098,1243375
2018-10-08,13.124442100524902,13.418888786318973,13.066988884029584,13.257301839656842,2792300
2018-10-09,13.189078330993652,13.332710786149397,13.084944591256834,13.16394202209468,1756650
2018-10-10,12.970037460327148,13.203441236329954,12.970037460327148,13.142397116518522,1565725
2018-10-11,12.725859642028809,13.13880359547616,12.725859642028809,13.070577687107464,2142000
2018-10-15,12.901811599731445,13.199850398044514,12.754588250406501,12.855131084021835,1788500
2018-10-16,13.203439712524414,13.203439712524414,12.941308758126288,13.027489175558472,1520925
2018-10-17,13.379389762878418,13.433252077177826,13.081352183085384,13.192667712541828,2296700
2018-10-18,13.519432067871094,13.630747603644798,13.307573699507937,13.408117730662498,3024700
2018-10-19,13.645110130310059,13.702563344190429,13.515841298002986,13.605611420318871,2149525
2018-10-22,13.68101692199707,13.813877843765454,13.619974010443945,13.655881816986653,1794100
2018-10-23,13.720518112182617,13.914421963658143,13.576885673999453,13.641519492114604,1483475
2018-10-24,13.537384986877441,13.810287442741068,13.469159073270294,13.788743237462208,2603475
2018-10-25,13.555342674255371,13.731292052717578,13.501480350558417,13.501480350558417,2281300
2018-10-26,13.842605590820312,13.932376916318564,13.548158903283046,13.72051855378941,4217500
2018-10-29,13.824649810791016,14.180140552514786,13.774378404876188,14.054461438445287,3530800
2018-10-30,14.194506645202637,14.269913168027738,13.878514552971094,13.968284679597193,3126550
2018-10-31,14.291458129882812,14.366865848931065,14.097553080286609,14.259140022334263,1945825
2018-11-01,14.42072582244873,14.585903652255187,14.176550577575894,14.43868032522061,3749200
2018-11-05,14.736716270446777,14.779807072393334,14.26631913628013,14.492541052240325,4047400
2018-11-06,14.722356796264648,15.034757981116984,14.567951654276659,14.72235679626465,2854600
2018-11-07,14.790583610534668,15.081440629887211,14.776220004994983,14.786992709149747,1927100
2018-11-08,14.409953117370605,14.97012037291352,14.363271414057593,14.898303566381419,2674875
2018-11-09,14.70799446105957,14.758265879098458,14.413546556633108,14.413546556633108,1334725
2018-11-12,14.865988731384277,15.074256180888279,14.625403175089305,14.725945999086754,2041725
2018-11-13,15.127908706665039,15.365520240243304,15.037390626687163,15.308944866620793,1909075
2018-11-14,15.437179565429688,15.437179565429688,15.105278266682472,15.2636855330515,1797250
2018-11-16,15.750222206115723,15.840740275964931,15.482437169903037,15.501295625667009,2496375
2018-11-19,15.80302906036377,15.840744723572215,15.621991610926523,15.746453677187176,1582350
2018-11-21,15.437179565429688,15.716278442053893,15.399463909315836,15.667247711433173,2189775
2018-11-22,15.520155906677246,15.618218637227935,15.444724586449555,15.448496278351858,485450
2018-11-23,15.493751525878906,15.62952988327404,15.452264184028285,15.523925053703989,858200
2018-11-26,15.689874649047852,16.02931928855825,15.554097548589029,15.591813200009442,1727425
2018-11-27,16.425336837768555,16.621460980463045,15.727590413335548,15.810565092196018,2940000
2018-11-28,16.595060348510742,16.63277725882664,16.150010878054253,16.40647957365792,1727775
2018-11-29,16.53848648071289,16.621462425696908,16.282017781406577,16.508314210933463,1381975
2018-11-30,16.2216739654541,16.62523614861918,16.2216739654541,16.53848850194735,3649275
2018-12-03,16.331050872802734,16.504544911171287,16.236761099807968,16.44797079559261,2309125
2018-12-04,16.40648078918457,16.595061578009005,16.225444641891173,16.33104948078198,2290400
2018-12-05,16.6214656829834,16.625237374808574,16.35745354976689,16.53471802991352,880250
2018-12-06,16.6968936920166,16.7987268332927,16.3913942681883,16.500770791619505,2150400
2018-12-07,16.794954299926758,17.451213358410172,16.538484374375482,16.66294764654544,3958850
2018-12-10,16.613920211791992,17.043882954563884,16.478141840964557,16.85907385507904,2261700
2018-12-11,16.489463806152344,16.78364955994936,16.2782540378507,16.644099439451082,2759925
2018-12-12,16.18018341064453,16.70820883347791,16.18018341064453,16.642205498260125,3089240
2018-12-13,16.147184371948242,16.312192100970673,15.99160587182579,16.265047215379845,2621360
2018-12-14,16.20375633239746,16.312189932514496,16.00103297363315,16.151896839250572,1542660
2018-12-17,15.982172012329102,16.34518840743622,15.9727440450698,16.203753791642313,1361360
2018-12-18,15.897315979003906,16.250903247684136,15.883172135762162,16.02932140586636,2032100
2018-12-19,15.543724060058594,16.12832353074458,15.543724060058594,16.010459455021547,2629340
2018-12-20,15.79359245300293,15.996315779061083,15.539008383255885,15.539008383255885,1974700
2018-12-21,15.534296035766602,15.939744005923485,15.534296035766602,15.92560016467282,2887220
2018-12-26,15.567298889160156,15.58615608592705,15.39757656480459,15.53429659172748,995120
2018-12-27,15.731302261352539,15.793500379456562,15.554277044839314,15.645181298751393,1161440
2018-12-28,15.7982816696167,16.061426516530098,15.779143397990916,15.836556935280042,1836800
2019-01-02,16.334138870239258,16.482456627782554,15.922675014438115,15.956166986443053,1816080
2019-01-03,16.869998931884766,16.874783499316273,16.31978517555445,16.45853507589193,2249800
2019-01-04,16.994396209716797,17.185775100759862,16.692976085249022,16.870001272006494,2397360
2019-01-07,16.889142990112305,17.157072490432654,16.783885017757473,17.157072490432654,1664740
2019-01-08,17.080520629882812,17.247976714489507,16.92263240582314,17.013537940522426,1719620
2019-01-09,17.53504180908203,17.621161484053445,17.12836244316773,17.12836244316773,2154320
2019-01-10,17.329309463500977,17.597238906711834,17.247974355649212,17.597238906711834,2162860
2019-01-11,17.616374969482422,17.654650234397977,17.329307288645253,17.329307288645253,1764000
2019-01-14,17.85081672668457,17.90344570401568,17.66422238291695,17.669006951546,2889460
2019-01-15,17.779048919677734,17.927366709781673,17.71685208461907,17.927366709781673,1471400
2019-01-16,17.702495574951172,17.85559790928202,17.573314801640798,17.831675070673366,1540280
2019-01-17,17.970426559448242,18.180942447360955,17.491979965913945,17.7359878308235,1703800
2019-01-18,18.41538429260254,18.601977371382205,17.893877775115193,17.917800619875923,1578360
2019-01-21,18.50149917602539,18.74550701889231,18.295767874839978,18.487146750483,698460
2019-01-22,18.630678176879883,18.869901429281775,18.434514752185677,18.501497416168775,2971780
2019-01-23,19.64020347595215,19.683263313755628,18.63068254502288,18.63068254502288,3223500
2019-01-24,20.094724655151367,20.10429251308075,19.587571971013798,19.64020093877225,2326380
2019-01-28,20.860239028930664,20.960712403521512,19.903347131098975,20.11864758453316,3850840
2019-01-29,20.38179588317871,21.08989542618111,20.199986109438765,20.989422040920857,2345840
2019-01-30,20.314809799194336,20.50618740048826,19.81722624720667,20.391361606264823,2813580
2019-01-31,20.022958755493164,20.539680609706657,20.022958755493164,20.458344229955717,2200100
2019-02-01,20.41050148010254,20.525328568118184,20.04209865131224,20.04209865131224,2259040
2019-02-04,20.97028160095215,20.97028160095215,20.453559744647603,20.539680692825833,1581440
2019-02-05,20.9559268951416,21.070753968832623,20.66885921091404,20.965496030880555,1706740
2019-02-06,19.99903678894043,20.85545534863797,19.99903678894043,20.85545534863797,2444960
2019-02-07,20.286108016967773,20.692787448855473,19.999040257846374,20.02774767255279,2175460
2019-02-08,20.769330978393555,20.932003718227197,20.185627796827397,20.286101159157262,1870960
2019-02-11,20.750192642211914,21.180793468647703,20.391359046044766,20.812390738099666,2318120
2019-02-12,20.91765785217285,21.343474298518696,20.83153816008057,20.860244298248464,2115260
2019-02-13,20.582740783691406,21.17122861359859,20.453559998614196,21.051618242424766,2595320
2019-02-14,20.855451583862305,20.970278646865385,20.23347187219364,20.525324097125477,1883980
2019-02-15,20.65929412841797,21.051619803308046,20.587526878321825,20.836318053019607,1387260
2019-02-18,20.400930404663086,20.731059209530336,20.400930404663086,20.57317102032016,832860
2019-02-19,21.29084587097168,21.29084587097168,20.42964381716075,20.42964381716075,1541260
2019-02-20,20.094724655151367,21.367390294459984,20.094724655151367,21.33868288790727,3358880
2019-02-21,20.075590133666992,20.295675181324018,19.578006492112483,20.171278951538284,2980040
2019-02-22,20.022958755493164,20.410499826756215,19.970329784214886,20.166491965091666,2489340
2019-02-25,20.147354125976562,20.27653362592474,20.046880755709683,20.094725156903998,1107680
2019-02-26,19.84593391418457,20.14735532044365,19.75024510612289,20.14735532044365,1671040
2019-02-27,20.14257049560547,20.281319137768005,19.755029422546958,19.855502797490225,2395260
2019-02-28,19.692829132080078,20.338730423056806,19.625846463679466,20.099507154878104,2540860
2019-03-01,19.310075759887695,19.91770188513067,19.20003324332864,19.69283228367622,2634660
2019-03-06,19.042146682739258,19.257447151611107,18.927318318074125,19.171326197509348,2104060
2019-03-07,18.893827438354492,19.31007594447637,18.855552168886263,19.04214650302205,2132200
2019-03-08,19.21916961669922,19.300504715199605,18.908179093523056,18.908179093523056,1964620
2019-03-11,19.243093490600586,19.429686549338342,19.14740467701259,19.233524353724114,2381400
2019-03-12,19.683265686035156,19.908135316496534,19.35313809377337,19.415336212580616,1635900
2019-03-13,20.29088592529297,20.52532462474975,19.7215364406541,19.85550049920931,2412900
2019-03-14,20.534896850585938,20.798041717343736,20.28131984277434,20.41050063081377,2286760
2019-03-15,20.668859481811523,20.836315526673356,20.458343603148247,20.477481874876993,3604020
2019-03-18,20.71192169189453,20.860239472895344,20.592310042421364,20.76455066435213,1035160
2019-03-19,20.668859481811523,20.774117421143163,20.549249116271557,20.621015080077893,912520
2019-03-20,20.338733673095703,20.668861222692914,20.29088926733227,20.57317241116604,1644580
2019-03-21,19.975114822387695,20.429638579862115,19.85550317277987,20.35308676638838,2020340
2019-03-22,19.568437576293945,19.836367035919185,19.32921425131963,19.61628198577112,2759960
2019-03-25,19.826799392700195,20.027746170217338,19.42968785124783,19.56365322131823,1643600
2019-03-26,20.137786865234375,20.43920700410001,19.75024577412975,20.05645175890746,1345820
2019-03-27,19.707183837890625,20.066017480835228,19.544512364973784,19.865070742993307,1966580
2019-03-28,20.41050148010254,20.477484161043062,19.38662810248283,19.58279029924967,2245460
2019-03-29,20.43442153930664,20.812394754770224,20.300457464883994,20.391362981458652,2067240
2019-04-01,20.731061935424805,20.817181615782953,20.28610599494629,20.72627736678397,1235080
2019-04-02,20.333946228027344,20.946356834817898,20.27174812605782,20.774116231884165,1847580
2019-04-03,20.73583984375,21.051614904132183,20.357867962359236,20.357867962359236,1841560
2019-04-04,20.975069046020508,21.405670013208663,20.702355014962112,20.817182109890748,1816640
2019-04-05,21.05640411376953,21.544417320159784,21.051619545315866,21.075541109995825,1986600
2019-04-08,21.195154190063477,21.7932112334775,20.865026610112565,21.14730977990097,1812020
2019-04-09,20.51576042175293,21.195153845717403,20.51576042175293,21.195153845717403,1565900
2019-04-10,20.458341598510742,20.99898622357795,20.338729967102847,20.754978393298796,2426480
2019-04-11,20.094724655151367,20.621014332735893,20.094724655151367,20.53489466825413,889980
2019-04-12,20.09951400756836,20.29089294287732,19.788524674978444,20.0421017323231,1652280
2019-04-15,20.247833251953125,20.458349188085272,20.051671023535963,20.23826411347647,1303540
2019-04-16,20.491836547851562,20.66407716879184,20.19998427812596,20.19998427812596,1208060
2019-04-17,20.243043899536133,20.601877564502818,19.879425666461653,20.582740569659915,2653280
2019-04-18,20.271745681762695,20.434417129765517,20.02295458147109,20.357866611639487,1121680
2019-04-22,20.50140380859375,20.764549939281324,20.137785582273626,20.305241630171054,1107680
2019-04-23,20.76455307006836,20.936792434365938,20.506191468445092,20.66407968169862,1115800
2019-04-24,20.664073944091797,20.831529970741506,20.625797404797172,20.788468864035053,1288980
2019-04-25,20.9798526763916,21.23821298963091,20.688000383369538,20.84110274389696,1461740
2019-04-26,21.18558120727539,21.362606387058058,20.955927058107413,21.003771459586037,1810900
2019-04-29,21.34825325012207,21.52527971219292,21.2382107405232,21.300408847373205,1745800
2019-04-30,21.286054611206055,21.47743349500607,20.984634498146015,21.472647649503728,1377040
2019-05-02,20.76455307006836,21.286058286878312,20.692785816552068,21.286058286878312,1908340
2019-05-03,20.36743927001953,20.97984990893439,20.36743927001953,20.81717843278421,3027780
2019-05-06,20.41050148010254,20.46791502411036,20.00382210358144,20.324381802884997,1601180
2019-05-07,20.234657287597656,20.436045643850186,20.047654088303407,20.43125059153076,1906660
2019-05-08,20.21068000793457,20.637430659037282,20.21068000793457,20.39288813671564,1406300
2019-05-09,20.306583404541016,20.402481897769224,19.78393418371027,20.258634157926913,1994020
2019-05-10,20.41206932067871,20.666200678452675,20.19150204700736,20.282605475562836,1663340
2019-05-13,20.301782608032227,20.44083653622091,20.018880980698825,20.090805470464954,2015160
2019-05-14,20.042858123779297,20.373710316822773,19.88942029770441,20.335349900013245,2495780
2019-05-15,20.13875961303711,20.517559798812727,19.53939085284825,19.899012108961564,2904020
2019-05-16,19.92778205871582,20.13875924384844,19.640084034789037,19.94696098802653,2294040
2019-05-17,19.299646377563477,19.951758213690987,19.242107022588225,19.927784229344283,3106180
2019-05-20,20.090808868408203,20.15793703779655,19.328412220873755,19.40513177495898,2201360
2019-05-21,20.27301788330078,20.55112323793085,20.095604787095134,20.258632726216803,1153040
2019-05-22,20.21068000793457,20.426453499600083,20.114781531897236,20.273015681862812,1144640
2019-05-23,19.956552505493164,20.29219851664922,19.903808205476523,20.26342948045283,1334480
2019-05-24,20.0236759185791,20.15313846295949,19.908597247760397,20.15313846295949,1543360
2019-05-27,20.100406646728516,20.41207747343937,20.08122643078757,20.114790528295977,830900
2019-05-28,20.41206932067871,20.666200678452675,20.095603566381836,20.11957754634435,3459260
2019-05-29,20.618249893188477,20.757303832024963,20.215474512198902,20.41206779117676,1535380
2019-05-30,21.198444366455078,21.23200845757455,20.455227785262117,20.498381982526585,2002420
2019-05-31,22.21017074584961,22.21017074584961,20.992255735104575,21.164873761870133,3705380
2019-06-03,22.588977813720703,22.588977813720703,22.008787946633245,22.2053812708722,2400020
2019-06-04,22.301280975341797,22.588979038268242,22.027969352027277,22.440333673342373,2764440
2019-06-05,22.363611221313477,22.4930737890617,22.128660066338803,22.13825017070262,2009980
2019-06-06,22.095096588134766,22.41635872843853,21.90329959491432,22.37799830548408,2835280
2019-06-07,22.152633666992188,22.79515528369688,22.152633666992188,22.29648266920721,2800420
2019-06-10,21.62039566040039,22.24373966560697,21.553267487889975,22.056736464044995,3104080
2019-06-11,21.553266525268555,21.888912494381135,21.486135794980726,21.769037470683486,3173520
2019-06-12,21.097747802734375,21.68273010985267,21.097747802734375,21.553267536529436,2535680
2019-06-13,21.284748077392578,21.61560026465264,21.11213132631807,21.24159388962395,3444840
2019-06-14,20.91074562072754,21.634783202038356,20.91074562072754,21.351880218874925,2491020
2019-06-17,20.647022247314453,21.1552862869977,20.618253212805662,20.910745012315544,1764140
2019-06-18,20.944311141967773,21.21282768883651,20.766898034811746,20.858001474524457,1955100
2019-06-19,20.790868759155273,21.0450013886098,20.613455679805217,20.939512807458456,2460640
2019-06-21,20.709354400634766,21.068974312847114,20.661403883978,21.049794106184407,4403420
2019-06-24,20.589481353759766,20.963486433393758,20.416863329223848,20.786073357032866,3202640
2019-06-25,20.34494400024414,20.699770243098612,20.282609591073058,20.685385083969596,2218580
2019-06-26,20.37371063232422,20.62784199568404,19.946959951423867,20.57030264996645,4532080
2019-06-27,20.469614028930664,20.531948441787506,20.028479365994297,20.167532071299508,2951340
2019-06-28,20.843612670898438,20.99225543611235,20.49837662228451,20.546325860082945,3523100
2019-07-01,20.857999801635742,21.09774729372,20.857999801635742,21.07377203235646,834120
2019-07-02,20.958688735961914,21.083357506898913,20.651811859839114,21.00184291655164,1654520
2019-07-03,21.126514434814453,21.481340588888838,20.675789804650435,20.766894509284494,2579220
2019-07-04,21.26077651977539,21.601216289078526,21.24639136208448,21.423804465775437,1388520
2019-07-05,21.361469268798828,21.49093312242892,21.131311875851026,21.270365834251916,1041740
2019-07-08,21.65875244140625,21.66834254455055,21.275157278347343,21.45736411653869,842240
2019-07-10,22.133453369140625,22.248532058292454,21.721089133336356,21.721089133336356,2213680
2019-07-11,22.071121215820312,22.32045882778817,21.908094550070686,22.238944214525485,1395100
2019-07-12,22.296485900878906,22.62254180858976,22.095096244278093,22.095096244278093,2564800
2019-07-15,22.05194091796875,22.49307550934031,21.980018970902808,22.349229054432698,1291220
2019-07-16,22.248531341552734,22.291685528497517,22.05673438607028,22.05673438607028,1260280
2019-07-17,22.39238166809082,22.536228112855788,22.171814387957287,22.29648318465566,1549100
2019-07-18,22.411563873291016,22.536230120318756,22.31566538131349,22.44992173361656,1085840
2019-07-19,22.488279342651367,22.545817406332674,22.17181359046554,22.464305362848776,1569820
2019-07-22,22.560209274291992,22.728032294865073,22.26771743149022,22.45472066483326,1449420
2019-07-23,22.34443473815918,22.69926097645533,22.27251022382607,22.69926097645533,1475180
2019-07-24,22.512252807617188,22.737616407089106,22.411560558283785,22.483485056822154,1857660
2019-07-25,22.406768798828125,22.713644502548217,22.325254179797124,22.569798036890123,1386840
2019-07-26,22.924625396728516,23.212320902964652,22.512258508781198,22.512258508781198,2192540
2019-07-29,23.269855499267578,23.447268597847902,22.64172027656776,22.934209511808966,2197160
2019-07-30,23.423295974731445,23.734967998528283,23.241089093544883,23.289037059805437,1517740
2019-07-31,23.145191192626953,23.500014858674177,23.025316152355863,23.351372062220793,1703660
2019-08-01,23.06367301940918,23.70619463443347,23.06367301940918,23.432883067405015,1419460
2019-08-02,23.17395782470703,23.313013069538396,22.852698263639777,23.063675456214018,1802640
2019-08-05,22.728025436401367,22.977363005618052,22.569792569962,22.895848406331783,1929060
2019-08-06,23.255474090576172,23.322604831658147,22.790365479428466,23.015726565406695,1419740
2019-08-07,22.728025436401367,22.886258302840734,22.171812237797,22.857487992367584,2717680
2019-08-08,22.775978088378906,23.202728818992277,22.617745189319624,22.934210987438192,2114840
2019-08-09,22.948598861694336,23.145192194924764,22.680081013341752,22.775979513245964,2240140
2019-08-12,22.63212776184082,22.790360633870428,22.339635996968568,22.617741325708337,1470980
2019-08-13,22.9677734375,23.05887558162559,22.36360970735748,22.41156022593044,2005080
2019-08-14,22.138248443603516,22.828717978503104,22.03755363602684,22.771179917584526,2550800
2019-08-15,21.745067596435547,22.37799923687161,21.46216586731167,22.14784437189341,2290400
2019-08-16,21.6491641998291,22.066324759763848,21.63478032426341,21.797806970184478,1745800
2019-08-19,21.6491641998291,22.0711185313606,21.481341221535853,21.84575749002916,1129520
2019-08-20,21.246389389038086,21.716292973146068,21.2367992848014,21.64916480426475,1758960
2019-08-21,21.371061325073242,21.452574662292772,21.04979918785458,21.452574662292772,1637020
2019-08-22,21.102542877197266,21.558061331081007,21.102542877197266,21.558061331081007,791000
2019-08-23,20.968284606933594,21.289545444709233,20.714151943926105,21.097748464706765,1659420
2019-08-26,20.63263702392578,21.145696082613487,20.412069745662173,21.140901030443604,1762460
2019-08-27,20.603866577148438,20.718943980164028,20.3161685882526,20.718943980164028,3246740
2019-08-28,20.834026336669922,20.91554095194671,20.32576227542827,20.555919682812256,2372300
2019-08-29,21.10733413696289,21.15528209150594,20.776483263592652,21.035409644373136,2237620
2019-08-30,21.56765365600586,21.917686114817577,21.059389573474736,21.164878176212977,2596440
2019-09-02,21.217618942260742,21.7594470243325,21.217618942260742,21.721089168403612,948220
2019-09-03,21.06897735595703,21.409418391066097,20.762101687355734,21.31351990467667,1450820
2019-09-04,21.20323371887207,21.246387904534195,20.8100484353543,21.150488149255665,1455160
2019-09-05,21.428604125976562,21.558066731868553,21.251190984137743,21.251190984137743,1945860
2019-09-06,21.097747802734375,21.740270738513424,21.059387383627207,21.591625394860966,1755880
2019-09-09,20.977876663208008,21.46216549118562,20.934722466732378,21.116929358604597,2034480
2019-09-10,20.91074562072754,21.169672060391648,20.872386480137123,20.968284971807105,1156820
2019-09-11,21.27515983581543,21.337492952971203,20.934718815594174,21.09774674748196,1064140
2019-09-12,21.419008255004883,21.57724113988504,21.35187880313178,21.500522863791034,1293040
2019-09-13,21.10733413696289,21.548467354402284,21.10733413696289,21.42379985573766,1020460
2019-09-16,21.29914093017578,21.433399874403033,21.030624322109468,21.17926714719892,1172640
2019-09-17,21.049802780151367,21.42380928186478,21.02582879233168,21.29914044796031,2502780
2019-09-18,21.08336067199707,21.18884925389156,20.963486934283953,21.059385412299367,1103200
2019-09-19,21.65875244140625,21.80739519898014,21.102539262912696,21.14569344667446,1981980
2019-09-20,21.524497985839844,21.984812788354233,21.3135207948167,21.812196017799202,2236500
2019-09-23,21.414215087890625,21.586833144880178,21.255982189080513,21.524498739823848,943320
2019-09-24,21.438186645507812,21.543675226478765,21.289542597458816,21.41421138602001,1021160
2019-09-25,21.102542877197266,21.361469304502403,20.958693866170552,21.337494042535344,1839040
2019-09-26,21.049802780151367,21.184061721338974,20.963494375379444,21.049802780151367,886480
2019-09-27,21.073776245117188,21.121725497041794,20.944313649037166,21.097751511273515,777000
2019-09-30,21.284748077392578,21.380647837352296,21.054590702109607,21.097746170265953,1467480
2019-10-01,21.3087215423584,21.342285623264726,20.867587037024652,21.342285623264726,2236780
2019-10-02,20.91074562072754,21.21762130622664,20.91074562072754,21.169672060391648,1948240
2019-10-03,21.08336067199707,21.08336067199707,20.738124614676348,20.977872090102576,1224580
2019-10-04,21.102542877197266,21.203236416683275,20.881974308263782,21.078567615230206,1023680
2019-10-07,20.58469009399414,21.145698456986498,20.527150741882412,21.049798683208348,1715840
2019-10-08,20.460018157958984,20.766895082458472,20.340144419344547,20.64222629186844,1457820
2019-10-09,20.368921279907227,20.632642821414144,20.258637609787232,20.565513352561076,1600760
2019-10-10,20.234657287597656,20.49837876322713,20.220272130639376,20.42645553921133,1930320
2019-10-11,20.670997619628906,20.728536969340244,20.2874023816826,20.460020430816616,1205400
2019-10-14,21.011436462402344,21.011436462402344,20.44083935801048,20.74291995203187,1600200
2019-10-15,20.723745346069336,21.155289900119776,20.589487694785323,21.035417408740926,2176440
2019-10-16,20.766895294189453,20.949102149568905,20.34973473077352,20.949102149568905,1806280
2019-10-17,20.891569137573242,20.89636419105103,20.6278475982354,20.795670628793687,1024940
2019-10-18,20.982667922973633,21.04020855190086,20.72374149474023,20.944310064464467,2401560
2019-10-21,21.164875030517578,21.179260187040562,20.72853552575592,20.84840926933857,1173900
2019-10-22,21.073776245117188,21.327907664434015,20.973082688036712,21.078571298348454,1944740
2019-10-23,20.97307777404785,21.16007968470049,20.857999084236496,21.068976255428062,2092440
2019-10-24,21.006643295288086,21.107338116051444,20.843615353635364,21.001848242852315,1623160
2019-10-25,20.872386932373047,21.15528736089023,20.862796826920686,21.04020993662563,1257200
2019-10-28,21.20323371887207,21.279953267017362,20.862792724583045,20.95389614769061,1217440
2019-10-29,21.428604125976562,21.45257811356183,21.131317205046972,21.260781091327107,1267700
2019-10-30,21.725887298583984,21.73547740468397,21.193649213914817,21.47175588887438,1210020
2019-10-31,21.7019100189209,21.80260483729517,21.438188543149714,21.716293895499106,1869840
2019-11-01,22.047149658203125,22.181408584088743,21.77863180643189,21.826582337382472,2638720
2019-11-04,22.06153106689453,22.277304590848207,22.06153106689453,22.08071127712718,1349320
2019-11-05,22.042348861694336,22.162223884411087,21.802603937811835,22.10468325892093,1561000
2019-11-06,22.066326141357422,22.65130971621179,21.994401637474848,22.521844584912927,2166500
2019-11-07,22.176605224609375,22.262913592200174,21.989602054312503,22.09509062820686,2147180
2019-11-08,21.673141479492188,22.042351575801177,21.58683309140517,22.032761470371973,2053940
2019-11-11,21.610801696777344,21.663545983124727,21.395029499866453,21.610801696777344,2079560
2019-11-12,21.371061325073242,21.706706059985812,21.19844326459973,21.668348198175615,1975540
2019-11-13,21.30392837524414,21.45736619928352,21.107336363254266,21.2895432191314,2053520
2019-11-14,21.251188278198242,21.385445920589728,21.15049344591965,21.342291724120606,1138060
2019-11-18,21.45737075805664,21.61560494813932,21.399831401768754,21.447781932331992,1404060
2019-11-19,21.433393478393555,21.692319901692525,21.198441036302892,21.58203753951383,1641360
2019-11-21,21.44298553466797,21.596423381684826,21.184057807414856,21.481344676325204,1844080
2019-11-22,21.749858856201172,21.788216711028287,21.43339182941888,21.500521276335594,1322580
2019-11-25,21.745067596435547,21.769041581391942,21.538884155637735,21.754657702573304,1655080
2019-11-26,21.500520706176758,21.71629163628053,21.42859620921705,21.673137450259777,2547020
2019-11-27,21.797813415527344,21.922482243211117,21.577246080573634,21.610810174001685,3661280
2019-11-28,22.229354858398438,22.3396397907832,21.81219679444519,21.816990566786522,1332100
2019-11-29,22.42594337463379,22.775973186163554,22.334838672684146,22.344428776088073,2894220
2019-12-02,22.464303970336914,22.756795724589242,22.277300793607527,22.560202444378195,2466800
2019-12-03,22.784887313842773,22.784887313842773,22.38845491104675,22.403322747110945,2122540
2019-12-04,23.255640029907227,23.305195055034567,23.042560038017896,23.116888606013966,2943360
2019-12-05,23.607473373413086,23.637203741121045,23.052470341200653,23.19617593999982,1449420
2019-12-06,23.612430572509766,23.701626979968044,23.458813949339724,23.458813949339724,832860
2019-12-09,23.538105010986328,23.686767490141175,23.325024947092846,23.686767490141175,1064840
2019-12-10,23.42412567138672,23.52323308026592,23.235821859162574,23.44890186199066,917000
2019-12-11,23.661985397338867,23.661985397338867,23.325019135946025,23.424126548536446,1325100
2019-12-12,23.701623916625977,23.736313756343826,23.478632926800998,23.661982544247763,1391460
2019-12-13,23.780914306640625,23.780914306640625,23.49350043453667,23.70162626111486,1507380
2019-12-16,23.543060302734375,23.78091919528135,23.52819246791018,23.78091919528135,1758540
2019-12-17,23.43899917602539,23.76110035405876,23.325026541622425,23.67190391905394,1656060
2019-12-18,24.61837387084961,25.009849323975846,23.255641054156705,23.36961629373776,4938500
2019-12-19,24.157520294189453,24.7868572036662,23.984081676091833,24.67783614848231,3209220
2019-12-20,24.043554306030273,24.34087659875544,24.04355430603027,24.2764590181594,2457980
2019-12-23,24.70261573791504,24.70261573791504,24.038594260315886,24.038594260315886,1216040
2019-12-26,25.33195686340332,25.50539553364583,24.64811319042976,24.776953647920095,2055480
2019-12-27,25.17833709716797,25.629275996185015,25.07922967591657,25.515303388008224,1403220
2019-12-30,25.173385620117188,25.42115554913086,25.084189186682273,25.183296628994878,1096200
2020-01-02,25.768030166625977,25.93155782593521,25.183293937654522,25.272490361557004,1589980
2020-01-03,25.916688919067383,26.22392217796885,25.32699594756029,25.455836384251526,1900500
2020-01-06,25.69865608215332,26.080220625349092,25.5202605856366,25.961291176492637,1783040
2020-01-07,25.753154754638672,25.877038333494575,25.07922236930252,25.520250133058436,2037700
2020-01-08,25.495481491088867,25.8869569977313,25.36168422229326,25.81758259647711,1247960
2020-01-09,25.56981086730957,25.74820368416679,25.34681719977447,25.495479644797868,889140
2020-01-10,25.951379776000977,26.1297726233552,25.589637254163783,25.768030101518008,1150940
2020-01-13,26.441967010498047,26.60549469572609,25.961294964203304,25.961294964203304,1670200
2020-01-14,26.80866050720215,26.80866050720215,26.2833903577095,26.546025432455824,1726620
2020-01-15,26.486555099487305,26.808656165290362,26.422134886326695,26.808656165290362,2339260
2020-01-16,26.30816078186035,26.585660983311787,26.119856979216046,26.511332415281373,1776040
2020-01-17,26.476648330688477,26.476648330688473,26.129771018612693,26.323031689020148,2201780
2020-01-20,26.46178436279297,26.724419449135144,26.387453128713037,26.47664955102336,1097320
2020-01-21,26.560888290405273,26.873078373789767,26.24374402708524,26.313118424964618,2058000
2020-01-22,26.565845489501953,26.922631136702634,26.189235182890076,26.664952907775884,1784020
2020-01-23,26.560888290405273,26.575753476675526,26.15950179647196,26.56584511680445,1352960
2020-01-24,26.69468879699707,26.77892839138466,26.387452856208583,26.664955774379354,945980
2020-01-27,26.174367904663086,26.57079754607778,25.981107263564866,26.51133415845096,1160600
2020-01-28,26.506383895874023,26.56089311738926,26.035622918508643,26.278436001677207,1033060
2020-01-29,26.273475646972656,26.669905293396095,26.214009612131044,26.61044190501798,1184120
2020-01-30,26.01580238342285,26.26357230799797,25.450888119835874,26.174375876160923,1406160
2020-01-31,25.792800903320312,26.005883556618375,25.426104277511367,26.005883556618375,2438800
2020-02-03,26.065351486206055,26.25861216173737,25.649099759264715,25.83244942734848,1606500
2020-02-04,26.189233779907227,26.516289036629633,26.015795145603207,26.441957815290262,1140580
2020-02-05,26.16446304321289,26.585668974512416,26.07030979035822,26.51134038414009,1715140
2020-02-06,25.673871994018555,26.58566336682225,25.445924150817632,26.268519116817384,1555400
2020-02-07,24.93552017211914,25.67882976456937,24.603510724258214,25.673872938196013,6008520
2020-02-10,24.74226188659668,25.11391804161311,24.62828927313182,24.841369312446435,2194780
2020-02-11,25.208065032958984,25.208065032958984,24.77694818918149,24.8413657572704,3652600
2020-02-12,25.173385620117188,25.837409982600985,25.024723133416117,25.307182916733876,5224660
2020-02-13,24.95038414001465,25.208062324070394,24.826497903897508,25.07426772966857,1117060
2020-02-14,24.87605857849121,25.044540404551466,24.682797911700828,24.950389807753957,1322580
2020-02-17,25.07427406311035,25.208068691306988,24.77695178496319,24.975166637061296,1178240
2020-02-18,25.198158264160156,25.227891286598542,24.77199552839907,25.079231467334502,2169300
2020-02-19,25.21797752380371,25.51530242277397,24.970210303280034,25.143648945524802,1973860
2020-02-20,24.46476173400879,25.089139313621498,24.400341509945903,25.04454110411087,2994740
2020-02-21,24.846323013305664,24.846323013305664,24.08319407774931,24.326007108209,2352840
2020-02-26,23.780914306640625,24.226898976869165,23.483589428845953,23.865156531780013,2541980
2020-02-27,22.99300765991211,23.666940200449243,22.92858744306197,23.577743791414775,3036460
2020-02-28,23.552967071533203,23.612430460736057,22.289341601489536,22.933541109094215,5469240
2020-03-02,24.033641815185547,24.14266024710369,23.310154173797248,23.75118472826456,4348820
2020-03-03,24.048503875732422,24.776948249199396,23.671896239782125,24.03363869020874,2593780
2020-03-04,25.173385620117188,25.213029655627956,24.231860948450958,24.6282933641657,2900940
2020-03-05,24.18230438232422,24.994988444965813,23.56783517014237,24.975166430627066,2702700
2020-03-06,23.785865783691406,24.038592430394633,22.908761728195703,23.290326141312743,3754240
2020-03-09,22.18527603149414,23.042559417882337,21.987061229245842,23.042559417882337,4953480
2020-03-10,23.290332794189453,23.85524962988883,22.29925587279447,22.547025764759198,4472720
2020-03-11,22.433048248291016,23.364661678143232,21.30321998337431,22.794793365716913,4340280
2020-03-12,21.72442626953125,22.041570502471714,20.069326743899897,20.069326743899897,3567340
2020-03-13,23.880023956298828,23.88002395629883,21.318086967212754,22.79479387280658,4383680
2020-03-16,21.58072280883789,23.33988685071828,21.204113806245303,21.30817673306484,4065740
2020-03-17,23.20113754272461,24.033643680649217,21.595591314244896,21.853272226584618,4878720
2020-03-18,21.749202728271484,23.067335946269107,20.9166968415195,21.97715054815307,6784260
2020-03-19,20.654064178466797,22.28438904804212,20.431073144603005,21.29826637954826,3695860
2020-03-20,19.895891189575195,21.729385125382056,19.326020201064512,21.59063367503944,6022660
2020-03-23,18.82056999206543,20.143658927039926,18.250700349963292,19.945444089734057,3391780
2020-03-24,18.71650505065918,20.21798797113913,18.71650505065918,20.21798797113913,2713760
2020-03-25,18.944454193115234,19.1724020411257,18.468736484838853,18.83048026911,4973080
2020-03-26,20.44098472595215,20.57973618571899,18.87508125432516,18.924634969032752,3752980
2020-03-27,19.370622634887695,20.401343690301445,19.34088960968794,19.57379301415763,2450000
2020-03-30,19.72245216369629,19.786871060954894,18.964277351132235,19.326019834026926,2110780
2020-03-31,19.286378860473633,20.03464273343559,19.127806708319998,19.553970773166885,2693740
2020-04-01,18.929584503173828,19.03860422902834,18.310161279822903,18.78092340593297,4493440
2020-04-02,18.88498878479004,19.21204535881333,18.612442742463752,18.93454249037375,1828680
2020-04-03,18.612443923950195,19.17735805598875,18.503425500099375,18.959321208287108,2441460
2020-04-06,19.251689910888672,19.474682269085918,18.92958880875675,19.226912394097035,2049180
2020-04-07,19.048513412475586,20.317092839413508,19.048513412475586,19.960304627481303,3417540
2020-04-08,19.30620002746582,19.400351949213377,18.830482268674103,19.048519133709664,2214660
2020-04-09,19.459815979003906,19.930578217511997,19.187269907374127,19.48459349607565,2429840
2020-04-13,19.81660270690918,19.81660270690918,18.909765502797736,19.45981442888813,1968540
2020-04-14,20.317094802856445,20.535132946707233,19.920663859031222,20.06932628998547,2236780
2020-04-15,19.99004364013672,20.654065242291466,19.86120319328427,20.094106569043724,2220400
2020-04-16,20.069326400756836,20.351783433250915,19.573786725816458,20.108969098388663,2085160
2020-04-17,19.846338272094727,20.47567272276386,19.598569688955095,20.44098551809392,1450960
2020-04-20,20.133745193481445,20.252675932280788,19.425125525891676,19.578742136320063,2571100
2020-04-22,20.33196258544922,20.33196258544922,19.643163562338795,20.133746439492263,3722740
2020-04-23,20.25267791748047,20.490535448699333,19.876067623523,20.39142803375549,2796780
2020-04-24,18.944454193115234,19.8562455851571,18.637219619314774,19.767049176471176,5219620
2020-04-27,19.866159439086914,20.049509109037484,19.236825015311485,19.573791332567247,3462200
2020-04-28,19.95039939880371,20.322054224632907,19.856247478078302,20.242768814516328,1803480
2020-04-29,19.826515197753906,20.31214262095799,19.65307654877419,20.31214262095799,2696540
2020-04-30,19.385486602783203,19.920667753805375,19.142672221787482,19.66794368894266,4091920
2020-05-04,19.27151107788086,19.430083219574907,18.711552416854808,18.71650792033574,2468340
2020-05-05,19.291332244873047,19.578744817989428,19.068339890948664,19.350796960801674,2125620
2020-05-06,19.221954345703125,19.568831595467383,18.875077095938867,19.350794769497092,1935640
2020-05-07,18.33493995666504,19.375571673206313,18.33493995666504,19.32601664774388,3191440
2020-05-08,18.944454193115234,18.969231708434542,18.1862794263577,18.751193543320007,2148860
2020-05-11,18.691730499267578,19.117893184799687,18.54802355421711,18.949410047202743,2460640
2020-05-12,18.384492874145508,19.04356012911506,18.33493917402995,18.761101788962684,3738980
2020-05-13,18.196191787719727,18.696687048591805,17.953377412433102,18.463782356939173,3506860
2020-05-14,19.003917694091797,19.003917694091797,17.621364185052183,18.037617153234713,4128740
2020-05-15,19.02869987487793,19.167450016147995,18.384498915230246,18.83048368605094,3392200
2020-05-18,19.767051696777344,19.767051696777344,19.068341554468567,19.40035236268804,3076500
2020-05-19,19.539098739624023,19.76209105502522,19.350793617842182,19.722448358998587,2614080
2020-05-20,19.350797653198242,19.841381907971105,19.127805291294905,19.841381907971105,2908640
2020-05-21,19.76209259033203,19.83642380898439,19.23682120343669,19.360706126780048,2734200
2020-05-22,19.469730377197266,19.821563241509292,19.301247201457553,19.682811768202647,2014460
2020-05-25,20.450891494750977,20.450891494750977,19.866155400580165,20.20807715210233,2432080
2020-05-26,20.644153594970703,20.81263806531143,20.336920321365593,20.465760764222907,2292080
2020-05-27,20.63424301147461,20.86714636985521,20.351785944132665,20.812637157674548,2817360
2020-05-28,20.946434020996094,21.060406630366334,20.336920330484222,20.629288417146036,2714320
2020-05-29,21.015806198120117,21.184289327470427,20.644151419027764,20.936520797973944,4257540
2020-06-01,20.609468460083008,21.15951748746621,20.609468460083008,20.72839790799116,1998640
2020-06-02,20.857234954833984,20.906788662824596,20.564866886780745,20.69370732149542,2274720
2020-06-03,21.253665924072266,21.357728843087997,20.594599888151414,21.01085156421435,6867140
2020-06-04,21.159515380859375,21.417194943518197,20.882013804445304,21.362685728923143,2242520
2020-06-05,21.14960289001465,21.590632079268957,21.14960289001465,21.56585588704521,2817920
2020-06-08,21.684785842895508,21.84831481239995,21.1248285013431,21.253667623016295,2483740
2020-06-09,21.486568450927734,21.85822190785931,21.263576112122436,21.521255648187672,2117500
2020-06-10,21.689739227294922,22.140680740405255,21.555944615179435,21.585676310127837,2801260
2020-06-12,21.18429183959961,21.34286398192791,20.738307110387296,20.832459030437747,2830380
2020-06-15,21.243757247924805,21.41224040272338,20.594602147038508,20.763085301837084,2291940
2020-06-16,21.18429183959961,21.853270256649985,21.05049721477506,21.635233395544578,2392320
2020-06-17,22.05644416809082,22.05644416809082,21.199161772538112,21.372600453368964,2646560
2020-06-18,21.605499267578125,21.99202058144175,21.43206062363373,21.43206062363373,1898820
2020-06-19,21.432064056396484,21.996978284701537,21.432064056396484,21.996978284701537,5429620
2020-06-22,21.66000747680664,22.041571946518143,21.56585556594104,22.041571946518143,2023700
2020-06-23,21.42710304260254,22.101035540041515,21.248708912710153,21.907776225081882,2475200
2020-06-24,21.00094223022461,21.3973745718457,20.723440649675375,21.332954349413072,2272620
2020-06-25,21.19915771484375,21.39241837588602,20.723439978882382,21.000941550449223,2329040
2020-06-26,20.614421844482422,21.298266761258763,20.535136436183635,21.2437562236095,2719640
2020-06-29,21.16446876525879,21.16446876525879,20.64910833608738,20.95138874156133,2496060
2020-06-30,20.857234954833984,21.18429022151111,20.857234954833984,20.89192215345787,2993200
2020-07-01,21.228891372680664,21.560902167864143,20.91174576476863,20.94147878577534,3591980
2020-07-02,21.635231018066406,21.650096203703228,21.228889038280787,21.55098879104286,3108420
2020-07-03,22.324031829833984,22.324031829833984,21.560902793755602,21.630278521553258,1749860
2020-07-06,22.081212997436523,22.695682056529087,21.82353216815933,22.57179582100896,3602760
2020-07-07,21.744253158569336,22.061397462660313,21.565858991306165,21.85327159580261,2511180
2020-07-08,21.560901641845703,22.115904788111536,21.560901641845703,21.887956925548938,2846340
2020-07-09,21.446928024291992,21.80867183694839,21.318087580985345,21.645144192704674,5435360
2020-07-10,21.278444290161133,21.64018809284786,21.105005643791973,21.441971929898024,6011600
2020-07-13,21.80371856689453,22.21006062901585,21.23880302450731,21.397376504773213,4431980
2020-07-14,21.501436233520508,21.92264474467961,21.486569723857613,21.74920610164137,2155300
2020-07-15,21.412240982055664,21.660010878911596,21.362687267330873,21.655055375115918,1831340
2020-07-16,21.402326583862305,21.645140923443023,21.13969023346465,21.46674679578566,2975980
2020-07-17,21.80371856689453,21.932557700166534,21.407286189461804,21.42215270134274,2165660
2020-07-20,22.046527862548828,22.046527862548828,21.610454174709258,21.803714826310053,1494500
2020-07-21,21.764070510864258,23.116891084313366,21.724427809744043,22.249697900090172,2965760
2020-07-22,22.00688362121582,22.066348331145555,21.778935787023798,21.803713300841064,1685740
2020-07-23,21.704607009887695,22.115904522890375,21.704607009887695,22.051484302951945,1376900
2020-07-24,21.897865295410156,22.026705721317395,21.446925127966537,21.754158361152456,2118760
2020-07-27,21.987064361572266,22.269520098045884,21.759115189342,21.897866629267938,2924880
2020-07-28,21.778940200805664,22.165461555298297,21.709564471289138,22.051486291872024,2961840
2020-07-29,22.051483154296875,22.37853841704175,21.610453967574383,21.808670120385447,2957360
2020-07-30,22.13572883605957,22.304213320008177,21.87804792953299,21.892914441039984,1777300
2020-07-31,22.879037857055664,23.63721007304519,22.43800729132818,23.116894094752194,6499640
2020-08-03,22.854257583618164,23.20609170735998,22.62135554096971,23.047518245699248,3571820
2020-08-04,22.735328674316406,23.017785757280283,22.309165959739854,22.859214938419328,2681420
2020-08-05,22.482601165771484,22.943451010922452,22.388447937062438,22.74523619450032,2349620
2020-08-06,23.032651901245117,23.111937304858966,22.452869944139895,22.56684519289445,1893920
2020-08-07,22.913724899291992,23.181314157251887,22.61144579251753,22.938501094333336,1914080
2020-08-10,22.860300064086914,23.102475111839166,22.567673453170006,23.102475111839166,1627080
2020-08-11,22.60298728942871,23.057064774155833,22.60298728942871,22.905704714418107,1851500
2020-08-12,22.088369369506836,22.708944667742802,21.876466857798114,22.658490405675668,2791040
2020-08-13,21.750328063964844,22.330538449698988,21.720056862086214,22.179179745819933,3753960
2020-08-14,22.093414306640625,22.093414306640625,21.674654718699802,21.831058885915734,1475740
2020-08-17,21.644376754760742,22.078272512587375,21.215525074525694,22.078272512587375,1723120
2020-08-18,21.841150283813477,21.977372750052865,21.4930239580184,21.866376067675596,1809360
2020-08-19,21.70996856689453,21.886554415819646,21.41734062716843,21.69483229055272,6881840
2020-08-20,21.54347038269043,21.699874506695064,21.200388239231795,21.21047908863395,1465240
2020-08-21,21.54347038269043,21.54347038269043,21.29120453660826,21.47283578411827,2600500
2020-08-24,21.563655853271484,21.780605125190856,21.392115414441452,21.68978880625541,1726200
2020-08-25,21.911779403686523,22.00764113647607,21.508156160441082,21.67969657771762,2483600
2020-08-26,21.750328063964844,22.153952621551948,21.493018132646153,21.952141016379873,1878240
2020-08-27,21.689783096313477,21.95213978501227,21.47788065332051,21.901685539306442,1887760
2020-08-28,21.876462936401367,22.199363419533967,21.639333336165,21.679696738583495,2027620
2020-08-31,21.50815773010254,21.901690151538155,21.50815773010254,21.876464370615874,2720480
2020-09-01,22.002599716186523,22.23972935782637,21.654473393001638,21.654473393001638,2806160
2020-09-02,22.11359405517578,22.184228667015546,21.775558620166464,22.11359405517578,2381540
2020-09-03,21.836101531982422,22.29522447023094,21.679697384678835,22.164046102947616,2370480
2020-09-04,21.836101531982422,22.184227804758315,21.75033064653006,21.92187107019167,3042760
2020-09-08,22.259906768798828,22.40117598874377,21.634288824563647,21.659515952140648,2037140
2020-09-09,22.855253219604492,22.855253219604492,22.375948607870917,22.375948607870917,1872640
2020-09-10,22.360815048217773,22.93598011325695,22.103503723058733,22.85525599546669,2071160
2020-09-11,21.689783096313477,22.355764319958748,21.37192808458115,22.355764319958748,2972480
2020-09-14,21.836101531982422,21.91178021928632,21.543473591942835,21.91178021928632,1448300
2020-09-15,22.068187713623047,22.133776903208314,21.639335941985482,21.86133064029071,2139200
2020-09-16,21.558609008789062,22.128729972651453,21.477884894206227,22.093411993683713,1903720
2020-09-17,21.619155883789062,21.760425125531427,21.306347537027637,21.493024268171716,1213380
2020-09-18,21.24580192565918,21.644381137596504,21.200393092953373,21.538429889102726,2439640
2020-09-21,21.326528549194336,21.48293271749267,20.84217707142292,21.19030473817248,2010820
2020-09-22,21.306344985961914,21.52833832734006,21.220574096478625,21.250846650617376,1373260
2020-09-23,20.887582778930664,21.412294892685768,20.887582778930664,21.336614859312093,1675380
2020-09-24,21.04903221130371,21.11966681884025,20.726133072912507,21.00362473047418,1780660
2020-09-25,21.01371955871582,21.175169158471235,20.731182422333013,20.892632022088428,1666140
2020-09-28,20.514232635498047,21.2458032638058,20.282148420468086,21.089397746898964,2021740
2020-09-29,20.251874923706055,20.594955781334296,20.251874923706055,20.58486493012585,1328320
2020-09-30,20.357824325561523,20.48395725977218,20.09042352893964,20.357824325561523,2320920
2020-10-01,20.61009407043457,20.650456131965992,20.105562238697022,20.4486444770656,2142980
2020-10-02,20.221603393554688,20.731180627427158,20.145923352904113,20.58486597198559,1850940
2020-10-05,20.433504104614258,20.4587298828008,20.04501445645718,20.25691826833641,1777300
2020-10-06,20.34773826599121,20.589913341135127,20.181243238640608,20.589913341135127,3507700
2020-10-07,20.307376861572266,20.448646109071866,20.060156352069665,20.362875205823524,1427160
2020-10-08,20.4435977935791,20.579820248085475,20.221603100701923,20.3578269024515,1124900
2020-10-09,20.130786895751953,20.574773559775693,20.130786895751953,20.37296192967149,1620220
2020-10-13,20.272058486938477,20.5091867758877,19.95924745973568,20.1913330171041,1584100
2020-10-14,20.42341423034668,20.71099673777027,20.181239203623004,20.231692109649924,1575420
2020-10-15,20.509185791015625,20.59495668279855,20.251875810153276,20.357827057993255,1398600
2020-10-16,20.554594039916992,20.65549985906729,20.357826480055056,20.514230634462336,1183980
2020-10-19,20.534414291381836,20.95822065828578,20.499096308247914,20.66054725094495,1955800
2020-10-20,20.852262496948242,21.043984598261112,20.635314618793885,20.64036004361077,2430260
2020-10-21,20.95317268371582,21.10453140843673,20.69081594417448,20.897674349927176,3702720
2020-10-22,20.872447967529297,21.038942974840687,20.746315018802832,20.97335513485638,4596340
2020-10-23,20.87749481201172,21.07426238706575,20.726136071600116,20.902721942368622,1213520
2020-10-26,21.160030364990234,21.34166164834683,20.852266133699068,20.852266133699068,1392860
2020-10-27,21.04398536682129,21.336613280673248,21.023803666816676,21.16002744736184,1491840
2020-10-28,20.433504104614258,20.90776328474579,20.433504104614258,20.84721818371486,1896720
2020-10-29,20.34269142150879,20.413326038042182,20.10556178923163,20.332600569540695,1911560
2020-10-30,20.12574005126953,20.458730025809214,19.994561692604922,20.33764251738696,2081520
2020-11-03,20.115650177001953,20.352779780230378,19.91383855133535,20.28214517234983,3306520
2020-11-04,21.018760681152344,21.018760681152344,20.120696482609805,20.282146059654817,1751260
2020-11-05,21.846189498901367,21.896642399524552,21.26093369608372,21.27606862320062,2034060
2020-11-06,21.836101531982422,21.97736940292798,21.573744797415774,21.68978688834107,2346820
2020-11-09,22.148908615112305,22.350721580451417,22.037913302953896,22.148908615112305,3136700
2020-11-10,21.866376876831055,22.108551955431526,21.659519783085116,22.093415676208156,3885280
2020-11-11,21.841150283813477,21.997554454937212,21.533386020543777,21.866376067675596,4760560
2020-11-12,21.99755096435547,22.446583048833023,21.7402396568836,21.861328519731924,5296480
2020-11-13,21.861328125,22.13377435657086,21.720058910263653,22.058094323873313,1491980
2020-11-16,22.002599716186523,22.09846011918179,21.755379222180164,22.053052630775785,1788080
2020-11-17,23.077247619628906,23.127701873539973,21.735194104942607,22.03791423943663,4626300
2020-11-18,22.552536010742188,23.15292817333962,22.537399734228856,23.00661218095391,4396840
2020-11-19,22.20441246032715,22.70389752139832,22.20441246032715,22.683715816902936,2030700
2020-11-23,21.699880599975586,21.841149836788002,21.477887239764605,21.735197235557045,1566320
2020-11-24,21.563655853271484,21.780605125190856,21.392115414441452,21.70997050985067,2665040
2020-11-25,21.684741973876953,21.962233626857273,21.46274730424964,21.593925666474174,2657760
2020-11-26,21.750328063964844,21.80078096525786,21.553560536403413,21.72510093969686,1330280
2020-11-27,21.70996856689453,21.876463564925107,21.654470234217673,21.841146934037326,1345960
2020-11-30,21.36184310913086,21.83105691567566,21.36184310913086,21.83105691567566,4968040
2020-12-01,21.56869888305664,21.7553755788448,21.41229473929833,21.48797477212987,4175640
2020-12-02,21.54347038269043,21.79573488152969,21.417337459649342,21.634285332823982,3421600
2020-12-03,21.634286880493164,22.048002304877336,21.508155295671816,21.553561426743933,4092340
2020-12-04,21.619155883789062,21.846196025284293,21.447615431526668,21.67970099931579,2586500
2020-12-07,21.820964813232422,21.97232353201473,21.513200603074335,21.61915184094626,2379580
2020-12-08,21.775558471679688,21.88655514070965,21.634289248963466,21.81592052935154,2232440
2020-12-09,21.846189498901367,21.87141527559149,21.7049202993621,21.82600779975492,1867740
2020-12-10,21.856287002563477,22.002600324191125,21.619156007127607,21.694836054724444,1864380
2020-12-11,22.65848731994629,22.7745307596541,21.765467211622944,21.836101821654303,3631460
2020-12-14,22.315406799316406,22.925888476576166,22.305315948127408,22.75434939533579,1640240
2020-12-15,22.325496673583984,22.45162962105238,22.032870067708014,22.315407169470774,2375940
2020-12-16,22.93093490600586,22.956160686357432,22.47685604000315,22.577761855895695,3035900
2020-12-17,22.6383056640625,23.263924957338972,22.6383056640625,22.96625158729044,2823660
2020-12-18,22.65848731994629,22.96120476766388,22.562626929560032,22.703894802379615,2783200
2020-12-21,22.38934898376465,22.492288127541737,22.07023598878636,22.492288127541737,2305800
2020-12-22,22.265817642211914,22.533459645001837,22.219495172897044,22.492284269432044,1603560
2020-12-23,22.471694946289062,22.693014456889717,22.286403713789426,22.29155080700253,1622180
2020-12-28,23.079042434692383,23.089336623006755,22.574638202415855,22.950367829544657,1571500
2020-12-29,22.898895263671875,23.109920611583863,22.898895263671875,23.109920611583863,1224020
2020-12-30,22.615812301635742,23.048158565639635,22.615812301635742,22.940072343236384,2025660
2021-01-04,22.430519104003906,22.991539917311794,22.209199584489305,22.595221970284754,3114020
2021-01-05,22.229787826538086,22.55919355714922,21.915822001705994,22.55919355714922,2467360
2021-01-06,22.049640655517578,22.260665957985907,21.797438611579864,22.08052183722905,2486960
2021-01-07,21.86435317993164,22.17831764096658,21.81288224429561,22.059937237785327,1855000
2021-01-08,22.780515670776367,22.80110404668177,21.874647746802534,21.962146970009567,2144940
2021-01-11,22.337871551513672,22.780510538631784,22.137139054831124,22.718746799221048,1759940
2021-01-12,22.440814971923828,22.554048286873833,22.111409214685796,22.389345408254815,1992060
2021-01-13,22.801101684570312,22.862865431497095,22.34301998886719,22.559193790306313,2107420
2021-01-14,23.27977180480957,23.511386914431316,22.83198699092519,22.898896464950635,2538340
2021-01-15,22.95036506652832,23.34153455464445,22.95036506652832,23.161390404003555,2042740
2021-01-18,22.9040470123291,23.387862931985598,22.9040470123291,23.223161394729527,1746500
2021-01-19,23.1562442779541,23.429033358695342,22.95551038229962,23.03271540961501,2253300
2021-01-20,22.656986236572266,23.35182732942496,22.58492830579574,23.248888213681756,1598520
2021-01-21,22.44596290588379,22.729046203854626,22.193760797513896,22.656989636655446,1734320
2021-01-22,22.30184555053711,22.379049201880832,22.003319634282594,22.317285456171405,2039100
2021-01-26,21.993026733398438,22.476843915067096,21.926117264826285,22.265817198892957,1824480
2021-01-27,22.08567237854004,22.389344022341554,21.956997790137102,21.977586164086624,1803200
2021-01-28,22.57463836669922,22.708458692587023,22.070234130751967,22.1628790774736,1695120
2021-01-29,22.111406326293945,22.7702191291008,22.111406326293945,22.569486620061358,2737140
2021-02-01,22.533458709716797,22.72389704720779,22.121702222327748,22.399638401071673,2216480
2021-02-02,22.77536964416504,23.315803541881817,22.74963554746818,22.77536964416504,2166920
2021-02-03,23.16139030456543,23.470207669146163,22.82683747240758,22.904041126357363,2419060
2021-02-04,23.223155975341797,23.41874003598497,23.058451727739047,23.243741601108198,1971620
2021-02-05,23.223155975341797,23.449622597807046,23.058451727739047,23.315800912026372,1699740
2021-02-08,23.171688079833984,23.33639234905117,22.87831057597794,23.27462721730147,2085720
2021-02-09,23.094484329223633,23.28492270624701,22.826842281983794,22.883457573800623,1501360
2021-02-10,23.212862014770508,23.408446077323806,23.06874614030834,23.264330202861636,2011940
2021-02-11,23.58344268798828,23.984904969386676,23.135655192600208,23.21286021754106,2175600
2021-02-12,23.624618530273438,23.928290186069912,23.444474374271827,23.928290186069912,2266180
2021-02-17,22.94521713256836,23.634911148645145,22.924628759172368,23.62461696194715,2070880
2021-02-18,22.852571487426758,23.032715636678063,22.620957777588046,22.90918814151198,2185260
2021-02-19,22.85771942138672,22.981246921094822,22.672428171824567,22.862866515073794,2030280
2021-02-22,21.771705627441406,22.492282192525387,21.745971535483108,22.492282192525387,4005680
2021-02-23,21.879791259765625,22.265814998466784,21.673913031970894,21.80773333028119,3743320
2021-02-24,21.745973587036133,22.08567352854679,21.72023811825918,21.99302721534061,2345140
2021-02-25,21.462892532348633,21.967296809955442,21.385688861834556,21.761418522729787,2385880
2021-02-26,21.179807662963867,21.658476432729618,21.128338094893174,21.54524310809589,3878280
2021-03-01,20.66510772705078,21.31362639336051,20.572461417926082,21.236421364821727,3887800
2021-03-02,20.402612686157227,20.562168472003446,19.93423814190633,20.412906873835862,4448360
2021-03-03,20.505552291870117,20.716579021025705,19.92394441838654,20.376877691671258,4503800
2021-03-04,20.742311477661133,21.01510193838442,20.5621673264934,20.59819698136143,3789100
2021-03-05,20.71143341064453,20.958488440820567,20.474672569124333,20.675405124740113,2419340
2021-03-08,20.026880264282227,20.56731267184932,19.867324500886845,20.500403210134667,3131800
2021-03-09,19.78497314453125,20.181289708863087,19.718062305858727,20.129821524518977,3376520
2021-03-10,20.217323303222656,20.325409535075273,19.851887853137328,19.898210327589734,3781820
2021-03-11,20.55702018737793,20.8452519281201,20.279084008108892,20.294525288732395,3514000
2021-03-12,20.50040626525879,20.62907948913955,20.382024480360524,20.46952370196597,1874040
2021-03-15,20.91216278076172,21.169511977305742,20.52099326645442,20.52099326645442,2636760
2021-03-16,20.845252990722656,21.220982592036172,20.64452045555704,21.061425432908038,2634660
2021-03-17,21.787153244018555,21.998178631894135,20.77319893960191,20.798933039044943,4516540
2021-03-18,21.565828323364258,21.86949996741265,21.529798668923306,21.61729788388912,3023440
2021-03-19,21.740825653076172,21.915822710823885,21.42171272452879,21.514357659763718,3898160
2021-03-22,21.42685890197754,21.89523340046486,21.370242249667776,21.704795070189938,2039380
2021-03-23,21.38568115234375,21.653323104130987,21.287887764213888,21.365092781286812,1779960
2021-03-24,20.747455596923828,21.370240083597,20.593046935654513,21.277593787322928,3154060
2021-03-25,21.09745216369629,21.236420937390886,20.562166817008848,20.654813124268834,3627820
2021-03-26,21.215837478637695,21.3908345611208,20.99966364188257,21.159219441513667,1465520
2021-03-29,21.195247650146484,21.26730421640642,20.896723074070927,20.896723074070927,1337560
2021-03-30,21.390832901000977,21.586416971050024,20.984220730467474,21.025397481543813,1548120
2021-03-31,21.52979850769043,21.704795561920754,21.27244933260258,21.54009269459647,2570260
2021-04-01,21.349655151367188,21.65847389804133,21.31362687025138,21.560681867590695,1712620
2021-04-05,21.57612419128418,21.653327850890804,21.447448218361053,21.50921334507178,1147160
2021-04-06,21.550384521484375,21.72538155655048,21.34450492908215,21.612148261765977,1372980
2021-04-07,21.257009506225586,21.617297802941273,21.107746544310707,21.576122429553727,1935500
2021-04-08,21.395978927612305,21.560681800529288,21.184952212045165,21.30333261670281,1513680
2021-04-09,21.365093231201172,21.478326525617657,21.23127156529419,21.38568160269167,1305780
2021-04-12,21.380537033081055,21.524651527350592,21.236421164420737,21.447446499540366,2649500
2021-04-13,21.38568115234375,21.48862025884726,21.241565303726368,21.34965150299411,1854440
2021-04-14,21.267303466796875,21.457741812379236,21.174658528076186,21.385685248659083,2777320
2021-04-15,21.3702392578125,21.42685590219587,21.16950676896751,21.28788715035007,1420440
2021-04-16,21.58641815185547,21.740828228056394,21.13348486036682,21.251865277405077,2720060
2021-04-19,21.478330612182617,21.663621867679577,21.31362773209339,21.56068273942267,2496340
2021-04-20,21.514358520507812,21.60700483384013,21.3187744551001,21.45774186351229,1499960
2021-04-22,21.447450637817383,21.67391867146491,21.298189021267806,21.6018607232312,1941800
2021-04-23,21.725383758544922,21.79229459849768,21.375389652938757,21.56582798597496,1473780
2021-04-26,21.565828323364258,21.85920578042952,21.416565360890452,21.771706565463706,1560860
2021-04-27,21.22612953186035,21.560683776371818,21.22612953186035,21.529801211774938,1535240
2021-04-28,21.390832901000977,21.52980031271095,21.184953268791954,21.293039491585564,1778000
2021-04-29,21.38568115234375,21.48862025884726,21.2312711181979,21.344504410229874,1801100
2021-04-30,20.932750701904297,21.46288899074023,20.932750701904297,21.334214395261352,3339700
2021-05-03,21.210689544677734,21.210689544677734,20.860695393566882,21.030545375042063,2364180
2021-05-04,20.737167358398438,21.241571603770083,20.639375315655,21.241571603770083,2516500
2021-05-05,20.69599151611328,20.88128278327012,20.54158143962043,20.87098859491847,2487380
2021-05-06,20.469526290893555,20.829814661866067,20.36143868008895,20.701140047320017,3569580
2021-05-07,20.68054962158203,20.747459090659092,20.33570121687967,20.608491684432696,4199160
2021-05-10,20.536436080932617,20.82466648789207,20.407761473056382,20.81951939362574,3449600
2021-05-11,20.66510772705078,20.66510772705078,20.28423105227629,20.448933922020345,2957920
2021-05-12,20.230558395385742,20.55043017447816,20.1728767368849,20.55043017447816,3692500
2021-05-13,20.791645050048828,20.99615351619895,20.282996542063348,20.34067820170915,3144400
2021-05-14,21.017127990722656,21.23212428815968,20.912252499421,20.985665903429844,1978760
2021-05-17,20.96993637084961,21.13773745467499,20.896522959099645,21.059081528026933,1330420
2021-05-18,20.93846893310547,21.09053964308261,20.844081278822074,20.964688503875355,1703380
2021-05-19,21.074806213378906,21.274070734544697,20.89651734714972,20.964686825449704,2470440
2021-05-20,21.05908203125,21.142981875045358,20.917499119509284,20.99615644828128,1322300
2021-05-21,21.158708572387695,21.158708572387695,20.93322447040766,21.06432092057768,1099980
2021-05-24,21.473339080810547,21.531020741917203,21.163955116604203,21.163955116604203,1912820
2021-05-25,21.39468002319336,21.54150682148987,21.27407279610841,21.473337336583928,1340220
2021-05-26,21.258342742919922,21.525776789556105,21.21639282589151,21.52053287489702,1841280
2021-05-27,21.263586044311523,21.478580938156185,21.190172641445958,21.32651161816141,2846620
2021-05-28,20.964691162109375,21.28980687965877,20.76542659972463,21.258343390745466,3793300
2021-05-31,20.86505699157715,21.02761413005552,20.77591185096378,20.969932474450673,1773660
2021-06-01,21.12200164794922,21.226878530388372,20.880788598998226,20.98566408119328,1889720
2021-06-02,21.205904006958008,21.43663204045748,21.148222348644182,21.205904006958008,1316420
2021-06-04,21.357975006103516,21.420900579661417,21.16395437094631,21.268829860128083,1069740
2021-06-07,21.604434967041016,21.77223604206174,21.305537420582084,21.363220484122383,2023980
2021-06-08,21.473339080810547,21.730285298578494,21.447119507469232,21.604434147028652,1836380
2021-06-09,21.38943862915039,21.614922767405023,21.289807047295653,21.473339866668894,1373400
2021-06-10,21.861377716064453,22.050154432608313,21.43138793977718,21.4995560260831,2227120
2021-06-11,21.504802703857422,21.94528176572877,21.420902863663866,21.924306105558212,1023120
2021-06-14,21.583457946777344,21.856134501463767,21.5677262031673,21.646383520973316,1281560
2021-06-15,21.78272247314453,21.840404132736847,21.604433579837,21.614921408898184,1610840
2021-06-16,21.5467529296875,22.05015614601046,21.478582037596066,21.803699152747377,2991660
2021-06-17,21.557231903076172,21.840397602079904,21.49955026073167,21.562475816038745,1332940
2021-06-18,21.777481079101562,21.78796890937659,21.468097087210065,21.60967999543421,1817340
2021-06-21,21.499555587768555,21.787965271195358,21.447117845393898,21.761745699885964,1285340
2021-06-22,21.279319763183594,21.525778166953906,21.090543024109888,21.426146582544582,1909880
2021-06-23,21.127248764038086,21.389438909506232,21.080054929922227,21.25310132208756,941500
2021-06-24,21.342243194580078,21.35273102351364,21.12724690217459,21.31602362224617,1655080
2021-06-25,21.04334831237793,21.36846262702924,20.791646004103196,21.316024879512714,1997380
2021-06-28,21.001394271850586,21.22163446316434,20.844081049692836,21.22163446316434,2028460
2021-06-29,20.754940032958984,21.00139844346561,20.47701953186896,20.95420460746834,2214800
2021-06-30,20.529457092285156,20.75493984014521,20.403605930632022,20.712989919675614,2225580
2021-07-01,20.50848388671875,20.62384722412538,20.277755811661066,20.52945814790987,2175180
2021-07-02,20.676280975341797,20.692012718373395,20.42457868781282,20.660549232310196,1667820
2021-07-05,20.54518699645996,20.644818573738707,20.466529677414293,20.634330744500055,961100
2021-07-06,20.529457092285156,20.57140701275475,20.361656010162427,20.545188837552885,1497300
2021-07-07,20.61859893798828,20.73396225093993,20.487503882294828,20.608111109493745,2140880
2021-07-08,20.54518699645996,20.74445015101745,20.42457976070391,20.539943081840633,1241240
2021-07-12,20.791645050048828,20.844082795159174,20.424579434032218,20.655306072615414,1711220
2021-07-13,20.73920440673828,20.817860313289927,20.576645879344333,20.697254496561136,1246980
2021-07-14,20.812620162963867,20.92273956483522,20.650061617111714,20.91749565043714,2323020
2021-07-15,20.975177764892578,20.975177764892578,20.629087808555,20.79164495769946,2117500
2021-07-16,20.807373046875,21.169194683202992,20.807373046875,20.964686253878668,2208500
2021-07-19,20.655303955078125,20.912250139997024,20.497990735874506,20.660547869075984,1885240
2021-07-20,20.702499389648438,20.78115529992072,20.471771372150062,20.692011561547044,1581720
2021-07-21,20.602869033813477,20.728720186490417,20.513725284143124,20.702502013158533,1208060
2021-07-22,20.807373046875,20.859810782542887,20.587132876777122,20.587132876777122,1080380
2021-07-23,20.450796127319336,20.82310563094335,20.39835838600166,20.81786171678717,1697920
2021-07-26,20.398359298706055,20.571404272870343,20.28299598259653,20.487504443105685,1740200
2021-07-27,20.340681076049805,20.53994565582254,20.27775549297654,20.424582320228957,1542660
2021-07-28,20.450796127319336,20.450796127319336,20.099462280320033,20.387870557689304,2088380
2021-07-29,20.068002700805664,20.524212087390982,20.052270956373267,20.477018254338063,1919260
2021-07-30,19.88970947265625,20.162385982298836,19.879221645315386,20.052266595707714,1929620
2021-08-02,19.78483772277832,20.183365435016896,19.78483772277832,20.06800211304667,2316160
2021-08-03,19.821542739868164,19.989343799825427,19.501670962899137,19.837273082813663,1863680
2021-08-04,19.832029342651367,19.999831804327023,19.60130410839674,19.73239776872984,2270520
2021-08-05,19.454477310180664,20.130926870791196,19.449233395736506,19.921174493757377,2468760
2021-08-06,19.753372192382812,19.879223330654753,19.5645954849749,19.638008882340884,2270100
2021-08-09,19.96837043762207,20.094220188048467,19.753374138457996,19.753374138457996,1470980
2021-08-10,19.690446853637695,20.18860749843925,19.685202939461334,20.073244187047496,1665020
2021-08-11,19.485937118530273,19.800564947176255,19.47544929086807,19.75337112294036,2383360
2021-08-12,19.480693817138672,19.62752060853745,19.35484268172374,19.496425559126553,1835540
2021-08-13,19.905445098876953,19.921176844065467,19.49118561062316,19.538379445944358,1747900
2021-08-16,20.01555824279785,20.10994728410762,19.826781560422216,19.900194948053393,2084880
2021-08-17,19.918798446655273,20.101687636972986,19.71439237405054,20.010242323627136,2269820
2021-08-18,19.886520385742188,20.1070640897032,19.77355820565915,19.98334346995761,2332820
2021-08-19,20.440570831298828,20.58042769968763,19.69825559559927,19.79507869748441,2661120
2021-08-20,20.70952796936035,20.81173030115328,20.203892658939004,20.359885767274218,1847860
2021-08-23,20.60732078552246,20.74717764317559,20.440569262243077,20.709524536749257,1497580
2021-08-24,20.924684524536133,20.93544296375123,20.521253108586137,20.79020690709489,1874740
2021-08-25,20.784832000732422,20.930066641117257,20.66111280538205,20.92468742076516,1452780
2021-08-26,20.42443084716797,20.8009676430289,20.38677774213143,20.752556097589384,1919680
2021-08-27,20.60732078552246,20.709524536749257,20.23616319616342,20.445948482643114,1281140
2021-08-30,20.408296585083008,20.601942785459098,20.332988931395626,20.601942785459098,1490160
2021-08-31,20.198511123657227,20.542772628638108,20.123203470575778,20.51587796163517,2456860
2021-09-01,20.806344985961914,21.05378334740956,20.25229828256278,20.300709823634328,2275280
2021-09-02,21.021514892578125,21.263574096801673,20.483605709456253,20.763318025039908,3417260
2021-09-03,21.139854431152344,21.139854431152344,20.752559138143987,21.123716768183474,3224480
2021-09-06,21.2474365234375,21.317364961722987,20.930069658776052,20.978481212550886,1531460
2021-09-08,20.58580207824707,21.107573447004903,20.44056602320817,21.10219422745726,2294880
2021-09-09,21.08068084716797,21.24743236033073,20.49973800657436,20.63421563566885,2299780
2021-09-10,20.795591354370117,21.317364296477525,20.768696685945233,21.24743586037428,1686300
2021-09-13,21.032268524169922,21.204399251033326,20.913927123304173,20.940823222676798,1593760
2021-09-14,21.129093170166016,21.18288393651149,20.935445549497967,21.07530240382054,2218440
2021-09-15,20.90317153930664,21.129094495780457,20.795589999866156,20.983858412074003,2649780
2021-09-16,20.924684524536133,20.962339061788967,20.67724616808384,20.81710300513263,1644860
2021-09-17,20.881656646728516,20.956964300882547,20.70952589178647,20.741799779924463,3073840
2021-09-20,20.774072647094727,21.02151102692159,20.655732677296996,20.757934986747618,2096220
2021-09-21,20.946208953857422,21.1667512917752,20.7202859580187,20.784836616579113,1909880
2021-09-22,20.838623046875,21.145231429179876,20.763315397311324,20.994616130052524,2679040
2021-09-23,20.763317108154297,21.11295784628764,20.763317108154297,20.908551762450546,2093280
2021-09-24,20.532011032104492,20.731037857387154,20.478221706364497,20.731037857387154,1919680
2021-09-27,20.39215660095215,20.5535288950154,20.182371325933445,20.53739123469692,2157120
2021-09-28,20.30609130859375,20.440568943751497,20.19850977501712,20.349123634749617,2154600
2021-09-29,20.27381706237793,20.5104970065853,20.19850941566452,20.386777814261094,2206260
2021-09-30,20.15009880065918,20.494361753342755,20.15009880065918,20.343746442223555,1763300
2021-10-01,20.24154281616211,20.359882794551293,20.02637974140867,20.176993606461284,1110620
2021-10-04,20.22002601623535,20.23616224029933,19.886521549055878,20.22540380000743,2300480
2021-10-05,19.92955780029297,20.214650778700676,19.908042351844156,20.176996230260485,1871660
2021-10-06,20.107065200805664,20.19850907024293,19.6928738691521,19.902659145043145,2531200
2021-10-07,20.0210018157959,20.182374132298015,19.875765725482154,20.182374132298015,1243900
2021-10-08,20.214649200439453,20.43519150715939,20.09630921590085,20.166236213367625,1700440
2021-10-11,20.4298095703125,20.515875655068456,20.01024045942165,20.107064984318832,2837380
2021-10-13,20.72028160095215,20.87627612025543,20.424431659966206,20.440569321212877,1851920
2021-10-14,20.714900970458984,20.827863155122333,20.585803998395154,20.736417850656544,1092700
2021-10-15,20.736417770385742,20.913927722206942,20.693385446531043,20.752555430471443,1081080
2021-10-18,20.784832000732422,20.978478187912202,20.46746518182834,20.671871246086244,1112580
2021-10-19,20.56966781616211,21.069923825707658,20.445948618884696,20.56428859572623,3035340
2021-10-20,20.97847557067871,21.204398488159296,20.709521768497652,20.709521768497652,2616600
2021-10-21,20.736417770385742,20.892412278466512,20.472843170855146,20.50511705465271,3688020
2021-10-22,20.37063980102539,20.634215841773408,19.972586129839655,20.553528976236002,3434060
2021-10-25,20.800968170166016,20.962341907552446,20.311470610416755,20.376019818096545,2517760
2021-10-26,20.714900970458984,20.935444683362448,20.37601872559047,20.60194022216948,2604140
2021-10-27,21.231300354003906,21.40881034257576,20.757938948104833,20.860142713433454,3028480
2021-10-28,20.940826416015625,21.403429341152094,20.827865654172424,21.134474051907123,1897140
2021-10-29,20.930065155029297,21.23129572786287,20.72027988531459,20.983855918357058,1979460
2021-11-01,21.03765106201172,21.317363357733033,20.95696418754206,21.204402595299925,1876980
2021-11-03,21.47335433959961,21.70465649883497,20.9300660273353,21.11833442501587,2863420
2021-11-04,21.40342903137207,21.640108993022558,21.12371530478586,21.532527453431243,2290540
2021-11-05,21.2474365234375,21.564803388098948,21.118338089121856,21.564803388098948,2266460
2021-11-08,21.26357078552246,21.43032230468422,21.107576270521218,21.107576270521218,1827840
2021-11-09,21.344255447387695,21.575556149478857,21.204398607641235,21.236673925909074,1660960
2021-11-10,21.554039001464844,21.666999741244105,21.333496741550444,21.38190828197388,1629880
2021-11-11,21.656240463256836,21.753064976727643,21.53252272535437,21.586313483338735,1562540
2021-11-12,21.35501480102539,21.747689264930695,21.231297043168745,21.59707540555701,2470440
2021-11-16,21.172119140625,21.46259120262155,21.04840142062912,21.419558889737182,1478400
2021-11-17,21.03765106201172,21.376533349311046,20.860141087277686,21.177506491685364,1792840
2021-11-18,21.107574462890625,21.435699689220534,21.04840591776627,21.155987441149467,1574720
2021-11-19,21.38190460205078,21.65085979247394,21.12370784906431,21.16674016243756,1870400
2021-11-22,21.102197647094727,21.5540421077026,21.059165320113863,21.419565906340658,1422400
2021-11-23,21.112958908081055,21.15061345604619,20.800971263954903,21.15061345604619,2377900
2021-11-24,21.03765106201172,21.139853382999004,20.827865762940213,21.01613417912007,1507520
2021-11-25,21.161367416381836,21.285085167227386,20.95696136555778,21.069922112780027,1350580
2021-11-26,20.97847557067871,21.016130108445683,20.800965630327088,20.843999387775053,1033060
2021-11-29,20.90317153930664,21.161369819437,20.806348441085003,21.043029838777667,1313060
2021-11-30,20.725658416748047,20.973098218033552,20.585803011291603,20.870894478369724,3836420
2021-12-01,20.639589309692383,21.080675182593925,20.553523248013985,20.77944612127973,2179660
2021-12-02,21.118331909179688,21.451836339629384,20.71489906090794,20.843998893818714,2722300
2021-12-03,21.231300354003906,21.548665783151858,21.08068503476917,21.08606425591142,1697640
2021-12-06,21.376535415649414,21.467979304030194,21.20978386624236,21.424948406835412,1860180
2021-12-07,21.145231246948242,21.564800381795774,21.102197483926183,21.47873429212559,1518720
2021-12-08,21.118331909179688,21.381907921807333,21.021508829963746,21.18826032700174,1813560
2021-12-09,20.973102569580078,21.20440332310825,20.849383361454674,21.112958004054043,1968960
2021-12-10,21.107574462890625,21.408805026561627,21.032268258346658,21.064542140812105,1265600
2021-12-13,21.26357078552246,21.387289978920453,20.956962412161086,21.112955490788426,1851920
2021-12-14,21.021514892578125,21.548665633490216,21.021514892578125,21.521770964339893,1931580
2021-12-15,21.182886123657227,21.3335014340748,20.76331695374264,21.188265344484574,2159780
2021-12-16,20.97847557067871,21.29046313030774,20.919305590561503,21.199019268478303,1650600
2021-12-17,21.048412322998047,21.26357543524062,20.865521666667956,20.999999330006673,2455320
2021-12-20,20.90317153930664,21.10219839273334,20.81710688230385,21.021512956339972,1537200
2021-12-21,20.800968170166016,20.967721127890258,20.7202813014728,20.913928924512163,1247260
2021-12-22,20.800968170166016,20.89241347953485,20.67187119118036,20.89241347953485,847420
2021-12-23,20.763317108154297,20.88165709448786,20.7310417829502,20.79559099698433,812700
2021-12-27,20.790210723876953,20.978479135583303,20.790210723876953,20.817106826852427,975100
2021-12-28,20.870895385742188,20.94082380969747,20.75255541793289,20.82248384188817,995540
2021-12-29,20.7579345703125,20.962340621486916,20.655732262912206,20.870895317728365,813820
2021-12-30,20.700252532958984,20.996662918774486,20.700252532958984,20.8834881750172,2285220
2022-01-03,20.500850677490234,20.948160285987832,20.376895661296878,20.74875783168677,1587180
2022-01-04,20.55474281311035,20.673306976015745,20.398452773492753,20.50085014261654,1692880
2022-01-05,20.26371955871582,20.60324523992785,20.26371955871582,20.549352571612207,1438640
2022-01-06,20.10203742980957,20.43617363173206,20.10203742980957,20.3068306786714,1400840
2022-01-07,20.128984451293945,20.387668917977532,20.005029468938382,20.096647993524314,1727740
2022-01-10,20.339170455932617,20.425399591178753,19.983477971345494,20.12898918735615,2069620
2022-01-11,20.371503829956055,20.463120923100686,20.193656175555656,20.339167369485143,2123240
2022-01-12,20.468509674072266,20.581684403886495,20.25293903425369,20.29066346449351,2012780
2022-01-13,20.635578155517578,20.689470814564892,20.441563719490407,20.46850932946669,1026200
2022-01-14,20.689472198486328,20.737975450963827,20.543961001959,20.673303967962216,972860
2022-01-17,20.705638885498047,20.921209520037024,20.63018858777151,20.689470656179203,1008980
2022-01-18,20.861927032470703,21.050552053449813,20.59785171528101,20.711027879144236,1547840
2022-01-19,21.196067810058594,21.260739300895168,20.770312989245717,20.888878588358615,1426040
2022-01-20,21.233793258666992,21.46553361801388,21.072115243418192,21.27151913625827,1670480
2022-01-21,21.115224838256836,21.298460460921323,20.95893482649004,21.185285729142493,1476300
2022-01-24,21.136783599853516,21.390081583185214,21.06133472892361,21.12061680699423,1480360
2022-01-25,21.2283992767334,21.30384957657509,20.985881586530997,20.99127099645503,1170680
2022-01-26,21.185285568237305,21.384689419382777,21.072110837318053,21.341574139722276,1778280
2022-01-27,21.400854110717773,21.4924726319137,21.17989408051321,21.287679390901065,1327340
2022-01-28,21.632596969604492,21.77271731412218,21.271515129529437,21.271515129529437,5983180
2022-01-31,21.934398651123047,22.047573394260045,21.567927369015173,21.567927369015173,1702680
2022-02-01,21.99367904663086,22.144579652007724,21.821222239839315,21.837390470221443,2080400
2022-02-02,21.77271842956543,22.009848167479188,21.740383406587807,22.009848167479188,1323420
2022-02-03,22.176912307739258,22.236194373721073,21.68648755122752,21.79427286408633,1522920
2022-02-04,21.97751235961914,22.284701562977776,21.89667264112636,22.246977128531775,1565480
2022-02-07,21.70265769958496,21.961343641757182,21.691880317906865,21.9343980289196,2504460
2022-02-08,21.600261688232422,21.86433703966395,21.460141336066307,21.66493317349943,1903440
2022-02-09,21.826610565185547,21.966730904248863,21.58948084865083,21.63798553738653,1828680
2022-02-10,21.75115966796875,21.950563510002095,21.648763761643796,21.907448232311825,1109220
2022-02-11,21.832000732421875,21.982899896439097,21.708045740447478,21.86972516365248,2337300
2022-02-14,21.837392807006836,22.09607732532816,21.778109289261867,22.090687914624073,1233540
2022-02-15,21.837392807006836,21.85355960002412,21.470920074603743,21.713437799907787,2781240
2022-02-16,21.853557586669922,21.966732322839096,21.799664923689118,21.966732322839096,1816920
2022-02-17,21.864336013793945,21.934396906137202,21.77810689111882,21.864336013793945,1794800
2022-02-18,21.794275283813477,21.982900321805985,21.77271764321039,21.864336176678677,1905960
2022-02-21,21.92900848388672,22.090686477204187,21.82661256536181,21.82661256536181,1343440
2022-02-22,21.939786911010742,22.085296670657666,21.853557785998042,21.93439750075402,1393420
2022-02-23,22.117633819580078,22.32242709841561,21.934398182441413,21.93978759286563,1624560
2022-02-24,22.106855392456055,22.17691629012376,21.63259877943766,21.85355885438625,2676380
2022-02-25,21.90176773071289,22.09952648495828,21.69851555549946,21.780915403152058,2963520
2022-03-02,22.00614356994629,22.154463027787664,21.74246518572533,21.901771487387297,2056600
2022-03-03,21.61611557006836,22.017126496971187,21.500756664210854,22.000646234172095,2313640
2022-03-04,21.682043075561523,21.731480944939292,21.423856615456504,21.649082540151667,2140600
2022-03-07,21.489774703979492,21.67654664477675,21.434840485920027,21.588653362749913,1758540
2022-03-08,21.43484115600586,21.671053900441002,21.24257578739215,21.47878853182729,2217320
2022-03-09,21.912757873535156,21.984170890009153,21.412868225085486,21.44033386719499,1673980
2022-03-10,21.94022560119629,22.061079425318226,21.621614441109312,21.769933909951533,1506540
2022-03-11,21.868812561035156,22.126996058109565,21.79739954261819,22.09953041525279,1359400
2022-03-14,22.000648498535156,22.08854177564178,21.75894382007722,21.907263266798328,1317120
2022-03-15,21.967689514160156,22.08304843229897,21.84683717450347,21.934728985052935,1565340
2022-03-16,22.181928634643555,22.187422056181706,21.929235644493325,21.99515670295113,1876420
2022-03-17,22.54998207092285,22.57744771539256,22.12699735752613,22.181931580202402,2937760
2022-03-18,22.467578887939453,22.560965585838378,22.37419365690874,22.549978742924598,5338900
2022-03-21,22.659847259521484,22.71478001454626,22.28080992966897,22.46208846131125,1361780
2022-03-22,22.967472076416016,23.20917825749359,22.72576736220688,22.742247629139808,2677220
2022-03-23,23.19818878173828,23.28608059500833,22.857603971429093,22.989443158202437,1632400
2022-03-24,23.681598663330078,23.70357235055309,23.192695857564463,23.19818927937022,2303840
2022-03-25,23.884851455688477,24.11007735464665,23.626666491955252,23.68159924449257,2341220
2022-03-28,23.91780662536621,24.033165526519902,23.758500358540243,23.884846101112004,1500380
2022-03-29,23.676105499267578,24.37375540750998,23.65962523367091,24.17050319908937,2341780
2022-03-30,23.731040954589844,24.12106515026751,23.46736254247714,23.69808188651,1606780
2022-03-31,23.753009796142578,23.923301458010595,23.659623099719347,23.807942542975223,2585520
2022-04-01,24.362764358520508,24.362764358520508,23.676101412534152,23.87935358587139,2322880
2022-04-04,24.01119613647461,24.357274368676563,23.93428969966659,24.357274368676563,1394400
2022-04-05,23.934289932250977,24.126555292705252,23.884850603418343,23.96725046271826,1776460
2022-04-06,24.060636520385742,24.060636520385742,23.70906631793724,23.857384309500667,1847580
2022-04-07,24.121063232421875,24.170504030913378,23.807945509650892,23.972745237552488,1630160
2022-04-08,24.154024124145508,24.252902788863015,23.90682599548334,24.066130836832304,1520960
2022-04-11,24.18149185180664,24.208957496320767,23.989226472734018,24.00021185041861,1424220
2022-04-12,24.252899169921875,24.42319083013315,24.0826075097106,24.28036627650507,2174620
2022-04-13,24.159517288208008,24.41770225838492,24.066130579756017,24.296849906412966,2170700
2022-04-14,24.208955764770508,24.208955764770508,23.92879711618053,24.126555903384926,1291220
2022-04-18,24.230924606323242,24.538550321431376,24.14303280217931,24.170499907766864,1627500
2022-04-19,23.934289932250977,24.20346173026062,23.725545773431346,24.14852897968344,2539600
2022-04-20,24.225435256958008,24.384740085891007,23.807944008344386,23.90133071051553,1925420
2022-04-22,24.055143356323242,24.203462816344988,23.91231878516091,23.91231878516091,2090480
2022-04-25,24.41769790649414,24.653907679393065,23.917808321467096,23.917808321467096,3137400
2022-04-26,23.538772583007812,24.571513877398004,23.51680036269708,24.219942216874927,4151840
2022-04-27,23.505813598632812,23.648639632043157,23.32453507939736,23.621172522976433,1802080
2022-04-28,23.335521697998047,23.560746122700092,23.258615260221145,23.538772435658608,2111060
2022-04-29,23.01691246032715,23.593708590716485,22.95099286065784,23.555254635236146,2467360
2022-05-02,22.978458404541016,23.09931075892913,22.621394763564165,22.950992760471937,2724400
2022-05-03,22.90704345703125,23.04986948816106,22.78619111280396,22.967469629144894,1817480
2022-05-04,23.615676879882812,23.615676879882812,22.67632384118063,22.852108922068467,2326520
2022-05-05,22.88507080078125,23.505814281918695,22.692805432330186,23.505814281918695,2067380
2022-05-06,22.89056396484375,23.0718439541746,22.758726239581467,22.87957858788981,2028460
2022-05-09,23.450881958007812,23.60469484232947,22.797179399943346,22.8466187317366,3071880
2022-05-10,23.30256462097168,23.65413486452983,23.220166216090917,23.51131027819787,1641780
2022-05-11,22.99494171142578,23.489338038720838,22.87958276397275,23.34102002065348,1905540
2022-05-12,23.329099655151367,23.329099655151367,22.748522476709024,22.748522476709024,1568980
2022-05-13,23.647296905517578,23.77011233393045,23.156041154576098,23.156041154576098,1920100
2022-05-16,23.75336265563965,23.892924343808293,23.57472435068183,23.647294997479243,1568980
2022-05-17,24.09947967529297,24.272535422858525,23.786862215858115,23.94875278796571,1661100
2022-05-18,23.898508071899414,24.199960319079384,23.792441899351033,24.0659812112933,2656080
2022-05-19,24.038066864013672,24.144134521008887,23.75894498142002,23.837099704817184,1713740
2022-05-20,24.34510612487793,24.412095682964285,23.982246888138754,24.188798149794803,1636180
2022-05-23,24.568403244018555,24.68005200194754,24.333939063554777,24.49583110416149,1810480
2022-05-24,25.03174591064453,25.054073275704443,24.43442106947327,24.43442106947327,2674280
2022-05-25,25.21596908569336,25.294122323884636,24.914515344439284,24.953593454212385,1782480
2022-05-26,24.624225616455078,25.210383819319013,24.590731586049017,25.210383819319013,1734180
2022-05-27,24.39534568786621,24.613062104388646,24.300444692158738,24.613062104388646,2149840
2022-05-30,24.127391815185547,24.55724213857864,24.02132562664838,24.395350071150677,1492120
2022-05-31,24.50699806213379,24.50699806213379,24.13297362961888,24.13297362961888,2763040
2022-06-01,23.591474533081055,24.529326848403738,23.290020778670794,24.512579086341493,3643500
2022-06-02,23.65287971496582,23.993411576569294,23.368175216878143,23.993411576569294,2149560
2022-06-03,23.602636337280273,23.89292338485121,23.591471164166524,23.78685722162521,1170680
2022-06-06,23.41841697692871,23.69754037799498,23.323515974599786,23.680792616168404,1019060
2022-06-07,23.16720962524414,23.44633306381654,23.044395670034934,23.312353932556004,2206820
2022-06-08,23.362592697143555,23.49657181098779,22.999733466710644,23.111382231354998,1810900
2022-06-09,23.34584617614746,23.691959153754958,23.217449642778526,23.22861481797193,1940400
2022-06-10,22.84342384338379,23.34026218417483,22.569883030314674,23.223030833053066,4014220
2022-06-13,22.832256317138672,22.88808069331924,22.54755184955004,22.614541399102194,3548580
2022-06-14,23.055559158325195,23.122548719051554,22.748522802100787,22.83784271329513,2687860
2022-06-15,23.446332931518555,23.5803120620231,23.150461730538638,23.23978164776757,4299260
2022-06-17,23.446332931518555,23.490992144794166,23.161626906526966,23.435167755530223,4337200
2022-06-20,23.41841697692871,23.602639375666055,23.345844833024383,23.446329913306343,1878800
2022-06-21,23.30118751525879,23.580310938962384,23.211869092961532,23.32351786617192,2142000
2022-06-22,23.172788619995117,23.44632942812541,23.038809509509974,23.111381651912552,1727880
2022-06-23,22.9550724029541,23.362592325300614,22.8880828470982,23.189536593788496,2144800
2022-06-24,22.893667221069336,23.111383667262288,22.77085327419463,23.044394106178117,1949360
2022-06-27,22.999732971191406,23.161623527370107,22.782016543215754,22.92157824135316,1874880
2022-06-28,23.161624908447266,23.418417971315307,22.982986580077664,23.055558727063534,1496880
2022-06-29,23.239778518676758,23.32351583663682,23.07788646999914,23.3011854876668,2105460
2022-06-30,23.055559158325195,23.22303231480229,22.782018327802767,23.22303231480229,2921380
2022-07-01,23.200702667236328,23.323516609284926,22.943908117606696,22.943908117606696,2001440
2022-07-04,22.82109832763672,23.223034234543455,22.815515739558233,23.167209844436343,1323140
2022-07-05,22.793182373046875,23.01648139462371,22.653620670896043,22.77643461102617,1662220
2022-07-06,22.938323974609375,22.94948765730415,22.514056330532615,22.80434487549854,1530340
2022-07-07,23.373756408691406,23.602638001631036,22.86575143093476,22.99973202707016,2548420
2022-07-08,23.591474533081055,23.71428847351578,23.396088447720803,23.396088447720803,1190140
2022-07-11,23.35700798034668,23.59705474032736,23.31793136348709,23.44632787832523,1341340
2022-07-12,23.223031997680664,23.44633102727847,23.12254840330208,23.35701111730383,2128420
2022-07-13,23.239778518676758,23.49098898187944,23.072303882756636,23.133712342424182,2289280
2022-07-14,23.34026527404785,23.546816558008928,23.049978151444535,23.12255030476479,2386300
2022-07-15,23.334678649902344,23.407252281347407,23.116963718276935,23.384921933210467,1316000
2022-07-18,23.37933921813965,23.65287852793194,23.22861235039563,23.468657628843378,2065140
2022-07-19,23.28443717956543,23.758946649301315,23.28443717956543,23.396087431118115,2025520
2022-07-20,23.334678649902344,23.680791592637732,23.301184618374375,23.54122989813673,2516640
2022-07-21,23.323518753051758,23.429584942567043,23.144878920309182,23.28444063746783,1701280
2022-07-22,23.541231155395508,23.630551062036112,23.16720674819099,23.284438100815983,2869300
2022-07-25,24.21112632751465,24.33952285267787,23.541230765498927,23.541230765498927,2917180
2022-07-26,24.183216094970703,24.473503192619358,24.07156583524961,24.28369968897435,1838760
2022-07-27,24.65772247314453,24.6912179960423,24.127388619349656,24.188797077995567,1976660
2022-07-28,24.579570770263672,24.719130985692395,24.43442498598135,24.590734454583014,1350020
2022-07-29,24.685638427734375,24.82519865150967,24.395349823163805,24.573989652443075,3085320
2022-08-01,24.802865982055664,25.054074942545856,24.63539135415896,24.741459016007518,3084620
2022-08-02,24.64655876159668,25.0205846694325,24.64655876159668,24.925682172933914,2381120
2022-08-03,24.077146530151367,24.579568932708714,23.675209204376472,24.55723858438429,5181680
2022-08-04,23.998991012573242,24.373016881321576,23.909672603567373,24.32835618614123,4615660
2022-08-05,24.132972717285156,24.28928218590517,23.865014480038035,24.105061270467164,8531600
2022-08-08,23.84268569946289,24.082732505692867,23.62497073537691,24.065984742093125,3401300
2022-08-09,23.9320011138916,24.099475737037668,23.79802350232309,23.95433146115838,2468900
2022-08-10,23.971078872680664,24.367433586832245,23.84268086844306,24.0827276260346,3235680
2022-08-11,23.881763458251953,24.250205307883732,23.814773895530024,24.144139121356368,2718940
2022-08-12,23.937583923339844,24.121804817971956,23.781275963050813,24.049232679357353,1793400
2022-08-15,24.172048568725586,24.266949565978322,23.758946076498283,23.904090356543275,3015880
2022-08-16,24.049236297607422,24.317194544906155,23.92642234937511,24.317194544906155,2163000
2022-08-17,24.243741989135742,24.243741989135742,23.93729074131962,24.13024175148495,2655240
2022-08-18,24.022422790527344,24.34022444606279,23.98837331672611,24.34022444606279,2464420
2022-08-19,23.72164535522461,24.03944701398918,23.687595881077407,23.9997223749178,1992200
2022-08-22,23.432214736938477,23.755691494583147,23.341413632088337,23.664890389733007,1786400
2022-08-23,23.381141662597656,23.579767864202978,23.267639893539148,23.579767864202978,1883840
2022-08-24,23.437889099121094,23.4889640558661,23.296013040631376,23.460588238009162,1612940
2022-08-25,23.04631233215332,23.557066488844992,22.898762613053393,23.44356472324817,2320780
2022-08-26,22.983888626098633,23.12576318156672,22.84201255523293,23.069013056299962,1441860
2022-08-29,22.898761749267578,23.080362445815506,22.819310970966125,23.040637814363556,1753080
2022-08-30,22.83066177368164,23.046311942332974,22.72851033791212,22.983888169637133,1909460
2022-08-31,22.983888626098633,23.23926494749785,22.762561773700423,22.824987063033618,3462760
2022-09-01,23.176836013793945,23.239261293311266,22.955509196197593,23.165485687445816,2350040
2022-09-02,23.02928924560547,23.233590613099942,22.966863954043074,23.176840485806643,2665600
2022-09-05,23.091711044311523,23.25061107361798,22.983885970303664,23.233587098783406,1156540
2022-09-06,22.944162368774414,23.114414259164537,22.819311790700382,23.091713603006493,1304520
2022-09-08,22.898761749267578,23.1257622411031,22.796611831021103,23.023612322856625,2276120
2022-09-09,22.904434204101562,23.040635089252856,22.762558155785847,23.000910462499302,2362920
2022-09-12,22.989561080932617,23.12576045628369,22.904435145365444,23.04063603611395,1476440
2022-09-13,22.444759368896484,23.02928760848101,22.427733877299517,22.88741154263473,2304820
2022-09-14,22.524206161499023,22.626356062208195,22.342603980731372,22.4334050711152,2013620
2022-09-15,22.297208786010742,22.546909941753015,22.200734028291045,22.541234777722728,2594340
2022-09-16,22.416383743286133,22.552584646443776,22.217757552464366,22.297208331872586,8623160
2022-09-19,22.6717586517334,22.68310897885884,22.17803154495654,22.42773268012633,1654520
2022-09-20,22.637712478637695,22.819313192867966,22.42773594246627,22.671761949569376,1665720
2022-09-21,22.666086196899414,22.847686906416374,22.563936271357893,22.637711891092398,1745940
2022-09-22,22.938486099243164,22.955511590541178,22.541233728008102,22.77958605998766,2707880
2022-09-23,23.097389221191406,23.14278901900255,22.78526276986923,22.86471203718932,1867040
2022-09-26,22.484487533569336,23.017940897582598,22.478812368811937,23.017940897582598,957740
2022-09-27,22.1723575592041,22.3199087888779,22.098581944367204,22.31423362501371,2180640
2022-09-28,21.87158203125,22.257484118598214,21.865906866842142,22.257484118598214,2948400
2022-09-29,21.729703903198242,21.911304588270966,21.627552476009082,21.871578443931725,3280060
2022-09-30,21.854551315307617,21.962377897891248,21.627550854831778,21.73537592201807,2481920
2022-10-03,23.034963607788086,23.120089553462748,22.041832626242414,22.126958571917076,5052880
2022-10-04,22.68311309814453,23.19954246835406,22.671762768957855,23.04064089053609,1892800
2022-10-05,22.365310668945312,22.813638048219534,22.331259682586467,22.813638048219534,1973720
2022-10-06,21.96805763244629,22.563936238292378,21.96805763244629,22.512861275596464,2856280
2022-10-07,21.865903854370117,22.075880362339277,21.786454594401246,21.968055284240453,2824640
2022-10-10,22.143983840942383,22.143983840942383,21.814831882576716,21.905632997621545,4812920
2022-10-11,22.166683197021484,22.393685213606137,22.09858274358585,22.109933071724726,2022300
2022-10-13,21.72403335571289,22.070209308983806,21.72403335571289,21.96238421080405,2546600
2022-10-14,21.77510643005371,22.17803399513654,21.695655646795554,22.002108451448777,2578520
2022-10-17,21.95670509338379,22.075880499474916,21.758078911432744,21.95670509338379,1973300
2022-10-18,21.962383270263672,22.178034972785667,21.871582154623432,22.13263365726669,2578380
2022-10-19,21.962383270263672,22.02480856370455,21.86023182574369,21.962383270263672,2269260
2022-10-20,21.95670509338379,22.161006438996083,21.85455366287889,22.02480554192122,2811060
2022-10-21,22.41071128845215,22.461786254460982,21.882933103766103,21.985084551181526,2801680
2022-10-24,22.38800811767578,22.478807704156456,22.246132058977558,22.291531852217894,1374520
2022-10-25,21.98508071899414,22.507183648072452,21.98508071899414,22.416382545685902,2391340
2022-10-26,21.650251388549805,22.019127892502908,21.58215094770029,21.985078429776816,1791720
2022-10-27,22.234783172607422,22.58663576036277,21.689979556830774,21.809156484330103,2577820
2022-10-28,22.285858154296875,22.393684754005573,22.0475073298628,22.132631758362063,1649340
2022-10-31,22.824987411499023,22.898763030091413,21.973732488706453,22.01913228653345,2877000
2022-11-01,22.796613693237305,22.98388956891912,22.5809619960593,22.864712634032806,1890000
2022-11-03,22.756885528564453,22.915787084080826,22.348282827577396,22.72283606118097,2255120
2022-11-04,23.176836013793945,23.364111852345914,22.768233357645624,22.978209848893847,2863700
2022-11-07,22.853363037109375,23.471942326951684,22.77391376517175,23.176841350931728,2471700
2022-11-08,22.728511810302734,23.034964622066237,22.535560769569045,22.700137504093544,1827420
2022-11-09,22.93281364440918,23.488967635992815,22.876063515443082,22.893089008752227,3059140
2022-11-10,22.42205810546875,23.04631095978894,22.240457412884467,22.836335964043297,3894240
2022-11-11,23.454912185668945,23.49463832916333,22.32558195491086,22.427731864530134,4300100
2022-11-14,23.392488479614258,23.750014679597253,23.278986727593413,23.454912245899454,2499420
2022-11-16,22.501510620117188,23.483291287127233,22.501510620117188,23.432216325173588,3258360
2022-11-17,22.416383743286133,22.456108375291453,21.91130627805845,22.325584151446083,2975000
2022-11-18,22.501510620117188,22.745536616982754,22.359634547158908,22.444760494013405,2608340
2022-11-21,22.802288055419922,23.148463973109926,22.762561906722706,22.813636868221504,3189620
2022-11-22,22.89726448059082,23.340585308562375,22.82241782751039,23.018170021183302,4432120
2022-11-23,22.609397888183594,22.799392570034264,22.488492321314776,22.718789883720184,2288440
2022-11-24,22.97787094116211,23.018173819608563,22.54030759409817,22.609396705465908,1539580
2022-11-25,22.56334114074707,23.023934772050655,22.47697935444082,22.776364522959124,1785280
2022-11-28,22.586366653442383,22.684243535840707,22.36182819291276,22.511521524864257,1351140
2022-11-29,22.620912551879883,22.78211945873423,22.350313651641077,22.574852117866357,2191140
2022-11-30,22.741817474365234,22.782118815591694,22.430917240539017,22.632427021466548,3464300
2022-12-01,23.150596618652344,23.357863971828788,22.68424545835478,22.741819466893055,4138540
2022-12-02,23.041202545166016,23.58239875556896,22.891509223987693,23.173623205270488,3010000
2022-12-05,22.71879005432129,23.139080764335738,22.67848717346391,22.97787231570163,2321340
2022-12-06,22.914541244506836,23.05847548593893,22.747575249097103,22.822421915584467,1451240
2022-12-07,23.01241683959961,23.352104850848193,22.816664608740826,22.816664608740826,2104200
2022-12-08,22.56334114074707,23.041207436791474,22.488494464268033,23.01817721713705,2752960
2022-12-09,22.056682586669922,22.56333655429474,21.999108586634776,22.56333655429474,2705640
2022-12-12,21.99335289001465,22.31001222304301,21.791843104177353,22.05668444914079,2484440
2022-12-13,21.463666915893555,22.43667190821983,21.4291231332002,22.125771714389955,3663380
2022-12-14,21.36003875732422,21.573062128769035,20.991562948467205,21.417612766152367,6191080
2022-12-15,21.221860885620117,21.53851870831177,21.10671286598639,21.27367734071552,3910480
2022-12-16,21.290950775146484,21.50397569535418,21.198831433668122,21.21610409845741,5091380
2022-12-19,21.348522186279297,21.50973062987788,21.2564028560233,21.371550865795054,2429420
2022-12-20,21.791841506958008,21.843659491224965,21.279431517276212,21.337005517953067,2101120
2022-12-21,21.693965911865234,21.763055019344353,21.394579266989883,21.763055019344353,1519980
2022-12-22,21.95305061340332,22.03941238577133,21.751540836143025,21.797599730620423,1299760
2022-12-23,22.070796966552734,22.46481616609424,21.844817118867685,22.030236917479357,1718080
2022-12-26,21.879589080810547,22.13454157219644,21.63043110488953,22.05342145022249,846160
2022-12-27,21.76369857788086,21.9665019467095,21.67678240630661,21.949118402941266,992180
2022-12-28,21.92014503479004,21.978090178582054,21.73472521645617,21.86220298553174,1506540
2022-12-29,21.949119567871094,22.134539402772493,21.844821394259995,22.001268654676643,1925420
2023-01-02,21.624635696411133,21.920148236580477,21.427626820542542,21.920148236580477,1298220
2023-01-03,21.42762565612793,21.734727210060008,21.219027761143746,21.57827994927212,2835980
2023-01-04,21.439212799072266,21.56089450695368,21.24799846564906,21.514538391747912,2038820
2023-01-05,21.300146102905273,21.531922038245426,21.11472628299327,21.531922038245426,2489900
2023-01-06,21.363887786865234,21.4508039642656,21.14949537448674,21.30594263708698,1964340
2023-01-09,21.891176223754883,22.024446973418883,21.468185914902357,21.468185914902357,2924880
2023-01-10,21.93173599243164,21.954914051986943,21.514540204038166,21.81584878918912,2258620
2023-01-11,22.522762298583984,22.650240077246153,21.7173433065081,21.92594119804577,2528120
2023-01-12,22.487995147705078,22.864630847390366,22.343135382231264,22.430051550968926,2253720
2023-01-13,21.925941467285156,22.499586062874563,21.86220489807188,22.32575371082511,2457700
2023-01-16,22.11715316772461,22.360518121992296,21.920144326993704,21.925938841185804,1713740
2023-01-17,22.464818954467773,22.48220095064717,22.03603416639422,22.198275930092162,2839060
2023-01-18,22.62127113342285,22.702392806583703,22.406878692664616,22.644449196402302,2242380
2023-01-19,22.42426109313965,22.51117727760053,22.00127074899944,22.470617216727927,2733360
2023-01-20,22.111358642578125,22.424256219729163,21.92014431613405,22.40687267716148,2725940
2023-01-23,22.041828155517578,22.20986442969253,22.001266555109698,22.111359233111674,1591380
2023-01-24,22.487995147705078,22.569116802042437,22.076593908884846,22.180893620823408,1981420
2023-01-25,22.54014778137207,22.661831055683447,22.285195296657008,22.54014778137207,2212420
2023-01-26,22.44164276123047,22.74874431796423,22.348932069080476,22.60967905337275,2814980
2023-01-27,22.51117706298828,22.650242337893047,22.401082817782846,22.44743894092919,1603980
2023-01-30,22.493793487548828,22.685007853477373,22.453233427115666,22.55753160952501,1803060
2023-01-31,22.80088996887207,22.957338754774643,22.493788458423932,22.493788458423932,2940560
2023-02-01,22.52855682373047,22.893603520905547,22.3721095654557,22.708183688542686,3950380
2023-02-02,22.262014389038086,22.580704932035122,22.14612565291178,22.447434200666653,2251200
2023-02-03,21.98388671875,22.360520904503332,21.844821455368184,22.19827758146888,2258060
2023-02-06,22.128738403320312,22.221449067236787,21.949113135952846,21.983880215146478,2147880
2023-02-07,21.64781379699707,22.21566236474146,21.57828116142969,22.134540698701663,3359300
2023-02-08,22.053417205810547,22.13453731217208,21.688370538116256,21.757903163045317,2423260
2023-02-09,21.688371658325195,22.070800341554136,21.61304451515581,22.053418344874224,3048360
2023-02-10,22.036035537719727,22.18668982909574,21.57827969601597,21.57827969601597,2372580
2023-02-13,22.372108459472656,22.47061365923551,22.04182886753092,22.053417896593245,2636620
2023-02-14,22.076595306396484,22.418463941321225,21.97229713512241,22.372109370451298,2648380
2023-02-15,22.464818954467773,22.719769855345433,22.018650622947945,22.11715427460975,3762220
2023-02-16,22.627059936523438,22.725563584782478,22.262014820363234,22.43584560702045,3261580
2023-02-17,22.824066162109375,23.05004755138108,22.65602990900989,22.71397349791546,3000480
2023-02-22,22.679210662841797,22.870426553481554,22.52855637511766,22.81827592116147,1908760
2023-02-23,22.6154727935791,22.876221316205708,22.48220204851675,22.673417941229655,2739380
2023-02-24,22.603885650634766,22.88781070875184,22.49958747069266,22.656036287872904,2234960
2023-02-27,22.656034469604492,22.876221389581968,22.551734750765913,22.679210981472092,2054080
2023-02-28,22.760334014892578,23.0326700370929,22.615474231092357,22.65603583702597,5487160
2023-03-01,22.76612663269043,22.870426349131726,22.574912291026138,22.760332118039972,2592800
2023-03-02,22.824066162109375,23.2528508861839,22.68500092982935,22.76612257320381,2329040
2023-03-03,22.748743057250977,23.02107905637778,22.696593972735975,22.88201379949316,1281980
2023-03-06,22.92837142944336,23.11958734363006,22.598091787079174,22.748746093355365,2806300
2023-03-07,23.438276290893555,23.438276290893555,22.997903981432966,22.997903981432966,3117800
2023-03-08,23.4093017578125,23.449863359450116,23.183321880613352,23.4382743304108,3146220
2023-03-09,23.93079948425293,24.098835779325118,23.35136035592956,23.35136035592956,3688440
2023-03-10,23.71640396118164,24.035094511642296,23.588927740997377,23.913412805763393,3302180
2023-03-13,23.872854232788086,24.116217659632163,23.57734017396291,23.641078288006213,2624580
2023-03-14,24.098833084106445,24.24369284998614,23.99453491914251,24.01191846239212,2283400
2023-03-15,24.376962661743164,24.475467855818412,23.890235847363932,23.93658886640305,3133060
2023-03-16,23.704816818237305,24.475470262218874,23.68743482120536,24.452292203153664,4363240
2023-03-17,23.177526473999023,23.646871301158278,23.177526473999023,23.641076786861646,5061560
2023-03-20,23.148555755615234,23.415097245530223,23.090612155277235,23.223882900234727,2890160
2023-03-21,22.992111206054688,23.2760362736815,22.945755082512584,23.148558481207857,1369060
2023-03-22,22.93416404724121,23.177529032766362,22.84724941773016,22.974725651795573,2040780
2023-03-23,22.81827735900879,23.160146011647896,22.638652033721712,23.061642350036838,2295860
2023-03-24,23.061641693115234,23.11379077996895,22.650240418653787,22.829865738824154,1804040
2023-03-27,23.05584716796875,23.24126700295903,22.963136476840113,23.160145341629846,2117360
2023-03-28,23.06743621826172,23.328181652646112,22.945752952526338,23.050052673547093,2399460
2023-03-29,23.119583129882812,23.29341391887283,22.91098525473468,23.28182643742031,3279080
2023-03-30,23.380332946777344,23.47883815567386,23.160146015977574,23.223884134463425,3429020
2023-03-31,23.27603530883789,23.670053059009994,23.02687579692873,23.415099031898272,8304940
2023-04-03,22.98051643371582,23.28182497239198,22.65603138632617,23.270235944401858,3236800
2023-04-04,23.31079864501953,23.409302299599734,22.864631847547873,22.974724531435612,1623720
2023-04-05,23.16594123840332,23.345566569208724,23.009492421312338,23.241268389326127,979720
2023-04-06,23.264442443847656,23.33397352028378,23.113788167946808,23.16593724890731,1312780
2023-04-10,23.08481788635254,23.339770349461585,22.963136169620217,23.200706635529627,2066120
2023-04-11,23.08481788635254,23.397715497683617,23.04425782986409,23.09061240117474,3270260
2023-04-12,23.368743896484375,23.548369221650102,23.061642334456906,23.084818847443653,3102960
2023-04-13,23.58892822265625,23.641077305202483,23.351357773086054,23.415095884479644,1834560
2023-04-14,23.7801456451416,23.809118221022633,23.276035202948222,23.58893128612801,2258200
2023-04-17,23.8670597076416,23.896030733684782,23.5425730756361,23.814909075683406,1620500
2023-04-18,23.768556594848633,23.907621864426776,23.670052931469908,23.907621864426776,1403920
2023-04-19,23.5831356048584,23.820704526267722,23.247061477591334,23.675846295826446,2161600
2023-04-20,24.03509521484375,24.03509521484375,23.525190319188273,23.588928431145206,2240700
2023-04-24,23.855470657348633,23.92500328596485,23.54836756959914,23.756965455447776,2180920
2023-04-25,23.826499938964844,23.826499938964844,23.58313649349564,23.81491090874878,2593640
2023-04-26,23.565750122070312,23.81490805276751,23.287619619307456,23.81490805276751,1858920
2023-04-27,23.681640625,23.699022622265765,23.449864673031005,23.58892993475901,1440320
2023-04-28,23.890239715576172,23.890239715576172,23.57154757222951,23.68164181252396,2708160
2023-05-02,23.803321838378906,24.046685267618436,23.623694976543113,23.98294715294775,2528120
2023-05-03,24.174165725708008,24.295849008880584,23.699026266289824,23.872858643812233,3197600
2023-05-04,24.689863204956055,24.83472143547031,24.2494893567197,24.295845475860578,3457160
2023-05-05,25.08967399597168,25.379391987489274,24.753598340730843,24.869487084604785,3287620
2023-05-08,25.170795440673828,25.402571393451687,24.927432005434014,25.26350613123837,4532780
2023-05-09,25.67189598083496,25.774584306725973,25.14637802102136,25.14637802102136,3383380
2023-05-10,25.792705535888672,25.88935166220114,25.484642177456408,25.50880451552111,2697380
2023-05-11,25.973915100097656,26.06452224394023,25.67793294639208,25.756458922659252,2465820
2023-05-12,26.37258529663086,26.390705434836452,25.708135603507298,25.798741133454136,3134740
2023-05-15,26.541717529296875,26.7108506523184,26.20345289622683,26.30613959643968,2086700
2023-05-16,26.100765228271484,26.861861074737202,26.100765228271484,26.63232533307041,3808840
2023-05-17,25.65377426147461,26.372587659565195,25.539006386340052,26.094725622183713,2505160
2023-05-18,25.563167572021484,25.671894864851883,25.206781158674755,25.496722756853323,3029740
2023-05-19,25.7443790435791,25.859146908153004,25.50880111774677,25.65377190087852,2686180
2023-05-22,25.665855407714844,26.022240201343756,25.55108591970688,25.74438139014984,1742860
2023-05-23,25.496723175048828,25.925594994974528,25.424237774315284,25.774583609031883,2860200
2023-05-24,25.5329647064209,25.65377316063882,25.351750412120982,25.442357559270942,1463140
2023-05-25,25.683975219726562,25.985997977087543,25.629611575034048,25.841027182592118,1316560
2023-05-26,25.75042152404785,25.913512457354514,25.412155263175357,25.792704000170378,2045400
2023-05-29,25.98599624633789,26.19137125603227,25.52692316966015,25.750419930702762,1377600
2023-05-30,25.816865921020508,26.209495844535855,25.786664611810494,26.094726353212994,1529080
2023-05-31,25.38799476623535,25.949757842686594,25.38799476623535,25.78666528458871,3069500
2023-06-01,25.557125091552734,25.64773223750464,25.261142930956705,25.460477361672496,2678060
2023-06-02,25.925596237182617,26.05848587606591,25.68397768550276,25.774584844004362,3217480
2023-06-05,25.889352798461914,26.082648285516754,25.82894856362224,25.943718061493534,1611120
2023-06-06,26.324262619018555,26.3544655399352,25.841027175163745,26.004119722167484,2456580
2023-06-07,26.149093627929688,26.49943948738275,26.07660822207825,26.384671600190174,1883980
2023-06-09,26.529634475708008,26.67460525285779,26.22761175448382,26.22761175448382,1982400
2023-06-12,26.668567657470703,26.74709363830634,26.481314388076843,26.517556279938564,1608740
2023-06-13,26.571922302246094,26.849782728753972,26.4994369034626,26.759175577031325,1561140
2023-06-14,27.049118041992188,27.085361549035987,26.457153664062147,26.584004325742274,2975560
2023-06-15,27.067237854003906,27.23033202074823,26.879984575469962,27.037036544807155,1351140
2023-06-16,27.302814483642578,27.508191118489485,26.994752757318352,27.055156985755,4045440
2023-06-19,27.20616912841797,27.375302263175364,27.09744183676901,27.302815251445242,2130100
2023-06-20,27.345096588134766,27.42362256792745,27.00683355867453,27.151804350142086,2949660
2023-06-21,27.369258880615234,27.411541355986905,27.091398466242136,27.345096544418254,1974840
2023-06-22,27.25448989868164,27.447782117046952,27.091395758625318,27.27261003604534,1816360
2023-06-23,27.755849838256836,27.786054375019713,27.103482814132832,27.139726322680403,2274580
2023-06-26,27.151803970336914,27.75584623804719,27.103479298541675,27.75584623804719,2762200
2023-06-27,27.10951805114746,27.3934206567383,26.892063481712796,27.212206364912063,1358140
2023-06-28,27.073274612426758,27.320930459600486,26.988708060313485,27.11555708199698,1339240
2023-06-29,27.20616912841797,27.320935391404657,26.958510010592722,27.073279499525636,1345960
2023-06-30,27.598798751831055,27.743766321865454,27.290733794155926,27.290733794155926,3018960
2023-07-03,27.36322021484375,27.580674791150642,27.27261306606717,27.544431286450784,1528380
2023-07-04,27.272611618041992,27.447783709204778,27.16992330648431,27.363218762007833,1114540
2023-07-05,27.182003021240234,27.278649130863435,26.958506271655637,27.27261016036326,2076900
2023-07-06,26.96455192565918,27.17596916102635,26.7229349931936,27.12160228657253,2105460
2023-07-07,27.000791549682617,27.18200422296727,26.892062655333458,27.012872717162853,2708580
2023-07-10,26.94038963317871,27.206170517506692,26.88602598457854,26.922269492294117,848960
2023-07-11,26.74709129333496,26.910183824846712,26.281977646210798,26.89206207401809,2792160
2023-07-12,26.87998390197754,27.04307645166234,26.668568291004803,26.78333777940167,1117760
2023-07-13,27.224288940429688,27.405503241625837,26.849782395507425,26.940387933132403,1546720
2023-07-14,27.037033081054688,27.725643488578115,26.91622463379832,27.242409699552635,1410640
2023-07-17,27.01891326904297,27.15180288522294,26.886022039890037,27.037033407268993,962640
2023-07-18,26.976633071899414,27.049118474171987,26.807501541912206,26.95851131808797,1114540
2023-07-19,26.910184860229492,27.0611962303324,26.75313290628463,26.970589085676057,854000
2023-07-20,26.892065048217773,27.024954676379103,26.741053667223596,26.910186801050617,1156400
2023-07-21,27.121601104736328,27.333016717917776,26.904146520182266,26.904146520182266,1907500
2023-07-24,27.447784423828125,27.538391570152992,26.952467830477495,26.952467830477495,1619940
2023-07-25,26.94038963317871,27.719608919331673,26.86186364610149,27.719608919331673,2129960
2023-07-26,26.97059440612793,27.073282738725368,26.535681961550498,26.879987243597636,1922200
2023-07-27,26.75313377380371,27.182005562651558,26.662526626209267,27.04911593976533,1618400
2023-07-28,26.867902755737305,26.982672244229537,26.710852403177746,26.759175464505834,845880
2023-07-31,26.602123260498047,26.916227188747595,26.553800199603153,26.873943099113106,1565900
2023-08-01,26.765213012695312,26.843738986554094,26.348422421964578,26.499433786079702,2407720
2023-08-02,26.783336639404297,26.879982757866554,26.577961621455707,26.79541780745534,1440460
2023-08-03,26.414871215820312,26.94642974928782,26.348426399136873,26.83770245397789,1706740
2023-08-04,26.25177764892578,26.638366978083543,26.149090942084555,26.40882961430153,1558620
2023-08-07,26.124929428100586,26.402789861917213,26.100767090212827,26.36654796805873,2107840
2023-08-08,26.130971908569336,26.257820965737615,25.828949114950944,26.064527087530085,1913520
2023-08-09,24.97724151611328,26.1430483870108,24.83227073022937,26.13096721935831,7042700
2023-08-10,25.037647247314453,25.35175117327931,25.037647247314453,25.098053089210065,3066000
2023-08-11,25.236982345581055,25.30342715618131,25.043686884768476,25.13429403121356,1802360
2023-08-14,25.327590942382812,25.418196481043303,25.128254886194267,25.29134743654013,1837500
2023-08-15,25.35175132751465,25.611489997353658,25.273225345545697,25.273225345545697,1805580
2023-08-16,25.279264450073242,25.478598878954376,25.176576137209814,25.339668675827557,2528680
2023-08-17,25.110136032104492,25.442360121142993,25.00140712198168,25.27926756244537,3438260
2023-08-18,25.24906349182129,25.394034290080818,25.04368846311581,25.104094306534883,1577100
2023-08-21,25.309467315673828,25.381951096046635,25.116173471076028,25.24302250618793,2608200
2023-08-22,25.484285354614258,25.688161010006827,25.224809647323813,25.55842150665529,2527560
2023-08-23,25.620201110839844,25.638735561097583,25.422505257209515,25.52135235917153,1760500
2023-08-24,25.79318618774414,25.81789878825442,25.570777732270564,25.731406336174754,1373820
2023-08-25,25.990880966186523,26.120620463785475,25.81789771889833,25.947635566791035,2974720
2023-08-28,26.021770477294922,26.188575566773995,25.93527803291346,26.040303276321822,1328880
2023-08-29,26.268890380859375,26.31831557845791,25.990880243192404,26.040303791084742,1470840
2023-08-30,26.16386604309082,26.497477889924106,26.16386604309082,26.417163590746302,1814400
2023-08-31,26.021770477294922,26.256533562422394,25.87349818684275,26.244178912973183,2136260
2023-09-01,26.027950286865234,26.23800243678468,26.027950286865234,26.176220937067548,1343300
2023-09-04,26.12061882019043,26.287423907111027,26.027948227652672,26.046481026395316,962920
2023-09-05,25.9476375579834,26.170044371606004,25.842610651811505,26.16386787096659,2159640
2023-09-06,25.484285354614258,26.040305670068825,25.484285354614258,25.94145856715166,1886220
2023-09-08,25.552244186401367,25.62020219050394,25.397793727157417,25.502820633337596,1314040
2023-09-11,25.904390335083008,25.904390335083008,25.54606423903122,25.60784408844166,1452500
2023-09-12,26.07119369506836,26.219465983648636,25.922921406488083,25.95381050428039,1249640
2023-09-13,26.095909118652344,26.250359573455732,26.02795111650361,26.07737466814642,1820840
2023-09-14,26.207109451293945,26.324492641036702,26.040302715699895,26.095906060701996,1255940
2023-09-15,26.472766876220703,26.497479477357842,26.132976859116827,26.336852519085504,2875600
2023-09-18,26.25653648376465,26.664286152728057,26.170044029759904,26.59014999925347,1152620
2023-09-19,26.28742790222168,26.441878363355634,26.170044693912555,26.256537150112337,1634360
2023-09-20,26.818737030029297,26.818737030029297,26.268894811652885,26.287429263878554,1662080
2023-09-21,26.540725708007812,26.775488812720134,26.42334250594535,26.688996361123134,2281300
2023-09-22,26.497478485107422,26.7816667887171,26.466589384549057,26.614860036700538,1773660
2023-09-25,26.30596160888672,26.658107924433683,26.225647305382136,26.528370068659488,957460
2023-09-26,25.873498916625977,26.330672100032817,25.675803073682292,26.27506875226529,3526600
2023-09-27,25.36072540283203,26.20711216801894,25.045646347315714,25.87350031195354,3724560
2023-09-28,25.570775985717773,25.663446581595355,25.212451551324808,25.416325542490533,2052680
2023-09-29,25.595489501953125,25.848787050136217,25.336012154136746,25.737582001155985,1911140
2023-10-02,25.348369598388672,25.51517635453669,25.15067374091723,25.51517635453669,1826300
2023-10-03,25.107425689697266,25.527529988735388,25.045645839804163,25.342190439056075,1723540
2023-10-04,25.305118560791016,25.447214343438105,25.119779032926846,25.150669779090578,1298500
2023-10-05,25.163028717041016,25.45339516261389,25.07035811853518,25.305121215180808,1513680
2023-10-06,25.119781494140625,25.187739492653225,24.872660449736298,25.07653609498033,1793960
2023-10-09,25.379257202148438,25.521349690145495,24.915905892400076,24.915905892400076,1212540
2023-10-10,25.688159942626953,25.947635639135815,25.44103889618965,25.44103889618965,2248960
2023-10-11,25.657270431518555,25.97234784252834,25.657270431518555,25.731406584057268,1485540
2023-10-13,25.224809646606445,25.70051565986084,25.144495344422086,25.6572702585491,1629320
2023-10-16,25.422502517700195,25.576952953791967,25.23716298421374,25.416324368280033,1393840
2023-10-17,25.156850814819336,25.48428451319425,25.09506931540307,25.305121464299596,1347080
2023-10-18,24.798524856567383,25.212450979211734,24.798524856567383,25.076534988185415,2614080
2023-10-19,25.08889389038086,25.348371266992395,24.78617275889373,24.80470721073165,1304940
2023-10-20,25.095067977905273,25.34218901328069,25.002399033132388,25.014755332357087,1104320
2023-10-23,25.212451934814453,25.478105777370516,24.885016594262822,24.952976242057947,1378160
2023-10-24,25.05182456970215,25.5151759291862,25.002401018584788,25.50281962898028,1578640
2023-10-25,24.8541259765625,25.17538149798195,24.847947827140384,25.064178107796096,1219960
2023-10-26,24.946796417236328,25.243340988879055,24.817058579569164,24.959151066299682,2670500
2023-10-27,24.687320709228516,25.20009559380558,24.6440753104089,24.95915270113745,1632260
2023-10-30,24.30428695678711,24.773814824448884,24.223971004117647,24.712034972101783,2364040
2023-10-31,24.27957534790039,24.594654422420035,24.26721904698489,24.335177052313743,2210880
2023-11-01,24.82941436767578,24.934441262328207,24.34753024150309,24.34753024150309,2821980
2023-11-03,25.249521255493164,25.397791904041245,24.965331309083822,24.965331309083822,2296000
2023-11-06,25.255699157714844,25.41014795465104,25.169206709630338,25.206273958977278,1673420
2023-11-07,25.156850814819336,25.410148363600992,25.132138215052827,25.292766814122604,2630880
2023-11-08,25.614025115966797,25.67580662202434,25.132140916662998,25.26187877997097,3070620
2023-11-09,25.33601188659668,25.79936322799335,25.23716478822055,25.66344723044649,1169560
2023-11-10,25.81789779663086,25.81789779663086,25.33601200342674,25.33601200342674,1373260
2023-11-13,25.836429595947266,25.95998928955483,25.60784300797895,25.731404351292692,1412460
2023-11-14,26.3924503326416,26.4727646298157,25.879677100209328,25.959989747677213,2493120
2023-11-16,26.837268829345703,26.95465203213161,26.392451918139376,26.392451918139376,2635080
2023-11-17,26.602500915527344,26.917579935989064,26.528366422166357,26.83726564352419,2587340
2023-11-20,26.701351165771484,26.81255621151228,26.503655322984326,26.81255621151228,1662640
2023-11-21,26.812557220458984,26.91140432071904,26.485121870368594,26.701352170533585,2342480
2023-11-22,27.201770782470703,27.35621957353898,26.905224550430585,26.936115298467943,5418000
2023-11-23,27.467424392700195,27.65894374105988,27.04114194589639,27.201772194321652,3798480
2023-11-24,27.2326602935791,27.467423383396742,27.152345997170784,27.467423383396742,1492680
2023-11-27,26.97936248779297,27.30061802054236,26.794021298005163,27.232660024208478,3481240
2023-11-28,26.800199508666992,27.127633191801927,26.800199508666992,26.979362549222735,2699060
2023-11-29,26.7260684967041,26.880518968314075,26.54690707143695,26.81256095877047,3056620
2023-11-30,26.87433624267578,27.399467426815722,26.621037050436527,26.75695469609309,10223080
2023-12-01,26.973182678222656,27.325328937500984,26.824908745693484,26.997893625555786,3043600
2023-12-04,27.32533073425293,27.368576132209025,26.77548696191862,26.936115553823303,5597200
2023-12-05,27.455068588256836,27.67129887753184,27.152345853330598,27.325330744633074,1804040
2023-12-06,27.535383224487305,27.665121069714207,27.3191529325404,27.448890777767303,1833580
2023-12-07,26.794023513793945,27.473603533332074,26.682820110490002,27.393290880782736,3262840
2023-12-08,27.02878761291504,27.152347313515143,26.65192871140782,26.763133761712933,1585640
2023-12-11,26.997896194458008,27.164702940932493,26.849623897526516,27.028786943696332,1316280
2023-12-12,27.08439064025879,27.146170493585846,26.849625877850883,26.997898185718366,1215900
2023-12-13,27.387113571166992,27.442715274525433,26.97318739658943,27.084390803306306,2117780
2023-12-14,27.615697860717773,27.621876010538397,26.9484725274461,27.405645715935133,2930200
2023-12-15,27.745433807373047,27.782502703758123,27.245015254117366,27.671297664309016,3434900
2023-12-18,27.25119400024414,27.708367195110146,27.059676302251965,27.62187639582739,2783620
2023-12-19,27.245018005371094,27.245018005371094,26.608681750817812,27.028787703741166,4362540
2023-12-20,27.282085418701172,27.399468620102294,26.98554246443496,27.072033265838364,2053100
2023-12-21,27.553918838500977,27.553918838500977,27.319155723046293,27.350044825218887,1125460
2023-12-22,27.64468002319336,27.799743530924488,27.458603151414234,27.663286385367734,1344560
2023-12-26,27.78113555908203,27.898983030153186,27.632274723910875,27.644680069550873,1332660
2023-12-27,28.060253143310547,28.060253143310547,27.65088661734871,27.81215282075961,1038520
2023-12-28,28.116071701049805,28.18429944603611,27.973415194491558,28.060249301743635,1295280
2024-01-02,27.613664627075195,27.8307531906725,27.477209147814527,27.725311073177572,2070880
2024-01-03,27.601261138916016,27.76252731843655,27.54543874023719,27.54543874023719,1291920
2024-01-04,27.5206298828125,27.694299752738843,27.38417273723937,27.601261316838116,1007440
2024-01-05,27.477209091186523,27.626069914846703,27.29733656207881,27.52062779756908,1342040
2024-01-08,27.278730392456055,27.613666440247194,27.278730392456055,27.483413624786994,1454460
2024-01-09,27.545438766479492,27.57024945758457,27.11126160966714,27.229109079907424,1178800
2024-01-10,27.489614486694336,27.669487016134624,27.38417071296746,27.427589419430298,1694840
2024-01-11,27.11126136779785,27.49581879522369,27.005819244050787,27.48961612250276,1465660
2024-01-12,26.73910903930664,27.284932639936002,26.708095675987888,27.179488860906627,2007740
2024-01-15,26.88176727294922,26.9810083795913,26.38556505224758,26.757717131837406,1988840
2024-01-16,26.26151466369629,26.763919552345232,26.26151466369629,26.757716879722643,2354240
2024-01-17,25.976198196411133,26.21189478593019,25.91417312680177,26.21189478593019,2066540
2024-01-18,25.492401123046875,26.01961672911336,25.492401123046875,25.994807693610277,2597280
2024-01-19,25.31252670288086,25.647462735542653,25.31252670288086,25.511007253485836,2867620
2024-01-22,25.114049911499023,25.498605725311126,25.114049911499023,25.368352896237525,2506980
2024-01-23,25.523412704467773,25.560628739503862,25.225691049196435,25.30012146301427,2577120
2024-01-24,25.64126205444336,25.907972023044614,25.554427945484726,25.554427945484726,1866060
2024-01-25,25.573034286499023,25.759109494386113,25.504804888393966,25.746704149276106,1265460
2024-01-26,25.45518684387207,25.796325575635663,25.380756424555063,25.697086120715962,1475740
2024-01-29,25.0582218170166,25.492398948205683,24.91556532034463,25.492398948205683,2433480
2024-01-30,24.872150421142578,25.120252386770037,24.816328017159133,25.058225653172244,1697360
2024-01-31,25.169870376586914,25.424173341731397,24.88455404678849,24.93417377398034,1752800
2024-02-01,24.95277976989746,25.324931834302788,24.686071480512947,25.16986833611271,5117140
2024-02-02,24.624048233032227,25.033416389806085,24.506200752770336,24.952783293112063,3109540
2024-02-05,24.934171676635742,24.958982366271936,24.47518551214637,24.655058043245827,2630740
2024-02-06,25.07682991027832,25.324931838676157,24.822526965705787,24.940374429348523,2172100
2024-02-07,25.498600006103516,25.610246446163856,25.06442290240553,25.06442290240553,2513700
2024-02-08,25.213285446166992,25.55442580548941,25.18847475639683,25.41796866800785,3569300
2024-02-09,25.00240135192871,25.182275553203752,24.872148533766474,25.151262188758245,1567580
2024-02-14,25.0582218170166,25.083032506657457,24.791513528394667,25.002399421578993,1629180
2024-02-15,25.34974479675293,25.405565541100454,25.08923750018619,25.095440173170243,2611980
2024-02-16,25.281517028808594,25.59164407304827,25.256707991522532,25.51721364868093,2279060
2024-02-19,25.579235076904297,25.653665490652696,25.24429904316368,25.24429904316368,1456280
2024-02-20,25.672271728515625,25.895562954281957,25.405561798257544,25.49239755098682,2973180
2024-02-21,25.54822540283203,25.740503296870383,25.281515432870414,25.672275550195195,1925280
2024-02-22,25.535818099975586,25.777717359425473,25.461387686010568,25.62265220272282,2126880
2024-02-23,25.54822540283203,25.957591882883154,25.38075654451363,25.64126218522717,1680840
2024-02-26,25.374555587768555,25.907973907515913,25.374555587768555,25.59164418846446,1901340
2024-02-27,25.92037582397461,25.92037582397461,25.43657729930484,25.486198680042886,2247280
2024-02-28,25.790122985839844,26.050628609432422,25.604046120769976,25.845943726604695,3713360
2024-02-29,26.063034057617188,26.242908262242693,25.75911136166237,25.79012472668555,4627280
2024-03-01,25.430374145507812,26.168475607475926,25.244298940024226,26.032020125537098,6807220
2024-03-04,25.12645149230957,25.554425955836855,25.120248819830536,25.430374162510528,2092160
2024-03-05,25.157461166381836,25.3125246533239,24.946575287891804,25.169866510337872,2273320
2024-03-06,24.810123443603516,25.32493369925412,24.810123443603516,25.083034425513397,2213820
2024-03-07,25.337339401245117,25.337339401245117,24.79771844646902,24.81632646538479,2211720
2024-03-08,25.256704330444336,25.492399259897006,25.213285623041966,25.33733741650869,1275960
2024-03-11,25.45518684387207,25.486200208693518,25.281515313380897,25.300123332273767,1278480
2024-03-12,25.281517028808594,25.604049419818587,25.169872220384875,25.492402955140292,1799420
2024-03-13,25.2194881439209,25.424171365967183,25.194677454125838,25.281513212154227,1458660
2024-03-14,25.089237213134766,25.33113648798173,25.00860412151911,25.219490031800653,2099020
2024-03-15,24.903162002563477,25.176072985809725,24.859743292157834,25.00860412961114,4511080
2024-03-18,25.0582218170166,25.169868264146135,24.934171681320954,25.08923517906767,1843660
2024-03-19,25.014806747436523,25.200881965716142,25.008604074535093,25.08303449309783,1845760
2024-03-20,25.256704330444336,25.287716036620267,24.95898267613114,25.01480507225128,1663200
2024-03-21,25.343542098999023,25.43657888115992,25.194679603781758,25.281515369219132,1455860
2024-03-22,24.977590560913086,25.44278108821664,24.915567144777935,25.343541634895075,1490860
2024-03-25,24.890758514404297,24.983795302565387,24.822530763500698,24.977592629187374,1105440
2024-03-26,24.853538513183594,25.052020717138493,24.83493215226945,24.890754547520505,1227520
2024-03-27,24.909364700317383,24.97759078994253,24.84733797110461,24.965187100354424,894320
2024-03-28,24.97138786315918,25.002401227450278,24.810123337608765,24.934173482264296,2023140
2024-04-01,24.468982696533203,25.027209960046022,24.38834961194179,24.971385908691296,5634300
2024-04-02,25.14505958557129,25.14505958557129,24.537210890789982,24.54961623660257,3118920
2024-04-03,25.256704330444336,25.362146450198566,24.90936295249705,25.188474933097755,2291380
2024-04-04,25.417972564697266,25.62885849131042,25.231897331657862,25.275314389157348,2273600
2024-04-05,25.529617309570312,25.6102504019981,25.132656176661396,25.417970852264734,2478280
2024-04-08,25.988603591918945,26.075437695787613,25.35594589317289,25.529615757164596,3122700
2024-04-09,26.559234619140625,26.571639963589227,25.988602024539073,25.994804696763374,2091180
2024-04-10,25.740503311157227,26.47860483526122,25.740503311157227,26.447591470275977,2345280
2024-04-11,25.343542098999023,25.740503232063507,25.343542098999023,25.740503232063507,1712480
2024-04-12,25.3187313079834,25.47379481931723,25.23189554288592,25.46138947340981,1800400
2024-04-15,25.678476333618164,25.98860333545961,25.337337625345185,25.337337625345185,4947180
2024-04-16,24.903162002563477,25.66607255232084,24.903162002563477,25.51100904195244,7777980
2024-04-17,25.12645149230957,25.47999554234279,24.989994354025175,25.045818406336473,4603200
2024-04-18,25.05202293395996,25.231895480408788,24.94657915026244,25.12025068002737,2600360
2024-04-19,24.748098373413086,25.231895264687058,24.748098373413086,25.120250465260156,16724120
2024-04-22,24.921768188476562,25.15126044443952,24.748096672135286,24.81012174047022,4899860
2024-04-23,24.83493423461914,25.10784521762217,24.698478743117626,24.890756634550772,2015160
2024-04-24,24.692276000976562,25.0644264369803,24.661262636515694,24.766704763173756,2594620
2024-04-25,24.35113525390625,24.803920430758268,24.282907509363906,24.7108819950171,2818060
2024-04-26,24.67987060546875,24.754299367515987,24.531009768865395,24.562021477009335,2253020
2024-04-29,25.225692749023438,25.393161605461994,24.754299544327658,24.81012360064348,3514420
2024-04-30,25.368349075317383,25.424171471333295,25.05822207661114,25.287715989403587,4342240
2024-05-02,25.734298706054688,25.858348844173143,25.44898239462963,25.498602118626142,2327080
2024-05-03,26.447589874267578,26.447589874267578,25.895565260878602,25.901767933501343,3745980
2024-05-06,26.850757598876953,26.850757598876953,26.26151689959829,26.441391108459037,3456320
2024-05-07,26.626996994018555,26.83118153574241,26.454715381767542,26.741851970136644,2488360
2024-05-08,27.820205688476562,27.820205688476562,26.5695729076055,26.658904185636093,5845840
2024-05-09,27.928674697875977,28.496565230545258,27.34164308952065,27.437355283359693,4182500
2024-05-10,27.43735694885254,27.775539259147674,27.124698346157736,27.673446132598663,3707060
2024-05-13,28.018007278442383,28.04353098568971,27.507545060461826,27.62878096603435,2464700
2024-05-14,28.222192764282227,28.234952913707982,27.92867525044511,27.96696081027909,3149020
2024-05-15,28.049911499023438,28.20305033254544,27.552211142003046,28.113719062348896,1633800
2024-05-16,28.234952926635742,28.439139171472636,28.056292092218758,28.075434872144513,1402520
2024-05-17,27.80744171142578,28.13286216232256,27.564971604950777,28.088197378642658,1405180
2024-05-20,28.196670532226562,28.426378791685945,27.577734246695535,27.67344644743336,2390780
2024-05-21,28.477420806884766,28.67522440580335,28.126478388205957,28.126478388205957,1922760
2024-05-22,28.343429565429688,28.611423397320067,28.11372129688896,28.362572347104514,2219420
2024-05-23,28.049911499023438,28.35618916606745,27.89677266550143,28.228574039416532,1463000
2024-05-24,27.935056686401367,28.330665625970763,27.890391902966293,28.04991166414512,1428420
2024-05-27,28.062673568725586,28.39447324134546,28.024388008123903,28.04991171519169,1183420
2024-05-28,27.941436767578125,28.311523692778685,27.903152912056957,28.139242083302868,1489740
2024-05-29,27.845726013183594,28.190287525020427,27.75639474601043,27.903152647847698,1705900
2024-05-31,27.6543025970459,28.13924280510137,27.6543025970459,27.788298650585453,8581020
2024-06-03,28.081817626953125,28.24133569182921,27.564972758423867,27.65430403337407,1909460
2024-06-04,28.126480102539062,28.20943044361942,27.864868930083645,28.0945771737249,1193220
2024-06-05,27.947816848754883,28.298760983653143,27.94143592238567,27.94143592238567,1518300
2024-06-06,28.081817626953125,28.126482412502053,27.82658565621716,27.986105424945595,2187780
2024-06-07,27.743633270263672,27.986103369073017,27.545829657574384,27.788298052531502,1557500
2024-06-10,27.743633270263672,27.95419873613012,27.552210584162964,27.743633270263672,1272740
2024-06-11,27.81382179260254,27.966960623209637,27.66706388859176,27.858488278776743,1408680
2024-06-12,27.737253189086914,27.928675881022052,27.443737372475002,27.813822606631422,2810780
2024-06-13,27.826583862304688,27.97334176745734,27.7117288865296,27.97334176745734,1771420
2024-06-14,28.177526473999023,28.45190120982952,27.584113923258563,27.75639553600652,2032520
2024-06-17,27.973342895507812,28.337047209733182,27.877630695810936,28.17752744485582,1028440
2024-06-18,27.98610496520996,28.13286287741291,27.79468056433948,27.858489833864525,1287160
2024-06-19,28.075435638427734,28.081816565243813,27.686207621908455,27.77553889348125,1230320
2024-06-20,28.049911499023438,28.29238160274199,27.79467954186934,28.075435205894525,1844640
2024-06-21,28.152002334594727,28.247714529522835,27.85210730434415,28.04991091693349,3523240
2024-06-24,28.375329971313477,28.515708653911233,28.03076845110651,28.15200264988157,1638140
2024-06-25,28.158384323120117,28.375330723647245,28.100957685538408,28.375330723647245,1295140
2024-06-26,28.26685905456543,28.32428569352711,27.960581374966704,28.04353172184572,1436120
2024-06-27,28.330665588378906,28.515709056333534,28.18390768090548,28.356189295366377,2681700
2024-06-28,28.260475158691406,28.45189954025675,28.1839057468357,28.324282717929137,1353520
2024-07-01,28.362571716308594,28.4838059231814,28.13924437995971,28.19029009277157,1122660
2024-07-02,28.292381286621094,28.49656582775159,28.1966690907762,28.356188849233607,1438080
2024-07-03,28.790081024169922,28.90493428685567,28.292379008926076,28.292379008926076,1169840
2024-07-04,28.949602127075195,29.153788377210528,28.821986998629825,28.821986998629825,739620
2024-07-05,28.873031616210938,29.07721787066595,28.770940192835752,28.94960273952081,1105160
2024-07-08,29.102741241455078,29.147406025683008,28.79646356717127,28.904937620085246,892080
2024-07-09,29.204832077026367,29.415397547903893,29.032552166591444,29.096358026291252,1069880
2024-07-10,29.211214065551758,29.41539690134861,29.185690359151035,29.294164407501874,1085980
2024-07-11,29.326068878173828,29.466445863052247,29.115503400856202,29.1984537471666,1234660
2024-07-12,29.740819931030273,29.75996100754793,29.223976788007974,29.32606820894307,1165360
2024-07-15,29.574920654296875,29.7791035059161,29.421781811730092,29.64510914848562,2509920
2024-07-16,29.63872528076172,29.77272304030541,29.56853678950183,29.5749194201825,1180760
2024-07-17,29.689769744873047,29.83014671344242,29.511107219138147,29.759958229157736,1234240
2024-07-18,29.396255493164062,29.791862714790717,29.383493640107936,29.785483492114867,1679580
2024-07-19,29.096357345581055,29.600442027020947,28.87941265689079,29.485585348380205,1886080
2024-07-22,29.287782669067383,29.351591937012625,28.841128016564376,28.904937284509618,1574160
2024-07-23,29.038930892944336,29.24949976792589,28.994266110377286,29.15378757230822,1201060
2024-07-24,28.292381286621094,28.987886956416762,28.292381286621094,28.924077689952007,1778560
2024-07-25,28.18390655517578,28.44551942979114,28.13924177358399,28.292380601687565,1524040
2024-07-26,28.426376342773438,28.515707608842757,28.12647961630283,28.18390625025733,1048320
2024-07-29,28.5476131439209,28.579517778949082,28.27962102509351,28.52209113975069,602420
2024-07-30,28.241334915161133,28.60503922816466,28.21581291148607,28.59866000513512,873460
2024-07-31,28.222192764282227,28.349807889357677,28.088196712567782,28.203049984365236,1214360
2024-08-01,28.35618782043457,28.471041088199623,28.03076738867995,28.241332848817336,1589140
2024-08-02,28.14562225341797,28.675227248944612,28.094578246906373,28.305143718991168,1211840
2024-08-05,27.99886703491211,28.113720313237753,27.628781788076104,28.01162718506314,1430660
2024-08-06,28.13924217224121,28.17752602788338,27.94781778247367,27.99886519513287,2123240
2024-08-07,28.152002334594727,28.27961916244961,28.01162535742136,28.13924218527624,711760
2024-08-08,28.649703979492188,28.83474915500023,28.266858590136327,28.266858590136327,1345400
2024-08-09,29.14740562438965,29.198453038635677,28.58589769850155,28.694371749922084,1202600
2024-08-12,29.192068099975586,29.41539540808809,28.917696789357326,29.230353657633117,1230320
2024-08-13,29.217594146728516,29.332447421201756,29.019790527868036,29.19845307021783,1319780
2024-08-14,29.555774688720703,29.66424874004389,29.179308528255472,29.217594088905635,1897840
2024-08-15,29.281402587890625,29.54301205953697,29.204831468600624,29.5366328367817,1127840
2024-08-16,29.472827911376953,29.6451078236763,29.249500584601694,29.5302511411055,1668800
2024-08-19,29.77272605895996,29.92586491066324,29.415400935750668,29.587684273732435,1255660
2024-08-20,29.689769744873047,29.83014671344242,29.536630923915165,29.772720081546243,1237600
2024-08-21,30.03433609008789,30.110903804735273,29.670631778177476,29.696155485628136,1664600
2024-08-22,30.082950592041016,30.23333435477914,29.91295307410053,30.122181594301743,1378440
2024-08-23,29.945648193359375,30.18756747655661,29.514117631501424,30.01102970717391,1566740
2024-08-26,29.49449920654297,30.011028509226453,29.311424689829032,30.011028509226453,1664320
2024-08-27,29.2395076751709,29.605655000198425,29.2395076751709,29.42258046472058,1212680
2024-08-28,29.036813735961914,29.19373424645419,28.847200724980443,29.115273991208053,1412880
2024-08-29,28.860279083251953,28.977970344623316,28.611821305626204,28.951816343001234,1154160
2024-08-30,29.527189254760742,29.61872825685269,28.533361675039366,28.644512685723704,4585560
2024-09-02,29.030275344848633,29.690649889786094,28.98450758991987,29.61872813436779,1057840
2024-09-03,29.200271606445312,29.383344364253052,28.971429349739743,28.971429349739743,1075620
2024-09-04,29.546810150146484,29.77565244585438,29.23296908792672,29.422580377893066,1395660
2024-09-05,29.344114303588867,29.657958814211803,29.10219678538982,29.546806059261822,1212820
2024-09-06,29.409502029418945,29.442192786778616,29.141430486171735,29.2264292487918,1151220
2024-09-09,29.11527442932129,29.435653955224605,28.99758491764511,29.409499954439696,1205400
2024-09-10,29.089122772216797,29.26565879988235,28.78836046859801,29.017202756119687,1223320
2024-09-11,28.919124603271484,29.095658870432025,28.814510346269426,29.06296811544435,1203440
2024-09-12,28.703357696533203,29.03027572320148,28.703357696533203,28.768742698609227,1472100
2024-09-13,28.847204208374023,29.0302787413645,28.709899181595233,28.736053185144772,1231300
2024-09-16,28.945276260375977,29.062967515314046,28.834125251413933,28.847200505582236,1084580
2024-09-17,28.8668155670166,28.93873732052485,28.5791285529836,28.93873732052485,979440
2024-09-18,28.546438217163086,28.938737744264444,28.546438217163086,28.86681598970307,1340500
2024-09-19,28.415672302246094,28.814512108164507,28.415672302246094,28.7556673488462,1403080
2024-09-20,28.57912826538086,28.677204017697097,28.36336300702744,28.415669260163092,3462760
2024-09-23,28.415672302246094,28.50720956447905,28.252213279528974,28.422210802829024,937300
2024-09-24,28.50720977783203,28.70335955900376,28.284905994132842,28.415672514913997,998900
2024-09-25,28.114906311035156,28.533361589707198,28.114906311035156,28.507207589187715,1945160
2024-09-26,28.154136657714844,28.37644217889567,28.042985643052436,28.206444660782335,879340
2024-09-27,28.062599182128906,28.2325966883564,28.003754428720278,28.10183018168658,1568000
2024-09-30,27.755298614501953,28.01683164617081,27.74876011411743,28.010294891714295,1844640
2024-10-01,27.892602920532227,28.016830932819097,27.755297907809272,27.755297907809272,1752940
2024-10-02,27.840295791625977,28.278364816928875,27.840295791625977,28.167212062635947,1451240
2024-10-03,27.408763885498047,27.787986391579018,27.38260988676371,27.787986391579018,1795780
2024-10-04,27.421844482421875,27.55261275564755,27.304154957039742,27.40876922643465,1961680
2024-10-07,27.493762969970703,27.6179927274314,27.330303957367857,27.552609471575852,1480080
2024-10-08,27.30415153503418,27.565684556851508,27.30415153503418,27.49376280125895,1704360
2024-10-09,26.80723762512207,27.343382447461632,26.80723762512207,27.330305446392465,1723400
2024-10-10,26.76146697998047,26.96415523690015,26.76146697998047,26.86608123131881,1367100
2024-10-11,26.539165496826172,26.911851289370674,26.526088496047766,26.768007772664237,1108100
2024-10-14,26.643779754638672,26.75493252260041,26.454168468728568,26.539167233422106,1694140
2024-10-15,26.911849975585938,26.996848730568086,26.617624456147382,26.650315210569488,2173080
2024-10-16,27.14069175720215,27.232229010625122,26.826850743139318,27.023000503964642,2112880
2024-10-17,26.990310668945312,27.173385182023598,26.73531439985655,26.846467156924355,1448160
2024-10-18,27.062232971191406,27.153770229578175,26.846467698804872,26.977234213112837,2261140
2024-10-21,27.101463317871094,27.101463317871094,26.911852039086018,27.055695559799677,1003940
2024-10-22,26.8203125,26.977233008533986,26.643776491417288,26.93800375436444,1447600
2024-10-23,26.75493049621582,26.82031375350616,26.57839447938231,26.813775253184325,1040060
2024-10-24,26.97723388671875,27.055694143539846,26.67646985989255,26.76800711717182,994000
2024-10-25,26.676467895507812,27.068769150725256,26.676467895507812,27.068769150725256,1188320
2024-10-28,26.75493049621582,26.951082014014826,26.728778240856478,26.93146651304933,863520
2024-10-29,26.774545669555664,26.80723642483682,26.552240153189558,26.80723642483682,1447460
2024-10-30,26.97069549560547,27.023001751721825,26.66339296730692,26.676469967818,2250080
2024-10-31,27.114538192749023,27.225690947817608,26.833389673940133,26.833389673940133,1910720
2024-11-01,26.87915802001953,27.186462291754427,26.87915802001953,27.134154290134212,1970080
2024-11-04,27.291072845458984,27.31722684439298,26.892233091354733,26.964154842495386,1503320
2024-11-05,27.317228317260742,27.39568857236525,27.0230010511729,27.20607556172606,1208340
2024-11-06,26.519550323486328,27.003388882700353,26.153403026804813,27.003388882700353,5471340
2024-11-07,26.421472549438477,27.13415333302372,26.153401034302462,26.44762654932605,2546040
2024-11-08,26.329936981201172,26.5653177574729,26.153402708443384,26.290707724786554,2107840
2024-11-11,25.76110076904297,26.336474821557616,25.525719998670258,26.316861066805863,3851820
2024-11-12,25.715333938598633,25.944176216978303,25.61725817759934,25.761101695903356,1838340
2024-11-13,25.64995002746582,25.81341080005184,25.57803001117581,25.741487291905628,1431780
2024-11-14,25.77417755126953,25.898405562666653,25.669563294458094,25.748023550584684,1608880
2024-11-18,25.564952850341797,25.878792154292164,25.44072308297352,25.78725663635102,1515640
2024-11-19,25.64995002746582,25.826486055604867,25.49956800228903,25.62379777043166,1069180
2024-11-21,24.969959259033203,25.50610404662864,24.884962249447817,25.427643791226185,3708180
2024-11-22,25.23149299621582,25.23149299621582,24.911113487566926,25.074572491813417,2699340
2024-11-25,25.780715942382812,25.780715942382812,25.153033896025317,25.179186150671583,2576840
2024-11-26,25.336109161376953,25.833022965563522,25.185725399532604,25.806870710139805,2244900
2024-11-27,24.878421783447266,25.460334279908178,24.878421783447266,25.4341802815314,2197860
2024-11-28,24.55150604248047,24.93726882433088,24.4338165308309,24.884962568700843,1700020
2024-11-29,24.845731735229492,24.891501236901657,24.394585694314525,24.55804470843061,2420180
2024-12-02,24.427276611328125,24.799962371134722,24.355353113364885,24.79342387131988,2018240
2024-12-03,24.72804069519043,24.754194696376874,24.25728089533028,24.446892166148064,1351140
2024-12-04,24.7738094329834,24.79996343336298,24.49919766678156,24.70842617796237,1012340
2024-12-05,25.03534507751465,25.12688233612741,24.83265505931611,24.83919355964045,1504860
2024-12-06,24.845731735229492,25.081112506045297,24.71496522230781,25.048420004850893,2275700
2024-12-09,24.819578170776367,24.98303718776721,24.70188865626264,24.911115429802596,2408980
2024-12-10,24.839195251464844,25.015731280390085,24.72804248430833,24.969961775002297,1894900
2024-12-11,25.002653121948242,25.2576494023826,24.47304680560614,24.839194102125813,2039520
2024-12-12,24.35535430908203,24.9634208542921,24.13305054224712,24.9634208542921,2546740
2024-12-13,24.2376651763916,24.486122947643697,24.2376651763916,24.355354688815876,1589560
2024-12-16,23.936901092529297,24.47958438948603,23.936901092529297,24.257280619711075,2519580
2024-12-17,24.466506958007812,24.466506958007812,23.84536341525408,23.963054671254458,4360860
2024-12-18,23.832286834716797,24.446891888186347,23.766903578422074,24.27689437426329,2717260
2024-12-19,23.95651626586914,24.07420577640692,23.75382799953055,24.061128776140958,1676080
2024-12-20,24.275630950927734,24.275630950927734,23.84708307492049,24.1239907165823,3635520
2024-12-23,23.484464645385742,24.209699756751085,23.484464645385742,24.170142278192877,2297680
2024-12-26,23.45808982849121,23.721812785128936,23.45808982849121,23.55039119080556,2681700
2024-12-27,23.042728424072266,23.702034985989346,23.00317094583584,23.702034985989346,2038400
2024-12-30,23.405345916748047,23.451498361863848,23.055914777835806,23.075694397171148,1325940
2025-01-02,23.31304168701172,23.411938018486186,23.10206437233045,23.405344812352176,1964620
2025-01-03,23.280078887939453,23.458091943734956,22.93724094998551,23.339415986359356,2243920
2025-01-06,23.25370979309082,23.54380210322585,23.181184514887132,23.398756828426308,1718080
2025-01-07,23.45808982849121,23.576764014630026,23.27348358279124,23.27348358279124,1109360
2025-01-08,23.174589157104492,23.45809175489207,23.121845265659825,23.45809175489207,1974980
2025-01-09,23.27348518371582,23.35919510650546,23.128438163775122,23.18777526092618,1138060
2025-01-10,23.04932403564453,23.47787369771533,23.02954617473046,23.273487797136966,1441300
2025-01-13,22.858123779296875,23.266893806146562,22.844939125976993,23.075696086845447,2086280
2025-01-14,22.871307373046875,23.00976294092465,22.673516471206124,22.957017292005236,2527000
2025-01-15,23.37238311767578,23.451499839466276,22.96361309500224,23.20755646723426,1772400
2025-01-16,23.25370979309082,23.504244621105236,23.227336964653116,23.33941796444147,3055080
2025-01-17,23.20755386352539,23.65588131652735,23.02954257987018,23.273484164197953,2222640
2025-01-20,23.286672592163086,23.47127885845455,23.055915639566674,23.181183045634274,1030960
2025-01-21,23.385570526123047,23.510837940729743,22.680113206861865,22.877904139483377,2653420
2025-01-22,23.293264389038086,23.576765217472204,23.18777484889399,23.42512499381641,2057020
2025-01-23,23.174589157104492,23.47127816788718,23.174589157104492,23.313042972481615,1256220
2025-01-24,23.187776565551758,23.392162454678736,23.04932274423081,23.115253051500982,1373120
2025-01-27,23.827302932739258,23.9261992713962,23.121845669986584,23.181182768966426,1900500
2025-01-28,24.236072540283203,24.493202331013777,23.774558614686324,23.84049068451666,4160240
2025-01-29,24.209701538085938,24.572319120449787,24.183330470618696,24.308597882561866,1953560
2025-01-30,24.295408248901367,24.61187510085701,24.163547647431745,24.374524961890277,1829520
2025-01-31,24.2624454498291,24.697586548957567,24.2624454498291,24.30200469186037,1413300
2025-02-03,23.93938636779785,24.387713867051055,23.93938636779785,24.23607187116379,2285500
2025-02-04,23.80093002319336,24.01190735246056,23.622918726875316,23.860268882501845,1830920
2025-02-05,23.491058349609375,23.932792632303325,23.491058349609375,23.92619942564797,2803640
2025-02-06,23.655881881713867,23.721813944497356,23.47787059380561,23.497648452104933,1424080
2025-02-07,23.702035903930664,23.899826823844446,23.576766736836348,23.662476663626403,1861440
2025-02-10,23.53721046447754,23.91301446396677,23.51083763625516,23.899828049855582,1513120
2025-02-11,24.018497467041016,24.018497467041016,23.49105509204094,23.616322480049902,1679020
2025-02-12,23.60973358154297,23.833897336027473,23.431720515129783,23.72840778546116,3240580
2025-02-13,23.748186111450195,23.7679657312034,23.431719237542147,23.50424274943476,1703100
2025-02-14,24.11739730834961,24.41408632834054,23.70203584932681,23.748186535706285,2875320
2025-02-17,24.044872283935547,24.35474593731939,23.99872160045665,24.117395792565656,1886220
2025-02-18,24.097618103027344,24.249258338716118,24.011908174959444,24.044874209037815,2319100
2025-02-19,23.840490341186523,24.031688059333298,23.708629724496618,23.965757750988345,2273180
2025-02-20,24.07784080505371,24.07784080505371,23.715223224408057,24.025095149297318,1084580
2025-02-21,24.11739730834961,24.928342366824484,24.064653415267944,24.282223954832624,3294620
2025-02-24,24.130582809448242,24.50638677458572,23.99872220146142,24.16354884171283,2365720
2025-02-25,24.354747772216797,24.512981213973994,24.130584023150075,24.321783498829962,1981560
2025-02-26,24.526165008544922,24.77010835191605,24.400897614086947,24.51297859638394,2318120
2025-02-27,24.42067527770996,24.770108155056153,24.42067527770996,24.526164813623758,1952860
2025-02-28,24.506385803222656,24.710769913554607,24.24266283716647,24.414084437611905,5885740
2025-03-05,24.414087295532227,24.756925254948715,24.414087295532227,24.506388671947803,1783320
2025-03-06,24.631656646728516,24.730551225301646,24.42727076186763,24.592097406870607,2283680
2025-03-07,24.9019718170166,25.23162511681962,24.269038044766283,24.526167829876943,2324700
2025-03-10,24.9217529296875,25.060206760523013,24.75033306268354,24.882193686285365,2160900
2025-03-11,24.499794006347656,24.92834187023792,24.46682797349342,24.92175042420287,2108260
2025-03-12,24.387712478637695,24.611876215502463,24.19651301336541,24.473420641099604,2162440
2025-03-13,24.61187744140625,24.61187744140625,24.209700632088293,24.387713693376014,1447600
2025-03-14,24.9019718170166,25.060205260079183,24.618470965086093,24.836041509163174,1488620
2025-03-17,25.416227340698242,25.706323133911557,24.809666450359362,24.90196957726652,1958320
2025-03-18,25.50853157043457,25.818405235246924,25.35029813476291,25.449194472191643,1687840
2025-03-19,25.633800506591797,25.877743881220347,25.51512630300812,25.706325782770136,1959580
2025-03-20,25.844778060913086,26.101906073473142,25.646985386059114,25.646985386059114,1542940
2025-03-21,25.765661239624023,26.108499175172796,25.719508794093375,25.963452153148033,2684220
2025-03-24,25.396451950073242,25.844781246757023,25.350301259204148,25.732698482452076,1684060
2025-03-25,25.53490447998047,25.69313791616908,25.251401879830002,25.337113565012608,1762740
2025-03-26,25.521717071533203,25.76566042285488,25.396447912456818,25.76566042285488,1318660
2025-03-27,25.74588394165039,25.963454494306152,25.54809301029132,25.581057285249862,1990520
2025-03-28,25.759069442749023,25.956860367096866,25.614022412786763,25.745883029018657,2292920
2025-03-31,25.449195861816406,25.805220231250065,25.370079139660497,25.7458831297671,2983960
2025-04-01,25.31733512878418,25.534905673579644,25.192065958966758,25.33052154250558,2431240
2025-04-02,25.165691375732422,25.44919396935512,25.126133897863994,25.343704427479725,1384600
2025-04-03,26.35903549194336,26.392001524154104,25.007459860946632,25.06020375194806,2656640
2025-04-04,26.13487434387207,26.405188792638945,25.864558134569254,26.220584275576087,2260300
2025-04-07,25.752473831176758,26.08212534097439,25.449193385841507,25.844776958134382,2116240
2025-04-08,25.74588394165039,26.24036391085198,25.679953631197368,25.69314004539516,2023140
2025-04-09,26.279918670654297,26.80736286017812,25.46897364738866,25.521717538180315,3112620
2025-04-10,26.08212661743164,26.398595251289603,25.95026600705934,26.345849598712043,1717660
2025-04-11,26.14146614074707,26.286513167948915,25.890929566245777,26.246955688046523,1803620
2025-04-14,26.200801849365234,26.352442075253293,25.97663811372792,26.246954294092056,1656620
2025-04-15,26.088720321655273,26.200803074984808,25.89092940232389,26.055756048701294,1590260
2025-04-16,25.976638793945312,26.042569099031457,25.805218944399858,26.042569099031457,2131920
2025-04-17,25.904115676879883,25.96345277630768,25.739289031385912,25.96345277630768,1631000
2025-04-22,25.970048904418945,25.970048904418945,25.712919097258748,25.8381882774047,1497300
2025-04-23,26.2337703704834,26.33925816165376,25.98982699253107,26.128280818777117,1674400
2025-04-24,26.754619598388672,26.860109142987802,26.167838297862012,26.167838297862012,2264920
2025-04-25,26.54364013671875,26.853515559596907,26.27332571324685,26.68209571222968,2006620
2025-04-28,26.906261444091797,27.0908677180914,26.45134072659553,26.543642103059426,1980440
2025-04-29,26.866701126098633,27.35458785888594,26.866701126098633,26.952412813234176,1254680
2025-04-30,27.407333374023438,27.5128211596625,26.728247171359822,26.81395709752645,2257920
2025-05-02,27.071086883544922,27.3545877282654,27.024934436846166,27.3545877282654,1903860
2025-05-05,27.044713973999023,27.466668636451313,27.044713973999023,27.130423899926857,1494360
2025-05-06,26.866701126098633,27.275471138988966,26.688689826732322,27.031527772595314,2062200
2025-05-07,27.082054138183594,27.18310709585377,26.54984501259514,26.82605595051293,3615360
2025-05-08,26.82605743408203,27.365001774321488,26.46226748592165,27.223528705115864,2711800
2025-05-09,26.509422302246094,27.075316329458364,26.509422302246094,26.826055133155567,2080540
2025-05-12,26.367950439453125,26.536371438424233,26.078267328622275,26.509423502932023,3177440
2025-05-13,26.940580368041992,27.04163332305364,26.408371256455034,26.489213260678845,2242940
2025-05-14,26.88668441772461,27.095527310710413,26.812581196249035,26.954054253479722,1251600
2025-05-15,27.445844650268555,27.600789883566257,26.940581650093335,27.00121270641463,2599240
2025-05-16,27.466054916381836,27.7018439662354,27.230265866528267,27.28416174004521,1753500
2025-05-19,27.81637191772461,28.15321394383667,27.344793800738827,27.452581953866705,2436000
2025-05-20,27.836576461791992,27.991525279240115,27.53342120699879,27.890472328357408,1253280
2025-05-21,27.64794921875,27.870264294813623,27.493002184015264,27.816370221536044,2004100
2025-05-22,27.05510902404785,27.789422293788384,27.05510902404785,27.621001290951707,1469440
2025-05-23,27.250476837158203,27.459317950391714,26.637425666918148,26.812583658108935,1876420
2025-05-26,27.52668571472168,27.695104910079042,27.095527753480987,27.216789861966696,999180
2025-05-27,28.180156707763672,28.362051667908656,27.546894637998587,27.620999658997,2371600
2025-05-28,28.287948608398438,28.301420777664326,27.863527604939947,28.17342167768093,1471540
2025-05-29,28.193632125854492,28.456369104147843,27.94436911551377,28.01847414032559,1754200
2025-05-30,27.66142463684082,28.213844763409288,27.66142463684082,28.19363381027285,6992160
2025-06-02,27.297636032104492,27.917424193476943,27.297636032104492,27.66816117228852,1408960
2025-06-03,27.82310676574707,27.957842846275,27.297634612546045,27.297634612546045,2220260
2025-06-04,27.62773895263672,28.15321292611869,27.62773895263672,27.856791018413084,1715980
2025-06-05,27.58057975769043,27.782683871273633,27.51321171982936,27.69510488237598,1438780
2025-06-06,27.35152816772461,27.782684336831405,27.284160128734648,27.621000323684463,1643040
2025-06-09,27.19658088684082,27.46605304030845,26.873212863537614,27.33805394730408,1398600
2025-06-10,27.35152816772461,27.56710625227801,27.17637018699416,27.19658113836942,1621760
2025-06-11,27.115739822387695,27.41215992106388,26.9473188211596,27.344791880358166,1250760
2025-06-12,27.183107376098633,27.19658134378391,26.886685483805323,26.967529289916985,1131480
2025-06-13,27.257213592529297,27.63447570959241,26.785635496468487,26.960793486188827,2386720
2025-06-16,27.385211944580078,27.647948921977406,27.156159886949442,27.412159880393432,1689240
2025-06-17,27.23699951171875,27.55363053410407,27.102263442299137,27.5199474162129,2988580
2025-06-18,27.34479331970215,27.47279242388771,27.007951299515657,27.385213426682114,1252440
2025-06-20,26.981002807617188,27.338055773417874,26.913634764750263,27.135949845889417,6674500
2025-06-23,27.890474319458008,27.890474319458008,26.832793047588194,26.879950135272022,2590140
2025-06-24,29.338891983032227,29.803734875869516,27.74226458179237,27.8096326216293,6662320
2025-06-25,28.799945831298828,29.244575973052537,28.260999714314075,29.069419789255004,2758420
2025-06-26,29.103103637695312,29.305209560950104,28.638262532707994,28.658473484819005,1263500
2025-06-27,30.335941314697266,30.335941314697266,28.907734954696526,29.028997063035934,2351860
2025-06-30,30.591943740844727,30.861415897908447,30.059732812681464,30.147311803405447,2117080
2025-07-01,30.989418029785156,30.989418029785156,30.234890203289975,30.490892000799168,1440460
2025-07-02,31.474470138549805,31.57552310110421,30.38310389953074,30.935522204211413,1988140
2025-07-03,32.88920593261719,33.1384689589645,31.1376295627048,31.366679836897568,2394420
2025-07-04,31.191518783569336,32.87572874220704,31.191518783569336,32.56583468547452,1818740
2025-07-07,29.21763038635254,31.373416693788865,29.21763038635254,31.191519924844542,3111640
2025-07-08,29.04247283935547,29.372577864402633,28.52373765637254,29.372577864402633,2660420
2025-07-09,28.56415557861328,29.60836464778565,28.46984140631851,29.03573363579725,1497860
2025-07-10,28.490053176879883,28.618054077778392,27.998265922673053,28.45637005480068,1168300
2025-07-11,28.011737823486328,28.40920906846358,27.924157035332875,28.402472084759466,1801800
2025-07-14,28.63152503967285,28.63152503967285,27.715316814060156,27.984790773966747,2141160
2025-07-15,28.112791061401367,28.833632180732014,28.112791061401367,28.786473291313705,1850100
2025-07-16,28.092578887939453,28.301419992361595,27.836578896148445,28.159946928110223,966140
2025-07-17,27.809633255004883,28.483317266572854,27.78942230291521,28.294685311591188,1377740
2025-07-18,28.099315643310547,28.29468457725164,27.30437133661887,27.74900147748622,3658200
2025-07-21,28.274477005004883,28.517003055990003,27.76247876332151,28.166687049368893,1263220
2025-07-22,28.025209426879883,28.712367359423297,27.668158292399156,28.34857744244678,1730680
2025-07-23,28.651735305786133,28.934683226756224,27.951105185508275,28.018473224140898,892640
2025-07-24,28.67868423461914,28.719106138556008,28.065631284070133,28.624790161630955,1554840
2025-07-25,28.395736694335938,28.961630764740658,28.348579604688734,28.57763166669794,564480
2025-07-28,28.29468536376953,28.597842449963114,27.930895421195117,28.39573652654896,980140
2025-07-29,28.166683197021484,28.503525188252354,28.126263093516116,28.31489324142045,1081500
2025-07-30,27.493003845214844,28.395738172066224,27.311108863386924,28.1936340358679,2433340
2025-07-31,26.90015983581543,27.418896805544264,26.603739738214735,27.418896805544264,1580600
2025-08-01,27.082054138183594,27.311106189689102,26.704792041523206,27.19658106340014,1341620
2025-08-04,26.873212814331055,27.30437077758837,26.704791819258393,27.216789989265926,652820
2025-08-05,26.893423080444336,27.061845881420403,26.34774176817742,27.007950009451218,1018640
2025-08-06,27.149423599243164,27.4256345516306,26.751950530441118,26.981002593945792,1425620
2025-08-07,27.03489875793457,27.621001991792944,26.79910970776596,27.149423891455722,1598800
2025-08-08,27.284160614013672,27.317843734643954,26.206266574219985,26.711529574022737,1595580
2025-08-11,26.610475540161133,27.23026364358814,26.48247644886296,27.196580524317458,1155560
2025-08-12,26.893423080444336,27.169634027503502,26.6306879003051,26.6306879003051,793660
2025-08-13,26.41510772705078,27.142685800484692,26.37468762243493,26.805845598927192,1833720
2025-08-14,26.502689361572266,26.691319520662542,26.24668936109867,26.347742324245978,872900
2025-08-15,26.509422302246094,26.758685297476408,26.246687138807467,26.758685297476408,1312920
2025-08-18,26.778898239135742,26.778898239135742,26.40837310999021,26.448793215475334,1017520
2025-08-19,26.610475540161133,26.846264570766085,26.266898369176946,26.819318435135045,2363900
2025-08-20,26.623950958251953,26.82605688059952,26.469003923951714,26.556582917111974,1120980
2025-08-21,27.01468849182129,27.22352961050238,26.475742334730153,26.630689377380452,1937600
2025-08-22,27.093599319458008,27.534368666729495,26.825004291596432,27.07293773907551,1141980
2025-08-25,26.962743759155273,27.32775764663587,26.838777958261023,27.038501046154412,843500
2025-08-26,27.038501739501953,27.279547993232516,26.92142312888146,26.928310322334074,3295180
2025-08-27,27.30021095275879,27.458612732097198,27.05227749305036,27.203792078588222,1035440
2025-08-28,27.41728973388672,27.69277011293597,27.272660511945215,27.527481149891642,1346800
2025-08-29,27.506818771362305,27.809849754172692,27.44483587177898,27.493044385002253,1397760
2025-09-01,26.859437942504883,27.67899555940874,26.859437942504883,27.548142564052434,1568980
2025-09-02,26.94208335876465,26.99717906458691,26.52197193536123,26.80434133565368,2144100
2025-09-03,26.859437942504883,26.969631196882837,26.556408791761694,26.92830987588919,1598380
2025-09-04,26.831890106201172,27.25199785150137,26.70792430835056,26.907647391340294,1443820
2025-09-05,27.134920120239258,27.141807313567867,26.756133682350384,26.866325097534272,990780
2025-09-08,27.20378875732422,27.20378875732422,26.859436465486606,27.128031473804366,1119720
2025-09-09,27.69277000427246,28.229958212540193,26.893873965705293,27.07293731480685,2316020
2025-09-10,27.940704345703125,28.312603603525584,27.52748192643539,27.59635202314051,1507800
2025-09-11,27.940704345703125,28.312603603525584,27.62390079743736,28.188637797263766,1290520
2025-09-12,27.816736221313477,28.099103778176875,27.74097709831058,27.747864291310844,544600
2025-09-15,28.044010162353516,28.340152127278568,27.69965784283518,27.796076712984753,1190420
2025-09-16,27.864946365356445,28.360813256197726,27.761640303338606,28.085331037162472,2020200
2025-09-17,28.085330963134766,28.20929676599986,27.775414616935088,27.91315664560813,1150100
2025-09-18,28.229957580566406,28.56053549795739,27.74097789767865,28.037121688112933,1121960
2025-09-19,28.718936920166016,28.718936920166016,28.030234159858388,28.216182856890427,2574600
2025-09-22,28.43657112121582,28.836019151542615,28.43657112121582,28.560536926921344,980560
2025-09-23,28.40213394165039,28.615633254309408,28.167974888279947,28.615633254309408,1898260
2025-09-24,27.961362838745117,28.45722784807267,27.80296108210402,28.333262055499983,1087240
2025-09-25,27.73409080505371,27.947590116914473,27.44483604580611,27.906268796609204,1755600
2025-09-26,27.651447296142578,28.06466784236709,27.55502843307545,27.871831955269688,983080
2025-09-29,28.291942596435547,28.291942596435547,27.789188522226567,27.85117142258519,1256920
2025-09-30,28.030235290527344,28.67761675728721,27.809850619023567,28.409021732023984,1837360
2025-10-01,28.25750732421875,28.41590909515781,27.98202510391575,28.112879940150385,1315440
2025-10-02,27.947589874267578,28.360812268917115,27.89938136115717,28.264393403659408,880320
2025-10-03,27.75475311279297,28.11287981367198,27.720318984808113,28.050896912069675,1585220
2025-10-06,27.51370620727539,27.78230122655527,27.320870313644146,27.69276955346198,1183140
2025-10-07,27.651447296142578,28.092216614396797,27.327756580940914,27.46549676301575,3135860
2025-10-08,27.424177169799805,27.926929417722,27.307096720342575,27.513707006456727,1587600
2025-10-09,27.4586124420166,27.76164160989104,27.30709785807938,27.499933765346277,1187060
2025-10-10,27.85805892944336,28.567423292511872,27.534368198437278,27.548142585124673,3176040
2025-10-13,28.58119773864746,28.629408092153632,27.99579917647403,27.99579917647403,1587880
2025-10-14,27.582576751708984,28.58119771951049,27.582576751708984,28.574310526157078,2546180
2025-10-15,27.424177169799805,27.782302033538397,27.30020952690174,27.444836911085343,3280620
2025-10-16,27.727203369140625,27.988911192239687,27.293321234066887,27.341529747173894,2863840
2025-10-17,27.58946418762207,28.085331079205655,27.54814286617525,27.6583361217617,5787320
2025-10-20,27.479270935058594,27.761638490016995,27.141805836469807,27.65144708082989,2923060
2025-10-21,27.313982009887695,27.486156316796425,27.155580249863668,27.410400872301633,2469180
2025-10-22,27.08670997619629,27.472383584208185,27.00406366122571,27.472383584208185,1812020
2025-10-23,27.134920120239258,27.245111535423145,26.948971417477594,27.196903021159812,952420
2025-10-24,27.045387268066406,27.29332069998704,26.804341029174417,27.203789029651517,1712620
2025-10-27,27.451723098754883,27.451723098754883,26.942083676063927,27.0867110549487,2399600
2025-10-28,27.375967025756836,27.699657763811746,27.155582351070105,27.410402993225222,2195340
2025-10-29,27.58946418762207,27.727204377827412,27.30709661379742,27.382853902314057,1842680
2025-10-30,27.424177169799805,27.706544744726177,27.307096720342575,27.35530523539145,1443400
2025-10-31,27.54814338684082,27.64456225742168,27.162469743554375,27.431064774664556,1384180
2025-11-03,27.75475311279297,27.809850660027866,27.444836765744494,27.617012922779637,2062900
2025-11-04,28.484779357910156,28.484779357910156,27.63078759631386,27.685883305083532,3242260
2025-11-05,29.07017707824707,29.118387431165168,28.291942628652713,28.484778523214338,2010680
2025-11-06,29.538494110107422,29.875959212087263,29.25612655231162,29.545381303130426,4360580
2025-11-07,29.27678680419922,29.6624604250461,29.242352677519023,29.634913491509323,1045240
2025-11-10,29.786426544189453,29.944828300339523,29.366316979041112,29.483397417473977,2403520
2025-11-11,30.144554138183594,30.330504682552938,29.807090855600986,29.924169465732085,2712080
2025-11-12,30.544002532958984,30.619757978907035,30.096344177105447,30.227199006833498,1804600
2025-11-13,30.10323143005371,30.66796839153553,30.10323143005371,30.54400259369076,2238040
2025-11-14,29.731332778930664,30.158327725668297,29.731332778930664,30.103232018775003,1867880
2025-11-17,29.717559814453125,29.82775307254945,29.552270846827142,29.73133420159479,1090740
2025-11-18,29.772653579711914,29.875959637491114,29.579817689432538,29.710670680659145,3248700
2025-11-19,29.517833709716797,29.71755863728547,29.517833709716797,29.614252576852124,1278480
2025-11-21,29.36631965637207,29.65557442387427,29.07706488886987,29.373206849792307,1921080
2025-11-24,29.9103946685791,29.944830635225838,29.24235346696482,29.469625329722476,3293920
2025-11-25,29.841527938842773,30.12389552363276,29.62114141911148,29.83464074516136,2243920
2025-11-26,30.557775497436523,30.578435236717123,29.896617864537642,29.896617864537642,1356320
2025-11-27,30.583948135375977,31.162459514484052,30.15006598032265,30.555023761794608,1121500
2025-11-28,29.542627334594727,30.844277431389276,29.542627334594727,30.6225153263381,2581500
2025-12-01,29.27265739440918,29.667973100067055,29.2437311821524,29.417284777619166,1926600
2025-12-02,29.95722770690918,29.95722770690918,29.340149894347277,29.340149894347277,1731800
2025-12-03,29.706539154052734,30.178989580489425,29.667972710586948,30.063288411055137,1384300
2025-12-04,30.121139526367188,30.236842536876555,29.793316475467098,29.880093273589885,1639500
2025-12-05,28.578441619873047,30.14042206391941,28.44345631399335,30.121137923354635,2035000
2025-12-08,29.012327194213867,29.340150245823725,28.72307242586962,28.829131526776127,1890900
2025-12-09,29.06053352355957,29.59083634435487,28.636293473767527,28.973756731775556,1471900
2025-12-10,29.20516586303711,29.40764383952228,28.9255513175629,29.16659757854259,1379900
2025-12-11,29.224445343017578,29.45584951051882,29.12802648013285,29.21480327282542,1206000
2025-12-12,29.359434127807617,29.73546569113698,29.108745805909056,29.22444697660873,1132800
2025-12-15,29.87044906616211,30.05364472009923,29.26301336178943,29.48477545711304,2036100
2025-12-16,29.224445343017578,29.677613446864754,29.224445343017578,29.677613446864754,1462600
2025-12-17,29.282299041748047,29.55226966275981,28.915907714607908,29.166596033430917,2311300
2025-12-18,29.56191062927246,29.735464215747687,29.089460221110382,29.263013807585608,1098000
2025-12-19,29.974655151367188,29.974655151367188,29.52020136623234,29.568546846513673,2394000
2025-12-22,29.307476043701172,29.926308871486448,29.23012217076074,29.926308871486448,2669700
2025-12-23,30.09068489074707,30.14869983209017,29.45251315892604,29.491191015995927,942800
2025-12-26,30.245393753051758,30.525800850168743,29.868292009671258,30.052008149048334,579200
2025-12-29,29.897300720214844,30.35175449689601,29.897300720214844,30.09068632626656,1201800
2025-12-30,30.33241844177246,30.612825551381917,29.906971200567824,30.148702294210615,1511300
2026-01-02,30.100353240966797,30.738524988269443,30.100353240966797,30.35175378523468,1236700
2026-01-05,30.09068489074707,30.574147038550283,30.09068489074707,30.187375844898327,964700
2026-01-06,30.380762100219727,30.748192529038967,29.993992742446373,30.40010102917384,2307500
2026-01-07,29.877962112426758,30.48712548706471,29.84895556218999,30.332417738262464,1353600
2026-01-08,29.839284896850586,30.226054253295537,29.66523822538492,29.819945967962898,2526900
2026-01-09,29.92630958557129,30.06167840538169,29.63623117192662,29.839286245904074,1404500
2026-01-12,30.158370971679688,30.332417649639154,29.616892008192043,29.91663988434972,1591300
2026-01-13,29.268800735473633,30.313078967493674,29.230122875939408,30.148701752996917,3360800
2026-01-14,29.90696907043457,29.955314548014954,29.34615304689807,29.34615304689807,1950800
2026-01-15,29.55887794494629,30.07134852929977,29.55887794494629,29.91664077633681,1904700
2026-01-16,29.46218490600586,29.993994416352518,29.230123278390945,29.520201696105996,6269400
2026-01-19,29.73292350769043,29.877961790095092,29.31714574567173,29.31714574567173,1098200
2026-01-20,30.206716537475586,30.206716537475586,29.452514878923722,29.723254361438663,2634900
2026-01-21,31.2413272857666,31.338018246005213,30.342085494895613,30.342085494895613,2590300
2026-01-22,32.140567779541016,32.48865745544016,31.125294237132955,31.241327817623098,2539400
2026-01-23,32.130897521972656,32.720721998937655,31.48305994138741,32.101890970162536,2401000
2026-01-26,32.275936126708984,32.391966016968205,31.821480497785128,32.15990254792606,1473700
2026-01-27,32.36295700073242,32.94311009634913,32.2856012874377,32.44998033392727,1978700
2026-01-28,32.440311431884766,32.730388001210635,32.15990248317616,32.3629594013756,1817600
2026-01-29,32.42097473144531,32.923775874161294,31.9278448985353,32.44998497233928,1497700
2026-01-30,31.686111450195312,32.4113047140244,31.560410251678306,32.4113047140244,1866700
2026-02-02,32.401634216308594,32.47898993687881,31.599088902273365,31.782803205841965,2163700
2026-02-03,32.66270065307617,33.01079398036322,32.256594230256866,32.48865398943265,1495400
2026-02-04,32.15023422241211,32.83674961680291,31.5894163361614,32.52733412387963,1639200
2026-02-05,32.208251953125,32.67237520609276,32.03420527219662,32.208251953125,1435900
2026-02-06,32.246925354003906,32.682042045928604,32.15990201561897,32.314609762911786,1042100
2026-02-09,32.34362030029297,32.62402924751625,32.21791910179224,32.32428137063719,1435500
2026-02-10,32.66270065307617,32.79806946068261,32.01486316281012,32.27593315827541,3387100
2026-02-11,33.81334686279297,34.026067718913126,32.70138234663895,32.807744618960925,2140600
2026-02-12,33.001129150390625,33.80367444412541,33.001129150390625,33.80367444412541,1472500
2026-02-13,32.585350036621094,32.8657589722135,32.20825014528405,32.31460872119374,2224300
2026-02-18,32.16957473754883,32.749727893247076,31.918172331828796,32.43064476417018,1946800
2026-02-19,32.60469055175781,32.60469055175781,31.966520622633755,32.28560374293393,1280800
2026-02-20,32.5273323059082,32.865758018238225,32.01486361599437,32.48865444932361,1644500
2026-02-23,32.54667282104492,32.63369615834144,32.11155613456231,32.343619596860904,2628200
2026-02-24,33.04947280883789,33.51359602936905,32.6046885168943,32.63369506551391,1731500
2026-02-25,32.3049430847168,33.05914291370261,32.140567712152716,33.04947529294391,1235800
2026-02-26,32.691715240478516,32.70138286151282,31.61842856800186,32.140568628426806,2125600
2026-02-27,32.56601333618164,32.58535226635859,32.14056793786006,32.54667440600469,2209800
2026-03-02,32.208251953125,32.44998304457844,31.927843001793313,32.30494291429688,1586100
2026-03-03,31.192977905273438,31.396034822033357,30.574148755754138,31.13496480493375,3169700
2026-03-04,31.91817283630371,32.227592037893544,31.46372087628275,31.46372087628275,1366300
2026-03-05,30.757862091064453,31.869824689787592,30.641832205495348,31.753794804218483,2100000
2026-03-06,31.06728172302246,31.06728172302246,30.438779393313105,30.73852728246314,1343300
2026-03-09,31.309011459350586,31.521732307974876,30.6224942124141,31.22198812038312,2411100
2026-03-10,31.521732330322266,32.08255022373769,31.2509946926865,31.376695890956107,1529600
2026-03-11,31.299339294433594,31.59908716235269,30.902900469649534,31.26066512480175,1267600
2026-03-12,30.5548095703125,30.90290107926907,30.429108373089495,30.88356399407169,1784600
2026-03-13,30.50646209716797,31.11562546231496,30.342084886093904,30.62249382909276,1417500
2026-03-16,30.9222412109375,31.086620273469723,30.72885744161246,30.941580141148574,1160400
2026-03-17,30.825546264648438,31.154302522633138,30.622493044311085,30.92223906473079,858600
2026-03-18,30.5548095703125,31.009263347032874,30.50646224666449,30.690178388003286,1266200
2026-03-19,31.028602600097656,31.26066606750472,30.100354263254935,30.168040517068068,1480400
2026-03-20,30.27440071105957,31.009263434219093,29.993993610159993,30.960917954696974,7198100
2026-03-23,30.989925384521484,31.367025299433138,30.313079430686777,30.593486539547218,1316100
2026-03-24,30.661170959472656,31.038270874494604,30.37109438549606,30.960918842745265,967800
2026-03-25,31.37669563293457,31.57008123902284,30.777201729470384,30.92224001190568,2078800
2026-03-26,30.64183235168457,31.231654935375374,30.40010127062358,31.057608261929573,1717300
2026-03-27,30.496793746948242,30.980255903918795,30.255062668462962,30.45811588914495,1038900
2026-03-30,30.844886779785156,30.922240654976783,30.496795263553768,30.661170634606847,1230800
2026-03-31,31.744129180908203,31.879498004008433,30.883565228203018,31.202650199983488,1956000
2026-04-01,31.79247283935547,32.02453261178642,31.521731520154592,31.91817034587074,2007400
2026-04-02,32.17924118041992,32.59501894590811,31.018934911500367,31.096286941450625,1909000
2026-04-06,32.19858169555664,32.44031279490545,32.063212870085124,32.24692717772163,836900
2026-04-07,32.04387283325195,32.31461047484821,31.734457331849452,31.918171633143523,1555600
2026-04-08,33.06881332397461,33.600620975815154,32.9527834354059,33.223521071574105,3089300
2026-04-09,33.32020950317383,33.9873896110142,33.18484069535792,33.213847243168935,2572400
2026-04-10,34.86729431152344,35.44744746146592,33.745662183383864,33.842353145533025,4758900
2026-04-13,36.008262634277344,36.12429251774638,34.53853725241669,34.79960725661465,3594900
2026-04-14,36.69477844238281,36.94617714099284,35.95991389840238,36.01793068509247,3043800
2026-04-15,37.139564514160156,37.60368776426359,36.38536469380753,36.627095783769136,2776500
2026-04-16,36.926841735839844,37.5263375232738,36.810811839911025,37.129898664370124,2443200
2026-04-17,36.26933288574219,38.05814525191121,36.15330298968208,37.62302853103097,3385000
2026-04-20,36.182308197021484,36.52073394002963,35.988926273615405,36.28867046800908,1300300
2026-04-22,35.51512908935547,36.2016444569741,35.292736943022256,36.07594695373586,1729500
2026-04-23,35.71818161010742,36.29833839178632,35.34108173070402,35.46678292001295,2368400
2026-04-24,35.457115173339844,35.8728929509919,35.39910207131086,35.84388639997741,1452000
2026-04-27,35.002662658691406,35.67951045011689,34.75126025887899,35.45711460085063,1401300
2026-04-28,33.977718353271484,34.644898462104315,33.619957405151055,34.40316739392393,2732700
2026-04-29,33.503929138183594,34.093749874579714,33.358889014883374,33.89069665277825,4512500
2026-04-30,34.1421012878418,34.16144021812253,33.65863909639499,33.69731326843265,2286800
2026-05-04,33.98739242553711,34.7802700985663,33.94871456623723,34.18077434498916,5228900
2026-05-05,33.37411880493164,34.07022906225465,33.070181602121906,33.37411880493164,3976200
2026-05-06,33.158424377441406,33.85453470159798,32.98194517694038,33.85453470159798,3604400
2026-05-07,33.20744323730469,33.83492313319724,32.78585448098777,33.099594428934054,4446800
2026-05-08,33.61922836303711,34.51142701756159,33.51137955753276,34.31533862028778,2509300
2026-05-11,32.99174880981445,33.55059831651801,32.88390000324444,33.02116076066986,1518600
2026-05-12,32.51133346557617,33.07018299027401,32.35446348917108,32.65840070473887,1697700
2026-05-13,32.2073974609375,32.75644426903593,31.95248514222329,32.48192273502441,1792700
2026-05-14,31.86424446105957,32.55055201285129,31.86424446105957,32.26622401081147,1062300
2026-05-15,31.93287467956543,32.23681189468822,31.305394774863753,31.46226475103917,2328500
2026-05-18,31.697572708129883,32.070136577196415,31.491677818295308,31.825026996985358,2392500
2026-05-19,31.14852523803711,31.64854712537553,31.050481034035155,31.432853242639005,1811500
2026-05-20,31.72698402404785,32.276027079050955,31.217155658634034,31.226960266050185,2084500
2026-05-21,31.707374572753906,32.01131179027491,31.236764640514316,31.57991654733216,1313400
2026-05-22,31.677963256835938,31.91326635764283,31.334807603052468,31.658354041756137,1119000
2026-05-25,31.94268226623535,32.14857341585206,31.795615022180343,32.07013655500263,594000
2026-05-26,31.6191349029541,32.01131171561,31.540698044392816,31.93287485704871,962600
2026-05-27,31.991703033447266,32.32505220773054,31.61913542923059,31.726984241509786,2152500
2026-05-28,31.68776512145996,32.295635811887806,31.66815590692032,32.14857231295338,1537600
2026-05-29,32.45250701904297,32.45250701904297,31.325005190812252,31.687766323366883,7484500
2026-06-01,32.15837478637695,32.69761509153007,32.070135191710065,32.472114736286954,2480300
2026-06-02,33.27607345581055,33.31529188413246,32.19759285748407,32.19759285748407,2873600
2026-06-03,33.42314147949219,33.42314147949219,32.60937590297686,32.84468273837746,2299900
2026-06-05,33.07018280029297,33.81531798899295,33.06038006310689,33.33490158521992,2275800
2026-06-08,32.7662467956543,33.31529360021724,32.55055290892362,32.90351130185156,1479100
2026-06-09,33.16822814941406,33.295682430430574,32.658399805122556,32.91331210723074,2341500
2026-06-10,32.58977127075195,33.16823002681767,32.58977127075195,32.95253240046509,3989700
2026-06-11,33.86433792114258,34.22709902501316,31.61913343974137,31.94267985622128,6697200
2026-06-12,34.52123260498047,35.23695213506653,33.42314272567757,33.63884035449749,2463400
2026-06-15,34.62908172607422,35.19773775615365,34.3447537110345,34.98204012542346,2147800
2026-06-16,33.658447265625,34.638885525758674,33.56040119556654,34.50162102767683,3686500
2026-06-17,32.79566192626953,33.834924131992025,32.68781311471524,33.62903298633855,1523800
2026-06-18,33.21725082397461,33.550599997311274,32.69761597902093,32.707422456514095,1548400
2026-06-19,33.21725082397461,33.60942390196901,32.776052838665,33.12901122691269,2021200
2026-06-22,33.55059814453125,34.187880763607446,33.07018175592986,33.21724898960328,1320100
2026-06-23,33.53099060058594,33.77610017553163,33.158422999447396,33.217250643861476,1184200
2026-06-24,32.942726135253906,33.62903370892074,32.854486536638525,33.43294529643373,2069600
2026-06-25,33.050575256347656,33.64864323695845,33.03096604090914,33.03096604090914,1106600
2026-06-26,33.49177169799805,33.8055116502918,32.98194334050188,33.05057372131144,851400
2026-06-29,33.51137924194336,33.77609801475878,33.34470279680399,33.40353043745466,966800
2026-06-30,34.14866638183594,34.1976875468077,33.10940048008888,33.3447035679834,2956900
2026-07-01,32.0505256652832,33.923162609359196,31.94268059736275,33.88394792105866,4507800
2026-07-02,31.72698402404785,32.35446393838014,31.099502239677904,32.158375530132474,3605400
2026-07-03,31.51128578186035,32.09955099504561,31.432852664147457,32.030916874443385,1500300
2026-07-06,31.51128578186035,31.83483221012353,31.256371604161785,31.344611199135812,2104500
2026-07-07,32.10935592651367,32.30544434430901,31.501485197416077,31.521094413203162,2306600
2026-07-08,31.785808563232422,32.236813033231215,31.717178179986483,31.952485022597827,983300
2026-07-09,31.981895446777344,32.099550732497214,31.67796197552236,31.9622862324907,1280600
2026-07-10,32.923118591308594,32.923118591308594,32.393681032884146,32.393681032884146,1624700
2026-07-13,31.805416107177734,33.14861922886783,31.76620141886594,32.913312398621144,2213900
2026-07-14,31.638744354248047,31.991702740263378,31.275981360839214,31.991702740263378,2568400
2026-07-15,30.021020889282227,31.001459167089727,29.854346307253447,30.38378200484994,11959800
2026-07-16,29.80532455444336,30.0014129664614,29.56021497443965,29.99160835885673,8712900
2026-07-17,29.38373565673828,29.805324431816157,29.05038647970171,29.805324431816157,14354200
2026-07-20,29.677867889404297,29.932782072664274,29.23666990490863,29.45236752845658,3727500
2026-07-21,29.746498107910156,29.85434691909128,29.266083566343333,29.609237344616105,3402300
2026-07-22,29.707279205322266,29.952388775894356,29.48177884920497,29.756302241459256,4830600
2026-07-23,29.56021499633789,29.687673025255346,29.099409658803122,29.687673025255346,3288400
2026-07-24,28.815080642700195,29.511192798555953,28.628798714686614,29.40334398862563,2443100
2026-07-27,29.452367782592773,29.6484543229202,28.83469059896908,29.168039774567145,7300700
2026-07-28,29.42295265197754,30.20730251849294,29.344517665326,30.168085960185966,4113800
2026-07-29,28.717039108276367,29.37393098327376,28.717039108276367,29.364128245769102,1698800
2026-07-30,29.403343200683594,29.43275702170481,28.83468908453641,29.011168270588566,3217100
2026-07-31,29.217060089111328,29.59943229115568,29.19745274467742,29.511192696071415,1963400
2026-08-03,29.511192321777344,29.648453081261916,29.079798959063204,29.344517740958537,3720500
2026-08-04,29.540605545043945,30.001412748933923,29.315105181884586,29.815128945871216,5745100
2026-08-05,29.24647331237793,30.089650817024427,29.24647331237793,29.756301657979886,3326100
2026-08-06,29.324909210205078,29.5700187835903,29.119018066179557,29.511193009588386,8396400
2026-08-07,29.14842987060547,29.609237063061062,28.854299132047217,29.413148657330474,5610800
2026-08-10,28.677820205688477,29.27588816565505,28.266036045882213,29.168039354503666,5389000
2026-08-11,28.520950317382812,29.030778682563298,28.34447112404821,28.83469027440537,6305400
2026-08-12,27.87386131286621,28.579776219316226,27.854252097955406,28.540559659532278,3493300
2026-08-13,27.736600875854492,28.13858043608099,27.56012167965014,28.13858043608099,4986500
2026-08-14,27.481685638427734,27.736599815417183,27.138531866709723,27.716990601024698,4181500
2026-08-17,27.501293182373047,27.609141992276804,27.158141278202226,27.481685837875876,2947600
2026-08-18,27.265989303588867,27.89347110342046,27.265989303588867,27.589533876143555,3438300
2026-08-19,27.14833641052246,27.687576714793497,26.795378032432264,27.667967500446796,8141000
2026-08-20,27.275793075561523,27.726795663811185,26.873813524098587,26.991466942349085,3479700
2026-08-21,27.6299991607666,27.940000534057617,27.299999237060547,27.389999389648438,2996800
