Price,Close,High,Low,Open,Volume
Ticker,ITUB4.SA,ITUB4.SA,ITUB4.SA,ITUB4.SA,ITUB4.SA
Date,,,,,
2015-01-02,8.42859172821045,8.672754503707214,8.351356644305472,8.533232778107067,23517344
2015-01-05,8.470938682556152,8.558139307810793,8.231758959183335,8.296536454833866,26662189
2015-01-06,8.60797119140625,8.60797119140625,8.378757011289036,8.470941453016607,31413078
2015-01-07,8.919403076171875,9.053941910450812,8.720087696178018,8.720087696178018,26740949
2015-01-08,9.05892276763916,9.09380341579066,8.774897703932732,8.969231208013197,24249626
2015-01-09,8.662784576416016,9.006605417108664,8.637869541217146,8.981690381909795,19333403
2015-01-12,8.453500747680664,8.702646159584656,8.441043232782144,8.62042832023833,23066377
2015-01-13,8.443532943725586,8.667764271026336,8.443532943725586,8.52325985503544,28972137
2015-01-14,8.500837326049805,8.627901428140165,8.346367279477727,8.371282307486494,25515543
2015-01-15,8.426091194152832,8.759945219137153,8.423599301354557,8.520766507868643,27801637
2015-01-16,8.555645942687988,8.600492194180605,8.371279105677049,8.44851409942259,29126984
2015-01-19,8.246713638305664,8.602992088902436,8.209342053038615,8.498351063826451,17386819
2015-01-20,8.274121284484863,8.413643005432405,8.211835622080699,8.383745144795808,18983816
2015-01-21,8.518281936645508,8.578076665856988,8.264153604586431,8.39620058328245,29473281
2015-01-22,8.560633659362793,8.720086528331032,8.513295493398502,8.617936469196824,28294761
2015-01-23,8.478416442871094,8.720088174428032,8.398690481943692,8.617938096010883,23406093
2015-01-26,8.578078269958496,8.595518606159377,8.373779003573956,8.438557534779214,20255902
2015-01-27,8.545685768127441,8.612955188203953,8.361317836497014,8.545685768127441,26231374
2015-01-28,8.371281623840332,8.62540883005438,8.368789730357673,8.446024747336264,23732443
2015-01-29,8.313982009887695,8.480909640436796,8.174460335308325,8.446028977488549,24349156
2015-01-30,8.196881294250488,8.241727569741109,8.089749393656989,8.152035018759866,38279998
2015-02-02,8.30531120300293,8.320267436084615,8.138307917808968,8.280385777299072,24041519
2015-02-03,8.537120819091797,8.641809547131183,8.494747112732284,8.596943787393645,37346806
2015-02-04,8.85118579864502,8.903529660929928,8.474804685642233,8.529641578349752,51065223
2015-02-05,8.776410102844238,8.918487458388991,8.724066225605338,8.811306672776352,39529875
2015-02-06,8.756464958190918,8.801330695058859,8.624357844377377,8.72406143717915,35371227
2015-02-09,8.81130313873291,8.838721581922771,8.676702975259657,8.676702975259657,25662164
2015-02-10,8.699141502380371,8.886085633127148,8.699141502380371,8.823770596991737,25279469
2015-02-11,8.552077293395996,8.81262445467113,8.457565402155842,8.769200261757401,25409022
2015-02-12,8.776870727539062,8.82029495488974,8.608280488036367,8.644042205794086,23944457
2015-02-13,9.068063735961914,9.073172406049789,8.799854047814419,8.833060904333834,25714602
2015-02-18,9.121716499328613,9.28519815093048,9.070629735575157,9.24943641440536,23875979
2015-02-19,9.119158744812012,9.213670720003357,9.029755443801502,9.085951861687953,16111032
2015-02-20,9.167688369750977,9.200896242888614,9.009317523024787,9.195787570535957,12624825
2015-02-23,9.257091522216797,9.320950419857992,9.02719628463877,9.02719628463877,19466246
2015-02-24,9.354158401489258,9.354158401489258,9.144698827795862,9.318397695080957,21014506
2015-02-25,9.377152442932129,9.37715244293213,9.183019794696063,9.234107544631321,17344046
2015-02-26,9.423128128051758,9.423128128051758,9.241767733019056,9.387367417290326,15596522
2015-02-27,9.323503494262695,9.596822890874963,9.264753279462413,9.42567891345065,38676677
2015-03-02,9.281343460083008,9.38611682681706,9.20212496418517,9.301786554904762,24007794
2015-03-03,9.352896690368652,9.352896690368652,9.197014577707975,9.27367718882636,16892256
2015-03-04,9.271117210388184,9.312003379294348,9.181677212443178,9.232784923575883,33867180
2015-03-05,9.18934440612793,9.327338256210037,9.102459278041936,9.255785444030272,43472807
2015-03-06,8.944021224975586,9.240450940528975,8.857136117458872,9.128011979218195,37001949
2015-03-09,8.711478233337402,8.87247004736314,8.550485417003037,8.739587978790063,41212212
2015-03-10,8.369050979614258,8.701257211536293,8.369050979614258,8.573485892276679,62420430
2015-03-11,8.65270709991455,8.665484536563204,8.432939800179648,8.440606462630665,52994327
2015-03-12,8.688483238220215,8.78814483528723,8.634818607431686,8.73959198083873,32578643
2015-03-13,8.645036697387695,8.662924900495069,8.466156670931335,8.489155646025289,39470856
2015-03-16,8.645036697387695,8.757476688018516,8.540264368199775,8.701256191548763,22660650
2015-03-17,8.892913818359375,8.892913818359373,8.627149660764935,8.685924040883435,36760528
2015-03-18,9.161238670349121,9.199570980361331,8.777923588699986,8.85203131815749,35552807
2015-03-19,9.105009078979492,9.156117766812239,8.964460438016443,9.135674692602345,21622993
2015-03-20,9.181681632995605,9.317119638475654,9.161237536391127,9.199569841658649,34604192
2015-03-23,9.122905731201172,9.225123201669321,8.984911845376486,9.17145857863452,20674995
2015-03-24,9.066680908203125,9.222562910335215,8.967019383952705,9.122900383776441,23885644
2015-03-25,9.059017181396484,9.26856384287752,8.956799737785156,9.122903334230735,34219440
2015-03-26,8.80347728729248,9.013023011032164,8.770255755919871,8.96446915908611,26597824
2015-03-27,8.65014934539795,8.808585297602248,8.586263185649798,8.808585297602248,30030975
2015-03-30,8.9414701461792,8.9414701461792,8.67059413877261,8.688482347200987,23875568
2015-03-31,9.023238182067871,9.094790973415995,8.811137699034878,8.854579749275961,27448966
2015-04-01,9.33130168914795,9.39521498913789,9.121666987696763,9.15234464972303,31621391
2015-04-02,9.420783996582031,9.548609652023714,9.318523071134667,9.318523071134667,25937927
2015-04-06,9.535825729370117,9.57928626234376,9.423337933478916,9.553721537869508,20217447
2015-04-07,9.540935516357422,9.586953007914802,9.436118676603552,9.484692138394957,23252892
2015-04-08,9.586954116821289,9.704553829551319,9.556275451322987,9.625301696643206,27753518
2015-04-09,9.39521598815918,9.443789459566359,9.254606512682965,9.382433126255034,41967526
2015-04-10,9.464242935180664,9.510260444107606,9.280173902207775,9.331304356267168,19706227
2015-04-13,9.390101432800293,9.528152908380369,9.333858053353868,9.433561952535841,20093035
2015-04-14,9.390101432800293,9.4667965855965,9.257161897823137,9.438674895873287,19925644
2015-04-15,9.52559757232666,9.543493376566547,9.359423393224386,9.477023103284882,21237625
2015-04-16,9.454014778137207,9.500032276030584,9.400327363016721,9.479580500404477,21487065
2015-04-17,9.333860397338867,9.407998595717197,9.326190479039312,9.361981091389422,22986588
2015-04-20,9.177910804748535,9.400327374525993,9.14211919462439,9.37731962828577,35941466
2015-04-22,9.433560371398926,9.497473656506424,9.177908233703283,9.203473948840026,28036066
2015-04-23,9.689218521118164,9.702000383883146,9.272505929887307,9.338974223376152,28430483
2015-04-24,10.00366497039795,10.082917090740175,9.67898657318693,9.691770434746763,49218786
2015-04-27,9.817039489746094,10.098256380325523,9.773578971038681,9.965317851227793,23542021
2015-04-28,9.916738510131836,9.94741615124343,9.71732983197085,9.87327701445622,26261397
2015-04-29,9.781248092651367,9.909074683987392,9.722448743043175,9.824709615018186,19955051
2015-04-30,9.850279808044434,9.891184380122807,9.689219496917515,9.740349961331713,23106271
2015-05-04,9.961527824401855,10.079174348420938,9.900147596245274,9.910378470209041,21871405
2015-05-05,9.864339828491211,10.03569362004376,9.744136377560695,9.897587399426802,30226333
2015-05-06,9.616267204284668,9.951302135351556,9.513966446659271,9.877134035916864,36908383
2015-05-07,9.654626846313477,9.654626846313475,9.48838793144725,9.542095255817351,25370773
2015-05-08,9.78250789642334,9.795295744143543,9.539543805368506,9.792737773349181,29531682
2015-05-11,9.736470222473145,9.846443882112876,9.662302127018549,9.813196288137638,15267499
2015-05-12,9.692991256713867,9.779947183535448,9.621380139404769,9.641840888546833,25742363
2015-05-13,9.626489639282227,9.744135106428475,9.593242072683813,9.649507339715704,22934356
2015-05-14,9.721122741699219,9.756928296054097,9.577901527405002,9.63416682531964,25448710
2015-05-15,9.902706146240234,9.90782108195947,9.69298976925052,9.69298976925052,16564673
2015-05-18,9.639278411865234,9.91804783819255,9.572783265275675,9.91804783819255,48516115
2015-05-19,9.503729820251465,9.72879092589792,9.355393726757242,9.616260373074692,23700363
2015-05-20,9.334933280944824,9.444906859997673,9.268438141720926,9.406543353714804,40678372
2015-05-21,9.222407341003418,9.253097960727153,9.104761804458882,9.237752149302617,37908407
2015-05-22,9.028035163879395,9.15591056422636,9.017805292351682,9.15591056422636,49639935
2015-05-25,9.06127643585205,9.122656625386368,8.961533753249356,9.053603535988545,15987648
2015-05-26,8.928297996520996,9.028040810994074,8.887377481688747,9.007581055140898,25817627
2015-05-27,9.10987377166748,9.13544944977266,8.85667997530187,8.997344198630108,30259029
2015-05-28,9.002459526062012,9.066397728111536,8.895044871369235,9.033150143920862,30574275
2015-05-29,8.779953002929688,8.976881467604551,8.772280100572262,8.976881467604551,42566965
2015-06-01,8.719829559326172,8.857995224336685,8.70959521429783,8.811940671709138,25629467
2015-06-02,8.914285659790039,8.942430608918142,8.735180616968025,8.794029603128552,29108888
2015-06-03,8.689130783081055,8.896380911459756,8.676338345830102,8.896380911459756,47446173
2015-06-05,8.481876373291016,8.691684456964683,8.476759200866185,8.663539506846163,24763314
2015-06-08,8.446051597595215,8.563748520813139,8.443493514244551,8.561190437462475,42822369
2015-06-09,8.392321586608887,8.540722548746762,8.384645328717758,8.469080151265809,25544333
2015-06-10,8.637953758239746,8.70703608866476,8.51002143524601,8.517697695766092,50328211
2015-06-11,8.584217071533203,8.760762934821617,8.520250946327055,8.735176083313812,31798447
2015-06-12,8.494665145874023,8.591893375733203,8.448609615753183,8.507457568136081,55623839
2015-06-15,8.538164138793945,8.538164138793945,8.289976320422708,8.443494967258163,29468757
2015-06-16,8.840083122253418,8.842641206005082,8.589336722152954,8.632833178004141,45188663
2015-06-17,8.684005737304688,8.850317306487247,8.648184536911241,8.783793080239677,32555200
2015-06-18,8.898932456970215,8.950104169722248,8.637951704116377,8.740296133184138,18201152
2015-06-19,8.79914379119873,8.857991753837453,8.691681203376339,8.704474631431362,31543454
2015-06-22,8.824739456176758,8.911732445234934,8.758214166023125,8.840090983028574,24406324
2015-06-23,8.911725044250488,9.003836135994321,8.837524554075035,8.896373530147754,22797194
2015-06-24,8.942429542541504,9.029422463892422,8.881021475799514,8.929636111673275,24592016
2015-06-25,8.788908958435059,8.94498515914501,8.696797887294242,8.932192735369275,24002036
2015-06-26,8.865669250488281,8.950104081038035,8.758206647646443,8.758206647646443,20214157
2015-06-29,8.753092765808105,8.842644801235746,8.6737750766755,8.717271550211425,14919145
2015-06-30,8.755651473999023,8.847762593783045,8.717271171713003,8.811941379741699,21171614
2015-07-01,8.805567741394043,8.823485200570069,8.710856008013383,8.818366787094815,21807246
2015-07-02,8.923309326171875,8.977063669387963,8.833718084809446,8.892591841474523,20776581
2015-07-03,8.833721160888672,8.920752223830862,8.805563875112593,8.869557067510375,8856481
2015-07-06,8.682695388793945,8.85419932277156,8.628941023818173,8.726211926730906,19288985
2015-07-07,8.715972900390625,8.733891358379712,8.518871870518515,8.628941824449235,21225903
2015-07-08,8.616145133972168,8.728774324637813,8.57518879081988,8.646862642337434,17462906
2015-07-10,8.877230644226074,8.907947114688708,8.71852586815987,8.805557875810175,26209988
2015-07-13,8.959148406982422,9.041060046125304,8.892594007924476,8.930990120147817,15387386
2015-07-14,8.965288162231445,9.004707337732798,8.852658073929337,8.937129887153482,14408411
2015-07-15,8.810422897338867,8.976550298977557,8.782265625535423,8.931499668095318,19775789
2015-07-16,8.835770606994629,8.93995309327995,8.756930186455913,8.911795800230408,16734942
2015-07-17,8.782273292541504,8.897717705718035,8.731590159048457,8.841403112947983,12613739
2015-07-20,8.728775024414062,8.818878384170064,8.680908116545824,8.790721084246314,16666707
2015-07-21,8.655556678771973,8.776633439433798,8.602057364804228,8.731581808304409,17118740
2015-07-22,8.520400047302246,8.633029102150449,8.430296803423685,8.590793708583865,24808349
2015-07-23,8.165627479553223,8.573909807334884,8.137470683501856,8.573909807334884,45777222
2015-07-24,8.129018783569336,8.151545112352002,7.929102070889551,8.137466470613989,48809470
2015-07-27,8.112128257751465,8.227573676713607,8.05581366411241,8.095233879659748,29706121
2015-07-28,8.261356353759766,8.39088032582117,8.024834732518613,8.250092941318078,40084373
2015-07-29,8.34301471710205,8.390882601455575,8.19378111329977,8.233200808528712,26270633
2015-07-30,8.238836288452148,8.390886187614107,8.171258778603306,8.385254226457974,14642654
2015-07-31,8.469727516174316,8.469727516174316,8.286704572208095,8.30923041121906,25064276
2015-08-03,8.428873062133789,8.479581450551386,8.319004384976777,8.423238294501838,24487551
2015-08-04,8.226044654846191,8.434513119299014,8.144347750740685,8.434513119299014,51715343
2015-08-05,8.211956977844238,8.386619281931498,8.17251710272776,8.310556665635433,22973857
2015-08-06,8.1809720993042,8.26830328972165,8.085189001109816,8.166885921177755,32462251
2015-08-07,7.9415106773376465,8.180967535873016,7.902070806891036,8.113355827140733,28416200
2015-08-10,8.045744895935059,8.104905205881444,7.924608146847369,8.00348839269175,27854618
2015-08-11,8.028841972351074,8.068281843550787,7.899253321871059,8.028841972351074,22108489
2015-08-12,7.797837257385254,7.938694455990366,7.735860813242516,7.9358773220633125,48904998
2015-08-13,7.616968154907227,7.873719530438648,7.559912293678022,7.85375048761835,51867516
2015-08-14,7.608409881591797,7.682582502221854,7.508562123051334,7.665465743614918,42607382
2015-08-17,7.52853536605835,7.779581790660012,7.52853536605835,7.594149639556123,25276085
2015-08-18,7.654055118560791,7.89654254949962,7.388745341180662,7.539943386354285,57027011
2015-08-19,7.497154235839844,7.611266526240536,7.388748551749054,7.562769018979572,32216979
2015-08-20,7.514266490936279,7.61696702592666,7.365920765118105,7.40871265469743,32701728
2015-08-21,7.531388282775879,7.6283832973466,7.380189663217212,7.431539965048771,40586881
2015-08-24,7.377331733703613,7.588438383182157,7.052112873194402,7.129138780938299,54082814
2015-08-25,7.363071441650391,7.668320906413521,7.317426737926571,7.642645760568872,48867423
2015-08-26,7.808102607727051,7.808102607727051,7.385889379672793,7.460061973790433,51607475
2015-08-27,8.084822654724121,8.20178711135001,7.873715565862849,7.8794211491128925,45958558
2015-08-28,7.853750228881836,8.15899958501177,7.7653136468900525,7.98783149835325,31927588
2015-08-31,7.574175834655762,7.679729172016356,7.480033160291825,7.656906828803254,45626731
2015-09-01,7.398627758026123,7.532785298660984,7.352957279136739,7.398627758026122,31331608
2015-09-02,7.572749614715576,7.572749614715576,7.375795592425032,7.495681158368957,23641438
2015-09-03,7.861046314239502,7.861046314239501,7.495682276365154,7.6155673512926745,48608130
2015-09-04,7.541356086730957,7.758291602845617,7.541356086730957,7.672659363154767,44093969
2015-09-08,7.624128341674805,7.721178135858322,7.595584284562006,7.721178135858322,19535939
2015-09-09,7.7097649574279785,7.920991610725041,7.684075291217249,7.7354546236387085,31927962
2015-09-10,7.555622577667236,7.689780163552516,7.421465500679423,7.421465500679423,50126497
2015-09-11,7.569893836975098,7.569893836975098,7.464280836765892,7.5356409720423825,35387566
2015-09-14,7.875320911407471,7.881029217091601,7.507101353082917,7.618423746326647,36130112
2015-09-15,8.069415092468262,8.123648793931933,7.815372508293699,7.815372508293699,40947124
2015-09-16,8.20357608795166,8.306335238505275,8.106526259720992,8.135070326847659,46124192
2015-09-17,8.27493953704834,8.423369253861786,8.126510838030525,8.143637285097713,37024831
2015-09-18,7.949532985687256,8.277789720280872,7.881026723483207,8.163613973667605,53019471
2015-09-21,7.772554397583008,8.003761169735055,7.712611901099144,7.935255459467783,28947872
2015-09-22,7.846774578094482,7.909572033375273,7.547061879447444,7.684073398828947,35517119
2015-09-23,7.535645961761475,7.903865012501356,7.535645961761475,7.832504321076087,29995325
2015-09-24,7.621274948120117,7.666945445565944,7.193113525667975,7.31014417537291,55260194
2015-09-25,7.435737133026123,7.789683953796725,7.395775452653346,7.721178216014823,24482878
2015-09-28,7.430028915405273,7.492826355622011,7.290163022921475,7.372941304921612,29816792
2015-09-29,7.398627758026123,7.524221574971929,7.38435573337319,7.4414443408822155,23217447
2015-09-30,7.567042350769043,7.6212760745014,7.355816268864074,7.584168789842419,43870570
2015-10-01,7.677001476287842,7.7284098967122965,7.505639565687155,7.568472588725103,23413926
2015-10-02,7.988303184509277,7.988303184509277,7.582747630095026,7.614163356807533,37244117
2015-10-05,8.156810760498047,8.282475739689298,8.065418048358955,8.096834802342407,30185074
2015-10-06,8.231067657470703,8.26819645739891,8.076842449770892,8.082554494500515,29904469
2015-10-07,8.465259552001953,8.650900952018075,8.242489362797095,8.368154310500316,47310171
2015-10-08,8.496672630310059,8.530944876033947,8.33387895393626,8.413848036477326,33494187
2015-10-09,8.439555168151855,8.628053083275816,8.27676144474678,8.62234002230068,47039287
2015-10-13,7.988303184509277,8.251057666659882,7.899766519705817,8.1967927500142,49843836
2015-10-14,7.914047718048096,8.073984941034048,7.856927281267398,7.93403987092134,60220592
2015-10-15,7.7826738357543945,7.985451990130116,7.671288932058523,7.948323688898159,44898019
2015-10-16,7.665575981140137,7.871209625235981,7.625591661454833,7.739832574841413,37614268
2015-10-19,7.8483567237854,7.868348871607904,7.654147287795371,7.696987604557878,27550084
2015-10-20,7.688417911529541,7.951172307830271,7.628441480774938,7.896907918099917,34232059
2015-10-21,7.631302356719971,7.756967856778515,7.56847037046923,7.722695586540463,27988283
2015-10-22,7.791241645812988,7.814089319746667,7.639871923460996,7.659864083690499,34393206
2015-10-23,7.739828586578369,8.025431232062125,7.734116543852404,7.954030697987557,32669386
2015-10-26,7.6255903244018555,7.845504553297525,7.597029591877239,7.7826715527661525,22573982
2015-10-27,7.5827484130859375,7.6741411087718365,7.514203891321513,7.625588739188703,22777378
2015-10-28,7.634156703948975,7.834078223131049,7.525627370064594,7.591316378409959,2946627
2015-10-29,7.425665855407715,7.748396784170845,7.425665855407715,7.534195178256482,30671318
2015-10-30,7.559901237487793,7.57418185822194,7.431380742736961,7.502781300479451,22522572
2015-11-03,8.047135353088379,8.047135353088379,7.621345959539776,7.6299188900916,46729333
2015-11-04,8.067133903503418,8.230018964195153,7.992834712900692,8.170009000450413,34194857
2015-11-05,8.164294242858887,8.172867678165728,7.981405158433614,8.067134926232367,18359681
2015-11-06,8.041419982910156,8.144295148468371,7.944259594852715,8.144295148468371,24708707
2015-11-09,7.835660934448242,8.024265716549092,7.812800319967638,7.998546952099996,20503005
2015-11-10,7.884249210357666,7.884249210357666,7.687071309751386,7.818522903839135,19571458
2015-11-11,8.098565101623535,8.141429712914244,7.938537219471555,7.955683063987839,26833337
2015-11-12,8.121428489685059,8.14428962207422,7.981404053801443,8.095709715747251,21848822
2015-11-13,7.895675182342529,8.072848966773297,7.89567518234253,8.04998783329836,24285090
2015-11-16,8.118576049804688,8.118576049804688,7.915682873112859,7.932828732314312,31608099
2015-11-17,8.175726890563965,8.335755389622197,8.130004607825766,8.172869757367362,26678547
2015-11-18,8.155719757080078,8.310032382908835,8.12428519419624,8.170007963175333,30508302
2015-11-19,8.37861156463623,8.39861504312434,8.115708195032774,8.287166582073711,35998690
2015-11-23,8.375758171081543,8.495779612331077,8.330035911357637,8.464345049296613,25417789
2015-11-24,8.387187957763672,8.390045598731255,8.178579657655876,8.301458219261947,18257048
2015-11-25,7.97568941116333,8.238592964224553,7.944254842129657,8.215731320525233,42484559
2015-11-26,8.092848777770996,8.175720348925962,7.972827881615527,8.001404285462067,19602678
2015-11-27,7.878530025482178,8.064276751310231,7.8585260224570606,8.03570033195207,27937060
2015-11-30,7.941391468048096,8.01569061012248,7.747071967400961,7.829944028621542,51838726
2015-12-01,8.0028715133667,8.031463368668149,7.83989742839884,7.962842915944672,24656362
2015-12-02,7.748400688171387,8.02002372501534,7.708372105231139,7.968558404092166,39471567
2015-12-03,8.240180015563965,8.411731575995034,8.034318754745916,8.091502438306485,60684590
2015-12-04,8.057197570800781,8.203016060570715,7.919956639252607,8.168705827683672,32865117
2015-12-07,7.9971489906311035,8.205869425975626,7.962838782081319,8.151544929105134,29501603
2015-12-08,7.905657768249512,7.99429250357196,7.808444968146348,7.99429250357196,36752265
2015-12-09,8.334534645080566,8.357408121364186,8.011446282825018,8.020023836431376,54195355
2015-12-10,8.293931007385254,8.377446684581773,8.239214175952526,8.316969673251664,27124223
2015-12-11,8.293931007385254,8.365926838217788,8.17009817835329,8.210415843619511,25445831
2015-12-14,8.098104476928711,8.230576840494372,8.037627963126997,8.213297836551025,22611932
2015-12-15,8.14993667602539,8.296808122812724,8.124018185415862,8.124018185415862,37852623
2015-12-16,8.095219612121582,8.14129692733552,7.890751525859738,8.077940618916356,33312103
2015-12-17,8.233453750610352,8.371685724447989,8.19601541093196,8.265131397850778,22705404
2015-12-18,7.755400657653809,8.05490378789229,7.755400657653809,8.026105459353081,63477174
2015-12-21,7.6114091873168945,7.83315632209023,7.573970845937429,7.804357992898887,36453340
2015-12-22,7.660366058349609,7.764040559912097,7.573971068239818,7.703564066835242,31740830
2015-12-23,7.631565093994141,7.801475684558717,7.576848289493346,7.801475684558717,22195979
2015-12-28,7.602767467498779,7.694921580558592,7.602767467498779,7.645964948666148,31954882
2015-12-29,7.608532428741455,7.6776484513920735,7.568214748861929,7.660369445729419,13609782
2015-12-30,7.582610607147217,7.640206750192793,7.507734953728051,7.640206750192793,23936624
2016-01-04,7.241152763366699,7.517774203452131,7.241152763366698,7.4687891567703355,43135315
2016-01-05,7.301668167114258,7.428453593971239,7.226750323077119,7.318957018905183,23898487
2016-01-06,7.272850036621094,7.442857501995382,7.146064677598763,7.203694666457963,37978811
2016-01-07,7.134538173675537,7.287256258755599,7.134538173675537,7.174878286199923,32592365
2016-01-08,7.137420177459717,7.275731429980895,7.137420177459717,7.189287218232192,20493097
2016-01-11,7.053857803344727,7.212338866393392,7.039450433976666,7.177761179910047,21775914
2016-01-12,7.085558891296387,7.21522530482816,7.033692325883678,7.146069884277882,20601339
2016-01-13,6.976056098937988,7.2036935168435505,6.932834513206885,7.163352376963045,22142513
2016-01-14,7.076910495758057,7.082673444239339,6.817577300377014,7.001992165501388,26560210
2016-01-15,6.892493724822998,6.97317446151552,6.8319822732880695,6.944360242947368,34372455
2016-01-18,6.8118133544921875,6.935717242420767,6.8118133544921875,6.915546925689671,12392397
2016-01-19,6.742660999298096,6.964535096322955,6.696557397573137,6.924193931090118,18904626
2016-01-20,6.6475677490234375,6.690790362978933,6.572649955677285,6.627397949304878,41764447
2016-01-21,6.6619791984558105,6.76283081969291,6.612993611560045,6.6274014997459485,33511012
2016-01-22,6.725371360778809,6.814697078656471,6.687912188765596,6.728252835549056,17895123
2016-01-26,6.797407627105713,6.797407627105712,6.604348834623444,6.641808003314034,20848480
2016-01-27,6.823339462280273,6.921309054068982,6.693672632438261,6.762828001034936,26364292
2016-01-28,6.869446277618408,6.935720722425695,6.800290871270137,6.898261543987048,18712633
2016-01-29,7.189291477203369,7.18929147720337,6.915550797443916,6.944365551763484,34634926
2016-02-01,7.343542098999023,7.343542098999023,7.049454327223449,7.124417745863835,21820220
2016-02-02,6.815913677215576,7.063870105172878,6.703468553458982,7.052337271967073,84694310
2016-02-03,6.980259418487549,7.017741655839833,6.847632296158699,6.85916462007047,43207476
2016-02-04,7.081165790557861,7.282990784099945,6.864925276797319,7.092698617958424,42762547
2016-02-05,7.150364875793457,7.2512771454794365,7.0119709059384006,7.063868644634047,26927931
2016-02-10,7.184964656829834,7.193614795529512,7.020621788153222,7.05810349504438,13666988
2016-02-11,6.971608638763428,7.0840537818625275,6.893761487200691,7.043688858698748,19976755
2016-02-12,7.026389122009277,7.040805165003514,6.896644735061151,7.02350591341043,19052873
2016-02-15,7.003323078155518,7.161899542599553,7.003323078155518,7.147483500377368,12260413
2016-02-16,7.173433780670166,7.2916453415627505,6.965842232874985,7.020623200117891,35682192
2016-02-17,7.251279354095459,7.45598767755579,7.107118924920966,7.2656959110454595,47510576
2016-02-18,7.104231834411621,7.179194697164266,7.020618323196254,7.173428797597663,34862625
2016-02-19,7.188467025756836,7.235857467423596,7.037412204181148,7.069992769788117,23205856
2016-02-22,7.478734016418457,7.523161548492031,7.3306399545936785,7.389877896157679,48021496
2016-02-23,7.372109889984131,7.5527840800441695,7.321757538467731,7.413575569481848,22705965
2016-02-24,7.309908866882324,7.360260682188079,7.152929149930954,7.268442666042291,19827199
2016-02-25,7.31583309173584,7.446155436410437,7.188471562417206,7.238823905462075,19905716
2016-02-26,7.31583309173584,7.458002922289945,7.262518877221093,7.366184378666795,17601619
2016-02-29,7.5231614112854,7.549818774934275,7.3454491740049415,7.434305292645171,39383703
2016-03-01,7.877315044403076,7.877315044403075,7.557243475231001,7.598734165705496,41830626
2016-03-02,8.061060905456543,8.08773349673867,7.773589115491376,7.88324310187345,45651221
2016-03-03,8.858274459838867,8.881983425532693,8.147004432286424,8.149968052998153,78392020
2016-03-04,9.29096508026123,9.614000298883148,8.858275355845093,8.858275355845093,94016883
2016-03-07,9.249472618103027,9.305780878189491,8.979782629238127,9.290963304333202,34232994
2016-03-08,9.456932067871094,9.596222845803423,9.133896705408556,9.210950886017999,36110670
2016-03-09,9.14278507232666,9.688092520393829,9.14278507232666,9.569547652713572,42538586
2016-03-10,9.50137996673584,9.631780324964025,9.101291729167473,9.362090332148725,49916558
2016-03-11,9.581400871276855,9.77699987705958,9.421365321090992,9.43025565662128,29720516
2016-03-14,9.536943435668945,9.839233782956992,9.495452748730644,9.637707589256669,29833991
2016-03-15,9.11314582824707,9.35319854935515,8.914582735496236,9.187235808976101,41867828
2016-03-16,8.843456268310547,8.994600923105192,8.487821258071982,8.979783348062767,50943260
2016-03-17,9.80959415435791,9.922211693885835,9.273178503501047,9.661413181294854,69766752
2016-03-18,9.836273193359375,9.868873558976158,9.57843864531384,9.791819398208604,32010218
2016-03-21,9.839237213134766,9.94592758817076,9.649565435292999,9.836273063237023,26401307
2016-03-22,9.587324142456055,9.809596176232143,9.533978981158283,9.809596176232143,26038634
2016-03-23,9.282076835632324,9.48360313273472,9.139822978854163,9.433222086828174,21814051
2016-03-24,9.18427562713623,9.19909320528217,9.009421441891902,9.009421441891902,18014020
2016-03-28,9.412469863891602,9.578433641740581,9.37394333200225,9.557687773232937,28095403
2016-03-29,9.46877670288086,9.62881214221044,9.205014061543176,9.424321885809638,24704407
2016-03-30,9.522119522094727,9.658445974131036,9.450992677554042,9.542865380120855,23434116
2016-03-31,9.249472618103027,9.249472618103027,9.249472618103027,9.249472618103027,136282
2016-04-01,9.313226699829102,9.313226699829102,9.313226699829102,9.313226699829102,563452
2016-04-04,8.987068176269531,9.271713699936639,8.948523100064701,9.21241276943225,74030
2016-04-05,9.004854202270508,9.144211851757783,8.732070050791053,8.939624266770963,167689
2016-04-06,8.746894836425781,8.972238783196255,8.693524026864477,8.880321860329042,83564
2016-04-07,8.841779708862305,8.969276692320715,8.76172399205788,8.865500077877822,50475
2016-04-08,9.399209022521973,9.482230315075912,9.073053944631495,9.102704406257903,31598565
2016-04-11,9.446649551391602,9.716469274824378,9.419964665143246,9.547462175929077,24115
2016-04-12,9.873620986938477,9.944782120219463,9.523744357727344,9.55636040577094,69730
2016-04-13,9.995187759399414,10.196810956399453,9.962571713614535,10.125649828046498,308459
2016-04-14,9.704608917236328,10.081169195164371,9.6482714626711,10.02779837218865,38703784
2016-04-15,9.766877174377441,9.84989847858054,9.69275048128736,9.793563122208612,32538525
2016-04-18,9.69571590423584,9.820247858584942,9.434790752163105,9.642345066657652,31506214
2016-04-19,9.749088287353516,9.867690167440532,9.64827563203334,9.784668851379621,35332
2016-04-20,9.568217277526855,9.680889032827197,9.473335799379198,9.680889032827197,19869449
2016-04-22,9.393280029296875,9.574148395004176,9.357699471181933,9.428860587411815,24075711
2016-04-25,9.310257911682129,9.46444031667767,9.242062376557072,9.369558836680415,13965913
2016-04-26,9.633445739746094,9.636411313774941,9.233164081309884,9.369556169987039,16548932
2016-04-27,9.962571144104004,9.983327000643548,9.666066459583053,9.69275135256686,26734256
2016-04-28,9.894371032714844,10.140470362303523,9.772804683752225,9.814315324878985,23876428
2016-04-29,9.74612045288086,10.033730474055929,9.62158850765212,9.95663926986671,36798814
2016-05-02,9.477667808532715,9.780241876548601,9.436138179669863,9.738711189956364,24306775
2016-05-03,8.931841850280762,9.222550084783629,8.922943179856036,9.219583156156343,41092380
2016-05-04,9.151354789733887,9.178052914589285,8.91997562447723,9.035665735969804,25735222
2016-05-05,9.014900207519531,9.305607323221963,8.881411717363425,9.246279340425549,19834303
2016-05-06,9.017865180969238,9.100924348623993,8.88437670408855,8.899209227176733,16213552
2016-05-09,9.074227333068848,9.139489173315107,8.718259428425789,8.949638566443776,30498768
2016-05-10,9.643778800964355,9.643778800964357,9.154322313750656,9.192886039333375,27755350
2016-05-11,9.58444881439209,9.863290332721416,9.536986428293481,9.768365560524199,27002148
2016-05-12,9.679378509521484,9.801001464620779,9.510293144184198,9.72980784926379,25497428
2016-05-13,9.314506530761719,9.67937417493693,9.216615882347359,9.617079260531822,25352733
2016-05-16,9.172120094299316,9.415364857212547,9.172120094299316,9.240347812761174,16270197
2016-05-17,8.976339340209961,9.353072679460341,8.973372411263842,9.228483876025589,20128928
2016-05-18,9.115764617919922,9.290782847659258,8.83988978777866,8.88438528456014,27510826
2016-05-19,9.038634300231934,9.09499643742934,8.925911083565925,9.020835897600458,20002367
2016-05-20,8.922943115234375,9.18102042161088,8.917010315751334,9.139490825229602,15740955
2016-05-23,8.952604293823242,9.038629330377105,8.736056652010431,8.77758623531566,23141173
2016-05-24,8.943710327148438,9.186954099487375,8.842851656952554,9.053466611851189,12885558
2016-05-25,8.902175903320312,9.11279076923898,8.88437750863965,9.032698522040167,16382177
2016-05-27,8.813182830810547,9.03566326543709,8.807250033323548,8.899208923236126,12697491
2016-05-30,8.810220718383789,8.896246323798133,8.750892714649758,8.795388717450281,4769527
2016-05-31,8.617399215698242,8.851745224381379,8.534340587158065,8.774618863934593,60103191
2016-06-01,8.746503829956055,8.79695865120363,8.541716614304137,8.627786603491176,20483563
2016-06-02,8.877099990844727,8.903811386907542,8.618889299766574,8.767285944559985,21470446
2016-06-03,8.868192672729492,8.98691047767106,8.785090579666603,8.954262697687486,14172113
2016-06-06,8.782129287719727,8.930525994673923,8.696058668548453,8.903815116560008,12747966
2016-06-07,8.924582481384277,8.954261797351101,8.675276227262943,8.755410380373371,16699236
2016-06-08,9.061104774475098,9.156078558732615,8.960195128701487,8.975035311628961,20900824
2016-06-09,9.040335655212402,9.087822578158748,8.915682482478246,9.02549546265409,15030751
2016-06-10,8.577336311340332,8.978007162225802,8.577336311340332,8.933488707931582,26684342
2016-06-13,8.61591625213623,8.660434690008804,8.461583304031354,8.547653306917116,15548589
2016-06-14,8.491262435913086,8.764312623606871,8.420032090202696,8.624819334120065,30247514
2016-06-15,8.449715614318848,8.651535015162752,8.336933655297965,8.512041664853706,39239007
2016-06-16,8.604045867919922,8.669340896192121,8.313188553592266,8.372547189169339,26521887
2016-06-17,8.583270072937012,8.785089415049345,8.550622297281471,8.693083538498135,29313536
2016-06-20,8.725733757019043,8.838515192495406,8.66340717425579,8.719797891993972,28725407
2016-06-21,8.722764015197754,8.722764015197754,8.497200661894686,8.56249569276428,26254929
2016-06-22,8.571394920349121,8.826638001484463,8.538748214004094,8.710888182910326,23824831
2016-06-23,8.903810501098633,8.933489827104623,8.601080846699967,8.663407431312546,20487115
2016-06-24,8.592175483703613,8.749475882880716,8.515008721007565,8.607014614865871,33130019
2016-06-27,8.304288864135742,8.642633804908835,8.265706258613282,8.624826204296445,26590869
2016-06-28,8.595147132873535,8.615922666277866,8.431910798982354,8.467525999104067,23885027
2016-06-29,8.788063049316406,8.829613585663417,8.654505523977935,8.722767988702783,25256643
2016-06-30,8.992840766906738,9.058135228123753,8.737598253012207,8.773213413676032,39268918
2016-07-01,9.178437232971191,9.202193516763943,8.908222078072408,9.029967076763214,37093439
2016-07-04,9.172499656677246,9.270489432203222,9.119050399445033,9.228917787689278,6881819
2016-07-05,9.107171058654785,9.15765143839745,9.026997708098033,9.08638576732504,13175322
2016-07-06,9.142800331115723,9.169525476752426,8.92306459760984,9.026994190154017,14127620
2016-07-07,9.23485279083252,9.3684764082822,9.086382692999019,9.190312290881998,17326436
2016-07-08,9.48428726196289,9.508043548204848,9.30018424928449,9.33878702327814,22359369
2016-07-11,9.576333045959473,9.644628750870844,9.460525858380814,9.525853749998749,17390558
2016-07-12,9.496158599853516,9.724803042279397,9.45161810723482,9.66541501292188,28032402
2016-07-13,9.69214153289795,9.698080336677673,9.451619450419587,9.48131346931821,21054493
2016-07-14,9.968293190002441,9.986109595536348,9.80497560987563,9.873271301689591,37093626
2016-07-15,9.935632705688477,10.000959548697628,9.831703107865302,9.947510313508323,22014643
2016-07-18,10.104888916015625,10.146460542436783,9.905938460171994,9.9742352329777,18419316
2016-07-19,10.045503616333008,10.15537098670694,10.012839657270929,10.036595937642918,16590247
2016-07-20,10.202882766723633,10.244453346809458,10.00987105678565,10.09004546117816,24738244
2016-07-21,10.066283226013184,10.262263693407746,9.879211491081373,10.202876731783874,29257453
2016-07-22,10.128643035888672,10.20881634877499,9.995019436012916,10.039560988904475,14197724
2016-07-25,10.051436424255371,10.205845272345355,9.980169743261303,10.1256719767749,9988097
2016-07-26,9.923758506774902,10.143495385722828,9.923758506774902,10.066289849573932,13956565
2016-07-27,9.96235466003418,10.122703390055852,9.932661705643595,9.977202196028303,19285620
2016-07-28,9.852489471435547,9.95641906947482,9.757468608679208,9.95641906947482,25702320
2016-07-29,10.033622741699219,10.084102041721016,9.772315389400804,9.772315389400804,22194110
2016-08-01,9.931130409240723,10.130170242320581,9.895481768492733,10.026194510504416,17309237
2016-08-02,10.049960136413574,10.19552488788393,9.907365575331248,9.937072775556732,38310078
2016-08-03,10.468831062316895,10.468831062316895,9.981631971794133,9.987573411199667,41499546
2016-08-04,10.528246879577637,10.712431526047236,10.51339274942136,10.546071200203727,31799905
2016-08-05,10.465862274169922,10.644105498252285,10.338121826545484,10.635193866682755,22224208
2016-08-08,10.397540092468262,10.522310395620593,10.361891434424738,10.370803069300834,17160616
2016-08-09,10.418335914611816,10.552018928606856,10.415365722371995,10.471808908355891,15040659
2016-08-10,10.332175254821777,10.531212893237788,10.222258124920849,10.456945449719,19489950
2016-08-11,10.596580505371094,10.60549214154444,10.335155915727249,10.427248825380266,22349648
2016-08-12,10.676787376403809,10.74214324619398,10.560929773228718,10.60549006390544,20185386
2016-08-15,10.910813331604004,10.93785053706892,10.70953980911009,10.751597922313787,17211839
2016-08-16,10.865737915039062,10.970879841004797,10.820676324510352,10.844708887149464,26356066
2016-08-17,11.009941101074219,11.009941101074219,10.757599014357844,10.844716580143455,27314907
2016-08-18,10.988910675048828,11.048992116704321,10.853726895743282,10.940845521724434,19306370
2016-08-19,10.916814804077148,10.979900864138973,10.79364836329017,10.904798513699806,16847296
2016-08-22,10.706528663635254,10.895785753942304,10.679492548540791,10.86574503096987,12684779
2016-08-23,10.688496589660645,10.880757079255448,10.643436072992207,10.775615159588634,14814082
2016-08-24,10.637432098388672,10.745578677026808,10.511261089977513,10.589366952327278,22487800
2016-08-25,10.604381561279297,10.73656063461113,10.550308304007183,10.628414120066903,16346283
2016-08-26,10.733560562133789,10.871747819730714,10.613396658279884,10.673478074626374,18366785
2016-08-29,10.922819137573242,10.994916854677642,10.673480663673265,10.694509700075974,12148620
2016-08-30,10.994916915893555,11.018950559556684,10.862737767132892,10.934835484638707,8184639
2016-08-31,10.769612312316895,11.082035761457716,10.664469269813896,11.024957864976383,31667735
2016-09-01,10.876301765441895,10.975477091890301,10.6929761509266,10.744067282437607,24332574
2016-09-02,11.03558349609375,11.116727917880603,10.927391648117677,10.927391648117677,22673624
2016-09-05,11.038592338562012,11.119736782236789,10.972475080297702,11.038592338562012,5983174
2016-09-06,11.143775939941406,11.143775939941406,10.918376780410346,11.089680013060795,13571272
2016-09-08,11.011541366577148,11.101702315621637,10.984493939151518,11.041595730665074,22690262
2016-09-09,10.593801498413086,10.885319010692605,10.545716223943046,10.85526571414883,25391243
2016-09-12,10.732050895690918,10.76811486576861,10.46157112010823,10.572768896986219,21451190
2016-09-13,10.51866340637207,10.683956988522791,10.41047159421826,10.620844562295114,32136219
2016-09-14,10.527688026428223,10.647902327381141,10.4916240576254,10.52468323149974,19043339
2016-09-15,10.756088256835938,10.810184179980098,10.539703492649721,10.578773306280848,21254337
2016-09-16,10.512651443481445,10.726029177347483,10.44653423316098,10.701987627021875,27323881
2016-09-19,10.587784767150879,10.720020267717985,10.533688864395362,10.635870014044674,13582488
2016-09-20,10.611837387084961,10.75008151656296,10.584788877153995,10.656916808156469,9553824
2016-09-21,10.714016914367676,10.771118725489657,10.440532394707168,10.729044101571887,27795730
2016-09-22,10.8853120803833,10.990499087122409,10.771109626225785,10.816190078145148,16918522
2016-09-23,10.858264923095703,10.912361900659736,10.75007311118611,10.87930275566052,11186788
2016-09-26,10.774125099182129,10.798167742553591,10.689974775771951,10.73204940167201,14829599
2016-09-27,10.89733600616455,10.909357320013015,10.653903864928454,10.810182016567863,23673780
2016-09-28,10.975473403930664,11.032575174572811,10.819196340164822,10.909356184645116,20488985
2016-09-29,10.695975303649902,11.065632202702167,10.689964648501304,10.999513924458556,24189187
2016-09-30,10.674947738647461,10.819203586432701,10.617845929760817,10.744070868182874,29053309
2016-10-03,10.928998947143555,10.95906492624189,10.67343758877671,10.67343758877671,26738182
2016-10-04,11.025216102600098,11.076327758955157,10.898938921410274,10.962076975973888,49947217
2016-10-05,11.241686820983887,11.289792394778301,11.040244194688686,11.064298053648066,24211807
2016-10-06,11.3348970413208,11.383002636908625,11.205612717147195,11.223652315492629,18793954
2016-10-07,11.440132141113281,11.479218489431446,11.277775690076563,11.425099672419206,21320142
2016-10-10,11.455161094665527,11.599477882240022,11.425095097254173,11.54836515060939,14760429
2016-10-11,11.416070938110352,11.476202912791452,11.334893308322018,11.419078072875559,28362547
2016-10-13,11.545352935791016,11.620517353242128,11.277765165363483,11.37998950209922,34143073
2016-10-14,11.764833450317383,11.81895220907037,11.617509626569953,11.653588799071944,23805576
2016-10-17,12.023407936096191,12.023407936096191,11.707714454701499,11.788893176683374,28465741
2016-10-18,12.190572738647461,12.236875113807718,11.876383410372013,12.00536645419364,24643089
2016-10-19,11.99213695526123,12.200495495033278,11.95575759045274,12.121121068468304,15662931
2016-10-20,12.028510093688965,12.154185746135637,11.81023082109445,11.882990578625954,17454034
2016-10-21,12.008670806884766,12.094659838925958,11.916068223513147,11.978905001618228,11124587
2016-10-24,11.906152725219727,12.101282094238393,11.87638797324358,12.097974780456285,15957625
2016-10-25,11.843311309814453,11.94583585313326,11.684562454026572,11.86315411274114,14272570
2016-10-26,11.9160737991333,11.982217919883992,11.724251775118264,11.767246847287645,17106827
2016-10-27,12.170727729797363,12.289788814505812,11.922682552582188,11.935911800230285,19029301
2016-10-28,12.273255348205566,12.34601407812781,12.061589495102659,12.13765660954397,16462546
2016-10-31,12.699888229370117,12.845408871928155,12.560984354328179,12.620514892792478,35586680
2016-11-01,12.324370384216309,12.814036380335406,12.251582152125039,12.814036380335406,30131455
2016-11-03,12.059688568115234,12.522886927232742,12.059688568115234,12.24165973508339,27774928
2016-11-04,12.15894889831543,12.383930926344195,11.996829322275577,12.08946923322433,23391408
2016-11-07,12.595675468444824,12.67177232815277,12.327682692834136,12.413705369784196,19227293
2016-11-08,12.62545394897461,12.817349880514273,12.453408581055125,12.595676494821806,16246880
2016-11-09,12.221809387207031,12.552665699245964,12.076232867305507,12.109318927502077,33063942
2016-11-10,11.613030433654785,12.337604109045534,11.437676536558977,12.201953466755366,49992152
2016-11-11,11.464150428771973,11.79831427501252,11.328499726660018,11.464150428771974,45103030
2016-11-14,11.39466381072998,11.659347841136906,11.219309943472716,11.368194978696872,29660863
2016-11-16,11.957120895385742,11.957120895385742,11.454220468629321,11.665967960290903,32550693
2016-11-17,11.599793434143066,12.059681859269897,11.53693103383714,12.059681859269897,26527155
2016-11-18,11.708976745605469,11.871096209541165,11.553474490196217,11.553474490196217,15649845
2016-11-21,11.804929733276367,11.864483560419217,11.705672639717266,11.795003916672304,20891273
2016-11-22,11.844630241394043,12.019983076452899,11.685819357674912,11.976972286999557,21853190
2016-11-23,11.73544979095459,11.877717680363503,11.622959350600267,11.77515305636071,11968728
2016-11-24,11.613030433654785,11.778457444567962,11.573327178849144,11.77184130791491,6520301
2016-11-25,11.5336275100708,11.579946911623972,11.421136002753876,11.47076508207669,13619283
2016-11-28,11.778461456298828,11.821473330321403,11.444297643608294,11.536937530559946,12495063
2016-11-29,11.493919372558594,11.755295862043045,11.493919372558594,11.695742064591208,12408049
2016-11-30,11.718903541564941,11.910799387487831,11.632880895985297,11.646115314148506,21543201
2016-12-01,11.18765640258789,11.18765640258789,11.18765640258789,11.18765640258789,40584060
2016-12-02,11.233990669250488,11.455757785527926,10.936094510879746,11.068492565058927,22441557
2016-12-05,11.194276809692383,11.343226044315198,11.121457732266176,11.273715900787861,11847554
2016-12-06,11.343232154846191,11.435910250269577,11.058575705467913,11.124773731949563,20553073
2016-12-07,11.253860473632812,11.485556733215171,11.190971396923079,11.485556733215171,23717882
2016-12-08,11.18765640258789,11.386253567828485,11.151246332179188,11.386253567828485,15535639
2016-12-09,11.220763206481934,11.35316140882889,11.154564105308456,11.349851400123399,30086758
2016-12-12,10.757359504699707,11.151243737117332,10.694469397720148,11.071804674920632,38592585
2016-12-13,10.807012557983398,10.962580734927913,10.681234442854725,10.694473397392658,35170812
2016-12-14,10.783848762512207,11.002306123685317,10.760678700998932,10.760678700998932,25901569
2016-12-15,10.74081039428711,10.85334844946919,10.545523264207397,10.757360423853727,29999743
2016-12-16,10.548834800720215,10.863280043433575,10.548834800720215,10.826871046039658,23767337
2016-12-19,10.264176368713379,10.671300631284918,10.264176368713379,10.591861567599063,23142431
2016-12-20,10.525668144226074,10.638206251963576,10.327069842551946,10.393269991733966,24209037
2016-12-21,10.522356033325195,10.63489411856609,10.452846963515054,10.62496517110957,16264045
2016-12-22,10.608414649963379,10.638204712785141,10.456156474745992,10.525666621330107,25601777
2016-12-23,10.907869338989258,11.001930867308818,10.682791594523922,10.69958868492112,20938689
2016-12-26,10.995214462280273,11.052324582258256,10.921308337143735,10.921308337143735,4838136
2016-12-27,10.988489151000977,11.085910051892732,10.877629495116597,11.085910051892732,13612825
2016-12-28,11.247160911560059,11.304269908587955,10.975052504757983,10.975052504757983,11636306
2016-12-29,11.371459007263184,11.384896676740105,11.139663564594851,11.250522159875171,13063036
2017-01-02,11.268956184387207,11.33953415258023,11.19501730868808,11.242068924338371,3518134
2017-01-03,11.746200561523438,11.752921288272194,11.352979761929353,11.373144121046344,28568595
2017-01-04,11.796612739562988,11.840303454013643,11.665539506775694,11.69578658926143,15430610
2017-01-05,11.957923889160156,12.092357914648108,11.699137464076616,11.79324171769194,24913310
2017-01-06,11.998263359069824,12.055397702667975,11.833581054491084,11.944488833861891,15881997
2017-01-09,12.055397987365723,12.099088700693683,11.823498610235857,11.880634044618583,18244302
2017-01-10,12.01506233215332,12.209991627424174,11.95456710875442,12.132691872682587,13312693
2017-01-11,12.038595199584961,12.14950298767658,11.914242689698906,12.095729547675655,13097536
2017-01-12,12.34442138671875,12.384751158417046,12.19990464652874,12.300730709926064,24436430
2017-01-13,12.092368125915527,12.408288025756983,12.008346516675834,12.300741150323603,11838547
2017-01-16,12.10244369506836,12.139413663957518,11.998257779795725,12.092362065715177,6335566
2017-01-17,12.428450584411621,12.455337841737608,12.02850916829795,12.065478057686118,17689925
2017-01-18,12.330981254577637,12.485580753784532,12.27384694124501,12.485580753784532,13666699
2017-01-19,12.263771057128906,12.472145169175025,12.162945998459165,12.33770994188986,14702204
2017-01-20,12.300743103027344,12.415011812494518,12.20327784652735,12.33099018991666,18337605
2017-01-23,12.714118003845215,12.714118003845213,12.250319546085304,12.283928603648171,22194280
2017-01-24,12.68387222290039,12.754450161478154,12.51246819088237,12.653624068037898,19308529
2017-01-26,12.855278968811035,12.949383277901067,12.751093027885496,12.771257380991544,23296406
2017-01-27,12.788067817687988,12.966193796796412,12.7544598207123,12.905697441256203,15538358
2017-01-30,12.515833854675293,12.767898639377034,12.43853407452157,12.720845936149036,11864379
2017-01-31,12.515833854675293,12.593133634829018,12.381399738608417,12.52255566942215,19136200
2017-02-01,12.648643493652344,12.725974437775053,12.578037074225033,12.625107657218459,23350960
2017-02-02,12.611656188964844,12.719246374409412,12.309057021356683,12.534325266356669,24467701
2017-02-03,12.873908042907715,12.984861578115552,12.584757924917751,12.604931493114453,23920122
2017-02-06,12.779762268066406,13.00839270789391,12.762952055774786,12.877266730751677,14699315
2017-02-07,13.028572082519531,13.29754867766021,12.988224939323905,13.220217743076132,38537182
2017-02-08,13.36479377746582,13.364793777465819,12.957965537174376,13.038658732853056,32613914
2017-02-09,13.42530345916748,13.613586716395035,13.243743630882523,13.344610323248986,33721139
2017-02-10,13.469018936157227,13.532900809158638,13.314357100522663,13.428671801709616,35535695
2017-02-13,13.405143737792969,13.606876240854973,13.270655402418301,13.516096233020992,15126399
2017-02-14,13.44883918762207,13.516083290920937,13.307626461707107,13.405130901933523,21526206
2017-02-15,14.013692855834961,14.01369285583496,13.512722646074392,13.563156546980652,43222533
2017-02-16,13.741365432739258,14.121295712272472,13.701019365561862,13.902751881198006,28074720
2017-02-17,13.734641075134277,13.785073928191688,13.549718797466253,13.637136542007074,15904430
2017-02-20,13.798514366149902,13.90274336817068,13.74135701853318,13.80523997808154,7429024
2017-02-21,13.999131202697754,14.043681228114512,13.844916841824618,13.985422049903313,15926864
2017-02-22,14.040251731872559,14.057386781253939,13.87233046965942,13.96485862545668,16952682
2017-02-23,13.82778549194336,14.22531211730475,13.731830291297028,14.122504005270383,27570648
2017-02-24,13.718122482299805,13.838066762882494,13.60846034613219,13.673572447768453,10750527
2017-03-01,13.695840835571289,13.856968544773657,13.651274093384759,13.791832024064467,14542791
2017-03-02,13.555279731750488,13.712979107616732,13.4695745638605,13.64441430653736,14514749
2017-03-03,13.802118301391602,13.802118301391602,13.568997455194419,13.644418872749997,10726224
2017-03-06,13.7472562789917,13.870672646745536,13.599841852010755,13.716401631413989,14110098
2017-03-07,13.51757526397705,13.8089760686725,13.431868948840842,13.8089760686725,13099406
2017-03-08,13.36329174041748,13.544989093551436,13.284442092433856,13.541560799670478,14638473
2017-03-09,13.404435157775879,13.490141425503994,13.233023733598468,13.318730001326584,15190640
2017-03-10,13.411294937133789,13.664985505482287,13.322160353050313,13.473004264692486,15942329
2017-03-13,13.654704093933105,13.702699138529935,13.462722804266422,13.49357636462175,11098924
2017-03-14,13.52099609375,13.781542081043254,13.520996093750002,13.592989180899854,14875383
2017-03-15,13.65127182006836,13.723264921629582,13.370156005522542,13.610133381152965,24308288
2017-03-16,13.476432800292969,13.706125300897256,13.370156734442377,13.661557452423512,23336684
2017-03-17,13.089042663574219,13.613564248685222,13.089042663574219,13.610135952188061,33753599
2017-03-20,13.233027458190918,13.291307381040388,12.962195398136569,13.044473393862523,20169326
2017-03-21,12.948492050170898,13.267319386901518,12.756510655154598,13.191897926130832,27096828
2017-03-22,13.054752349853516,13.226164855661999,12.86277118791977,12.89019643317966,14593436
2017-03-23,12.98276138305664,13.085608014216668,12.859344981153086,12.876485345493885,14751660
2017-03-24,13.123316764831543,13.164455187216225,12.92790731376676,13.027325630895822,11084139
2017-03-27,13.219318389892578,13.233031578663411,12.917632682052218,13.013623892168555,10561542
2017-03-28,13.174749374389648,13.263882863528936,13.023906546382609,13.150751298163302,16415980
2017-03-29,13.370155334472656,13.435291841065597,13.130177970886729,13.137034562241668,13415683
2017-03-30,13.2124605178833,13.455866261190165,13.14046739507754,13.455866261190165,17325382
2017-03-31,12.993045806884766,13.236451418200422,12.993045806884767,13.11989049940642,16325906
2017-04-03,13.21082878112793,13.227977047539769,12.963897079954597,13.029060492319589,19260773
2017-04-04,13.27942180633545,13.320577649043996,13.111371005380512,13.162815808766192,16438243
2017-04-05,13.035916328430176,13.368588189749588,12.943317929999218,13.348010273778772,15706439
2017-04-06,12.933025360107422,13.107935373573158,12.833566572410636,12.99818763076444,17476298
2017-04-07,13.032482147216797,13.190243891402647,12.86100290886917,12.933024478021974,15351243
2017-04-10,13.0084810256958,13.118227694242723,12.861008175529117,13.032487484098548,22004616
2017-04-11,12.984472274780273,13.145663721786478,12.785555761303904,13.066782824564694,19661345
2017-04-12,12.967315673828125,13.104500576403172,12.885005176970337,12.984463925614769,21652479
2017-04-13,12.73068904876709,12.991338332123938,12.73068904876709,12.895309122178015,15123510
2017-04-17,13.299995422363281,13.324002989505136,12.768407074825108,12.809562904211145,18165445
2017-04-18,13.251980781555176,13.358298899709386,13.111367249354297,13.234833630391254,19971504
2017-04-19,13.1353759765625,13.341152925877251,13.083932295093275,13.3240046614812,14120975
2017-04-20,12.943312644958496,13.289701863767888,12.895297527298897,13.20396169395129,16887421
2017-04-24,13.19367790222168,13.289707063394092,13.087360894958326,13.203966860031457,21389907
2017-04-25,13.27942180633545,13.306859034807813,13.046208699477791,13.13537858029383,13224999
2017-04-26,13.303422927856445,13.47147364729122,13.183387334956523,13.183387334956523,14693027
2017-04-27,13.37888240814209,13.550362885218451,13.3514451760597,13.430326106577283,41058730
2017-04-28,13.464613914489746,13.502338972417954,13.269125986120853,13.375444079770476,18621761
2017-05-02,13.740808486938477,13.775118129908,13.552108787038158,13.586417317863662,37004233
2017-05-03,13.514364242553711,13.809422637554462,13.394282751432455,13.805991674257072,32877507
2017-05-04,13.071768760681152,13.569250353545408,13.027167376877621,13.500632241155271,22975370
2017-05-05,13.27762508392334,13.311934701321965,13.016876440266547,13.136957876875355,19536772
2017-05-08,13.308511734008789,13.408008572089392,13.178136221720598,13.178136221720598,13822373
2017-05-09,13.34282112121582,13.414870253540789,13.281064880957839,13.373699797416776,9159625
2017-05-10,13.408011436462402,13.510938148188373,13.3428231103201,13.483491544062026,13648004
2017-05-11,13.637882232666016,13.689345586675698,13.39085613156025,13.462905272031426,14431984
2017-05-12,13.768253326416016,13.792268959336049,13.613862189579043,13.720220948432166,31983570
2017-05-15,13.82657527923584,13.874607645700511,13.67904610494058,13.775111950013441,16124516
2017-05-16,13.809423446655273,13.874610640981338,13.675618094504738,13.84373308163939,18406604
2017-05-17,13.528091430664062,13.768255584255106,13.428594582655668,13.665327772103526,23234714
2017-05-18,11.898401260375977,12.330696979788268,10.875989993252503,10.875989993252503,118871187
2017-05-19,12.207188606262207,12.495385106809785,12.05622731648453,12.265513876678966,49512213
2017-05-22,11.967019081115723,12.097393417795923,11.78518031247493,12.073377795024296,40695037
2017-05-23,12.155719757080078,12.2792332927705,12.018483483773759,12.063084883348116,32435297
2017-05-24,12.25522232055664,12.478231647619006,12.186604151625447,12.186604151625447,32488831
2017-05-25,12.025350570678711,12.389027184696014,11.946439512832551,12.344425765975963,36872182
2017-05-26,12.351284980773926,12.41304232319639,12.148861472598213,12.152292436066126,30849493
2017-05-29,12.351284980773926,12.351284980773926,12.351284980773926,12.351284980773926,0
2017-05-30,12.3272705078125,12.378733852526722,12.258652344145586,12.279238126888817,9089095
2017-05-31,12.196892738342285,12.426762800225198,12.186599849814355,12.306681325019778,22167088
2017-06-01,12.05788516998291,12.294718256845442,11.999535279408649,12.24666448951453,15306716
2017-06-02,12.178013801574707,12.24666090792947,12.057881643607105,12.178013801574705,15952186
2017-06-05,12.164287567138672,12.318743877880523,12.081910793902134,12.1093700891854,14381338
2017-06-06,12.359930992126465,12.414849579511321,12.116234211058957,12.15398962727285,21311050
2017-06-07,12.562442779541016,12.620792674020972,12.452606702331675,12.476633587605388,17655255
2017-06-08,12.432005882263184,12.524679851249406,12.325603384171371,12.521247440819813,15610247
2017-06-09,12.23636531829834,12.524683426229005,12.21920326125173,12.493792836158205,18519111
2017-06-12,12.23636531829834,12.253527375344952,12.071611795877075,12.202042316818218,16405953
2017-06-13,12.38739013671875,12.401119783399707,12.25352830680578,12.260393130146259,17368210
2017-06-14,12.497230529785156,12.634524818962166,12.418286146616339,12.452609162603807,35138352
2017-06-15,12.497230529785156,12.497230529785154,12.497230529785154,12.497230529785154,0
2017-06-16,12.407987594604492,12.459472669442592,12.294720207437981,12.452607844449052,28458807
2017-06-19,12.473207473754883,12.559016709019785,12.32561590063115,12.407992721980897,10294211
2017-06-20,12.1986083984375,12.476630375765364,12.164285398066975,12.425145318903047,19120734
2017-06-21,12.212340354919434,12.301580832209837,12.102504295204302,12.270690240105672,12724326
2017-06-22,12.222636222839355,12.325607457140972,12.181448396686598,12.25696033847761,15328640
2017-06-23,12.181451797485352,12.287855473056407,12.153992497308703,12.226072047658947,11222988
2017-06-26,12.524682998657227,12.559007111578678,12.219202844108533,12.28785106995144,16999928
2017-06-27,12.411412239074707,12.569299777267485,12.318738272277939,12.517814734652726,17320624
2017-06-28,12.407987594604492,12.493796794410294,12.26726090746382,12.493796794410294,12994207
2017-06-29,12.531549453735352,12.531549453735352,12.363363503736648,12.493794037216388,13009672
2017-06-30,12.613923072814941,12.689434999608627,12.534978735139134,12.576167665724562,14216317
2017-07-03,12.73239803314209,12.739265663808073,12.629385799288702,12.680891916215396,8302737
2017-07-04,12.680885314941406,12.76329572696473,12.67058498737264,12.704922009759592,4127235
2017-07-05,12.715227127075195,12.787336119312872,12.577876771676562,12.711793312536832,11523289
2017-07-06,12.536666870117188,12.704921500971272,12.495462222289431,12.67745099370773,17977990
2017-07-07,12.416482925415039,12.65684535940312,12.344373972605151,12.65684535940312,27025958
2017-07-10,12.516059875488281,12.567567059676383,12.423349170084075,12.426782982363282,11898709
2017-07-11,12.704924583435059,12.746130354327699,12.474862368487958,12.53323609751804,14048746
2017-07-12,12.84227466583252,12.917817464531934,12.526368214349917,12.77359949547558,37422480
2017-07-13,12.876612663269043,12.945287832856511,12.80450367954881,12.890346806732303,15281564
2017-07-14,12.904083251953125,12.955590468689277,12.742697312050192,12.945289025342046,15371467
2017-07-17,12.78046989440918,12.886917043725681,12.722096153911506,12.856012709485007,13381183
2017-07-18,12.794196128845215,12.821665515724877,12.687749054618148,12.773593253885023,13155149
2017-07-19,12.60877513885498,12.890343370409598,12.601907512420235,12.890343370409598,14027163
2017-07-20,12.622509956359863,12.728957049359453,12.577871499141137,12.608774703964114,16220028
2017-07-21,12.62593936920166,12.687746870374584,12.550396620419852,12.60190268588611,13100595
2017-07-24,12.704924583435059,12.749564168568753,12.605345083512336,12.667153739851296,9780452
2017-07-25,12.735828399658203,12.862878419506018,12.653417967051038,12.756431286076964,18718632
2017-07-26,12.677452087402344,12.79420064027684,12.639681249724008,12.739259621009948,13775637
2017-07-27,12.691182136535645,12.835400026820476,12.622507003688924,12.780460143156539,14378109
2017-07-28,12.739252090454102,12.783891642220667,12.577866280960574,12.622504719660146,12302680
2017-07-31,12.81480598449707,12.856011760442788,12.680889438809407,12.807939468240745,15820815
2017-08-01,13.225303649902344,13.311182404105196,13.019195307924685,13.060416530914095,28473083
2017-08-02,13.362710952758789,13.41080256742587,13.10507467804181,13.180647851670281,23083968
2017-08-03,13.33178997039795,13.421103895178845,13.276826869908165,13.348964825786004,15013552
2017-08-04,13.297433853149414,13.40735890606405,13.249342268851255,13.397053327961304,7430214
2017-08-07,13.506978988647461,13.513849374924831,13.25277915044393,13.307741127148098,15552804
2017-08-08,13.671867370605469,13.768051674389286,13.441712748328246,13.500111037402467,31811750
2017-08-09,13.585988998413086,13.606600159795564,13.469194644275584,13.568814144109288,11740146
2017-08-10,13.414239883422852,13.585996313544472,13.36271306573792,13.585996313544472,11501196
2017-08-11,13.48293399810791,13.544766362226387,13.304306178641358,13.383314508769084,12700023
2017-08-14,13.72683048248291,13.798968437879392,13.500112148535386,13.500112148535386,16585250
2017-08-15,13.78547477722168,13.938145544886417,13.743837806379462,13.865280002353064,15274426
2017-08-16,13.813222885131836,13.899967726153756,13.657082396241403,13.896497887523076,20010252
2017-08-17,13.70219612121582,13.80282036778068,13.62239204173674,13.775062769406203,17032049
2017-08-18,13.834046363830566,13.910381713498223,13.684845504241304,13.702193578226098,10935602
2017-08-21,13.733421325683594,13.906911053259504,13.66749549914364,13.834045547636885,15204576
2017-08-22,14.024876594543457,14.118561092300636,13.816689696551277,13.83750872377395,17253833
2017-08-23,14.177566528320312,14.205325269105224,14.011017457849988,14.118580328898757,11947315
2017-08-24,14.29554271697998,14.347589240908166,14.16716076640871,14.198388230866984,16785281
2017-08-25,14.253890991210938,14.354514091827083,14.160205320421653,14.330226338960479,11163845
2017-08-28,14.128975868225098,14.285116381059716,14.083869083854212,14.27123702440859,14980242
2017-08-29,14.257368087768555,14.257368087768555,13.958966200663141,14.017952384795262,11918253
2017-08-30,14.181025505065918,14.295529098321813,14.101220311204392,14.295529098321813,11595008
2017-08-31,14.000598907470703,14.222665316401757,13.958960823126697,14.205316114591755,13738927
2017-09-01,14.293905258178711,14.387624665628422,14.099525306768172,14.109937574116836,17304818
2017-09-04,14.22100830078125,14.307785420103706,14.196710392325146,14.196710392325146,6714384
2017-09-05,14.227946281433105,14.474393046166398,14.057863223718346,14.411912728926726,26047216
2017-09-06,14.60976791381836,14.717371802268914,14.328609802123752,14.33555318623012,24403970
2017-09-07,14.60976791381836,14.609767913818358,14.609767913818358,14.609767913818358,0
2017-09-08,14.592416763305664,14.693078423833587,14.512581886024321,14.575061110600183,13413303
2017-09-11,14.838872909545898,14.97077370203131,14.658376259181441,14.66878965729838,16305512
2017-09-12,14.797220230102539,14.939533293500046,14.731268709640775,14.765980036199597,12668073
2017-09-13,14.901346206665039,14.991594495712343,14.689610571892134,14.828453574196853,15291251
2017-09-14,14.86663818359375,15.008953473873747,14.779861006657898,14.814572327497986,11418430
2017-09-15,15.144319534301758,15.206798762553968,14.82150887564074,14.922170542091708,34544376
2017-09-18,15.251923561096191,15.303989397449834,15.106137194010893,15.12349284785009,16519309
2017-09-19,15.196392059326172,15.251930175697895,15.005483159791673,15.244986785986997,15645766
2017-09-20,15.036713600158691,15.279689344422914,14.870101596939577,15.196383342813359,14446089
2017-09-21,15.057540893554688,15.262334211673986,14.94646584591267,15.10613559399342,14253536
2017-09-22,15.109617233276367,15.20680782691464,14.946476241329322,15.081849295925867,10077525
2017-09-25,14.960351943969727,15.13043510117364,14.890930453814567,14.995063251629277,10064948
2017-09-26,14.988127708435059,15.18250774296639,14.946474120572628,15.064491494351733,17545638
2017-09-27,14.99853229522705,15.126961865367479,14.842333682823268,15.08183829685332,21683070
2017-09-28,14.918702125549316,15.033247210657237,14.866635154896498,14.988123627922269,13869109
2017-09-29,15.047126770019531,15.14084616109937,14.970763030095917,15.078365816936964,16981404
2017-10-02,15.073176383972168,15.153038926375833,14.9481735075056,14.98289684140014,7954849
2017-10-03,15.590546607971191,15.590546607971191,15.024564128834532,15.114843673884074,21437662
2017-10-04,15.451654434204102,15.653046385509983,15.430820434759235,15.625267719583492,12656856
2017-10-05,15.6981840133667,15.8995770699728,15.562765281701173,15.60443327640048,24145816
2017-10-06,15.514147758483887,15.62178778546869,15.423868263702545,15.555815737099818,10067838
2017-10-09,15.330117225646973,15.514148556223905,15.28150570698195,15.486369902384899,10252063
2017-10-10,15.663464546203613,15.712077215178128,15.451655579476084,15.50373945639497,14556047
2017-10-11,15.625267028808594,15.74679756131054,15.548877951995266,15.687769024380055,21192085
2017-10-12,15.625267028808594,15.625267028808594,15.625267028808594,15.625267028808594,0
2017-10-13,15.496790885925293,15.86485251625256,15.465541017866988,15.757212456029972,14975484
2017-10-16,15.416921615600586,15.618313442987937,15.340531456860136,15.618313442987937,12531093
2017-10-17,15.392617225646973,15.451645731942588,15.298865406499177,15.423867081660843,14158874
2017-10-18,15.420401573181152,15.528042765096005,15.316233839641452,15.41692924035959,14397144
2017-10-19,15.309281349182129,15.392616168752298,15.15302870318219,15.350948196190707,8573467
2017-10-20,15.278034210205078,15.444703891241224,15.278034210205078,15.42039756780374,6787293
2017-10-23,15.135675430297852,15.378735361524763,15.07317456239462,15.31970570103772,11032984
2017-10-24,15.246779441833496,15.378726896504489,15.007193101007235,15.319697268509536,13409564
2017-10-25,15.350957870483398,15.420403409631486,15.062758714185772,15.312763330451125,13335636
2017-10-26,15.257210731506348,15.500269613214217,15.184291716329199,15.44471339387133,12236739
2017-10-27,15.163450241088867,15.434288787359296,15.15650670195177,15.257203214411044,14400883
2017-10-30,14.96899700164795,15.208584460701227,14.82316135275517,15.163444158320663,18275573
2017-10-31,14.600933074951172,15.121774750698295,14.521070602129408,15.121774750698295,28508942
2017-11-01,14.356057167053223,14.772880087170757,14.356057167053224,14.745091517177912,21630896
2017-11-02,14.356057167053223,14.356057167053224,14.356057167053224,14.356057167053224,0
2017-11-03,14.557517051696777,14.609619476597661,14.394261510925421,14.4359432256552,23377302
2017-11-06,14.557517051696777,14.557517051696777,14.557517051696777,14.557517051696777,0
2017-11-07,14.276169776916504,14.581839620582684,14.224067320913731,14.554052169493684,21042359
2017-11-08,14.797195434570312,14.818036864141893,14.328271150895715,14.328271150895715,21689528
2017-11-09,14.39774227142334,14.85972056399978,14.369953697089045,14.831931989665485,21561726
2017-11-10,14.418583869934082,14.522789907082426,14.241435070523783,14.397743563268651,17389453
2017-11-13,14.491522789001465,14.491522789001465,14.491522789001465,14.491522789001465,16525598
2017-11-14,14.213644981384277,14.554050507482982,14.203224266182662,14.491526216273291,22280105
2017-11-15,14.213644981384277,14.213644981384277,14.213644981384277,14.213644981384277,0
2017-11-16,14.5714111328125,14.658249263807235,14.227533305066249,14.227533305066249,14936395
2017-11-17,14.772883415222168,14.835406585836331,14.495001030557157,14.57141848929786,12693565
2017-11-20,14.772883415222168,14.772883415222168,14.772883415222168,14.772883415222168,0
2017-11-21,15.068133354187012,15.214021135545226,14.904877711725359,14.929192717270173,14412099
2017-11-22,14.922239303588867,15.120229459120994,14.821506877464698,15.106335176075609,18450791
2017-11-23,14.877095222473145,14.908357385253508,14.717314212796474,14.908357385253508,4818762
2017-11-24,14.738146781921387,14.897928833568045,14.623521163888686,14.845826382276382,7006358
2017-11-27,14.828450202941895,14.835397342676767,14.57140941061536,14.6235129586269,10545057
2017-11-28,14.852775573730469,15.050765816700792,14.790251272413707,14.932666610568747,12036538
2017-11-29,14.54710865020752,14.974351372995995,14.547108650207521,14.953509935019312,18591850
2017-11-30,14.335217475891113,14.567944525859858,14.283115026798722,14.463738501719915,30698918
2017-12-01,14.326529502868652,14.455096114218655,14.142365544889978,14.27440811676867,11699018
2017-12-04,14.53848934173584,14.74350115484221,14.375174407458251,14.437720288883563,17496862
2017-12-05,14.45162582397461,14.823427564634788,14.385605080459037,14.538495579031338,13293998
2017-12-06,14.604516983032227,14.670537729533569,14.239664896385431,14.36823155397411,13028536
2017-12-07,14.555872917175293,14.601044658962019,14.166696915693128,14.340435337181688,24504070
2017-12-08,14.68095588684082,14.81994699056335,14.663581717284426,14.663581717284426,16975625
2017-12-11,14.719186782836914,14.865128768488235,14.646217479558741,14.785208666844294,11017008
2017-12-12,14.837324142456055,14.89987003906663,14.479421809476705,14.667059499308431,18443993
2017-12-13,14.507220268249512,14.976316211744525,14.458573707032217,14.938094155009066,47602825
2017-12-14,14.27788257598877,14.451622040618174,14.204912181062731,14.451622040618174,47046408
2017-12-15,14.328277587890625,14.474733488285345,14.216692678228005,14.293407727498577,42895040
2017-12-18,14.32478141784668,14.558412368012608,14.32478141784668,14.499132856323651,39527650
2017-12-19,14.244577407836914,14.338726742403404,14.181809677673787,14.296882719300418,20140944
2017-12-20,14.29688549041748,14.394521940028687,14.234118878427612,14.30385968400961,13060997
2017-12-21,14.900151252746582,14.9350211068884,14.314326625833484,14.314326625833484,35246780
2017-12-22,14.830409049987793,14.858305835007117,14.722310138377653,14.77461661028889,8436827
2017-12-25,14.830409049987793,14.830409049987791,14.830409049987791,14.830409049987791,0
2017-12-26,14.889690399169922,14.990815126827224,14.781592604749255,14.833897952683776,7491735
2017-12-27,14.809487342834473,14.966404507229987,14.802513146164467,14.907124965874749,7005508
2017-12-28,14.8478364944458,14.924552617516039,14.823427949262674,14.823427949262674,18065345
2017-12-29,14.8478364944458,14.847836494445799,14.847836494445799,14.847836494445799,0
2018-01-02,15.306550025939941,15.306550025939941,14.929816430144447,14.929816430144447,18865469
2018-01-03,15.411195755004883,15.467008970628354,15.198411262653657,15.31352375840156,25261028
2018-01-04,15.732109069824219,15.801874422464792,15.435606038417486,15.435606038417486,26311149
2018-01-05,15.777470588684082,15.808865534928485,15.55770935718788,15.739100118456907,17807870
2018-01-08,15.72514533996582,15.80886405805832,15.62049779040377,15.718168685896604,14398333
2018-01-09,15.55421257019043,15.69723165270875,15.49142384258941,15.683279481593313,24255264
2018-01-10,15.501893043518066,15.557705135402351,15.404221034667144,15.480963085034746,15410556
2018-01-11,15.826303482055664,15.826303482055664,15.55770573013232,15.592588995604679,17614127
2018-01-12,15.812341690063477,15.843736612140296,15.686764263230865,15.753041301322373,11649902
2018-01-15,15.910014152526855,15.913502477312187,15.840248787557583,15.86815538584024,12365222
2018-01-16,16.05653190612793,16.126297316172487,15.854211199334419,15.871652834530083,14882011
2018-01-17,16.321638107299805,16.37745133263931,15.979787755785097,16.049553156721526,16336613
2018-01-18,16.283267974853516,16.436752086164596,16.213502572506478,16.290244628162018,14718689
2018-01-19,16.41582489013672,16.457684817035595,16.265829080225416,16.36001278500972,12557095
2018-01-22,16.82395362854004,16.82395362854004,16.384431177792177,16.415824992423783,20246313
2018-01-23,16.76116180419922,16.91464591424791,16.712325231441387,16.743720171071423,28151367
2018-01-24,17.5704345703125,17.5913645222362,16.883244658788854,16.897197960071324,25047400
2018-01-25,17.5704345703125,17.5704345703125,17.5704345703125,17.5704345703125,0
2018-01-26,18.452978134155273,18.529719070056128,17.79369334804775,17.859970433226227,53745667
2018-01-29,18.030881881713867,18.439010180838114,18.030881881713867,18.362268175149456,37536686
2018-01-30,17.96112823486328,18.044846943899806,17.72043708772552,17.929733294947845,28829468
2018-01-31,18.229724884033203,18.508787624699636,18.177401114856114,18.19135442150013,23769037
2018-02-01,18.322189331054688,18.479206824285328,17.987219508275174,18.08840888621965,29175316
2018-02-02,18.09189224243164,18.133764165990012,17.872068036936874,18.025596161193114,20632269
2018-02-05,17.45684051513672,18.248905094478324,17.45684051513672,17.88951016315647,26256595
2018-02-06,18.084918975830078,18.234956677372075,17.43242372864602,17.439402384214837,100527804
2018-02-07,17.655738830566406,18.18261945384166,17.641781518229628,18.119812679388748,31090653
2018-02-08,17.568504333496094,17.987217990466487,17.446380129538547,17.777860596450076,25519692
2018-02-09,17.613868713378906,17.72203676410201,17.289366823334994,17.516169779052614,29580137
2018-02-14,18.374528884887695,18.426868805522812,17.86509490814392,17.97326294639392,24843291
2018-02-15,18.378015518188477,18.594350418590846,18.357079554292728,18.496650384806365,46063587
2018-02-16,18.524887084960938,18.528531617946044,18.33172919949457,18.477508156154563,61335974
2018-02-19,18.379112243652344,18.630581531815924,18.306222749001325,18.524891232954378,9363395
2018-02-20,18.831022262573242,18.929423467265096,18.29528420805191,18.331728354851666,29321473
2018-02-21,19.0788516998291,19.40685500954579,18.940361781042345,18.940361781042345,32430368
2018-02-22,19.18454360961914,19.384989437204936,19.04605249781486,19.224632302587317,19437861
2018-02-23,19.31574249267578,19.39956558542608,18.903916096239296,19.39956558542608,25192538
2018-02-26,19.29387092590332,19.4396498764795,19.16995917232519,19.38862759818946,19625486
2018-02-27,19.005952835083008,19.34488957884722,18.951286037543284,19.210043078903958,13102975
2018-02-28,18.360883712768555,19.042400683655455,18.360883712768555,18.96222214699982,48212095
2018-03-01,18.632476806640625,18.774653534130852,18.369995876234547,18.446552666554187,25169934
2018-03-02,18.730899810791016,18.730899810791016,18.311659849727693,18.52674766378485,17669191
2018-03-05,18.997034072875977,19.04807154295105,18.563212622928305,18.730908686819884,14720729
2018-03-06,18.927770614624023,19.299617781829856,18.927770614624023,19.157441028050325,15367218
2018-03-07,18.90224838256836,18.92412208955131,18.59966682953259,18.884020293415897,16519140
2018-03-08,18.771011352539062,19.20118841319582,18.614252125487894,19.139212900672934,15698791
2018-03-09,19.02984619140625,19.044428664541652,18.705390891039244,18.789238929843883,15455253
2018-03-12,19.24493980407715,19.266813520235086,19.004332471512637,19.08088929634115,11425568
2018-03-13,19.088180541992188,19.28868724339756,18.97516752352607,19.244939811065798,10807290
2018-03-14,18.66164207458496,19.13921094367408,18.610604604155743,19.10275594528859,19133310
2018-03-15,18.749143600463867,18.843928526837477,18.450207524898445,18.5923843235967,22182553
2018-03-16,18.67258071899414,18.982454734463413,18.559568913267036,18.803820616523662,33808833
2018-03-19,18.27155876159668,18.66527942373698,18.21323008098564,18.52674836413952,19347787
2018-03-20,18.329898834228516,18.410100076166103,18.074709089537414,18.35541698149085,10246285
2018-03-21,18.256977081298828,18.380926862367446,18.176774698862673,18.34082508028769,28283588
2018-03-22,18.198654174804688,18.37364146143237,18.030958123596797,18.22781911648388,21239501
2018-03-23,18.28615379333496,18.577798578530324,18.052837728833847,18.082002680043033,26938604
2018-03-26,18.512178421020508,18.588735235397483,18.220533638960443,18.501242746158745,11812884
2018-03-27,18.2898006439209,18.665293507405252,18.158560718089756,18.592382306196374,11396337
2018-03-28,18.457504272460938,18.468441134351632,18.09294693633651,18.09294693633651,13470916
2018-03-29,18.705394744873047,18.905900246622792,18.504888061399136,18.55957234692338,31548158
2018-04-02,18.616046905517578,18.874957930370265,18.47747527387731,18.685332721337712,14533954
2018-04-03,18.44100570678711,18.816609385228055,18.400893369692294,18.743675714020707,15904770
2018-04-04,18.56136131286621,18.63794055252807,18.05447894715611,18.178463932486643,16844254
2018-04-05,18.59781265258789,19.06093442007234,18.564993679231215,19.028115446715663,23487090
2018-04-06,18.688983917236328,18.71451071209502,18.371727052271318,18.612404714729934,12277357
2018-04-09,18.27326774597168,18.740036331125108,18.21856865332595,18.740036331125108,17979180
2018-04-10,18.36443328857422,18.484772708258266,18.193041462337046,18.430072434733855,15008624
2018-04-11,18.667097091674805,18.674390459010567,18.327960238838934,18.346193657178336,11704456
2018-04-12,18.831201553344727,18.853081662394043,18.55770491850681,18.72909674192052,10224361
2018-04-13,18.393598556518555,18.823900090397466,18.327958257592396,18.79837448955087,16709314
2018-04-16,18.123750686645508,18.521233322131007,18.09457721539177,18.357134910467405,21396874
2018-04-17,18.422773361206055,18.5285248196877,18.105515439553457,18.16750905971006,13476865
2018-04-18,18.77284812927246,18.962473299634393,18.608749742400946,18.634275343822207,25815914
2018-04-19,18.59781265258789,18.79473122100533,18.473827762894945,18.707211988605284,14877423
2018-04-20,18.557714462280273,18.616060267681284,18.382675864006988,18.503014161525968,9806454
2018-04-23,18.59052085876465,18.59052085876465,18.28785079470848,18.46653595857397,11508334
2018-04-24,18.499364852905273,18.812976319904593,18.408198879972574,18.74368928210248,13736378
2018-04-25,18.389951705932617,18.502996522249806,18.211266591286464,18.31337253995128,16098343
2018-04-26,18.81661605834961,18.878608518791626,18.506652574069882,18.554058295097388,16463226
2018-04-27,18.78014373779297,18.99894121905006,18.707211244040604,18.933302092879863,15432479
2018-04-30,18.601459503173828,18.864017202726206,18.47747461237011,18.783791337479872,10751886
2018-05-02,17.76430320739746,18.34793573167382,17.687702717074064,18.300516098993498,37979916
2018-05-03,17.41414451599121,17.89928939124741,17.377668106697556,17.782563462606245,25331217
2018-05-04,17.209871292114258,17.483448464392147,17.209871292114258,17.344835998906877,25772237
2018-05-07,17.23539924621582,17.457908912413536,17.144206488694735,17.290115610178894,17740060
2018-05-08,17.29011344909668,17.45425897321732,17.107727956850777,17.25363587768061,17655595
2018-05-09,17.344833374023438,17.490741334813,17.158800073687093,17.366718740449585,16909345
2018-05-10,17.81903076171875,17.862803849393114,17.403192340898695,17.476146304605354,19715389
2018-05-11,17.534513473510742,17.910227837111467,17.479798283121852,17.771615390836914,13283801
2018-05-14,17.271869659423828,17.742423099860165,17.13690386670356,17.65487813624214,18411023
2018-05-15,17.206209182739258,17.36306031086752,16.815905240243733,16.852381614329722,19242248
2018-05-16,17.505332946777344,17.603821237416266,17.231754624428696,17.26093669051951,14177398
2018-05-17,16.589757919311523,17.4542623396017,16.549632583014915,17.4542623396017,38453906
2018-05-18,16.473033905029297,16.473033905029297,16.02071776045232,16.23593314838516,67811749
2018-05-21,16.246877670288086,16.768498901952977,16.09367298305027,16.69189714954295,29325382
2018-05-22,16.640825271606445,16.877925983218265,16.312531796695087,16.414666651063214,37297736
2018-05-23,16.327116012573242,16.586103181803963,16.301582898999115,16.414660987840207,34838390
2018-05-24,16.54233741760254,16.5532806913697,16.035306160895754,16.173919779528944,27927373
2018-05-25,16.396432876586914,16.670010048009797,16.276058022523376,16.666362289328546,19195002
2018-05-28,15.703362464904785,16.243223458522863,15.637704014982937,16.228632429114164,22406717
2018-05-29,15.648653984069824,16.0024818689865,15.561108952568976,15.860221636204296,34432039
2018-05-30,15.677830696105957,15.831034153257312,15.491797419957573,15.648648634775263,41881288
2018-06-01,15.989813804626465,16.110229435824273,15.577479305293874,15.87669505101438,26340210
2018-06-04,16.336463928222656,16.41674021231995,16.164961905765548,16.168610935299938,26154795
2018-06-05,15.829256057739258,16.402145419819117,15.763574708378,16.201451159339502,32517553
2018-06-06,15.427874565124512,15.792771745849443,15.267319569039515,15.694250275893296,25763400
2018-06-07,14.97905158996582,15.21623626633542,14.395216026072287,15.16514982651354,45800335
2018-06-08,15.015530586242676,15.197979653854466,14.566707157373411,14.979040299588561,34032997
2018-06-11,14.581316947937012,15.278272670611008,14.54117877454506,15.073930405606193,24579358
2018-06-12,14.55211353302002,14.803891822702754,14.471836071472447,14.577655555219524,15770680
2018-06-13,14.409807205200195,14.69442803280528,14.19816816968021,14.632395697768393,24389864
2018-06-14,13.898953437805176,14.588610842661355,13.898953437805176,14.504684311457433,31758386
2018-06-15,14.033973693847656,14.103304142730133,13.701916399596682,13.939101195059555,46156720
2018-06-18,13.749340057373047,13.97922537320378,13.64351938202378,13.942736260109692,22857085
2018-06-19,14.369668006896973,14.581308209840538,13.59608543340543,13.687310005503656,48287043
2018-06-20,14.636055946350098,14.80390792780073,14.249264334983053,14.5959165804941,33294904
2018-06-21,14.245612144470215,14.64699979991631,14.121546223970176,14.592265495983403,17269809
2018-06-22,14.35507583618164,14.460896558186958,14.158031699806118,14.42440742900492,13811496
2018-06-25,14.384268760681152,14.555770869524949,14.139787207218971,14.486440456278997,24706991
2018-06-26,14.336830139160156,14.625098838074967,14.16532805898423,14.413458602341946,22118652
2018-06-27,14.077756881713867,14.504687699548432,13.993830330905883,14.282099119472624,19643330
2018-06-28,14.46819019317627,14.59590388047704,14.08139891835952,14.08139891835952,19751079
2018-06-29,14.719980239868164,14.858641116513967,14.566723232453185,14.636053670776086,28425157
2018-07-02,14.729098320007324,14.729098320007326,14.495477030494408,14.564833221398393,12965655
2018-07-03,15.075876235961914,15.240140105300481,14.77289765712082,14.87875769952408,16566556
2018-07-04,15.320452690124512,15.324103078468088,15.043027909093237,15.148886804516689,13271395
2018-07-05,15.221888542175293,15.404404337251336,14.966365009145246,15.36790165154399,16605134
2018-07-06,15.360604286193848,15.429960469370304,15.156184941102262,15.258394613648056,12935744
2018-07-10,15.400755882263184,15.616126369704801,15.141583113093809,15.451861305241781,25709866
2018-07-11,15.46281909942627,15.557729218642748,15.243799297199454,15.243799297199454,26562335
2018-07-12,15.754841804504395,15.791344501931071,15.510269353646523,15.535822070134223,23021596
2018-07-13,16.1563777923584,16.160028180251054,15.670883302255062,15.670883302255062,22360491
2018-07-16,16.097984313964844,16.229396005801974,15.95562145059615,16.13083664528871,16164964
2018-07-17,16.400949478149414,16.477606437104765,15.962908867497461,15.988461581572555,18700958
2018-07-18,16.192890167236328,16.42651158220242,16.17463940013372,16.342554977026648,16660878
2018-07-19,16.42650604248047,16.42650604248047,15.868006015573341,16.01766959162,17703351
2018-07-20,16.893749237060547,16.99230736544037,16.74773605557094,16.886448459659043,28881982
2018-07-23,16.568870544433594,16.87184809488511,16.517766282288747,16.842644983219294,13753203
2018-07-24,16.557903289794922,16.784223635499714,16.47029522318836,16.747720964654,19517567
2018-07-25,17.07991600036621,17.18577609245092,16.711232647377834,16.722183813793865,20243764
2018-07-26,16.809785842895508,17.083561353828042,16.68567385196228,16.94484781298857,23964139
2018-07-27,16.901042938232422,17.043406864652876,16.733128666355935,16.90469332566038,21688339
2018-07-30,17.145618438720703,17.266078870718196,16.948499862199398,16.999605291881938,17641659
2018-07-31,16.42650604248047,16.817091732393273,16.390003337314848,16.7148832113133,40266083
2018-08-01,16.63282012939453,16.68028982658847,16.395469276095028,16.424680942189415,21425086
2018-08-02,16.69123649597168,16.789828632108062,16.3625968312933,16.505008220674434,21424406
2018-08-03,17.08925437927246,17.136724046996463,16.81538763379477,16.81538763379477,20476085
2018-08-06,16.965106964111328,17.220715779254085,16.870166411782353,17.15863849033522,14914812
2018-08-07,16.862863540649414,17.10751754502373,16.6218611415791,17.07100149198371,23634776
2018-08-08,16.468494415283203,17.05274291899472,16.45753960048265,16.862861829780744,24458694
2018-08-09,16.380859375,16.669332654160755,16.25670597353478,16.614558572485812,17557024
2018-08-10,15.78564739227295,16.132543776645043,15.621327616220512,16.128893357122735,25223809
2018-08-13,15.909806251525879,16.070474492237615,15.500832440290143,15.665152285730075,28346130
2018-08-14,16.23845100402832,16.260360639226857,15.975538932640275,16.16176846449824,17940431
2018-08-15,16.12890625,16.194632792563745,15.884251008281794,15.96823676503637,26565394
2018-08-16,16.10699462890625,16.249404882133394,16.019357276843845,16.18002555834747,16968827
2018-08-17,15.69437026977539,16.019358462491432,15.679763846073133,15.884250226910343,23012929
2018-08-20,15.805562019348145,15.894754112915935,15.586298775186814,15.616028669933629,29124501
2018-08-21,15.601161003112793,15.809276261417114,15.459940709404258,15.690353084577,25410244
2018-08-22,15.972798347473145,15.998811856916168,15.422780191483529,15.537987006435564,14992649
2018-08-23,15.352161407470703,16.065696552855442,15.352161407470705,15.965355353047103,23189167
2018-08-24,15.46737003326416,15.675484040485316,15.307567840589432,15.645754156404145,11644974
2018-08-27,15.980229377746582,16.013675658996053,15.556567246165368,15.645759337270025,18281691
2018-08-28,15.868736267089844,16.00624016538101,15.731232368798679,15.88731820055174,15209675
2018-08-29,16.13260841369629,16.177203883357407,15.887330318899274,15.902195877007761,11660099
2018-08-30,15.497106552124023,16.05455622876687,15.485957389938253,16.00252680523328,21014487
2018-08-31,15.70893383026123,15.84272254466354,15.489670632449318,15.489670632449318,20846067
2018-09-03,15.491456985473633,15.625292034926566,15.491456985473633,15.554656802987992,7336061
2018-09-04,15.357620239257812,15.56952591166147,15.231219413102815,15.461713619513286,19958758
2018-09-05,15.446832656860352,15.558362582629478,15.171726149344805,15.242362532222602,13287540
2018-09-06,15.837194442749023,15.963595256626883,15.376206074703253,15.565806692974428,22281974
2018-09-10,15.98218059539795,16.04166268146577,15.800015426406084,16.019356447281215,16120437
2018-09-11,15.431974411010742,15.684774898297295,15.34275063872775,15.681057190906689,24332251
2018-09-12,15.476583480834961,15.673619518827618,15.368771195415276,15.569524939977276,22141765
2018-09-13,15.391080856323242,15.610421977400998,15.320445620894525,15.565810693742902,20057329
2018-09-14,15.662464141845703,15.755405587593298,15.361333568401633,15.365051274435181,21237971
2018-09-17,16.034231185913086,16.052819718939862,15.547218851159288,15.547218851159288,17493123
2018-09-18,16.01935577392578,16.18665011309592,15.900391606790668,15.948720573734757,25197466
2018-09-19,16.130884170532227,16.272154557212435,15.770271588379739,15.807448640185488,20664560
2018-09-20,16.02679443359375,16.39484253640673,16.008205902120128,16.2275481633265,14726167
2018-09-21,16.298185348510742,16.487784777193326,16.09743159450409,16.208961591740156,28743983
2018-09-24,15.89295768737793,16.357663693092817,15.844628715897816,16.305617015722614,12200710
2018-09-25,15.930131912231445,16.02678983799576,15.588107851555142,15.718225124377684,23247800
2018-09-26,16.1048641204834,16.305617838496065,15.978464524024393,16.06025285264231,20750555
2018-09-27,16.547266006469727,16.547266006469727,16.164348285370274,16.208959555605933,24503560
2018-09-28,16.405990600585938,16.450603065654455,16.171778774248914,16.27215561556218,16223087
2018-10-01,16.22191047668457,16.55289405061206,16.08059199953606,16.456202016852167,14104830
2018-10-02,16.846689224243164,16.95081920756397,16.60124075280914,16.61611663692656,35923351
2018-10-03,17.60906410217285,18.148306360837243,17.437993878210154,17.772696385484917,62555535
2018-10-04,17.627655029296875,17.67228145776442,17.16278986963142,17.47889745490354,30873117
2018-10-05,17.568151473999023,17.902853905932187,17.449146861378715,17.84707056911021,25641886
2018-10-08,18.613178253173828,19.37555538637886,18.40491825178513,18.92928602140538,74232290
2018-10-09,18.5164794921875,18.735895123588516,18.36028515044428,18.70614336116089,26109758
2018-10-10,17.876829147338867,18.297068066213836,17.876829147338867,18.25987835463156,23876275
2018-10-11,17.66484832763672,18.09252390875396,17.516091918248367,18.021864674569542,38571172
2018-10-15,17.869386672973633,18.02557979496473,17.79872624365515,17.925170016934796,30577234
2018-10-16,18.583431243896484,18.583431243896484,17.9549345179661,18.006998928909482,26245548
2018-10-17,18.39003562927246,18.602013319166346,18.263593050493842,18.40863048071076,27909358
2018-10-18,17.84335708618164,18.27475165195394,17.84335708618164,18.27475165195394,16734636
2018-10-19,17.824771881103516,18.099972240305103,17.754112606356195,17.980966321176894,11907886
2018-10-22,18.085094451904297,18.21897504206035,18.021873129080692,18.02559089583357,9730657
2018-10-23,18.148311614990234,18.174344414804253,17.739230788276284,17.739230788276284,15978529
2018-10-24,17.67601203918457,18.185503962018682,17.590476890055474,18.148314242614102,15444546
2018-10-25,17.880544662475586,18.16690176980733,17.672285934371462,17.795009547870098,26278008
2018-10-26,18.21524429321289,18.21524429321289,17.768973968249213,18.044174102435203,39293629
2018-10-29,17.880544662475586,18.341690969457712,17.66484799349264,18.19665232782166,43873102
2018-10-30,18.404926300048828,18.52021326610639,17.374786374090498,17.57188834121875,48975171
2018-10-31,18.315656661987305,18.69498679343918,17.93260876590437,18.59457580537834,27467488
2018-11-01,18.577924728393555,18.615125768975037,18.164999207281177,18.414242561571864,25710036
2018-11-05,18.7788028717041,18.797403388173247,18.510960258021054,18.60024153120479,29338638
2018-11-06,18.897844314575195,18.897844314575195,18.488638995813886,18.499799305307576,27441316
2018-11-07,18.916444778442383,19.0950061122466,18.60395973108173,18.957364707272063,26374030
2018-11-08,18.656038284301758,19.15080469195194,18.637437771412365,18.97224217994966,23944935
2018-11-09,18.89040184020996,18.975962996854065,18.45515705742158,18.60023865168437,26534803
2018-11-12,18.942489624023438,19.046650123283072,18.74904662962403,18.84576812682373,14860088
2018-11-13,18.87179946899414,19.10244340306582,18.682077866659377,18.942481413677054,21769235
2018-11-14,19.035486221313477,19.102448080039355,18.715562164206908,18.856924882315603,30922232
2018-11-16,19.62325668334961,19.679058239646142,19.095009185619002,19.15825094942174,32743586
2018-11-19,19.61209487915039,19.705096260030043,19.463293152090234,19.545134222560144,22212804
2018-11-21,19.35727310180664,19.669756987399328,19.279152130408466,19.52467535564105,18112477
2018-11-22,19.312631607055664,19.552575276589874,19.22335032577793,19.53025465480337,7492302
2018-11-23,19.290313720703125,19.37401425023687,19.128491008722165,19.3126331383911,13481340
2018-11-26,18.972251892089844,19.57490037713408,18.816009915572554,19.39075821993421,24417622
2018-11-27,19.613948822021484,19.658588842516643,18.98340054365311,19.111742260644935,19697544
2018-11-28,20.104997634887695,20.13847735305194,19.429809250115863,19.586049944662275,21896131
2018-11-29,20.283565521240234,20.35610573371253,19.81483969590558,19.876219597412533,16461470
2018-11-30,20.09941864013672,20.55140452192495,20.09941864013672,20.121739258115117,24726931
2018-12-03,19.845428466796875,20.54322841721916,19.689121393713897,20.54322841721916,27033719
2018-12-04,19.823101043701172,20.107802197127405,19.51048567070897,19.90125337898542,26509707
2018-12-05,19.834257125854492,20.00172910836037,19.72819181842057,19.873333881560175,15862453
2018-12-06,20.012893676757812,20.012893676757812,19.426742352632775,19.543972617457783,21087849
2018-12-07,19.851009368896484,20.292019967828196,19.761692079845734,19.89008613524528,19238340
2018-12-10,19.3206729888916,19.951484057759178,19.276014363995046,19.789595185342495,17070004
2018-12-11,19.493732452392578,19.627709563877932,19.175535304651557,19.59421468282127,22381961
2018-12-12,19.62771224975586,19.75052562406556,19.387669791632707,19.59421736411572,36444757
2018-12-13,19.973814010620117,19.973814010620117,19.49930993756166,19.616540185300284,18595362
2018-12-14,19.82868194580078,19.957077215963015,19.655628028194332,19.81193389743459,13770368
2018-12-17,19.298355102539062,19.83984801892341,19.29277322368545,19.817518090766864,16461810
2018-12-18,19.61138343811035,19.773321912893493,19.309840832530703,19.388018276923944,16439490
2018-12-19,19.34894371032715,19.963196542864363,19.34894371032715,19.73983242500578,16972226
2018-12-20,19.343347549438477,19.667225732211577,19.309842410500526,19.533207589939984,30856688
2018-12-21,19.254005432128906,19.561131708032118,19.108817675471894,19.488537829703613,31905846
2018-12-26,18.835201263427734,19.080903311094087,18.572748448975904,19.03622977270361,21713151
2018-12-27,19.15349006652832,19.24283590888655,18.796106697095386,18.796106697095386,15463863
2018-12-28,19.823585510253906,19.901762980266856,19.231669690589907,19.337768719956397,15502839
2019-01-02,20.66992950439453,20.74814000148034,19.748163793919066,19.7984409358312,28984066
2019-01-03,21.010711669921875,21.010711669921875,20.362681281586244,20.530274223543184,24856433
2019-01-04,20.658769607543945,21.06658137709276,20.53027947943156,20.79284447833379,28181675
2019-01-07,20.697872161865234,20.94926281340984,20.53027678450117,20.55821015222901,19148946
2019-01-08,20.96043586730957,20.988366818858243,20.4241340722597,20.770494290072403,22157287
2019-01-09,21.278865814208984,21.278865814208984,20.993957028663583,21.172724319682967,23008397
2019-01-10,21.133623123168945,21.44646533911945,21.02747919368481,21.183900301660064,28032459
2019-01-11,21.005138397216797,21.189492928266972,20.837545344491645,21.005138397216797,15442903
2019-01-14,21.16155242919922,21.16155242919922,20.921336042525173,20.988372275270684,19711367
2019-01-15,20.831954956054688,21.08334570342773,20.60291042848184,21.049827580978636,46588733
2019-01-16,20.77048683166504,20.887802580846163,20.502337237679754,20.86545637893064,19605771
2019-01-17,20.77048683166504,20.86545637893064,20.52468343959527,20.69227633221096,29196956
2019-01-18,21.038639068603516,21.10567768277172,20.78166375054402,20.78166375054402,24162697
2019-01-21,20.865467071533203,21.021888150600052,20.69787409303374,20.94926476803379,8808508
2019-01-22,20.831954956054688,20.993963238729336,20.653187612155488,20.865473078503783,13807871
2019-01-23,20.971614837646484,21.055412549555736,20.647600720500687,20.92133765920223,30874136
2019-01-24,20.943683624267578,21.07775852846212,20.80402156150173,20.865473062278898,24113752
2019-01-28,21.31797218322754,21.42411609773006,20.70904689676993,20.70904689676993,25555494
2019-01-29,21.16155242919922,21.53584611036823,21.16155242919922,21.45205081943634,17930858
2019-01-30,21.295616149902344,21.457624318312057,20.89339172069627,21.351482867251057,21965357
2019-01-31,21.664335250854492,22.005108385474998,21.435288360837024,21.485567947585533,30523926
2019-02-01,21.689485549926758,21.851556497889295,21.426818924450796,21.57212432873382,15342292
2019-02-04,22.181297302246094,22.237183283234515,21.46036404125142,21.61125643146393,20038804
2019-02-05,21.236806869506836,21.68389690480266,21.024439283899053,21.549770135757555,80658836
2019-02-06,20.342620849609375,21.175327918620052,20.342620849609375,21.125031294754198,44387767
2019-02-07,20.415266036987305,20.72263979879229,20.152599561061336,20.57733447723931,34838503
2019-02-08,20.851186752319336,20.985315917896372,20.314679751755516,20.387331238199348,34947045
2019-02-11,20.616455078125,20.907065724277036,20.454386636174245,20.851177389331262,20785904
2019-02-12,21.108257293701172,21.231207781858952,20.80088348874203,20.92383397689981,25112491
2019-02-13,20.62763214111328,21.220027190617415,20.594098659611387,21.19208302527164,35669785
2019-02-14,21.17531967163086,21.17531967163086,20.359380877122224,20.789705125866995,37265389
2019-02-15,20.957374572753906,21.141800388792326,20.7841273964104,21.063559572673554,30422409
2019-02-18,20.622051239013672,20.957369282802922,20.622051239013672,20.87353916799666,19942839
2019-02-19,21.097089767456055,21.23680584967087,20.784126516234487,20.84560178564391,25550736
2019-02-20,20.82883644104004,21.44917362979296,20.82883644104004,21.25357159591264,32575109
2019-02-21,21.208858489990234,21.208858489990234,20.82324380333868,21.041200665709194,28676909
2019-02-22,21.508121490478516,21.508121490478516,21.255844720102214,21.431852329417517,19781160
2019-02-25,21.17957878112793,21.637198915931673,21.167844768971868,21.560927202989014,14109588
2019-02-26,21.255844116210938,21.367315303110537,21.17370605086488,21.232376097540634,9124162
2019-02-27,21.068113327026367,21.337990608968653,21.068113327026367,21.249987395524688,11480349
2019-02-28,20.669164657592773,21.132651353626954,20.63396387462086,21.07985017916909,20408162
2019-03-01,20.44905662536621,20.889263886270374,20.44905662536621,20.8305688237784,18300555
2019-03-06,20.454923629760742,20.672092156693758,20.349273801869735,20.62513611389926,10921100
2019-03-07,20.736661911010742,20.859920931339023,20.349280767340318,20.425583728801247,21485645
2019-03-08,20.983171463012695,21.065343269358397,20.45492359290605,20.613398334457028,15369145
2019-03-11,21.669898986816406,21.728592785111907,21.03013100444906,21.04187001778754,22654901
2019-03-12,21.71685218811035,21.71685218811035,21.47620685755413,21.669898672231863,14852836
2019-03-13,21.951631546020508,22.110105064574178,21.54077239658955,21.61120394403831,25155772
2019-03-14,21.605335235595703,21.951630424307215,21.38816538954002,21.951630424307215,20177710
2019-03-15,21.59946060180664,21.81662786589587,21.4116389626194,21.558374697509223,21647098
2019-03-18,21.634681701660156,21.752071840597168,21.564250155091873,21.634681701660156,12806412
2019-03-19,21.129913330078125,21.716853887228257,21.129913330078125,21.716853887228257,39681965
2019-03-20,20.654489517211914,21.25903920865874,20.654489517211914,21.165128367630615,29664772
2019-03-21,20.290584564208984,20.78361551366744,20.01472219035441,20.724921715416738,35755214
2019-03-22,19.69189453125,20.026450546509103,19.580375859496964,19.985364653316076,34705489
2019-03-25,19.72124671936035,20.026455931318598,19.545164091416243,19.65668279315496,22557916
2019-03-26,19.926679611206055,20.02059044655459,19.66255499041428,19.95602650942806,18209236
2019-03-27,19.251699447631836,19.744730440834903,19.245829306247792,19.62147142413712,32088032
2019-03-28,20.014724731445312,20.155590372490206,19.16365820677332,19.310393989426707,35287058
2019-03-29,20.20840835571289,20.278841152014905,19.90906802013186,20.26123327003856,22320553
2019-04-01,20.058670043945312,20.43447699584051,19.964718305971513,20.375756366513567,19521136
2019-04-02,19.741592407226562,20.158503348607255,19.688744452055076,20.1115268244771,18533727
2019-04-03,19.5654239654541,20.076285181831327,19.47734365776537,19.98820614309188,22057470
2019-04-04,19.859033584594727,20.01757746930896,19.524331519909154,19.78269862706382,20454728
2019-04-05,20.287683486938477,20.358146994579954,19.847284343517284,19.96472436888621,18345649
2019-04-08,20.164365768432617,20.358140671499115,20.052798476906407,20.31703686572897,10412949
2019-04-09,20.05280303955078,20.09390558572375,19.735715378077114,20.082162726216954,15165318
2019-04-10,20.017576217651367,20.223095350383932,19.853160911465313,20.199608355893027,29815914
2019-04-11,19.55368423461914,19.98821063554065,19.44211691956082,19.859026493615545,13699556
2019-04-12,19.348167419433594,19.859028810222725,19.172008012863273,19.37752710903703,33375347
2019-04-15,19.336414337158203,19.571293014187972,19.166127708720087,19.518445089790177,18725884
2019-04-16,19.318809509277344,19.647640093443794,19.213113601809603,19.213113601809603,19252729
2019-04-17,19.019338607788086,19.49497022288571,18.790332485044676,19.377530176928897,40764433
2019-04-18,19.277706146240234,19.49496939724143,18.860795206252845,19.095674019269044,19844834
2019-04-22,19.224853515625,19.465603701110762,19.01933317665123,19.242469073355775,11401605
2019-04-23,19.471479415893555,19.641767396834766,19.377527645193187,19.377527645193187,15183786
2019-04-24,19.500839233398438,19.51845479397276,19.189624228853326,19.483223672824113,16595051
2019-04-25,19.800302505493164,19.847277738638255,19.166129878813408,19.38926445691383,22194223
2019-04-26,19.84728240966797,19.9177471793933,19.61827634938414,19.853155108286533,11411236
2019-04-29,19.688743591308594,20.02931830056358,19.606535946624625,19.9353665253605,12525541
2019-04-30,19.864896774291992,19.982335504711706,19.630016775553738,19.782689155418428,15296746
2019-05-02,19.997081756591797,20.10282328218296,19.73272476883201,19.77972213088386,16575223
2019-05-03,19.80322265625,20.138073179247808,19.76210059538117,20.091077082331804,35157216
2019-05-06,19.36849594116211,19.673973627820686,19.344997266953794,19.58585423429569,16586780
2019-05-07,19.1511287689209,19.221623494022772,18.76928117756652,19.209874161587148,32977891
2019-05-08,19.36849594116211,19.609352908504007,19.233380468732864,19.233380468732864,20450083
2019-05-09,19.127643585205078,19.309755192529764,18.939656672765725,19.133518890319742,24543499
2019-05-10,19.03951644897461,19.268625311044506,18.816281619734532,19.086512520149682,16418076
2019-05-13,18.739910125732422,18.828029497946027,18.59892065360515,18.634168656393005,21598945
2019-05-14,18.651803970336914,18.904411645009425,18.581309189118247,18.839790899928612,15113880
2019-05-15,18.71053695678711,18.71053695678711,18.293441342002133,18.51079956238331,23968388
2019-05-16,18.46969223022461,18.60480648616135,18.3052039852447,18.5049389858558,20413714
2019-05-17,18.50493621826172,18.7986659086602,18.275827262872934,18.42856741280725,26983074
2019-05-20,18.986650466918945,19.021897212930895,18.440314478120907,18.622426051216074,27380871
2019-05-21,19.720972061157227,19.732721399664104,19.010147872347588,19.033646549361347,26574515
2019-05-22,19.73859214782715,19.85608296675292,19.368493783088933,19.79733755729003,14927841
2019-05-23,19.69748306274414,19.809099921941243,19.46250000082712,19.61523892759753,17894262
2019-05-24,19.40374183654785,19.885458289243367,19.391992499956213,19.85608431300811,13072667
2019-05-27,19.474245071411133,19.72685274441036,19.403750290659428,19.579987877295128,12018297
2019-05-28,20.020578384399414,20.020578384399414,19.45661771469091,19.55061115964233,36895918
2019-05-29,20.396547317504883,20.49641604935143,19.88545939907434,19.88545939907434,31874349
2019-05-30,20.608030319213867,20.69027440033735,20.373046142136275,20.44941619011333,18068630
2019-05-31,20.561037063598633,20.7960212873919,20.41417351061846,20.496417608092354,20639521
2019-06-03,20.61686134338379,20.75791125132294,20.411163031782415,20.687386297353367,21458113
2019-06-04,20.581602096557617,20.74616077674253,20.428797789251124,20.68739018240692,18756361
2019-06-05,20.181961059570312,20.663882758064574,20.140821386893283,20.622743085387544,13815348
2019-06-06,20.393529891967773,20.505195773118785,20.205462510094296,20.387653341933813,12972736
2019-06-07,20.610986709594727,20.73440698569328,20.3759030699988,20.440551483656026,15132234
2019-06-10,20.352401733398438,20.49345170568562,20.046791766700423,20.481697329652214,20715092
2019-06-11,20.452312469482422,20.558100586027365,20.12319501361537,20.481697775176716,33011654
2019-06-12,20.334774017333984,20.640384051406937,20.258372461358586,20.452316533524677,19982721
2019-06-13,19.970378875732422,20.323004898488673,19.811698054531444,20.30537397836772,41781867
2019-06-14,19.97626495361328,20.02328118339016,19.6765328373726,19.92337090132884,21272188
2019-06-17,19.952747344970703,20.170200010013524,19.87046802684943,19.9233620556497,17717967
2019-06-18,20.469940185546875,20.469940185546875,20.087928731374937,20.187839009063136,25822203
2019-06-19,20.793180465698242,20.857827618276787,20.25836469857746,20.35827497351791,26374993
2019-06-21,21.263349533081055,21.263349533081055,20.863707130880954,20.91072336111643,31106515
2019-06-24,21.216339111328125,21.45142413703587,21.034148152901768,21.298618489308712,25737001
2019-06-25,20.951866149902344,21.29273926746553,20.851955852031224,21.157565839139174,26954749
2019-06-26,21.451416015625,21.451416015625,20.99887833800345,21.0694033109925,37241370
2019-06-27,21.304492950439453,21.4102823446664,20.98125329444676,21.275107642627113,23374129
2019-06-28,21.310365676879883,21.504310959713482,21.23984069678436,21.422031604592583,19957908
2019-07-01,21.213363647460938,21.61905187280329,21.131050204978393,21.61905187280329,18040532
2019-07-02,21.13692283630371,21.35446689240242,20.99581448321632,21.195717771659705,21334503
2019-07-03,21.501449584960938,21.54848399560456,20.948771754128295,20.98992972225134,19999036
2019-07-04,21.748395919799805,22.04825085474299,21.58376908308628,21.61904553633488,26215807
2019-07-05,21.989459991455078,22.01885873538368,21.560254593556827,21.66020625704924,16253791
2019-07-08,21.930654525756836,22.04824436273841,21.789546213146092,22.0306061413076,11237547
2019-07-10,21.87186050415039,22.177595617538124,21.724871931313814,22.065883489009718,25793198
2019-07-11,21.842466354370117,21.842466354370117,21.507332439658104,21.73663445808396,17322437
2019-07-12,21.436786651611328,22.024738720265564,21.436786651611328,22.01886100380673,21213498
2019-07-15,21.37798309326172,21.57788892529811,21.236876009043012,21.566128413385055,18855725
2019-07-16,21.460302352905273,21.5484934999882,21.289793962686467,21.401504866629384,20218045
2019-07-17,21.401493072509766,21.70723068446023,21.38973510643354,21.513205185472135,26198019
2019-07-18,21.971811294555664,21.971811294555664,21.436774231029005,21.44265194408226,18365476
2019-07-19,21.401493072509766,21.91889186198064,21.401493072509766,21.801302036562188,19425851
2019-07-22,21.76603889465332,21.901267022382793,21.53085655897287,21.57201327712953,21145292
2019-07-23,21.977697372436523,22.07764901479888,21.595526487984294,21.901261670847088,23938590
2019-07-24,21.960063934326172,22.195246291032834,21.830716052245048,22.0482576357369,16643203
2019-07-25,21.283910751342773,22.136443639121556,21.154560373077867,22.136443639121556,25357333
2019-07-26,21.66607666015625,21.801307278952976,21.172197495824623,21.448535176705192,26994858
2019-07-29,21.7542667388916,21.913015810520072,21.43089342389729,21.613158429460707,22919117
2019-07-30,21.03109359741211,21.63668502925322,20.966418401894508,21.63668502925322,50086077
2019-07-31,20.472536087036133,21.036970758330387,20.401980641364673,21.0134522764399,40269086
2019-08-01,20.51664924621582,21.246026169417622,20.51664924621582,20.71075842052064,37163986
2019-08-02,20.546066284179688,20.704882588030205,20.340194003890353,20.587240740237554,31506464
2019-08-05,20.26371192932129,20.422528118095567,20.022548159229718,20.11666131504453,24126781
2019-08-06,20.875455856323242,20.875455856323242,20.46959420539203,20.55194309353808,20106444
2019-08-07,21.646013259887695,21.646013259887695,20.563713105345467,20.628414913169504,36330551
2019-08-08,21.763643264770508,21.969515442246248,21.569536664441685,21.763643264770508,34212974
2019-08-09,21.59894561767578,21.76364336037991,21.38131040435657,21.757763114040152,13465478
2019-08-12,20.704879760742188,21.19897316596726,20.698998241164368,21.175445816525755,22939624
2019-08-13,21.11074447631836,21.246032149002282,20.657825484395385,20.693117147016206,15448455
2019-08-14,20.64605712890625,20.92251522833154,20.599001161355442,20.822520502829725,23531503
2019-08-15,20.587234497070312,20.86957408347374,20.475475474680422,20.86957408347374,21625004
2019-08-16,20.66960334777832,20.97648828377026,20.537222248117782,20.940384938574386,16250619
2019-08-19,20.579357147216797,20.98252010141826,20.404853196726794,20.85013761478912,25638203
2019-08-20,20.35068702697754,20.729780018869647,20.188219344946994,20.68164178354798,19603279
2019-08-21,20.507152557373047,20.66360354939591,20.314596890098844,20.573342511450793,22148790
2019-08-22,20.182212829589844,20.657585165536457,20.15814304793945,20.549272448476056,15354416
2019-08-23,19.947528839111328,20.398831237970533,19.81514768636146,19.911425479436787,29781924
2019-08-26,19.941511154174805,20.116013752318544,19.670730767261254,20.103980166542456,20180429
2019-08-27,20.176191329956055,20.416885189239224,19.905409600442177,19.947531058325882,32389410
2019-08-28,20.404844284057617,20.513156943922965,19.95354326843959,19.989647921849933,16420455
2019-08-29,20.51316261291504,20.741822880308117,20.18220774980451,20.489092837322914,19169793
2019-08-30,20.422903060913086,20.795979383975077,20.326625258175604,20.77792640196013,28678156
2019-09-02,20.16703987121582,20.582421001174456,20.16703987121582,20.407841318141006,9478791
2019-09-03,19.781763076782227,20.353664328489273,19.727582807564236,20.17306386474281,21658767
2019-09-04,19.92023468017578,20.05267440091466,19.75167432599472,20.034614734664185,17459076
2019-09-05,20.486106872558594,20.8653688107323,20.100826782756776,20.118886441403866,47627014
2019-09-06,21.172388076782227,21.208507391627233,20.618546440379856,20.618546440379856,24245520
2019-09-09,21.690107345581055,21.852646851137155,21.286766356117283,21.292785807791752,39482670
2019-09-10,21.268712997436523,21.84663390320742,21.12423309622904,21.738274627772288,25237235
2019-09-11,21.172388076782227,21.479408757667784,21.06402753036601,21.377068964352798,18544604
2019-09-12,21.304824829101562,21.431245015710207,21.1603449875318,21.37104529854621,15460578
2019-09-13,21.59379768371582,21.91887815642111,21.377077802226008,21.377077802226008,28419039
2019-09-16,21.20851707458496,21.443297932031424,21.015876304324212,21.389117634086762,22842752
2019-09-17,21.286775588989258,21.34095588132148,20.991795009245763,21.009854673042817,13879363
2019-09-18,21.220544815063477,21.455325534540744,20.967704440531165,21.292784736224075,15087367
2019-09-19,20.86537742614746,21.569718714557457,20.78109724974043,21.395138906689137,20381537
2019-09-20,20.919557571411133,21.130256709936518,20.841296850634446,20.997816991246605,37275926
2019-09-23,20.85332679748535,20.90148631668427,20.588446189539848,20.889446111649395,14969309
2019-09-24,20.636600494384766,21.00382210186867,20.534260728857905,20.961682045364643,11893780
2019-09-25,20.877416610717773,21.021897844272956,20.498155811900247,20.582435989415252,16169836
2019-09-26,21.47941780090332,21.491458011234343,20.829255549616164,20.997815892368177,21152430
2019-09-27,21.38910675048828,21.45532722549637,21.051986224542432,21.425227364385563,18327294
2019-09-30,21.088115692138672,21.545635854614396,21.088115692138672,21.40115594024744,18111458
2019-10-01,20.609317779541016,21.265781843428353,20.59727371363339,21.21157834085056,19370107
2019-10-02,20.04318618774414,20.440677938883365,19.946824590543656,20.386474459114478,26887449
2019-10-03,20.04920768737793,20.23590753279897,19.78421234317098,20.019093633537903,24835586
2019-10-04,20.145580291748047,20.175691759058175,19.736042991756285,20.013082547192354,28530639
2019-10-07,19.77217674255371,20.26000692310157,19.742062675829995,20.04921626502512,17645455
2019-10-08,19.687868118286133,20.037177371633266,19.60957385712289,19.946839040905303,16865951
2019-10-09,20.001035690307617,20.139555457712962,19.65172525543725,19.868539257114595,14097805
2019-10-10,20.145580291748047,20.21182786252748,19.880584802636662,19.93478830709141,12342562
2019-10-11,20.404542922973633,20.64544627787175,20.229887112161425,20.235910444395163,22626576
2019-10-14,20.74782943725586,20.802032918632765,20.308180857140105,20.362384338517007,11634550
2019-10-15,20.699655532836914,20.86226602602545,20.59124853737789,20.76590439689501,18101714
2019-10-16,20.994760513305664,21.06703270460122,20.374433965921458,20.75988044683857,20011385
2019-10-17,20.868289947509766,21.157374861070032,20.669544638842616,20.988742320201137,19322521
2019-10-18,20.621360778808594,20.850218814301382,20.567157285876487,20.850218814301382,12936707
2019-10-21,20.95862579345703,21.00078392111316,20.470795658722327,20.63340483596847,18556274
2019-10-22,21.609073638916016,21.61509697467303,20.880339815724316,20.940565364302543,40264667
2019-10-23,21.916217803955078,22.133029164091962,21.386229562405482,21.434409720047224,38952766
2019-10-24,22.018604278564453,22.181213470287762,21.759632156192882,21.958378748407544,30875043
2019-10-25,22.16314697265625,22.361893572951608,21.8861074402733,22.012581839644,21476581
2019-10-28,22.46427345275879,22.602791894107334,22.000534066553932,22.07280365230233,23766261
2019-10-29,22.066787719726562,22.422120201566003,22.02462958454228,22.33780393119743,18759987
2019-10-30,22.20530891418457,22.283601859700084,21.627140318114453,21.96440413944837,26711381
2019-10-31,21.819860458374023,22.08485463102098,21.488617417190742,21.862017291126374,29501393
2019-11-01,21.901199340820312,22.238604114029275,21.636095404436496,22.08797661112172,21479867
2019-11-04,21.97349739074707,22.142199765951474,21.834921555718324,21.961448337121627,11404098
2019-11-05,22.353076934814453,22.889310581408502,22.17232551245472,22.678432619951504,53231512
2019-11-06,22.05182647705078,22.509732203341795,22.033751593654404,22.3530788737818,21562009
2019-11-07,22.184371948242188,22.26269989902375,22.033747082751074,22.160271240622805,17776203
2019-11-08,21.852989196777344,22.16026730518787,21.70236175396181,21.907213826235495,17094704
2019-11-11,21.949398040771484,22.172325050780817,21.63006688888064,21.810819609514034,19804840
2019-11-12,21.57584571838379,21.865049093783682,21.346892829185947,21.702372520630632,22256652
2019-11-13,21.35893440246582,21.593913024865873,21.196256594180312,21.491485678002988,20040504
2019-11-14,21.497507095336914,21.56378206849124,21.184201895729725,21.38905524539455,15875935
2019-11-18,21.401121139526367,21.81082683439382,21.3770204215819,21.690325848746884,15120338
2019-11-19,21.1661376953125,21.449316511156102,20.997435311232277,21.389066031709568,20266650
2019-11-21,21.383033752441406,21.389059579790842,21.1058808493669,21.166131310639138,29530285
2019-11-22,21.527631759643555,21.58788220713838,21.214327870226395,21.24445179193708,18618589
2019-11-25,21.22036361694336,21.630069220254665,21.093836829066156,21.56379291173687,17224432
2019-11-26,20.786558151245117,21.14203781685714,20.696181126472165,21.087811862400862,29657861
2019-11-27,20.907054901123047,21.045632023017525,20.641951011677595,20.907054901123047,21942357
2019-11-28,20.846797943115234,20.90704839404328,20.497342984066325,20.756420964686363,17958276
2019-11-29,20.96729278564453,20.985367654169714,20.666038032697607,20.888966185308153,18729509
2019-12-02,21.26568031311035,21.410344335391795,21.000460767929642,21.04868297708935,18635470
2019-12-03,21.271699905395508,21.52486250603958,21.042647098194884,21.45253052051247,18127093
2019-12-04,22.03721809387207,22.043246519718227,21.277728921749613,21.33197824137254,38590319
2019-12-05,22.007078170776367,22.344628328888327,21.880496861484385,21.92269063124838,32944354
2019-12-06,21.6092529296875,22.109549772577513,21.6092529296875,22.001053733673768,32623828
2019-12-09,22.03118896484375,22.230103564645102,21.561030380782217,21.699667237038405,30252119
2019-12-10,21.711715698242188,22.16379279268566,21.567051757475216,22.03118309481751,24390430
2019-12-11,21.45855712890625,22.10352046567728,21.434446033442313,22.001050263853077,41970398
2019-12-12,21.452543258666992,21.75392692775283,21.307879201713725,21.669539344096897,26461781
2019-12-13,21.909637451171875,21.945840985791165,21.330369161497114,21.601900887037843,30880481
2019-12-16,21.4088191986084,22.10877055090861,21.4088191986084,21.988087709508296,24544972
2019-12-17,21.734655380249023,21.891541753678847,21.445021807092626,21.571736821342146,21811156
2019-12-18,22.012224197387695,22.17514277274676,21.559670715649325,21.6743174585991,45832002
2019-12-19,22.120838165283203,22.15100952848556,21.78896490582827,21.819136269030626,24986388
2019-12-20,22.02430534362793,22.14498563997042,21.90362243933504,22.10274727545551,28170345
2019-12-23,22.229455947875977,22.229455947875977,21.909650907790798,22.024298981764595,13246469
2019-12-26,22.567367553710938,22.567367553710938,22.114812565221822,22.20532408450968,18505402
2019-12-27,22.50701332092285,22.742341558987206,22.271685082858497,22.6276935324615,15244854
2019-12-30,22.3863468170166,22.68201798428942,22.241529936035306,22.531166305948354,10452831
2020-01-02,22.956787109375,22.956787109375,22.328992864627693,22.504049219468026,23414691
2020-01-03,22.715335845947266,23.08356302524587,22.606681211733207,22.636862184902014,28201956
2020-01-06,22.377275466918945,22.685137859992334,22.280692772603828,22.667028767870956,25259895
2020-01-07,21.858144760131836,22.479903079010953,21.858144760131836,22.3772831159101,22661019
2020-01-08,21.50200080871582,22.2203447514412,21.50200080871582,22.00303026671685,29436359
2020-01-09,21.073406219482422,21.689130074529473,20.837983965629157,21.604617882873935,54864165
2020-01-10,20.88627052307129,21.3993729649733,20.868161424145995,21.17602262838677,28915972
2020-01-13,21.163955688476562,21.369196986530504,20.970787561426093,21.13980934646962,33084393
2020-01-14,21.163955688476562,21.163955688476562,20.904387077660807,21.0794447959548,20884928
2020-01-15,20.904382705688477,21.091513555849126,20.765543224939446,21.06133128690408,37114247
2020-01-16,20.94663429260254,21.169984621050975,20.7776125634526,21.067364658210543,25897547
2020-01-17,21.09151268005371,21.30882579013579,20.964746373046946,21.06736634409941,22346045
2020-01-20,20.662919998168945,21.12772976603116,20.620664564726926,21.007000701626616,20759052
2020-01-21,20.222253799438477,20.813831129387722,20.186035604534716,20.530116283132728,30452887
2020-01-22,20.342981338500977,20.566331625941263,20.222250995059625,20.433529422207457,19763485
2020-01-23,20.825910568237305,21.013041443605903,20.16189534398933,20.22225989001098,37476920
2020-01-24,20.668954849243164,20.89834108874623,20.493895899752413,20.89230385352131,16718661
2020-01-27,20.222253799438477,20.578407644505088,20.16792650708284,20.367130492559664,16300584
2020-01-28,20.216222763061523,20.505974914954553,20.10152961059419,20.385244525540198,19471058
2020-01-29,19.902318954467773,20.397310907805462,19.872136693282805,20.33694638543553,22740896
2020-01-30,20.192073822021484,20.192073822021484,19.666898229857658,19.709153662301752,47347843
2020-01-31,19.811777114868164,20.155857870801015,19.64275535532286,19.9143984006652,28845953
2020-02-03,19.8691463470459,20.11675486119582,19.802714221499002,19.929538476580237,19924938
2020-02-04,20.026168823242188,20.207346536452327,19.869148486486377,20.146954400415172,17822429
2020-02-05,20.146953582763672,20.605935886176425,20.146953582763672,20.35832735541392,39419222
2020-02-06,20.098642349243164,20.3764483005157,19.995975443159384,20.352290920814042,30010677
2020-02-07,20.35832405090332,20.62405122268843,19.929536578784713,19.959732640676453,42053561
2020-02-10,20.70256233215332,20.877701331879766,20.340208256181988,20.37040301532288,52133635
2020-02-11,21.179656982421875,21.40914935158798,20.919969863092113,21.234010403932317,108217248
2020-02-12,21.095125198364258,21.427284695025865,20.992458263346705,21.240068212323454,75093200
2020-02-13,20.769006729125977,21.010577995984775,20.65426109517265,20.962263220573305,22982338
2020-02-14,20.418724060058594,20.77504086022096,20.33417453207073,20.696530024904124,35695618
2020-02-17,20.231491088867188,20.527415519199426,20.146942929612457,20.527415519199426,36522255
2020-02-18,20.316057205200195,20.37644935247331,19.911426947252714,20.15903553413183,27135350
2020-02-19,20.605937957763672,20.78711568183526,20.243583814719244,20.352289405083194,22404168
2020-02-20,20.53346824645996,20.69652859852676,20.430801342435768,20.67237121930972,54393857
2020-02-21,20.338478088378906,20.47539631068959,20.195336921835857,20.400712910382016,22094859
2020-02-26,19.324050903320312,19.666345235854063,19.149792263831205,19.355168325383318,39916949
2020-02-27,19.336496353149414,20.120660158341433,19.025319471452136,19.10622583727109,69123763
2020-02-28,19.915292739868164,19.965081708061973,19.168468976327436,19.35517491721262,63523344
2020-03-02,19.849897384643555,20.10518057336648,19.47008351389671,19.881029382374376,58095028
2020-03-03,19.48876953125,19.905940038420717,19.277070000533698,19.70669492512676,49501903
2020-03-04,19.675569534301758,19.81877654510331,19.25839754130267,19.806324814595396,35383476
2020-03-05,19.003114700317383,19.607080202036126,18.79141507775736,19.463871831708946,34451470
2020-03-06,18.5983829498291,18.897252562161665,18.25592826979494,18.43026854060134,36741263
2020-03-09,17.309513092041016,17.714231845887983,17.041775428541186,17.43404111134739,53794386
2020-03-10,17.7391414642334,18.4925409726597,17.1725340213715,18.36801158339921,50493617
2020-03-11,16.29461097717285,17.521220990761194,15.584796298169447,17.30952270218646,54658299
2020-03-12,14.694413185119629,15.29215282019543,13.953466525455172,14.445355676613694,66265997
2020-03-13,16.319503784179688,16.923468824869037,14.725535329732772,16.774033357198824,101625228
2020-03-16,14.818939208984375,15.97705763584924,14.146482610341332,14.63214578411414,70717328
2020-03-17,15.690640449523926,16.630833407630057,14.632145306820838,15.261016797332385,79869022
2020-03-18,14.6010160446167,15.099131024804914,13.4117640737864,14.924790647183919,94874360
2020-03-19,14.227433204650879,14.775360646853711,13.156484480041225,14.17762223061043,83448395
2020-03-20,13.72930908203125,14.924786593558688,13.449119649969727,14.563652860064522,83160613
2020-03-23,12.776664733886719,14.003272934348763,12.452888867141457,13.860064610787546,60567800
2020-03-24,14.009502410888672,14.495164271275033,13.386858068601565,13.51138612972834,58312904
2020-03-25,14.694413185119629,15.39800195856141,13.704407671397938,13.841390175684547,49727030
2020-03-26,15.09913158416748,15.454039563501686,14.769131103981966,15.086678507368758,57531134
2020-03-27,14.302140235900879,14.955917722652929,14.01572363721722,14.33327224087943,47564812
2020-03-30,15.011958122253418,15.186298468358569,14.214973490694026,14.389313836799175,34245491
2020-03-31,14.376862525939941,15.09913014711432,14.202522158453101,14.912338049565092,46028351
2020-04-01,13.333255767822266,13.943843693265476,13.202414151658672,13.844155676356781,50241525
2020-04-02,13.39555549621582,13.70707925983405,13.177488457755477,13.320788500379177,44364087
2020-04-03,12.8721923828125,13.383093420853799,12.467210575129863,13.345709925475706,42366382
2020-04-06,13.81922721862793,14.130752301878427,13.638543693625767,13.79430488882585,44533358
2020-04-07,14.330130577087402,14.878413843316315,14.28028590938002,14.641654364557013,43110310
2020-04-08,15.065333366394043,15.196172293985317,14.29275154669013,14.33636497136249,46392951
2020-04-09,14.641654014587402,15.389313240924283,14.641654014587402,15.239780587801697,42268831
2020-04-13,14.953181266784668,14.953181266784668,14.342593385161031,14.610505163830966,24475859
2020-04-14,15.140095710754395,15.669687995917931,15.140095710754395,15.239783717835493,38256991
2020-04-15,14.579352378845215,15.252244736991539,14.560659952033761,14.859723970335248,39479498
2020-04-16,14.21175479888916,14.841035182135592,14.205524886606879,14.766269502619123,35203782
2020-04-17,14.467206001281738,14.7101954789883,14.087146330196994,14.604276194659924,28510925
2020-04-20,14.105833053588867,14.311438953309077,14.018606226651476,14.155676377656464,32385445
2020-04-22,13.937613487243652,14.411131266707827,13.837925462807728,13.956304571067305,54442009
2020-04-23,13.738232612609863,14.168136814524587,13.607392378952174,14.118293493027776,46968628
2020-04-24,13.009264945983887,13.594930331146328,12.6915099210563,13.545087012878902,77972720
2020-04-27,13.439168930053711,13.794306102054923,13.146334895187016,13.420476507845542,43526121
2020-04-28,14.548192977905273,14.710186764695349,14.074676820903747,14.317666154663785,66017077
2020-04-29,14.741344451904297,15.027947292742105,14.429819273665228,14.953180280538314,35725869
2020-04-30,14.186834335327148,14.535741750438246,13.993688197372167,14.074685138634045,52450082
2020-05-04,13.647540092468262,13.772231244491328,13.57895915046759,13.684946899149859,36303925
2020-05-05,14.152543067932129,14.570261440119241,13.660009726324565,13.840813804128,58831591
2020-05-06,13.865751266479492,14.202420650750314,13.716121327234774,14.090197522660041,33059693
2020-05-07,13.366976737976074,14.015375039280682,13.173704724456893,13.953029489238252,59143166
2020-05-08,13.915627479553223,14.196185272933063,13.653774437274263,13.728589399737775,40499198
2020-05-11,13.95302963256836,14.358278406632495,13.822101820433929,13.822101820433929,43299294
2020-05-12,13.472966194152832,14.127599943959321,13.460498160373554,14.034080259424284,49000210
2020-05-13,13.466734886169434,13.678710365438072,13.217351256099347,13.554019224059624,39327676
2020-05-14,14.059020042419434,14.08395880641461,12.924322448395122,13.285930484386128,69987336
2020-05-15,13.485442161560059,14.196187799754476,13.485442161560059,14.02785309376418,42790577
2020-05-18,14.133840560913086,14.30217526329547,13.722356181971772,13.996679999475017,56197819
2020-05-19,13.522844314575195,14.165007364281523,13.472966788007918,14.108895820549828,46319079
2020-05-20,13.466734886169434,13.68494573089491,13.31710497759002,13.672476347294428,46901668
2020-05-21,14.239826202392578,14.239826202392578,13.535316118402935,13.54155013668295,68890818
2020-05-22,14.314644813537598,14.557793145557248,13.847048861800317,14.090198541133534,58072141
2020-05-25,14.938102722167969,15.081498633032597,14.58272995452229,14.906929932382335,31903240
2020-05-26,14.345816612243652,15.224895539315119,14.252296889458957,15.168783975106995,60124797
2020-05-27,14.794707298278809,14.794707298278807,14.439334518935848,14.738595735892371,41286633
2020-05-28,14.532859802246094,14.99422051643257,14.532859802246094,14.645082969980955,27099660
2020-05-29,14.36451530456543,14.5266159245617,14.1587738681862,14.451799631957407,61146310
2020-06-01,14.76066780090332,14.879202058392517,14.161755739604486,14.24285883588157,44437732
2020-06-02,15.752616882324219,15.78380996950654,14.866726195754913,14.972782961812934,65499523
2020-06-03,16.170610427856445,16.700897104047325,16.0957467278722,16.407680384029433,66527720
2020-06-04,16.638507843017578,16.73832654064808,15.896107711843426,16.077028174417546,50233367
2020-06-05,17.00658416748047,17.90495088520532,16.956675504580407,17.56806370310612,73266011
2020-06-08,17.692840576171875,17.767704258129978,17.162554027666683,17.224941552790696,35987818
2020-06-09,17.343475341796875,17.61797505188062,17.00658676014827,17.19998606032225,58505854
2020-06-10,16.588594436645508,17.57430370617454,16.519968843235855,17.536871196626407,55794358
2020-06-12,16.257944107055664,16.451343369661572,15.98344445029385,16.164364862458285,61413132
2020-06-15,15.87739372253418,16.214281046870617,15.615370098251281,15.65904070229843,42389042
2020-06-16,16.33281135559082,16.576119312305543,16.03335530515804,16.532448722546008,43066689
2020-06-17,16.53868865966797,16.806950306266444,16.314096259547618,16.332813191684814,40552449
2020-06-18,17.187517166137695,17.41210831822697,16.420161703831145,16.53245795397146,61149709
2020-06-19,17.5244083404541,17.617987670252855,17.20623646203172,17.530647771355667,70349896
2020-06-22,16.98163414001465,17.617976131915682,16.78823482798471,17.49320377389973,33178998
2020-06-23,16.757049560546875,17.31229004855782,16.569889587967303,17.28109694449312,67533031
2020-06-24,16.12070655822754,16.794482755684726,15.97097776535292,16.713379603369663,64993751
2020-06-25,16.31409454345703,16.426390731704693,15.914821154851769,16.239230867355456,52542988
2020-06-26,16.03959846496582,16.357768823114895,15.933540330725222,16.03959846496582,44938632
2020-06-29,16.519975662231445,16.544930678897618,16.064554023124682,16.158134661527292,34859350
2020-06-30,15.87739372253418,16.41391847914074,15.87739372253418,16.35777036705283,51811183
2020-07-01,16.292510986328125,16.36117708463329,15.942940084390925,15.980393338749195,44340408
2020-07-02,16.57341194152832,17.010376816470576,16.486019236337057,16.542201802801088,47130873
2020-07-03,16.542198181152344,16.660802348090304,16.354927946887173,16.473532113825133,11603506
2020-07-06,17.310014724731445,17.384922587534398,16.760688598861325,16.929230952921383,33275416
2020-07-07,16.461055755615234,17.29752981086447,16.429844258611155,17.12274299946621,73551300
2020-07-08,16.81686019897461,16.898011130605465,16.54219862034483,16.63583306547057,38509083
2020-07-09,16.82309913635254,16.960429891640203,16.59213261015412,16.8667954697148,49262840
2020-07-10,16.97916603088379,17.04783347052542,16.61711165048543,16.823108573465912,27255901
2020-07-13,16.72947883605957,17.197655425589847,16.72947883605957,17.13523241991378,28077666
2020-07-14,17.01036834716797,17.116487622354157,16.504738990599215,16.69825092746468,32228524
2020-07-15,17.128986358642578,17.35371129873503,16.898019658652615,17.19141070254957,36201842
2020-07-16,16.84183692932129,17.054076981801135,16.804383675286534,16.960441148741758,22066534
2020-07-17,16.991649627685547,17.104010709913283,16.85431746753868,16.922983547612116,36778199
2020-07-20,17.041587829589844,17.185161748260782,16.829347830470653,17.010376342745886,32553016
2020-07-21,17.34122657775879,17.503527175327587,17.0790470290875,17.228864106754862,42023423
2020-07-22,16.89801788330078,17.384920969688142,16.710747569227657,17.384920969688142,51680208
2020-07-23,16.542198181152344,16.94170702499524,16.51722845685415,16.916737300697044,33214348
2020-07-24,16.523481369018555,16.779417843402644,16.298757745572924,16.448573494536678,34212861
2020-07-27,17.35370445251465,17.42861228666474,16.567168821474088,16.623350034333118,56040672
2020-07-28,17.253829956054688,17.64085540840786,17.17892075961002,17.303768071365063,26941380
2020-07-29,17.659582138061523,17.784429450559134,17.40364575448516,17.57218942400902,30774772
2020-07-30,17.35995101928711,17.622129185938235,17.116499479115006,17.397405621231357,32962255
2020-07-31,16.785648345947266,17.466061815026674,16.72322403994208,17.441093441610143,34987266
2020-08-03,17.03860855102539,17.30717959784551,16.551435141294725,16.926183398880273,37612314
2020-08-04,16.04551887512207,16.670102333871704,15.870635938588537,16.395284748189134,90419518
2020-08-05,16.033039093017578,16.426525962802945,15.839417605690185,16.332837841574307,56571143
2020-08-06,16.257890701293945,16.426528536079505,15.870649015715857,16.0517786919381,33894374
2020-08-07,15.914359092712402,16.520202820882044,15.864391764777544,16.00804580798216,75467317
2020-08-10,16.12047576904297,16.289112176929148,15.870641754100463,15.93934617569661,34110211
2020-08-11,15.933100700378418,16.42027418796043,15.933100700378418,16.31409561048854,29715757
2020-08-12,15.75196647644043,16.151699697152203,15.558346456886197,16.045519801172606,56153519
2020-08-13,15.302270889282227,15.958083443640222,15.302270889282227,15.90187086185302,46391704
2020-08-14,15.445918083190918,15.745717935902452,15.221069205961095,15.345984798953738,34715799
2020-08-17,15.077411651611328,15.458406280301167,14.896282194696706,15.439667865964335,42819015
2020-08-18,15.173133850097656,15.423515244113817,15.054202789392754,15.410995971507457,47555975
2020-08-19,15.098018646240234,15.285805018474006,15.035423639730176,15.223208659260347,31101529
2020-08-20,15.098018646240234,15.173132924593022,14.73496517361542,14.835117995653672,37688678
2020-08-21,15.072978973388672,15.17313178792415,14.903970845228148,14.96656719975251,26907617
2020-08-24,15.32336139678955,15.54244662377369,15.166872528673851,15.179391800447538,37897717
2020-08-25,15.210692405700684,15.46107518683199,15.098021642165854,15.423517363851131,36263931
2020-08-26,14.891450881958008,15.248243966582102,14.716182466063211,15.210686159025364,34718858
2020-08-27,15.135576248168945,15.33588053671507,14.897712791921071,14.954048838066527,39986969
2020-08-28,15.292059898376465,15.373434467293041,15.116792844743758,15.21068532945989,63602201
2020-08-31,14.741223335266113,15.204429604856566,14.741223335266113,15.129315330569591,51036438
2020-09-01,15.245433807373047,15.245433807373047,14.863358858556817,14.951048235451209,63655112
2020-09-02,15.214110374450684,15.3143269590859,14.969832534000146,15.251692101275692,28518629
2020-09-03,15.583661079406738,15.972000254141673,15.13268703420539,15.157741523817986,91774926
2020-09-04,15.633780479431152,15.840476772597153,15.376975173639467,15.759051657429385,47223326
2020-09-08,15.283012390136719,15.514763031680447,15.201585976894036,15.38322899352577,33126654
2020-09-09,15.301801681518555,15.539815254609453,15.132685919439245,15.408282577745519,33617016
2020-09-10,14.976099967956543,15.445864207032637,14.969835668724876,15.283012730485666,41152259
2020-09-11,14.80072021484375,15.076315522699751,14.675449128158297,15.001153412114476,26452944
2020-09-14,15.063791275024414,15.17027084006973,14.606552868203131,14.90093977743591,49272923
2020-09-15,14.863351821899414,15.17652743958674,14.781925430375772,15.138947069317904,33112604
2020-09-16,14.819517135620117,15.170274713387238,14.806989885904775,14.882152030631215,29033351
2020-09-17,14.838300704956055,14.925990060225905,14.65039475029709,14.719293916170546,28402837
2020-09-18,14.468751907348633,14.794454813466242,14.424907233311075,14.719292708482556,44287157
2020-09-21,14.343486785888672,14.41864892208216,14.061628436771725,14.249534454038175,41436302
2020-09-22,14.468751907348633,14.60028592946131,14.255791481924108,14.312163399053096,30894983
2020-09-23,14.080416679382324,14.48754610139386,14.074152379321918,14.35601204290853,27895932
2020-09-24,14.424917221069336,14.619086239516164,14.042840779709557,14.092949786770566,45360901
2020-09-25,14.349748611450195,14.3935932961302,14.16810557288148,14.287112380789317,24666882
2020-09-28,14.343486785888672,14.96983972558835,14.143053520329063,14.562710247105286,66094801
2020-09-29,14.030308723449707,14.349750150160544,13.96767383963777,14.34348584964013,30706679
2020-09-30,14.09294605255127,14.21195288243908,14.011519614435676,14.143053692769383,25282781
2020-10-01,14.114884376525879,14.165025448219607,13.901781774273275,14.133687109102457,23197155
2020-10-02,14.158761978149414,14.616304285446242,14.002068887635028,14.014604497412448,40201106
2020-10-05,14.309176445007324,14.421995498575445,14.002058963769183,14.240231317330368,25874887
2020-10-06,14.334258079528809,14.653911394309388,14.233974553865398,14.472147080772912,23946974
2020-10-07,14.227703094482422,14.41573585091587,14.146223678127825,14.371860547804385,25827981
2020-10-08,15.086379051208496,15.218000882857142,14.165024875199466,14.240237156931762,71616250
2020-10-09,15.04250717163086,15.424838501905883,14.785531930180712,14.979830481687236,55458763
2020-10-13,14.898345947265625,15.123984141358966,14.804330936039047,15.02996913013239,35136596
2020-10-14,14.854480743408203,15.02370811863621,14.829409519496963,14.973567025282875,24984802
2020-10-15,14.722846031188965,14.873270534751601,14.578688650913117,14.704043306860626,24705404
2020-10-16,14.484679222106934,14.69778183241808,14.472143615092323,14.67271061838886,24088939
2020-10-19,14.641368865966797,15.011164446078086,14.378125243413828,14.572423720688173,43371919
2020-10-20,15.224262237548828,15.293207367363479,14.729113436500679,14.741649037782253,51806311
2020-10-21,15.362154960632324,15.631665690766527,15.086375751618132,15.20546195118758,43210807
2020-10-22,16.151891708374023,16.24590673587993,15.3872304625574,15.399766070451928,75295554
2020-10-23,15.945051193237305,16.484073990516375,15.926247111674568,16.233365996205496,57271110
2020-10-26,16.057876586914062,16.20830117183087,15.769561670432932,15.85730957071252,36406802
2020-10-27,15.600327491760254,16.402593919007,15.474972812250236,16.358719984348728,53568353
2020-10-28,14.904608726501465,15.305742538362951,14.873270401412528,15.19919060769902,43793395
2020-10-29,14.979830741882324,15.067578651115078,14.440807677385573,14.779263705216362,48676512
2020-10-30,14.716584205627441,14.99863061591505,14.559892507950202,14.82313618541026,44402270
2020-11-03,15.077198028564453,15.25280588630035,14.870231818423367,14.989394099696504,42419859
2020-11-04,15.679291725158691,16.14339884371198,15.597758880691762,15.99287677356798,109894315
2020-11-05,16.049325942993164,16.268837287540112,15.936434704159781,15.999152812030873,50004728
2020-11-06,16.03050994873047,16.193574305917092,15.84235835033529,15.898803965387293,36059991
2020-11-09,17.328746795654297,17.573343892888015,16.77056475364271,16.77056475364271,113427009
2020-11-10,18.11270523071289,18.28204193969395,17.341284704243705,17.341284704243705,96471437
2020-11-11,17.962196350097656,18.187977420911228,17.69251193612487,18.037456707035513,69702386
2020-11-12,17.523178100585938,18.093903995357763,17.30366678572391,17.82422091165285,52200255
2020-11-13,17.855579376220703,17.937112234371337,17.554537896077314,17.66742912879834,41748557
2020-11-16,18.482744216918945,18.558004554086025,18.12525592120792,18.200516258374996,61190157
2020-11-17,18.495290756225586,18.570552466139755,18.12526011481829,18.420031756979878,45997873
2020-11-18,18.04372787475586,18.545465847567286,18.006098373878924,18.45766187174207,46844791
2020-11-19,18.06881332397461,18.438845296426457,17.98100935683928,18.12525892503791,30181873
2020-11-23,18.125263214111328,18.31968729830008,18.01864447316988,18.093904840618812,31243381
2020-11-24,18.63326644897461,18.928036692243953,18.250692245781032,18.250692245781032,53998780
2020-11-25,18.41375732421875,18.683441701242497,18.144072947195003,18.576821634465297,47849082
2020-11-26,18.024911880493164,18.40121499530105,17.949651528598423,18.369856628289426,34762819
2020-11-27,18.162883758544922,18.683437651948758,18.125254271054192,18.219330700448605,50016285
2020-11-30,17.91202163696289,18.31341200907073,17.91202163696289,18.169162428802867,67854576
2020-12-01,18.66816520690918,19.119966078337427,18.159889057046556,18.228914548027095,58196205
2020-12-02,18.8124942779541,18.975644360709108,18.473642541408708,18.774843632988947,36436713
2020-12-03,18.799930572509766,19.377231911433526,18.762279954561944,18.912879714261177,45192877
2020-12-04,18.98818588256836,19.08231041781886,18.605409246829065,18.963085464083008,39764447
2020-12-07,19.101137161254883,19.4901868828534,18.843861251773255,18.98191220282803,34741292
2020-12-08,19.050935745239258,19.534111347202295,18.944260999780152,19.101136582664523,31536148
2020-12-09,19.163896560668945,19.28939736555514,19.00702089357298,19.069770617992518,35784218
2020-12-10,19.79765510559082,19.904331171695308,19.301929458780602,19.301929458780602,57185795
2020-12-11,19.68067741394043,19.793855983096773,19.372577555791658,19.598936052904833,27197665
2020-12-14,19.416595458984375,19.888176768755674,19.416595458984375,19.787572520479,30308089
2020-12-15,19.5926513671875,19.743557051062904,19.416594283065976,19.416594283065976,28385955
2020-12-16,19.963632583618164,20.234006795838297,19.504625547681904,19.64295691918084,46688550
2020-12-17,19.9384822845459,20.215143684095466,19.850453719180173,20.05166225681641,20237079
2020-12-18,19.90703773498535,20.196274751242086,19.8127206667796,19.944764834027776,35932075
2020-12-21,19.554933547973633,19.806443593404467,19.435466378304085,19.523494962144945,26583352
2020-12-22,19.64924430847168,19.900755648742113,19.586367152804552,19.59894285569817,22273647
2020-12-23,20.08309555053711,20.152261221921595,19.661815710359846,19.69325428131625,22613773
2020-12-28,20.22772216796875,20.39120361771931,20.127117885321976,20.259160751520643,17498731
2020-12-29,20.1837100982666,20.366054446435292,20.076818630678105,20.290602924656454,18563298
2020-12-30,19.8881778717041,20.328320633073293,19.8881778717041,20.24657925219009,29055105
2021-01-04,19.438392639160156,20.124083482715363,19.40064898726288,20.1177933272144,35517057
2021-01-05,19.31258201599121,19.539048045140984,18.979172449139668,19.33145384522553,32007023
2021-01-06,19.87874984741211,20.16812289077884,19.369198204631854,19.488723419297244,48789132
2021-01-07,20.65250587463379,20.797193038820236,19.815836384434665,19.91019822863898,52265063
2021-01-08,20.646221160888672,21.036247617146998,20.400881916477047,20.71541968817321,59519322
2021-01-11,20.180694580078125,20.570719429520324,19.95422731058047,20.426032309440217,35762351
2021-01-12,20.243608474731445,20.413457625503497,20.142956471577833,20.243608474731445,37490176
2021-01-13,19.91019630432129,20.463781567849217,19.66485716443689,20.243605765246695,48404705
2021-01-14,20.50153350830078,20.72170939997631,19.922784673355906,20.142961924477543,31976092
2021-01-15,19.727766036987305,20.37571183819007,19.721475881787377,20.161827529152916,42778794
2021-01-18,19.627111434936523,20.08633481464287,19.58936643301958,19.916484345184756,21439532
2021-01-19,19.394357681274414,19.88503603679168,19.218217012000682,19.809547372738045,30824398
2021-01-20,19.073532104492188,19.564209123860334,18.941425236818873,19.532755625631765,32848502
2021-01-21,18.815603256225586,19.1615943337481,18.652044307386976,19.07352538539994,39282922
2021-01-22,18.413000106811523,18.538815438009273,18.230569303992667,18.400418437747188,41696212
2021-01-26,17.801864624023438,18.810111768532824,17.73254728388222,18.268179047514806,57774842
2021-01-27,17.801864624023438,18.268179047514806,17.5561041357266,17.713643049945627,48685803
2021-01-28,18.520227432250977,18.671465282427704,17.78924880203132,17.827058605020337,58947950
2021-01-29,17.858564376831055,18.62105042203301,17.827056891591514,18.413099930028697,52468890
2021-02-01,18.33458709716797,18.548952053676697,18.12022077815856,18.284147322106612,52534944
2021-02-02,17.943679809570312,18.473289140457055,17.65365526289414,18.334582518677337,113671397
2021-02-03,17.85541343688965,18.22109630263455,17.786059437567214,18.1328280716789,46949933
2021-02-04,17.779756546020508,18.006731430969392,17.57800018439889,17.9878171978488,74160061
2021-02-05,17.7040958404541,17.937377726800534,17.584303433614412,17.849108131628626,44519988
2021-02-08,17.376251220703125,17.779764115741674,17.344727031247206,17.653665995416837,32786187
2021-02-09,17.58431053161621,17.912165072807756,17.168189084624352,17.332115673969597,42778341
2021-02-10,17.458208084106445,17.773452575116206,17.26275737168078,17.590610443330398,32474159
2021-02-11,17.458208084106445,17.735622745694815,17.338415668022954,17.64735450621218,25381012
2021-02-12,17.502338409423828,17.716704671336903,17.275362207104067,17.357326138497385,28173404
2021-02-17,17.723012924194336,17.830195397873,17.42668402711175,17.527562210427217,27915647
2021-02-18,17.59691047668457,17.96889894058633,17.53386213873523,17.60321612797967,55882732
2021-02-19,17.414072036743164,17.77975489733551,17.237535577319303,17.58430284404448,30505118
2021-02-22,16.146793365478516,16.77728099643717,16.096353592001467,16.739451166329385,97990677
2021-02-23,17.18079376220703,17.29428052771378,16.298109987428134,16.335939817597477,86633938
2021-02-24,16.928598403930664,17.35102399931219,16.77728045092029,17.29427993724587,40386578
2021-02-25,16.398988723754883,17.06100191773624,16.3800744892842,16.960123729724803,46423088
2021-02-26,16.200517654418945,16.733137052527397,16.17515443443925,16.61266381299013,54721294
2021-03-01,15.715171813964844,16.476504610131858,15.715171813964844,16.4320935760571,51129457
2021-03-02,16.349607467651367,16.698551726092347,15.175886868203571,15.436009101337623,75324899
2021-03-03,16.387680053710938,16.679524363748584,15.74689271176031,16.34961423912738,69736603
2021-03-04,16.901573181152344,17.193417381752877,16.451119194180958,16.508219265694006,74479227
2021-03-05,17.529680252075195,17.65022429077897,16.82544755726963,16.95868202968369,87989913
2021-03-08,16.971364974975586,17.751730456454766,16.850820969983914,17.06653223279206,64742225
2021-03-09,17.206111907958984,17.48526714017158,16.71759059434926,16.88889086333743,42477076
2021-03-10,17.33299446105957,17.44084938267165,16.882539133652486,17.19976142693332,42320722
2021-03-11,17.358381271362305,17.688292812267473,17.11729317577932,17.51064866372221,39134159
2021-03-12,17.244173049926758,17.45353905797257,17.16804008073272,17.22514015039045,27834637
2021-03-15,17.447195053100586,17.5042937511792,17.117283694925426,17.225139990409993,31826649
2021-03-16,17.091909408569336,17.4725770783319,16.88254335559166,17.453542803661854,24795138
2021-03-17,17.758071899414062,17.796137697615563,16.984050426381952,17.04115049473298,40771231
2021-03-18,17.85957908630371,18.221210945625963,17.662900811293053,17.720000867196244,51899784
2021-03-19,17.89764976501465,18.13239389404966,17.60580556447935,17.916682665165126,53595885
2021-03-22,17.999168395996094,18.00551361273868,17.447203091862296,17.758080322865148,40546557
2021-03-23,17.542362213134766,18.09432867465891,17.536018369897224,17.764417292182152,35929469
2021-03-24,17.237831115722656,17.637531679373904,17.237831115722656,17.536020577452057,45459132
2021-03-25,17.542362213134766,17.561395113896285,17.04749582494408,17.12997401332549,58976162
2021-03-26,17.841503143310547,17.866927820979893,17.472850811362754,17.491918632832547,37105863
2021-03-29,17.835145950317383,17.930486422087803,17.542766305851874,17.87328158959983,25971872
2021-03-30,18.12752342224121,18.1465912395972,17.688954008104474,17.695309489368423,27019104
2021-03-31,17.777938842773438,18.10209860301279,17.593612031282372,17.994044433890256,33286180
2021-04-01,17.23421287536621,17.88924093688307,17.23421287536621,17.88924093688307,36071207
2021-04-05,17.456787109375,17.54581846899543,17.246923058587015,17.399550209795297,27186335
2021-04-06,17.253280639648438,17.571254050894158,17.138809606907508,17.48858159614876,26249344
2021-04-07,17.100658416748047,17.39319359921831,16.9480298712185,17.18333089520432,35444885
2021-04-08,16.967103958129883,17.234202132497835,16.960745066773992,17.176966613090254,30197509
2021-04-09,16.941667556762695,17.16425076816604,16.852636196223166,16.871714246745828,23231598
2021-04-12,17.361392974853516,17.361392974853516,17.02434011151342,17.04341816059269,28113582
2021-04-13,17.355039596557617,17.450431246558885,17.094300221004886,17.278724627394656,30517241
2021-04-14,17.577617645263672,17.863793907014255,17.202407272284795,17.399550797108414,45978612
2021-04-15,17.577617645263672,17.857433640490147,17.418630222379424,17.590335429709246,33895961
2021-04-16,17.774765014648438,17.870158038732377,17.48222842310006,17.48222842310006,22814088
2021-04-19,17.50766372680664,17.78112221609951,17.456788463890103,17.73024557888159,30561428
2021-04-20,17.418630599975586,17.66665076516331,17.342317020141216,17.43134975899821,22424902
2021-04-22,17.42498779296875,17.628491568881323,17.316877013271977,17.507661631402364,27442166
2021-04-23,17.50766372680664,17.74296473818607,17.424989878478208,17.456788463890103,19459161
2021-04-26,17.494943618774414,17.711166566622328,17.3486753561569,17.596695513391,23160786
2021-04-27,17.22784996032715,17.647575433948713,17.183333580570267,17.46950991492118,33665508
2021-04-28,17.977588653564453,18.034943759458177,17.486885541906826,17.537867093160934,42502908
2021-04-29,17.410417556762695,18.066812621111517,17.378553905876068,17.95847593266239,37968076
2021-04-30,17.54424476623535,17.582480594358483,17.174623957065357,17.321197844940777,48196913
2021-05-03,17.789724349975586,17.974636132003297,17.585684238056462,17.662198935545334,46978032
2021-05-04,17.03095054626465,18.07665510337684,16.992693885861005,17.917250055156295,89509379
2021-05-05,17.51555061340332,17.63032338412772,16.909807118708983,17.152105343340896,56856659
2021-05-06,17.40715217590332,17.611192319368808,17.273251090114737,17.445408841600965,27016611
2021-05-07,17.617572784423828,17.66220649188136,17.368898877753644,17.477296008667498,30255405
2021-05-10,17.878992080688477,18.006516119720395,17.547426547774382,17.64307095497155,32535114
2021-05-11,17.84073829650879,17.955511061344694,17.67495617948113,17.687708862009956,28633629
2021-05-12,17.57931137084961,17.72596513839195,17.458162965816395,17.662201732119136,26098428
2021-05-13,18.08940887451172,18.216934298707518,17.579309933575143,17.604815293998964,48363464
2021-05-14,18.49111557006836,18.60588833558736,18.07028393373011,18.274324099558655,50573834
2021-05-17,18.47837257385254,18.510252227813123,18.08942040225547,18.408233476951533,42125619
2021-05-18,18.440105438232422,18.65052124750867,18.287076009290335,18.36359072376138,29956293
2021-05-19,18.574005126953125,18.644144184043395,17.98101441228858,18.191430205635985,29980879
2021-05-20,18.676025390625,18.95020321438113,18.529371623342076,18.61226198446498,36382216
2021-05-21,18.76529312133789,18.797174136033853,18.452857248224657,18.70153109194597,31633020
2021-05-24,18.714282989501953,18.873689445964974,18.618639942378234,18.82268009641702,28429122
2021-05-25,18.521873474121094,18.764574723761253,18.381363386616233,18.726253037960515,38124430
2021-05-26,18.77735137939453,18.88592743480114,18.572971785510266,18.572971785510266,23792660
2021-05-27,18.61768341064453,18.841223204266026,18.438851575747336,18.77735508615019,67821833
2021-05-28,18.924245834350586,18.994500186102183,18.521872975039546,18.560194659807685,29988923
2021-05-31,18.86676597595215,19.115853502529152,18.77096244409221,18.949794231334018,17563652
2021-06-01,19.553695678710938,19.553695678710938,19.042488652545238,19.06804803721193,48906171
2021-06-02,20.20549774169922,20.31412898225787,19.572877430513103,19.585657820152466,64182184
2021-06-04,20.627233505249023,20.691134040961344,20.090465691065642,20.173536111308337,41730769
2021-06-07,21.11288833618164,21.202349668923212,20.36524601462672,20.627240509477218,67509805
2021-06-08,20.965909957885742,21.18317234336036,20.614454230730686,20.972299459434005,81765550
2021-06-09,21.253463745117188,21.847742625218054,20.716695902563725,20.876448631204646,101547730
2021-06-10,21.17678451538086,21.649651856656423,21.036203041958917,21.47072922816478,56582926
2021-06-11,20.927570343017578,21.183173899306436,20.6783562887463,21.112883853445837,26202324
2021-06-14,20.857280731201172,21.125664678027114,20.67835671906705,21.048982366719567,26905690
2021-06-15,20.857280731201172,20.97869231939622,20.633626061262724,20.933961661591894,19955642
2021-06-16,21.272632598876953,21.477114576955355,20.735863436286106,20.882835764256434,75863980
2021-06-17,21.02342414855957,21.943598126351098,20.997863376699556,21.509070528398446,56128933
2021-06-18,20.640016555786133,21.06815323840132,20.49943508286903,20.927570384567414,46601083
2021-06-21,20.735862731933594,20.921176201264476,20.48664873293106,20.5888904089556,31004431
2021-06-22,20.467477798461914,20.742252547580012,20.32689636422496,20.5952802321544,46060415
2021-06-23,20.320510864257812,20.84449835741672,20.224660049292815,20.48026360344959,32356327
2021-06-24,20.326904296875,20.57611699941108,20.116029991850453,20.556947110196834,26939907
2021-06-25,19.681499481201172,20.53138187666952,19.560087907693788,20.435531070505792,44105310
2021-06-28,19.457849502563477,19.7454033504933,19.202245928746198,19.707063573925,40825275
2021-06-29,19.266143798828125,19.45145729620454,19.06166041583232,19.336435220654813,34621647
2021-06-30,19.04249382019043,19.342828064088714,19.023323931259053,19.170294920955516,25504056
2021-07-01,18.98175048828125,19.167157280040833,18.745197805257042,19.04568457937692,22975087
2021-07-02,19.186336517333984,19.24387650761674,18.905030665735996,19.103222891011804,28580038
2021-07-05,18.92420768737793,19.090434917934605,18.89224133738217,19.000927203690093,13798920
2021-07-06,18.892248153686523,19.00732816048137,18.68766178196506,18.847494971223217,27612682
2021-07-07,18.975360870361328,19.141588164861187,18.636516324772508,18.911428145776608,44403516
2021-07-08,18.726022720336914,18.96896817941841,18.51504224198419,18.63651635313718,55591098
2021-07-12,18.98175048828125,19.17994271664806,18.745197805257042,18.796345078133577,30539448
2021-07-13,19.096832275390625,19.199125449199023,18.642906402966616,18.860279570010967,35688706
2021-07-14,19.122400283813477,19.72337237370587,19.064861681592085,19.307807051899292,48257302
2021-07-15,18.892248153686523,19.22469997152475,18.783562248164834,19.09044180574703,25655652
2021-07-16,18.58537483215332,19.045695013786375,18.553408459898286,19.03290818856183,21614354
2021-07-19,18.476680755615234,18.598153469349832,18.291275325517603,18.3488139412771,39053943
2021-07-20,18.71963119506836,18.84110532293843,18.29767294351814,18.393572043738672,29845712
2021-07-21,18.79634666442871,18.962572552082072,18.687659391199492,18.706838929340872,15188431
2021-07-22,18.60455322265625,18.87307237090083,18.50865273736177,18.80913825350035,19526235
2021-07-23,18.553403854370117,18.751597523733817,18.412751575039668,18.67487797304336,18986587
2021-07-26,18.879459381103516,19.01371891461447,18.591760775469208,18.591760775469208,27382004
2021-07-27,19.06486701965332,19.19273383970804,18.751594761211983,18.86028066021062,41281308
2021-07-28,19.685022354125977,19.959935602368923,19.2438845470198,19.275850914617536,78928065
2021-07-29,19.582721710205078,19.806487564215306,19.371741292185284,19.74255485781577,26288092
2021-07-30,19.371746063232422,19.876817884050812,19.218306977438438,19.435680166990068,48144908
2021-08-02,19.49008560180664,20.15531867743678,19.49008560180664,19.701169227046847,42392667
2021-08-03,19.681974411010742,20.104141537673257,19.291788092581303,20.084952499814875,62356921
2021-08-04,19.13187599182129,19.656388346272394,19.080704762807123,19.560441773509694,57249470
2021-08-05,19.18944549560547,19.554045532292697,18.997552340008063,19.317375648300175,55969180
2021-08-06,19.72675132751465,19.854681482131728,19.157463590879935,19.26620470610821,37719836
2021-08-09,19.957019805908203,20.104137576900182,19.68197053340999,19.68197053340999,38432832
2021-08-10,19.579633712768555,19.93783651583265,19.554047403322098,19.931440629619317,35944764
2021-08-11,19.797115325927734,20.014596215025843,19.27900010652983,19.445309753526644,39474399
2021-08-12,19.426118850708008,19.886665547485634,19.426118850708008,19.72675455591448,30945175
2021-08-13,19.688371658325195,19.790715504477742,19.26620450245532,19.458099041204292,34220225
2021-08-16,19.47262191772461,19.998909858756136,19.42769499985429,19.678002509981997,40491380
2021-08-17,19.402019500732422,19.626655447207753,19.087531117432725,19.453365335461257,44072680
2021-08-18,19.44052505493164,19.97323035715231,19.26081744266085,19.33141725804588,53791214
2021-08-19,19.190217971801758,19.787104178556508,19.029764347400675,19.190217971801758,45082749
2021-08-20,19.119625091552734,19.209478925381166,18.740954372578845,18.997679413949264,39317932
2021-08-23,19.325008392333984,19.402025782387057,19.113210222944037,19.164556074296748,24393150
2021-08-24,19.8641300201416,19.902639405768454,19.408443251924574,19.414862176350326,34165275
2021-08-25,19.88979721069336,19.928306585219953,19.588145297982603,19.735762486537972,19855031
2021-08-26,19.40843963623047,19.857708783301067,19.36351272152341,19.832035864332564,39789600
2021-08-27,19.742183685302734,19.806365988089425,19.318587421789328,19.523968016755237,25233269
2021-08-30,19.600982666015625,19.767853856092536,19.47261946527732,19.69725402633769,21302552
2021-08-31,19.85770606994629,20.06950415505727,19.594562153914197,19.658744442565588,49407297
2021-09-01,19.944395065307617,20.310406746259307,19.90586839635377,19.944395065307617,32612838
2021-09-02,19.2252140045166,19.841653139793543,19.12247391736241,19.835232491442504,36876544
2021-09-03,19.11604881286621,19.36647624255114,18.79498594189634,19.34721291434028,56222519
2021-09-06,19.360061645507812,19.43711637007794,19.019735339978773,19.05184135957896,30840146
2021-09-08,18.441822052001953,19.327954816573566,18.345503997234577,19.289426762077646,54336867
2021-09-09,18.685829162597656,18.94909932902077,18.210656790687583,18.5959303741907,63103001
2021-09-10,18.499616622924805,19.045423190128385,18.358349840763612,18.942683081443644,40810093
2021-09-13,18.73077964782715,18.891309744730226,18.589511497374442,18.833519742434117,35205595
2021-09-14,18.615201950073242,18.852788223531203,18.557410544351175,18.6858360445834,27397073
2021-09-15,18.31340217590332,18.666569845301563,18.31340217590332,18.653728545175,29908367
2021-09-16,18.300554275512695,18.403294360801542,18.082231420817866,18.184971506106717,52599525
2021-09-17,17.863914489746094,18.300560343926268,17.863914489746094,18.28129561753834,49421346
2021-09-20,17.45937728881836,17.741912290180185,17.247476384709184,17.530011386071006,49865822
2021-09-21,17.414424896240234,17.69053918853159,17.38231887362115,17.542850374365035,38037755
2021-09-22,17.818960189819336,17.97307101438133,17.530004648693968,17.54926798139613,43868060
2021-09-23,18.43540382385254,18.589513286773172,17.857491256427473,17.934545987887788,56944126
2021-09-24,18.178550720214844,18.41613831124643,18.152866737862706,18.300555533892766,46899175
2021-09-27,18.65373420715332,18.83352911528163,17.998766645357616,18.255616315876768,66204022
2021-09-28,18.22992706298828,19.01331998758262,18.217084374041,18.57025346332069,69369851
2021-09-29,18.557405471801758,18.60235417644929,18.229921853991424,18.396873987303916,59439332
2021-09-30,18.576671600341797,18.76930913318758,18.428982778905077,18.67941171036945,47356794
2021-10-01,19.061729431152344,19.190221551136684,18.592735761691287,18.708377142471804,48506222
2021-10-04,15.637423515319824,15.939378311956382,15.316195392276374,15.900831659142597,66781965
2021-10-05,16.016481399536133,16.305586975559738,15.637430354748115,15.804470551227576,55746545
2021-10-06,16.067873001098633,16.14496770760243,15.65027540153206,15.772342135860438,44244216
2021-10-07,15.72736644744873,16.22206002674619,15.675970451198207,16.144963949818354,43538924
2021-10-08,15.843009948730469,16.28630616507354,15.823736622740627,15.843009948730469,55105154
2021-10-11,15.566755294799805,15.939380865788454,15.560331314424293,15.791616821836453,48452065
2021-10-13,15.58603286743164,15.708099623871222,15.277652597188006,15.61173018200882,47860412
2021-10-14,15.508935928344727,15.810890785471704,15.31619846056043,15.695248027127445,41792857
2021-10-15,15.907258033752441,15.97792875904326,15.470387109748756,15.560331164348584,59503573
2021-10-18,16.016481399536133,16.09357612725118,15.656705077953431,15.791621198546943,32581454
2021-10-19,15.637423515319824,15.926530353263875,15.528206147856588,15.868708985675065,47718221
2021-10-20,16.055021286010742,16.093569327766204,15.61815042128963,15.772339811575165,42786725
2021-10-21,15.72736644744873,16.157813295972993,15.496082381769327,15.663121105043569,80104912
2021-10-22,15.12346363067627,15.592457338121978,14.718715294241813,15.496089281605101,105874771
2021-10-25,15.418990135192871,15.611727598655806,15.206979341894158,15.206979341894158,45016582
2021-10-26,15.251958847045898,15.412573710060997,15.084920000392582,15.21983615211669,32568991
2021-10-27,15.367596626281738,15.701675598539683,15.277652554590869,15.341899311776208,33442194
2021-10-28,15.335472106933594,15.406142837197176,15.020667893682914,15.206979996306025,41697345
2021-10-29,14.975689888000488,15.508930060047598,14.969265909798038,15.380438000687658,39933604
2021-11-01,15.57211685180664,15.668559267101921,15.205639286176352,15.24421514075853,40188416
2021-11-03,15.71999740600586,15.990034000781396,15.437101727276222,15.437101727276222,70258916
2021-11-04,14.890588760375977,15.90001161510589,14.800576619789826,15.739275252796533,81180809
2021-11-05,14.710572242736816,15.141345254145923,14.491972008471928,15.109198242602266,126468405
2021-11-08,14.6334228515625,14.903459484376908,14.549839488796916,14.659141023093508,37621718
2021-11-09,14.485543251037598,14.909887459218425,14.389102206562974,14.697714660417919,49238027
2021-11-10,14.852021217346191,15.128486636655522,14.414817956537814,14.48554221775977,54292566
2021-11-11,14.819878578186035,15.089916645182926,14.672002540921474,15.064198469388817,44943164
2021-11-12,14.787718772888184,15.044896116138428,14.6334112554026,14.807006691541645,41650213
2021-11-16,14.6334228515625,15.051336886549617,14.504833383327849,14.839165444969781,28013991
2021-11-17,14.6912841796875,14.903455565476346,14.569124981167864,14.742719119804178,33810419
2021-11-18,14.446962356567383,14.768435202592077,14.266939396827736,14.665563947440967,37668284
2021-11-19,14.324812889099121,14.453402392591073,14.202653624963194,14.40196603542598,32752424
2021-11-22,14.36030101776123,14.627076422189361,14.236673871456182,14.321260200241415,31671315
2021-11-23,14.601043701171875,14.601043701171875,14.256188197942933,14.477416601514411,43766770
2021-11-24,14.991459846496582,15.07604762701828,14.405855704566449,14.45140264651267,52266989
2021-11-25,15.128092765808105,15.284254632376769,14.997958111353595,15.030492829554424,20130804
2021-11-26,14.841805458068848,14.939406851779614,14.627084360468968,14.809272128870926,36577772
2021-11-29,14.744199752807617,15.089055439584262,14.705158929239587,15.010975198564664,38197962
2021-11-30,14.562015533447266,14.802763820999212,14.347293061707596,14.75721688568173,69161379
2021-12-01,14.469321250915527,14.925150155581365,14.456297366892674,14.69072305762362,27021256
2021-12-02,15.016308784484863,15.081426766357666,14.547456219103214,14.612574200976015,35524082
2021-12-03,14.964213371276855,15.367946512238692,14.8600237650598,14.957700729323662,40226598
2021-12-06,15.140032768249512,15.47864794600416,14.97723782157481,15.04235580024469,42204929
2021-12-07,14.951193809509277,15.393998708305704,14.847004173223104,15.38097482786663,34780267
2021-12-08,14.807926177978516,15.068400860540171,14.619083510708412,15.035840469800608,42979561
2021-12-09,14.410711288452148,14.840492329995033,14.293497765403547,14.833981093037439,31683098
2021-12-10,14.430237770080566,14.606057949425413,14.241395124614453,14.508379602936394,23448341
2021-12-13,14.046045303344727,14.599550988958013,14.046045303344727,14.456291140859365,54986869
2021-12-14,14.182802200317383,14.43025181304011,14.117682770211125,14.169778314296131,35664007
2021-12-15,14.13720989227295,14.306517483393794,13.922318026807874,14.267445851338486,35939779
2021-12-16,14.280467987060547,14.300004504318588,14.046042444997207,14.260932877028411,28503900
2021-12-17,13.967899322509766,14.228374025789075,13.88324624008602,14.085112798262863,39972240
2021-12-20,13.753010749816895,13.993948968262655,13.616262145338986,13.987437733051086,25313939
2021-12-21,13.77254867553711,13.876738300138607,13.694405401666296,13.798595026267794,28202409
2021-12-22,13.824645042419434,13.876740566842882,13.65533740249619,13.824645042419434,20497442
2021-12-23,13.896273612976074,14.046046112522923,13.785572750921293,13.889760969780927,25353141
2021-12-27,14.039531707763672,14.130697443246834,13.876736756705236,13.987437604870191,15891231
2021-12-28,13.987438201904297,14.130698046395786,13.935344096787254,14.085115176708563,17328328
2021-12-29,13.870229721069336,14.052561265739266,13.824646834901852,14.020002262366303,14565961
2021-12-30,13.642313957214355,13.96139412920878,13.642313957214355,13.96139412920878,45316940
2022-01-03,14.018781661987305,14.214301709915876,13.745053876569806,13.797193307170755,37222335
2022-01-04,14.416340827941895,14.455443995021827,13.96664454763455,14.090473590741984,49793763
2022-01-05,14.142614364624023,14.481516526179584,14.03182015848369,14.396790633687479,35851405
2022-01-06,14.429373741149902,14.494546622799946,14.025298776412045,14.103507924487142,40624734
2022-01-07,14.748724937438965,14.761759797311363,14.25992543849405,14.396789354535136,48590177
2022-01-10,14.885587692260742,14.91165599909275,14.540168894714839,14.709619226979106,47125888
2022-01-11,15.217975616455078,15.217975616455078,14.794348931470664,14.853005107350105,63361665
2022-01-12,15.15279769897461,15.315731310450149,14.944242788958922,15.159315832144646,47231371
2022-01-13,15.4330415725708,15.524284157526358,15.022448531858458,15.048518244249287,49188741
2022-01-14,15.315727233886719,15.543833665872727,15.257071093031438,15.361348520283922,33902872
2022-01-17,15.315727233886719,15.478660801994483,15.087620801900712,15.289658933382713,19948957
2022-01-18,15.406975746154785,15.615530681058821,15.165834366749372,15.244042115235214,49389056
2022-01-19,15.302699089050293,15.693739260599544,15.250561056769685,15.524288895171606,35038364
2022-01-20,15.178860664367676,15.426518629613083,15.10716968185541,15.341794203382133,29391946
2022-01-21,15.18538761138916,15.413494135085003,15.068073874100662,15.107178453196829,42676371
2022-01-24,15.165842056274414,15.348327364737656,14.905148959671699,15.217980112229595,44921297
2022-01-25,15.713284492492676,15.739354202297257,14.989862016919226,15.0289651732139,44585362
2022-01-26,15.88273811340332,15.967462567868402,15.517766357357083,15.856668400454511,63314645
2022-01-27,15.960947036743164,16.24119297558649,15.771945108091641,15.960947036743164,47070145
2022-01-28,16.156469345092773,16.16950279595484,15.72632462267703,15.745876207382803,33360845
2022-01-31,16.50840187072754,16.62571417417658,15.98049791361927,16.078258635964275,50129358
2022-02-01,16.624265670776367,16.754702331077997,16.422086592277328,16.493827601080042,32598902
2022-02-02,16.363386154174805,16.63730475195543,16.252513334077204,16.611216863768433,39095411
2022-02-03,16.552528381347656,16.650355898555848,16.11556237048205,16.43513423318182,47261735
2022-02-04,16.60470199584961,16.80035700447443,16.435132066676374,16.461219964917614,39194888
2022-02-07,16.51338768005371,16.663390907439798,16.454690642433576,16.59817119375402,26166974
2022-02-08,16.696006774902344,16.774270469410425,16.32426056826565,16.48730781773192,42299308
2022-02-09,16.030776977539062,16.57209171465705,16.024254298164713,16.272085107703194,100922428
2022-02-10,16.337303161621094,16.50687166686088,15.952511628436307,16.01120868974906,68333609
2022-02-11,17.302536010742188,17.609063763630314,17.06774783617645,17.18514192345932,182038996
2022-02-14,17.263416290283203,17.406898366381526,17.13297957680684,17.348201281559053,43043123
2022-02-15,17.42645263671875,17.543846732566145,17.282972060212007,17.47862700743182,33336032
2022-02-16,17.24384307861328,17.524283010217246,17.204711237057214,17.465585952580458,44408048
2022-02-17,17.002534866333008,17.269930870994603,16.930793856079774,17.217756487697987,38194109
2022-02-18,17.0677547454834,17.315585555056067,16.996013728724787,17.10036391417508,29924682
2022-02-21,16.65035629272461,17.13949811853019,16.454701253676433,17.106888945355497,25401293
2022-02-22,16.802820205688477,17.05730976566837,16.633160969084823,16.802820205688477,34318570
2022-02-23,16.56791114807129,17.018160481978228,16.528758357660237,16.81587459022726,25506096
2022-02-24,16.287322998046875,16.398253811617284,15.882749721864487,16.150290318877754,49889615
2022-02-25,16.620107650756836,16.639683334047294,16.189432747326336,16.228585524055884,44070414
2022-03-02,16.344324111938477,16.59245951601983,16.265965637551055,16.43574256724498,36789303
2022-03-03,16.357385635375977,16.879776454638833,16.128839475557577,16.350854938737054,50467105
2022-03-04,16.109241485595703,16.409615267915427,15.854575499364124,16.370436753803755,34369894
2022-03-07,15.76315975189209,15.965585872054525,15.684801299284908,15.848047487580423,59892079
2022-03-08,15.612971305847168,15.97211431227164,15.534612857375041,15.821926698063981,49265672
2022-03-09,16.390029907226562,16.527157561469338,15.77621939933503,15.80887005035863,58459174
2022-03-10,16.403093338012695,16.403093338012695,15.985179592664451,16.154957933666587,33553115
2022-03-11,16.220258712768555,16.710000305566293,16.181078764448742,16.474924849029193,48649207
2022-03-14,16.44880485534668,16.677351025669843,16.33126642171555,16.337797118654645,36267443
2022-03-15,16.390029907226562,16.612046714102526,16.1288345769251,16.396559190755227,41720798
2022-03-16,16.709997177124023,16.75570640270917,16.41615255868436,16.553280235439804,45741022
2022-03-17,17.07567024230957,17.10179020183476,16.625108701698146,16.74264569730764,49108185
2022-03-18,17.19974136352539,17.369518298114958,17.023433732724435,17.036493714020107,73408542
2022-03-21,17.624187469482422,17.689485976185672,17.21280292609538,17.265042860359856,40745625
2022-03-22,17.86578369140625,17.976792793121696,17.69600680840969,17.761305283917597,41741192
2022-03-23,17.787418365478516,18.0486149888366,17.741709168059767,17.885367452019327,30594059
2022-03-24,17.90496826171875,18.10739584603536,17.78090056166298,17.84619905408664,53835967
2022-03-25,17.93761444091797,17.97026368154736,17.71559904018738,17.97026368154736,36342901
2022-03-28,17.924556732177734,18.09433363825919,17.709069193673372,17.98332593257648,24411278
2022-03-29,18.133522033691406,18.33594686525753,17.885385137253778,18.094342078108355,33838857
2022-03-30,18.17268943786621,18.257578584026714,17.970261908137825,18.179218720897023,37371325
2022-03-31,17.944149017333984,18.283702886682896,17.82008131165369,18.20534440999677,46340719
2022-04-01,17.994888305664062,18.217046461760187,17.857671063558495,18.099432489689214,45495048
2022-04-04,17.83153533935547,17.97528464831831,17.655114385050325,17.93608093316213,28469684
2022-04-05,17.472156524658203,17.81846347151624,17.3937476976785,17.792326725178395,41644661
2022-04-06,17.465620040893555,17.583232555122827,17.289199151499254,17.361074485552518,38196035
2022-04-07,17.452552795410156,17.485224433481743,17.25653002714965,17.32187189125902,26732002
2022-04-08,17.41988182067871,17.57669945102225,17.256527886684285,17.354539964674213,29650496
2022-04-11,17.354543685913086,17.46562415892229,17.276134853928543,17.380680433919242,30882294
2022-04-12,17.047435760498047,17.576696952721882,16.99516228312445,17.511355106004885,33798183
2022-04-13,17.093183517456055,17.341478432087392,16.969036060140386,17.171592363548363,38370517
2022-04-14,17.204259872436523,17.295737080388864,16.99516870796433,17.0343738308156,26768711
2022-04-18,17.302270889282227,17.354544387407508,17.12585136319437,17.145453218974357,23802743
2022-04-19,16.99517059326172,17.38721621712875,16.825284532795106,17.328409232345283,39035022
2022-04-20,17.106243133544922,17.15198030931167,16.89715204302013,17.00169758828253,28485092
2022-04-22,16.77301025390625,17.00170326932401,16.635794444655595,16.923294437185625,34773809
2022-04-25,16.707672119140625,16.759945626942425,16.3940367204668,16.661933505831172,42282427
2022-04-26,16.139205932617188,16.66193250709693,16.106534286182313,16.50511481715984,47838319
2022-04-27,16.008525848388672,16.400571540744977,15.943185370340743,16.328696167671637,27688480
2022-04-28,15.877840995788574,16.067330329325518,15.721023308197696,16.01505823747327,41170160
2022-04-29,15.596875190734863,16.302556166895044,15.596875190734863,15.98238591133647,50954295
2022-05-02,15.52994441986084,15.745728568633591,15.32723689931076,15.608411254589251,44535284
2022-05-03,15.608415603637695,15.798043722645152,15.484176296277104,15.562643152869116,29699668
2022-05-04,15.588796615600586,15.588796615600586,15.301083914531795,15.536484444636098,53745441
2022-05-05,15.229157447814941,15.425325289332957,14.974139112533638,15.425325289332957,45795293
2022-05-06,15.556105613708496,15.837278648293095,15.21608066739261,15.22261898365223,68490643
2022-05-09,15.333781242370605,15.628032314449051,15.046068486371698,15.523409365624094,63819963
2022-05-10,15.25531005859375,15.523404964181706,15.150687139433145,15.425321772325296,40331174
2022-05-11,15.765353202819824,15.83728176120835,15.281472485972094,15.288012216596078,64249824
2022-05-12,16.013826370239258,16.131528763269927,15.647646799792115,15.647646799792115,61754278
2022-05-13,16.203458786010742,16.29500369501898,16.02036896799427,16.144608285494165,29721422
2022-05-16,16.37346839904785,16.550019877317926,16.098833708235823,16.249229097929856,30939624
2022-05-17,16.517330169677734,16.752732207638754,16.48463575620075,16.582718996631705,30953220
2022-05-18,16.28192710876465,16.589254832083117,16.242692970614787,16.465015514227037,43092975
2022-05-19,16.229602813720703,16.43230884353435,16.144596284369015,16.29499158209712,25636391
2022-05-20,16.432321548461914,16.49771178047383,16.249231724986608,16.406166868736175,43072014
2022-05-23,16.85734748840332,17.00120312469192,16.53040067662601,16.53693899110699,43627637
2022-05-24,17.112361907958984,17.197368462490424,16.706949728244734,16.79195486969782,44474328
2022-05-25,16.80504035949707,17.086214814986427,16.778884267572717,17.03390263113772,32876147
2022-05-26,17.0142822265625,17.112365428358224,16.818114409892413,16.82465272478067,39868230
2022-05-27,17.10582733154297,17.275839064670127,16.91619782734365,17.04043711643355,27475589
2022-05-30,16.94889259338379,17.288917480039814,16.94889259338379,17.177756231577742,20339502
2022-05-31,17.10582733154297,17.262761021648245,17.014282443468446,17.131983417586735,75013550
2022-06-01,16.86872673034668,17.222066567779,16.86872673034668,17.202435555564893,32284608
2022-06-02,16.94070816040039,17.065031347915568,16.678974910784298,17.025772138191254,20319901
2022-06-03,16.78366470336914,16.986507678560084,16.737861359678764,16.849097647488943,22647423
2022-06-06,16.724777221679688,16.999597328740766,16.724777221679688,16.91453335625541,15100624
2022-06-07,16.724777221679688,16.80983978013222,16.60045262788583,16.66588699673334,23796625
2022-06-08,16.404157638549805,16.737868049388698,16.312550914556113,16.652804056808918,33085526
2022-06-09,16.122783660888672,16.436864275266075,16.0442638608024,16.397605082239092,43419279
2022-06-10,15.769449234008789,16.057356208580313,15.612409580254429,16.057356208580313,40198953
2022-06-13,15.57968807220459,15.789075171283047,15.331041775819212,15.704011220397279,38005578
2022-06-14,15.474995613098145,15.664751695522664,15.350672467505195,15.586231888518297,22637566
2022-06-15,15.540427207946777,15.802160346703694,15.448820538680241,15.651663473761197,48238381
2022-06-17,15.344131469726562,15.429194022232156,14.997334288195095,15.272154376042812,51504593
2022-06-20,16.01155662536621,16.037730378493983,15.429198395455469,15.429198395455469,50406830
2022-06-21,15.84142780303955,16.129333390328547,15.76290655483391,16.0704445752237,37577078
2022-06-22,15.723644256591797,15.91340036740444,15.586234220269063,15.880683894094167,41717966
2022-06-23,15.363757133483887,15.78907402907979,15.28523733051781,15.743270692846883,30701240
2022-06-24,15.337587356567383,15.527344892284187,15.24598207446999,15.501171146523374,30073785
2022-06-27,15.429197311401367,15.488087544784669,15.331047865117881,15.396480829306872,26288885
2022-06-28,15.25907039642334,15.599324913058714,15.062770094450276,15.52734780572756,39383080
2022-06-29,15.102028846740723,15.494629401976677,15.049682765924576,15.357219349047375,34774375
2022-06-30,14.833747863769531,14.971157883286416,14.74214118409161,14.931898685728719,41362317
2022-07-01,14.963177680969238,15.041758668370555,14.563722087716718,14.616110356073735,39467601
2022-07-04,14.819114685058594,14.930439072742818,14.7405336800156,14.845308825117767,9918395
2022-07-05,14.923884391784668,14.923884391784668,14.544075159870106,14.733980483394392,32430425
2022-07-06,14.786372184753418,14.97627757063776,14.635759422676525,14.806018496657142,31863245
2022-07-07,14.995929718017578,15.094155664491067,14.878057450141263,14.923896508189257,45776032
2022-07-08,15.002472877502441,15.231668074765183,14.917342626318602,15.212023176466829,25028649
2022-07-11,14.760177612304688,14.87150056690172,14.622659106738421,14.792919574531208,18746051
2022-07-12,14.727437973022461,14.871504341546848,14.478597864833533,14.753632115505923,22335508
2022-07-13,14.668496131896973,14.891143425792455,14.596464390898111,14.6554004809038,38407906
2022-07-14,14.504790306091309,14.603016206181671,14.170819981568888,14.550629342493709,54813633
2022-07-15,14.76673412322998,14.864960067677668,14.419666572271582,14.53753883771691,35260546
2022-07-18,14.963177680969238,15.06140497657154,14.720885477653558,14.85185473341189,23331189
2022-07-19,15.4674072265625,15.565633108592152,14.950080851550844,14.950080851550844,39625655
2022-07-20,15.27096176147461,15.493609187733123,15.218574880955812,15.388834011560583,33584725
2022-07-21,15.395378112792969,15.473960537244,15.028665792559897,15.24476392196373,24553356
2022-07-22,15.231669425964355,15.519800758816832,15.120345023750751,15.454315400122148,25588351
2022-07-25,15.454315185546875,15.559090342868908,15.185830171597937,15.32334730024535,36454048
2022-07-26,15.369187355041504,15.650769459087014,15.270960019463342,15.473962519261978,24585080
2022-07-27,15.4215726852417,15.585283951387787,15.323346774634832,15.467411726551832,27262812
2022-07-28,15.51979923248291,15.539444130591932,15.25131282607646,15.421571911668654,26772676
2022-07-29,15.4674072265625,15.703151607648435,15.369181344532848,15.545988215213068,33518445
2022-08-01,15.380677223205566,15.629703384444706,15.229950415236804,15.629703384444706,28369526
2022-08-02,15.544507026672363,15.623146772958085,15.321693232035841,15.48552686290998,24247559
2022-08-03,15.655919075012207,15.688685530211176,15.426552472426522,15.531405978778965,22712684
2022-08-04,16.0360164642334,16.10154939081335,15.708348998947134,15.760776473165697,38418670
2022-08-05,16.337461471557617,16.46852725475528,15.8787269817883,16.04911334966076,64015406
2022-08-08,16.540613174438477,16.57337961803745,16.23915962742008,16.43575970520632,46382867
2022-08-09,16.9731388092041,17.222164985360266,16.573384399857616,17.0648854442293,117640069
2022-08-10,17.287700653076172,17.366341852396943,16.973141520565243,17.143527953374168,55029810
2022-08-11,17.313913345336914,17.549832680537545,17.25493315748852,17.45153331158552,45877889
2022-08-12,17.523616790771484,17.556383240405196,17.2811433640508,17.425316025677677,43155063
2022-08-15,17.674345016479492,17.76609164932515,17.26148516867404,17.26148516867404,41430750
2022-08-16,17.87749481201172,17.923368120587046,17.451528172927603,17.6546809919919,29105976
2022-08-17,17.92337417602539,18.00856809910212,17.694007555656903,17.74643502099428,28593294
2022-08-18,17.87095069885254,18.03478301112791,17.766097169280375,17.94303776596963,37051026
2022-08-19,17.656532287597656,17.82885692674726,17.47758187105967,17.76257766850094,26106699
2022-08-22,17.457706451416016,17.523984306383017,17.285381736835475,17.49747259147963,24991487
2022-08-23,17.504098892211914,17.59688845724858,17.41793797170152,17.46433275421985,16685011
2022-08-24,17.577003479003906,17.66316582244656,17.46433085720993,17.46433085720993,22899063
2022-08-25,17.795717239379883,17.808971658161543,17.583626486802554,17.636648458801503,31242248
2022-08-26,17.68967628479004,17.987927995452782,17.603513947427558,17.828860607404803,28445551
2022-08-29,17.63002586364746,17.749325689941656,17.44444676464411,17.59025830002197,21271281
2022-08-30,17.55048179626465,17.828851735260496,17.490832629648125,17.702921897406732,34434249
2022-08-31,17.10642433166504,17.669790168181997,17.10642433166504,17.669790168181997,56502823
2022-09-01,17.37015724182129,17.383422163175954,16.939053747513377,17.28393596965138,54988228
2022-09-02,17.608922958374023,17.7482039272891,17.463011678148646,17.476276600582032,52927981
2022-09-05,17.894126892089844,18.059936380871676,17.6420975010972,17.668625930015676,28039710
2022-09-06,17.728313446044922,17.920651305262286,17.608929102488826,17.708415338816526,60187679
2022-09-08,17.602296829223633,17.907385842707264,17.569135229196522,17.841062642653043,32229771
2022-09-09,17.74156951904297,17.933908731081758,17.655349679111783,17.708407931894758,27710574
2022-09-12,17.96043586730957,18.11961203494004,17.821154929044646,17.90737618925234,30293474
2022-09-13,17.774728775024414,18.02012620766215,17.708405609426315,17.827788454119407,36812756
2022-09-14,17.70840835571289,17.834424396471217,17.555863904563584,17.734938199374735,32836152
2022-09-15,17.75483512878418,17.98033593671223,17.64871718583397,17.661982107861608,24907645
2022-09-16,17.695140838623047,17.821155427628575,17.549229586424712,17.64208259235201,49605006
2022-09-19,18.35838508605957,18.437974641294858,17.628825629239824,17.648722301413,46524605
2022-09-20,18.968563079833984,19.008357857458478,18.418077972291936,18.451238137072064,71309887
2022-09-21,18.769590377807617,19.021621080322433,18.690002262955474,18.968561381573558,54495600
2022-09-22,19.147632598876953,19.233852445405784,18.776219067891816,18.961926550019854,49376706
2022-09-23,18.769590377807617,18.935399786491097,18.557354449354456,18.83591356797254,38830402
2022-09-26,18.365020751953125,18.690006463378722,18.33185914941787,18.656844860843467,16535115
2022-09-27,18.258895874023438,18.351748899393375,18.1859395160125,18.27216079668642,43896612
2022-09-28,18.252262115478516,18.570615949450907,18.112984015124795,18.292056882201653,47539207
2022-09-29,18.524194717407227,18.643577618328376,18.14614934224736,18.212473972354285,58853685
2022-09-30,18.610414505004883,18.66347277150011,18.37828190170475,18.44460509314159,38351030
2022-10-03,19.743709564208984,19.763618764518977,18.914141863149425,19.10660081255149,80831732
2022-10-04,19.776887893676758,20.048986455581222,19.511426686598988,19.88970858399578,49601833
2022-10-05,19.776887893676758,19.962710882048547,19.683976399490867,19.823343640769707,34375446
2022-10-06,19.418514251708984,19.869799892800227,19.338877465152716,19.8432533411658,55358719
2022-10-07,19.458324432373047,19.458324432373047,19.01367636671883,19.37868625112522,63511108
2022-10-10,19.25259017944336,19.604326755055855,19.106585668431695,19.564506951823773,54805929
2022-10-11,19.11986541748047,19.345508177272666,19.060136409471557,19.179594425489377,36485999
2022-10-13,19.007043838500977,19.226049234528485,18.814583551507706,18.914132371448517,42127432
2022-10-14,19.013683319091797,19.35878414291591,18.88758936649529,19.08004968954258,45494368
2022-10-17,19.16632080078125,19.312325358600948,19.04686278696024,19.206140616779283,23093825
2022-10-18,19.637516021728516,19.637516021728516,19.279143404971727,19.44505572391358,52346412
2022-10-19,19.644149780273438,19.750334513221475,19.45169093779904,19.617604672666157,32142870
2022-10-20,19.949430465698242,20.075525820534992,19.657422812184375,19.776880814570266,77600529
2022-10-21,20.613082885742188,20.7590874219558,19.790153051119702,19.863155319226507,55808067
2022-10-24,19.677337646484375,20.50026919437731,19.53797041510832,20.44717753040359,57756261
2022-10-25,19.5180606842041,19.756976750955943,19.5180606842041,19.677337105923108,29513856
2022-10-26,19.099956512451172,19.464966485010155,19.033591584412502,19.24595964097088,55085780
2022-10-27,19.451692581176758,19.664062065014885,19.186231443465648,19.318961295234654,44860228
2022-10-28,19.60433578491211,19.677336639869868,19.312328062561182,19.38533035169224,32422834
2022-10-31,20.17507553100586,20.287896193977513,19.21277691661854,19.245959380188257,94899400
2022-11-01,20.22664451599121,20.77779761750838,19.97431005264927,20.585226881801486,47491734
2022-11-03,20.08054542541504,20.146948892762406,19.58251511529182,19.921175094772973,36849352
2022-11-04,20.153593063354492,20.53873581360125,20.087189586244907,20.37936545952956,35511052
2022-11-07,19.69540786743164,20.133674597219322,19.522757946305862,19.96766301555086,52676342
2022-11-08,19.635643005371094,19.695406712063857,19.38994840452586,19.555958541449503,31659758
2022-11-09,18.69271469116211,19.303630104571802,18.493502737765713,19.0313748684353,147203325
2022-11-10,18.34076690673828,18.559899545890396,17.902500193427734,18.168115557097156,99105549
2022-11-11,17.749778747558594,18.72591630757268,17.670092818776087,18.593107861275325,111377525
2022-11-14,17.696653366088867,18.128278987944366,17.530643180373666,17.962268802229165,59148831
2022-11-16,17.444318771362305,17.72321519223209,17.271667376056225,17.69665321833782,50719991
2022-11-17,17.550554275512695,17.557194047337855,17.13220847036529,17.198613363645876,77606874
2022-11-18,17.69001007080078,18.028671613362086,17.524001339651612,17.72321325203715,56028889
2022-11-21,17.743133544921875,18.022029927906374,17.504078682360024,17.92906446691154,43986685
2022-11-22,17.450956344604492,17.8958628936456,17.324789137042057,17.796256221618165,64036253
2022-11-23,17.27166748046875,17.41111569174665,17.16542101925606,17.324791428578447,55607979
2022-11-24,17.889223098754883,18.022031526962664,17.33807149395816,17.39783521490133,30856235
2022-11-25,17.258390426635742,17.809543621345025,17.191986911371934,17.78298164123669,46086134
2022-11-28,16.946285247802734,17.404472759631574,16.926364488377356,17.331428061729923,45835061
2022-11-29,17.09237289428711,17.338067497078136,16.54785975566575,16.95956449669515,77138265
2022-11-30,17.2650203704834,17.29158233325504,16.88651742350881,17.132211991631277,60017162
2022-12-01,17.263465881347656,17.343204498419528,17.004314298877954,17.017604307720184,50130944
2022-12-02,17.496042251586914,17.70867957950243,16.99767468102022,17.323274961148773,63158518
2022-12-05,16.984376907348633,17.369781349587917,16.904638304813133,17.369781349587917,37424462
2022-12-06,17.376422882080078,17.376422882080078,16.984374216729,17.090692815260702,53504452
2022-12-07,17.250171661376953,17.49603317498448,17.203657359775022,17.422938862186825,25238368
2022-12-08,16.64548110961914,17.17707256975277,16.54580824933687,17.143848282992014,69736150
2022-12-09,16.48703956604004,16.819084126641826,16.439604628811214,16.724214252184172,22514069
2022-12-12,16.33118438720703,16.60224100667356,16.053350510222064,16.480265015372538,101446780
2022-12-13,15.714527130126953,16.48703915493416,15.667090729678105,16.432826962651372,63557901
2022-12-14,15.782292366027832,15.972032127763946,15.328271803472711,15.524788822072518,76898069
2022-12-15,15.870384216308594,16.209204544025276,15.484127490444664,15.612879244265057,55898707
2022-12-16,16.046573638916016,16.16177236495824,15.850056614534935,15.938150705533868,64978909
2022-12-19,16.52768898010254,16.58867693523527,16.026235226215192,16.121105053221193,54924554
2022-12-20,16.70389175415039,17.06304257942326,16.45994116198989,16.527704971300547,44636914
2022-12-21,16.77165412902832,16.941065087427283,16.554808219429912,16.76487833502981,69855681
2022-12-22,16.8055362701416,17.00882913027092,16.581914563320343,16.79876047604539,25305328
2022-12-23,17.069812774658203,17.286658631994953,16.85296691732145,16.961389845989828,28695830
2022-12-26,16.730995178222656,17.063039840714918,16.636125274653438,16.907181932793588,17822996
2022-12-27,16.636119842529297,16.75809581140521,16.446380097345802,16.710660875109333,19491678
2022-12-28,16.974937438964844,17.07658307819341,16.615786877766148,16.771644696105252,25715021
2022-12-29,16.941064834594727,17.26633369413795,16.913958730198644,17.103698532164707,28098060
2023-01-02,16.607189178466797,16.63431443139408,16.302035212067018,16.566502764513633,26445013
2023-01-03,16.26134490966797,16.715684727649627,16.159625968232778,16.60718520732288,33847015
2023-01-04,16.308809280395508,16.6275257173555,16.19352921000163,16.31558985759166,33855739
2023-01-05,16.81740951538086,16.892003236306294,16.28847581852994,16.3427248648334,41153732
2023-01-06,17.108991622924805,17.163240635207366,16.81739896877465,16.90555526235044,42632750
2023-01-09,17.23105239868164,17.400582944696136,16.878430152556056,16.953023827272357,29083430
2023-01-10,17.56334114074707,17.631152804742655,16.898781264927113,17.041186638580456,35564190
2023-01-11,17.868492126464844,17.956646981930305,17.468399858290017,17.54977560009461,38743614
2023-01-12,17.617591857910156,17.84137154277318,17.224281531463266,17.292093201921677,57811778
2023-01-13,17.529438018798828,17.556563277033337,17.04797274504553,17.36668940026786,23525385
2023-01-16,17.339555740356445,17.529429525120822,17.14968195559207,17.461617877829926,27737426
2023-01-17,17.698965072631836,17.732870905786505,17.285311563444495,17.400591689257915,36595560
2023-01-18,18.01767921447754,18.065146198233176,17.766774345108853,17.882054445881312,45007971
2023-01-19,18.01767921447754,18.078710287073967,17.658274823319356,17.787117547495185,40213569
2023-01-20,17.698965072631836,18.092275375013926,17.65149661312775,18.07871421410226,37996401
2023-01-23,17.156465530395508,17.746430138428938,17.088652411616547,17.65827528217249,52002547
2023-01-24,17.31243324279785,17.651494463936988,17.183590506322503,17.285309458839272,34378279
2023-01-25,17.37346839904785,17.46162327468453,16.9665954586758,17.312435846010477,43609396
2023-01-26,17.271745681762695,17.454838904814277,17.11577770629745,17.39380783046375,33862197
2023-01-27,16.905561447143555,17.264965864492005,16.83096774570802,17.23105857079401,34365362
2023-01-30,16.91234588623047,16.99372165115159,16.634315686344646,16.946251722228666,39913324
2023-01-31,17.176816940307617,17.35312820249862,17.01406830835256,17.02762947315034,32928039
2023-02-01,16.951276779174805,17.304144985504667,16.81555744864684,17.09378141632254,31850216
2023-02-02,17.107357025146484,17.623088827793516,16.76127405404195,16.82913300007516,52480220
2023-02-03,17.046276092529297,17.20913807989935,16.849484646662056,16.896986181849893,41535326
2023-02-06,17.053064346313477,17.127710047789694,16.774840392194278,17.127710047789694,31860299
2023-02-07,16.65948486328125,17.15485929606876,16.46269332499438,17.10057096381063,34547549
2023-02-08,18.037023544311523,18.057380926702653,17.181995886377383,17.270212187711536,120349072
2023-02-09,17.589153289794922,18.233817507947307,17.500936976306992,18.084527572412835,40856546
2023-02-10,17.507719039916992,17.629866261386972,17.31092759773431,17.45343220062968,59102038
2023-02-13,18.125247955322266,18.20668045423945,17.494157087160723,17.494157087160723,49663922
2023-02-14,17.901309967041016,18.240607603223687,17.85380841529219,18.15238980720757,39640950
2023-02-15,18.16596031188965,18.369538582637514,17.72487430301248,17.833449478508626,41791724
2023-02-16,18.301679611206055,18.3831106260502,17.928452537839547,18.043813019997152,34692120
2023-02-17,18.2406005859375,18.423821414964937,18.118453366585875,18.29488742428333,21326685
2023-02-22,17.901309967041016,17.989527763057133,17.819878944965797,17.847023107810656,20794515
2023-02-23,17.969165802001953,18.362751695849123,17.88773479400082,17.921664258463032,43189053
2023-02-24,17.419506072998047,17.853805269701564,17.338075065269834,17.813089032607902,35419959
2023-02-27,17.195579528808594,17.50773313884889,17.1548647331703,17.500947828395844,20098513
2023-02-28,17.256641387939453,17.52807855026178,17.08699261156587,17.236284004041504,29465137
2023-03-01,16.97663116455078,17.21430384530186,16.56240037740377,17.19393232051681,49786059
2023-03-02,16.419803619384766,17.112448896447304,16.32473304843941,16.90873064685594,52237191
2023-03-03,16.440170288085938,16.698214501891798,16.358681251378897,16.528447876635347,29015336
2023-03-06,16.813657760620117,17.003795941371976,16.3722653456636,16.596358030816518,35169906
2023-03-07,16.86119270324707,16.895144270537642,16.501286425763954,16.874772743172162,31883639
2023-03-08,17.07170295715332,17.200725080480503,16.81365724302107,16.96984238204173,40035234
2023-03-09,16.745744705200195,17.030951857420476,16.711791682432636,16.976627314487846,47884998
2023-03-10,16.3450984954834,16.71179322979391,16.222866428220744,16.67104871821387,37246581
2023-03-13,16.148178100585938,16.345107817655663,15.937668339388491,16.141386611043785,38429660
2023-03-14,16.093847274780273,16.263613902742712,15.937662153152157,15.998778197917744,43849139
2023-03-15,16.053104400634766,16.13459197951248,15.632083531042404,15.86975624755151,57389962
2023-03-16,16.31793785095215,16.39942541843592,15.971614588537863,16.066683661848543,45421743
2023-03-17,15.849380493164062,16.243238242274934,15.822218952433214,16.22965673817077,68565874
2023-03-20,15.890130043029785,16.202500334022037,15.740734917999598,15.890130043029783,36932854
2023-03-21,16.216081619262695,16.399428311577278,15.958035897983097,15.958035897983097,43704795
2023-03-22,16.121004104614258,16.467327278668698,16.080261065006262,16.263609145674128,41241539
2023-03-23,15.720361709594727,16.467332852507045,15.543803586607966,16.127801048447918,59823759
2023-03-24,15.948392868041992,16.085761141457056,15.61870990241153,15.907181940734628,34011300
2023-03-27,16.223127365112305,16.33302168315858,16.058286630180945,16.140706997646625,44616067
2023-03-28,16.29867935180664,16.429178385563922,16.1407063685396,16.23686370754771,32135279
2023-03-29,16.45665740966797,16.539077799336447,16.19565777739521,16.312421356679007,25802715
2023-03-30,16.90997314453125,17.033604492005693,16.63523797124774,16.70392139349943,43270629
2023-03-31,16.992389678955078,17.232783065377404,16.820678208869627,16.992389678955078,65512439
2023-04-03,16.516511917114258,16.977022365468997,16.36529882167336,16.963275585398417,38304803
2023-04-04,16.84642791748047,16.983892729030536,16.57836945548841,16.592116233710478,25918394
2023-04-05,16.832687377929688,17.052632959738478,16.619617416389897,16.887674516049877,36165246
2023-04-06,16.7777042388916,16.956410979221253,16.653984644920676,16.88080439564611,24650907
2023-04-10,16.956411361694336,17.011397023957127,16.846438551832517,16.93579043867658,16023452
2023-04-11,17.506269454956055,17.609369587706638,17.190097893013526,17.32069010720652,54871529
2023-04-12,17.623119354248047,17.88430533419577,17.437539959443317,17.623119354248047,47390217
2023-04-13,17.623119354248047,17.808698749052777,17.492527106942305,17.705598590160292,40614537
2023-04-14,17.877431869506836,17.95991259385302,17.485655112875786,17.561261700858307,38988116
2023-04-17,17.843059539794922,18.035511526761184,17.678101118205493,17.904919319224906,24167003
2023-04-18,17.829315185546875,18.03551248077284,17.650608486480323,17.877426699497576,27411575
2023-04-19,17.547508239746094,17.767453802297275,17.520016158429087,17.698721371000975,31036155
2023-04-20,17.59561538696289,17.6506025019816,17.327558399920456,17.451277923377187,24745399
2023-04-24,17.437541961669922,17.71934889695573,17.306949699369216,17.58875514931862,28674303
2023-04-25,17.59561538696289,17.67809605949095,17.320684267875436,17.320684267875436,25980256
2023-04-26,17.416919708251953,17.636865317301734,17.389427621122856,17.54751194945771,19299068
2023-04-27,17.726215362548828,17.73308801170885,17.4100437944699,17.4100437944699,23660439
2023-04-28,17.815567016601562,17.82244115101579,17.533763153679175,17.82244115101579,23245081
2023-05-02,17.126155853271484,17.862098807255915,17.09864355040812,17.697026476423805,49467233
2023-05-03,17.09864044189453,17.28434473659122,16.974836587864868,17.160540882561556,26517638
2023-05-04,17.23619842529297,17.387513073106977,16.8647869067222,17.188051166502568,45003213
2023-05-05,17.875856399536133,17.875856399536133,17.208694093461347,17.435666913381034,49402765
2023-05-08,18.123456954956055,18.274773098701633,17.752046899208853,18.19223620955983,59838715
2023-05-09,18.233509063720703,18.426092212263743,18.04092591517766,18.075315550796336,43258053
2023-05-10,18.501745223999023,18.598036771840047,18.082187920107987,18.19911443273471,35088896
2023-05-11,18.680570602416992,18.804374435338627,18.30228177353313,18.405452129750344,35897745
2023-05-12,18.508625030517578,18.60491659123912,18.34355420823718,18.439845768958723,20136809
2023-05-15,18.577409744262695,18.63931169237209,18.371070412680815,18.53614276975531,20327832
2023-05-16,18.51551055908203,18.79062919137691,18.45360860670471,18.591167179677942,29875057
2023-05-17,18.701204299926758,18.85939775800607,18.53613351164729,18.639302382735064,27183049
2023-05-18,18.63242530822754,18.666814932395393,18.40545259964163,18.639302638522075,26807799
2023-05-19,18.481115341186523,18.570529582918066,18.274777527371736,18.508627644234394,55195001
2023-05-22,18.13033103942871,18.666813291048342,18.089064088594867,18.481107553253672,29853077
2023-05-23,18.27477264404297,18.549891141961115,18.061554581919566,18.21974805265073,31465336
2023-05-24,18.171607971191406,18.364191128701684,18.05468142102577,18.15785181903379,32566612
2023-05-25,18.742477416992188,18.818134013462835,18.35043233906674,18.48111353625924,51557618
2023-05-26,18.598037719726562,19.093251631912498,18.426088093718786,18.845643932645654,33629706
2023-05-29,18.51551055908203,18.604923334244948,18.36419434519338,18.54302138186763,11247177
2023-05-30,18.254140853881836,18.70120904813391,18.02716809078265,18.625552451332812,48896654
2023-05-31,18.109704971313477,18.26789848235887,18.02029221703656,18.21975269579497,38429660
2023-06-01,18.376506805419922,18.521041038365215,18.108085662137245,18.218207194954367,28928095
2023-06-02,18.644926071166992,18.73440027236619,18.486626476642137,18.58298262223598,28470477
2023-06-05,18.68622589111328,18.7756986226434,18.465982804147448,18.68622589111328,27870213
2023-06-06,18.816991806030273,18.8927006341701,18.686222958462757,18.810108374011275,29698762
2023-06-07,18.872053146362305,19.009705435583466,18.706871589172884,18.927114656988756,31760369
2023-06-09,19.133594512939453,19.133594512939453,18.810111819755456,18.975294882987427,33168008
2023-06-12,18.927112579345703,19.298771785897074,18.872051074763394,19.223062960768804,33613277
2023-06-13,19.140474319458008,19.202417775328158,18.95464543919252,19.02347084022826,37732299
2023-06-14,19.402009963989258,19.422657283046078,19.112941547814966,19.250592324653375,56524690
2023-06-15,19.656665802001953,19.684196554553196,19.326301233421514,19.34006809704195,30322705
2023-06-16,19.718608856201172,19.849377697180355,19.443305798243184,19.608488822893808,47145602
2023-06-19,19.987030029296875,20.02832615741859,19.642900090316953,19.670430842398098,18433003
2023-06-20,19.977516174316406,20.012247363770026,19.699665157577137,20.012247363770026,28148931
2023-06-21,20.17201042175293,20.262312707993587,19.92889061392447,19.963621800598506,29839027
2023-06-22,19.977516174316406,20.144226484137903,19.838589915391612,20.05392569178056,27091956
2023-06-23,19.91499900817871,20.040032488433717,19.78301989062522,20.040032488433717,18796809
2023-06-26,19.887210845947266,20.102546589474752,19.748286109333495,19.887210845947266,15397130
2023-06-27,19.664926528930664,20.02613409261964,19.43569954686662,19.991402913653555,29488704
2023-06-28,19.553791046142578,19.706608562649322,19.449595988474673,19.65798460270034,21198769
2023-06-29,19.78996467590332,19.831641496959207,19.59546734023879,19.609360114294123,70141424
2023-06-30,19.741348266601562,20.0886617463614,19.69272278825786,19.98446665165597,31561301
2023-07-03,20.128934860229492,20.163689122588362,19.711900234391962,19.837009871121904,19990991
2023-07-04,20.003829956054688,20.17064384585494,19.96907718751655,20.06638554024053,9245166
2023-07-05,20.177593231201172,20.295754443358845,19.92042245084392,19.962125171099498,19998696
2023-07-06,19.878721237182617,20.094190831938477,19.878721237182617,20.038585193791224,32074550
2023-07-07,20.254047393798828,20.47646535905359,19.913466739600732,19.996873664326596,31476099
2023-07-10,20.121990203857422,20.413916771824812,20.052484664935342,20.413916771824812,15000240
2023-07-11,19.767507553100586,20.059432589504087,19.53118814384606,20.024679823557417,31780310
2023-07-12,19.649349212646484,19.913471453812416,19.60069503653471,19.809213148734173,20884135
2023-07-13,19.864816665649414,20.01077918948752,19.57289161797321,19.614595839945352,24777803
2023-07-14,19.656299591064453,20.010780239273828,19.572892644787483,19.91347188494353,27914740
2023-07-17,20.03858184814453,20.03858184814453,19.572891465607313,19.621545639841266,18054808
2023-07-18,19.649349212646484,20.11503961315719,19.579843675927656,20.03858262154069,44289196
2023-07-19,19.44083023071289,19.746656681453995,19.3852246021911,19.649348333583774,44539023
2023-07-20,19.802261352539062,19.802261352539062,19.253162556628354,19.538137633916737,42807912
2023-07-21,20.156742095947266,20.156742095947266,19.760558738884622,19.809212914420893,36214305
2023-07-24,19.837013244628906,20.330506430354436,19.698002179723545,20.15674109717985,37238424
2023-07-25,19.878721237182617,20.121992148968936,19.684104507753563,20.121992148968936,39541700
2023-07-26,19.989931106567383,20.017733925773324,19.69105605725461,19.87177137800689,38028465
2023-07-27,19.545085906982422,19.962122056732465,19.52423455010773,19.962122056732465,22188332
2023-07-28,19.837013244628906,19.86481605842713,19.50338548722173,19.593743881044524,18444673
2023-07-31,19.906524658203125,20.073338573602786,19.802266336589142,20.010782979817108,17263407
2023-08-01,19.96747589111328,19.981385867584535,19.66841515440335,19.7031908470659,16807601
2023-08-02,19.904882431030273,19.99529652970939,19.68928004278588,19.953566598864672,20784091
2023-08-03,19.751873016357422,20.25958038150308,19.668414662585626,20.057887982166523,24826182
2023-08-04,19.390230178833008,19.84925212533284,19.265041828707744,19.70320105414617,50087777
2023-08-07,19.23721694946289,19.66842032147759,19.20939849218104,19.42499942670378,37391152
2023-08-08,19.19548797607422,19.48063880326258,18.85469873290649,19.028569722197755,50438327
2023-08-09,19.12593650817871,19.195484892723734,18.722553172473496,19.12593650817871,39723999
2023-08-10,19.188528060913086,19.43195039891101,19.139843893907273,19.230257991047576,34693139
2023-08-11,19.22330665588379,19.334584983404085,19.09811834955232,19.216350914993665,22008185
2023-08-14,18.945110321044922,19.209396915803538,18.89642614608532,19.112028565884337,28513531
2023-08-15,18.840787887573242,19.028568847974487,18.687779620463523,18.98684041364937,28083444
2023-08-16,18.82687759399414,19.139846858081167,18.771239181500324,18.812967615128414,38445182
2023-08-17,18.604318618774414,19.01465768376662,18.597364381693044,19.000747706634982,43034739
2023-08-18,18.75037956237793,18.903387876714913,18.45827442006504,18.569552784227508,23685478
2023-08-21,18.673870086669922,18.833832582784048,18.583455979137927,18.680824324340524,37088868
2023-08-22,18.96598243713379,19.021620868864485,18.72951572059672,18.77819991197468,24097210
2023-08-23,19.202442169189453,19.27894479712175,18.854697212706245,18.965975538662107,27395600
2023-08-24,18.979887008666992,19.195487936727734,18.875562912336896,19.195487936727734,21142233
2023-08-25,18.68082618713379,18.986841231566668,18.548683634463288,18.952067033808028,25293885
2023-08-28,19.313724517822266,19.466731308524288,18.583460257701358,18.69473860683436,38836520
2023-08-29,19.619735717773438,19.884022328498595,19.39717904652147,19.473683184071056,40091091
2023-08-30,19.24417495727539,19.71710682239168,19.181580790823773,19.689286858864428,19884943
2023-08-31,19.077255249023438,19.22330929510839,18.903384247435223,19.16071513334892,41890409
2023-09-01,19.242645263671875,19.43054865587227,19.019945281198147,19.11041761905841,33312919
2023-09-04,19.068662643432617,19.284403930188248,19.012988394424898,19.159134989999448,11195852
2023-09-05,18.783327102661133,19.11737555886346,18.755489229998627,19.068660033672543,23401321
2023-09-06,18.602378845214844,18.908589344919456,18.511906535799945,18.832037471961566,21773767
2023-09-08,18.630218505859375,18.866837392741434,18.463194293905442,18.54670639988241,25732129
2023-09-11,19.10345458984375,19.13129095341597,18.7137304604661,18.790282340210524,31296405
2023-09-12,19.214805603027344,19.27743855243043,19.01298330849494,19.124333280661656,18673652
2023-09-13,19.31223487854004,19.514057170374084,19.13129174016461,19.249600426037635,26195186
2023-09-14,19.235681533813477,19.465340172911347,19.117371352994827,19.3470314960293,34267698
2023-09-15,19.193933486938477,19.486226707072085,19.096502413560607,19.43055245254357,40731689
2023-09-18,19.145219802856445,19.347042190918607,19.040828497600174,19.242650885662336,16235663
2023-09-19,19.0884952545166,19.271227202752918,19.01821408645756,19.186889497321133,21474768
2023-09-20,19.411792755126953,19.566411642138323,19.137694049401755,19.165807126605575,27867381
2023-09-21,18.969018936157227,19.25717266642463,18.947933368504728,19.186891491062557,25385884
2023-09-22,18.919818878173828,19.130663890396207,18.89873483259297,19.060381207119008,18539052
2023-09-25,18.976041793823242,19.109576601794444,18.926844679370458,18.933872187661795,16063674
2023-09-26,18.694917678833008,18.976043860784163,18.680861141914754,18.9549598148091,27469811
2023-09-27,18.65977668762207,18.91982035787861,18.52624185715865,18.842510159629626,26052315
2023-09-28,19.151748657226562,19.24311538952546,18.589494763857694,18.645720912596914,32463735
2023-09-29,19.123640060424805,19.376654751382276,18.99010520411059,19.32745761911888,19969351
2023-10-02,18.946165084838867,19.1219835758109,18.81957716954632,19.086820181574605,14289396
2023-10-03,18.70705223083496,18.939131834170485,18.67188731899856,18.86880505007862,24198953
2023-10-04,19.13604736328125,19.220439805141083,18.7211172242244,18.77737834553415,26973104
2023-10-05,19.438459396362305,19.57208091772519,19.0375933124829,19.10088803729495,32443908
2023-10-06,19.621309280395508,19.895585904881603,19.150116416748254,19.262640199096154,50011299
2023-10-09,19.45252227783203,19.51581699853775,19.269671706788078,19.445490206549454,16544632
2023-10-10,19.43142318725586,19.726797516728848,19.33296507743153,19.494717903541577,27848800
2023-10-11,19.677570343017578,19.705701668454072,19.39626164802467,19.480654104543476,17994759
2023-10-13,19.473621368408203,19.754930053799516,19.403293057217407,19.649439866699257,25238141
2023-10-16,19.501750946044922,19.621306784674307,19.389227178009417,19.607241123696056,12962992
2023-10-17,19.213411331176758,19.4454909696785,19.129017353730035,19.410327572304382,30382867
2023-10-18,18.812538146972656,19.192306342569335,18.714080063623175,19.037585628854362,63292779
2023-10-19,19.030555725097656,19.26966737198482,18.692984463868946,18.7633112400369,26245718
2023-10-20,18.960235595703125,19.15011979689199,18.80551631753479,18.932105784994032,27017857
2023-10-23,18.98133087158203,19.20637842879014,18.86177350193299,18.918036151130334,18187709
2023-10-24,18.98133087158203,19.2556074869425,18.86177350193299,19.164181441892133,17958163
2023-10-25,19.01649284362793,19.572078104005314,18.96726378916146,19.023524914355775,28965258
2023-10-26,19.487680435180664,19.56503927162306,19.051651132531216,19.12900996897361,32592557
2023-10-27,19.199350357055664,19.621314268176786,19.121989952065544,19.579117269148245,34189408
2023-10-30,19.044626235961914,19.332967003580332,18.98133151337013,19.332967003580332,17119856
2023-10-31,18.861770629882812,19.114949473138473,18.74924838820296,19.04462269214097,28770042
2023-11-01,19.127540588378906,19.240138469827865,18.90234482548099,18.930494676041103,29703861
2023-11-03,19.65534210205078,19.78201490993999,19.3879230816549,19.52866929416157,40014727
2023-11-06,19.83831214904785,19.859423774144968,19.620153113476164,19.739787683414907,20420512
2023-11-07,20.394264221191406,20.53501042279625,19.669415503919183,19.83831307495294,68857281
2023-11-08,20.48575210571289,20.57020014385074,20.253519620635892,20.450565549888086,26848927
2023-11-09,20.577232360839844,20.710941842259928,20.253513708481,20.492782826561832,29266749
2023-11-10,20.823543548583984,21.020589456730004,20.598347790476687,20.703907446644287,27757367
2023-11-13,20.68279457092285,20.774280817378134,20.527973447065495,20.746130969116297,17013694
2023-11-14,20.99244499206543,21.16134109357793,20.71095098261398,20.753174247596178,47389424
2023-11-16,21.330230712890625,21.50616497308511,20.950213866671916,21.112071682764604,46722314
2023-11-17,21.428754806518555,21.52727775419394,21.19652236139677,21.31615693477649,27884376
2023-11-20,21.63987922668457,21.696177411527607,21.288012149634454,21.44987152214666,26508121
2023-11-21,21.604690551757812,21.71025020828054,21.4709810451791,21.555429074555576,18805760
2023-11-22,21.738399505615234,21.97767018342444,21.653951478385935,21.745436207554583,44180768
2023-11-23,21.710247039794922,21.907292919846146,21.520239381626237,21.738396885742596,25892449
2023-11-24,21.59061622619629,21.738400661906248,21.393570311916346,21.62580277934749,23216076
2023-11-27,21.53431510925293,21.787660708557745,21.470980230218135,21.696174459744025,20472630
2023-11-28,21.745433807373047,21.85099497035179,21.449866505089854,21.527276301044168,23380701
2023-11-29,21.893218994140625,22.083228181755754,21.70321132731681,21.95655691080365,25551189
2023-11-30,22.231016159057617,22.2802776392041,21.977672055786368,22.02693353593285,48828674
2023-12-01,22.180070877075195,22.30681449572881,21.919543003905716,22.215277099669724,34579613
2023-12-04,22.208234786987305,22.35610182370469,22.046284957967092,22.053325593297746,14713024
2023-12-05,22.39130973815918,22.50397056346615,22.194153674282386,22.243442690251584,29425256
2023-12-06,22.194156646728516,22.53213916791517,22.053330215823618,22.475809508538315,26385417
2023-12-07,22.44058609008789,22.44058609008789,22.149610287363323,22.319936763573548,22783950
2023-12-08,22.724464416503906,22.795433527087784,22.312840814508885,22.376713627502937,20982366
2023-12-11,22.568334579467773,22.75995305280841,22.518655886417054,22.60382067479401,21996515
2023-12-12,22.454782485961914,22.667691384099427,22.277359682240352,22.62511052467491,16825276
2023-12-13,23.136089324951172,23.2567371264908,22.454780303656623,22.454780303656623,53507397
2023-12-14,23.327707290649414,23.448356631288828,23.001248428638068,23.235447744263958,48235322
2023-12-15,23.22835922241211,23.448364481400805,22.923189153164497,23.363201204813958,31684684
2023-12-18,23.34190559387207,23.441262990001448,23.185773200099547,23.29932472905767,31521986
2023-12-19,23.356094360351562,23.66836060982144,23.299319375753168,23.434161306136904,27090256
2023-12-20,23.11479949951172,23.3986774989445,23.050926681246825,23.270931862414713,25825488
2023-12-21,23.27092933654785,23.32770431680334,23.100601328438653,23.242541079584424,24714129
2023-12-22,23.639976501464844,23.803206719643974,23.278033035464922,23.292225633852887,36993016
2023-12-26,23.881277084350586,23.97353818905832,23.58320486960986,23.682562274523438,26212408
2023-12-27,24.044498443603516,24.094177127708658,23.824491747086874,23.85288000476736,20593974
2023-12-28,24.108375549316406,24.108375549316406,23.94514533909576,24.04450272499775,14225154
2024-01-02,23.801376342773438,24.06409887375464,23.60255676250136,24.06409887375464,21468310
2024-01-03,23.53864860534668,23.97888918156311,23.53864860534668,23.794272660720285,20995509
2024-01-04,23.38243865966797,23.595458226767864,23.21912360707575,23.53865219049118,30121031
2024-01-05,23.92918586730957,23.92918586730957,23.34693326194802,23.36823475613467,31414011
2024-01-08,23.673568725585938,23.907891368071667,23.63806724786699,23.80138233150744,13381523
2024-01-09,23.659358978271484,23.74456647923068,23.283024442438926,23.57415147731229,21458906
2024-01-10,23.638059616088867,23.815574619716795,23.567052080169063,23.58125358735302,11422452
2024-01-11,23.680665969848633,23.84398102397971,23.524452437553478,23.581256939896576,23114559
2024-01-12,23.709070205688477,23.772976233148995,23.403741578318105,23.616761158363524,27608377
2024-01-15,23.751670837402344,23.83687681407394,23.55995278648522,23.694864806996375,11169567
2024-01-16,23.417938232421875,23.83687578344331,23.396636739174987,23.574153274815366,40226258
2024-01-17,23.432140350341797,23.545750874735,23.311429839504058,23.361134348021793,30594852
2024-01-18,23.332735061645508,23.574157656366573,23.247527538352454,23.574157656366573,25613957
2024-01-19,23.38953971862793,23.460547267227202,23.226224658552958,23.39664124072231,36066109
2024-01-22,23.006105422973633,23.552855115425647,22.7007767958039,23.396641575211756,41153165
2024-01-23,23.11261558532715,23.16232010527361,22.842791486894626,23.13391861849635,24343524
2024-01-24,23.006105422973633,23.481849100280144,22.94219939555511,23.22622499060605,26632184
2024-01-25,22.956405639648438,23.197828289186884,22.899601122711346,23.133922248589375,17399934
2024-01-26,23.297231674194336,23.368237686700336,22.97060156151653,22.991903058374557,16393377
2024-01-29,23.176525115966797,23.34694018895929,23.041611520839513,23.22622810565957,9956124
2024-01-30,23.027406692504883,23.24752779242562,22.956400678062792,23.126817260980285,23823364
2024-01-31,23.27592658996582,23.666462693241876,23.055807049930102,23.06290857123568,27023862
2024-02-01,23.224523544311523,23.487389105664587,22.904821356019877,23.288462446674693,26301462
2024-02-02,23.26004409790039,23.366610463271762,22.869297687615244,23.26714790814046,25338865
2024-02-05,23.700532913208008,23.707636726783335,23.302682505891077,23.35951762038102,21139400
2024-02-06,24.71646499633789,24.773300091405293,23.64368818354764,23.842613319226434,76215210
2024-02-07,24.538850784301758,24.77329957673411,24.2262554649824,24.51043400500605,53422083
2024-02-08,24.05575180053711,24.751989896626053,24.05575180053711,24.460707488839347,55241227
2024-02-09,24.361251831054688,24.4465052803885,23.970505191704095,24.069967805142866,30560069
2024-02-14,24.361251831054688,24.467818258897964,24.24047470381049,24.29731136023034,14313415
2024-02-15,24.567272186279297,24.602795851629857,24.25467529238044,24.4251821307633,32298657
2024-02-16,24.538850784301758,24.71646448284747,24.35413481005115,24.638313350074796,25879532
2024-02-19,24.80882453918457,24.823033698104837,24.54595893739814,24.56727190813084,32035461
2024-02-20,25.348770141601562,25.54058998843834,24.787516692357276,24.787516692357276,62343778
2024-02-21,25.20667266845703,25.455329089824907,25.20667266845703,25.327448205894207,32185244
2024-02-22,25.06369400024414,25.481912018183465,25.06369400024414,25.459899458686902,24314973
2024-02-23,25.137062072753906,25.22510754386125,24.850914688049137,25.093040129988427,25725331
2024-02-26,25.210437774658203,25.26913423421586,25.06369424739919,25.15907777795404,15356342
2024-02-27,25.518590927124023,25.569950910086302,25.239780044064837,25.401196453842218,17802262
2024-02-28,25.533273696899414,25.59930820858732,25.283810162253616,25.459901136370256,15121697
2024-02-29,24.902278900146484,25.496587912848003,24.755535366371753,25.437889865107447,48078175
2024-03-01,25.010665893554688,25.157485770718246,24.89321030910415,25.047370466245187,16520612
2024-03-04,24.819801330566406,25.106099220439045,24.819801330566406,25.018007928109363,17674233
2024-03-05,24.797775268554688,24.98863997168714,24.665637556231708,24.900548692272263,20542423
2024-03-06,25.069393157958984,25.172166590637406,24.783095285097247,24.929913568122725,36605983
2024-03-07,24.805118560791016,25.208872025757955,24.592229822142468,24.995983287109407,18729056
2024-03-08,25.032690048217773,25.150144046932688,24.7023457193272,24.72436973218761,19630131
2024-03-11,25.15748405456543,25.15748405456543,24.95193719239904,24.966619337753986,22865412
2024-03-12,25.2602596282959,25.407077921496043,25.05471274869444,25.296964201595934,24434504
2024-03-13,25.509855270385742,25.634651148248917,25.106101754520196,25.18685277497365,30214957
2024-03-14,25.49517059326172,25.641988885265,25.363032861337512,25.54655731274318,32383745
2024-03-15,25.35569190979004,25.619967383174135,25.252920053520427,25.597944955859337,42577460
2024-03-18,25.458463668823242,25.65667026075337,25.238234651034716,25.45112338900428,14672010
2024-03-19,25.49517059326172,25.583261885744,25.429101727299614,25.517193019781896,11934228
2024-03-20,25.54655647277832,25.693374759954253,25.370373893606597,25.495169754986442,19759180
2024-03-21,25.282283782958984,25.641990846846372,25.15748790792915,25.54655926702415,38034356
2024-03-22,24.928749084472656,25.283607183209106,24.847427137292197,25.20967901174573,13144839
2024-03-25,24.928749084472656,24.943535038288914,24.803070873461337,24.869606866825542,13844693
2024-03-26,25.4240779876709,25.4240779876709,24.825255488625277,24.89918527701373,19262812
2024-03-27,25.564542770385742,25.6384709628366,25.24665026475235,25.35754255342864,19398772
2024-03-28,25.608898162841797,25.719792038390477,25.424076102006136,25.55714811361727,18913508
2024-04-01,24.734359741210938,25.73290715351948,24.726962193853847,25.577576241782232,35605204
2024-04-02,24.763946533203125,24.82311891941621,24.512460295323578,24.741757088177327,20491664
2024-04-03,24.579025268554688,24.83790740305369,24.416298442051005,24.73435454925409,33775409
2024-04-04,24.253578186035156,24.91927592483083,24.12043831858945,24.682583182356876,54117291
2024-04-05,24.20920181274414,24.40151408658559,24.061268433709852,24.260978255641184,28261098
2024-04-08,24.571630477905273,24.800925636846426,24.327540226659075,24.379316655996277,19296916
2024-04-09,24.83051300048828,24.87489348563437,24.616011318364055,24.689977195174787,20178616
2024-04-10,24.305349349975586,24.778733133779728,24.172209511417456,24.74175179893111,31255391
2024-04-11,24.260974884033203,24.357130208374468,24.076056987114065,24.20180090126983,20688126
2024-04-12,24.009485244750977,24.209195010568884,23.95770721796922,24.187003970967393,25841237
2024-04-15,23.602670669555664,24.135228467035304,23.51391130304783,24.00948616435193,35825686
2024-04-16,23.425148010253906,23.57308133868798,23.21064636237861,23.45473499562722,34875666
2024-04-17,23.43994140625,23.499113774284925,23.210644683837778,23.43994140625,28706141
2024-04-18,23.469528198242188,23.669237949395,23.19585258300276,23.484321690746004,24583607
2024-04-19,23.33638572692871,23.647044239104368,23.262419871200876,23.506508473848566,30496961
2024-04-22,23.32159996032715,23.47692765878204,23.136683674003994,23.40296178362586,24603774
2024-04-23,23.669240951538086,23.898536118349245,23.225442513863275,23.225442513863275,53107109
2024-04-24,23.565685272216797,23.735808039603057,23.38816655774091,23.669238122066478,27387442
2024-04-25,23.432546615600586,23.669239312427045,23.262423839658606,23.506512483946643,23076377
2024-04-26,23.824569702148438,23.928122562018075,23.462134692604703,23.536100564387976,30762989
2024-04-29,23.6396541595459,23.89114036923695,23.454737875903437,23.854157432194995,25020378
2024-04-30,23.195859909057617,23.817177199856566,23.195859909057617,23.602675486885346,53143478
2024-05-02,23.534549713134766,23.763975568663167,23.327327391581736,23.62336065037112,31652054
2024-05-03,23.830585479736328,24.119217077168038,23.741777725859297,23.874990956007682,32765680
2024-05-06,23.978601455688477,24.178423694252356,23.75657727928398,23.81578457930267,21100312
2024-05-07,24.474456787109375,24.600269907799234,23.81578593263563,24.052611947502445,43603391
2024-05-08,24.62986946105957,24.696476866615637,24.14141568675928,24.29683403261185,27721450
2024-05-09,23.88979148864746,24.393045529158616,23.87498966402467,24.341239942645224,31837186
2024-05-10,24.163616180419922,24.437445880206784,23.911988413246682,23.926790234766568,26443200
2024-05-13,24.459651947021484,24.555863003496256,24.215425848994997,24.282033257426345,26666401
2024-05-14,24.726076126098633,24.837087382773,24.282027900736495,24.289428011448518,34497357
2024-05-15,24.65947723388672,24.844496058797187,24.5558660522037,24.80009218055183,23867664
2024-05-16,24.585460662841797,24.881492273168483,24.5114515607609,24.77047941971329,20274355
2024-05-17,24.592866897583008,24.696478066965568,24.467053791713525,24.541061312891728,21065189
2024-05-20,24.518857955932617,24.71867857140392,24.422646904508678,24.563261826333974,17755129
2024-05-21,24.393047332763672,24.629873345573586,24.29683786460099,24.548464103795265,18694273
2024-05-22,24.01560401916504,24.311635706475915,23.91939456043868,24.267231833012275,23786768
2024-05-23,23.800981521606445,24.008203862273884,23.719572287963462,23.978600213797762,21792348
2024-05-24,23.57155418395996,23.860184121464926,23.48274325006189,23.845382299148582,23438031
2024-05-27,23.49014663696289,23.586357695768317,23.386537064966415,23.57155747072077,13641546
2024-05-28,23.364337921142578,23.786184397621536,23.312532325738708,23.77878268437354,28440452
2024-05-29,23.20151138305664,23.334726172852594,22.905478161436218,23.20891149389759,28148705
2024-05-31,22.964689254760742,23.24591910268354,22.942487319222792,23.19411352020657,38825757
2024-06-03,23.28877067565918,23.436871558901213,23.0221894058721,23.074026075213308,25750257
2024-06-04,23.370229721069336,23.451683698749424,23.081433835881896,23.207318565222813,25163703
2024-06-05,23.325796127319336,23.429466268319924,23.199911413316613,23.288771305568122,25288786
2024-06-06,23.621999740600586,23.696050995126804,23.296180621658063,23.33320384855636,14607995
2024-06-07,23.28877067565918,23.54794602115054,23.19991078581113,23.385036489802943,26331259
2024-06-10,23.103641510009766,23.399841611354834,22.888895356370845,23.318386063406102,23061082
2024-06-11,23.362815856933594,23.46648757558097,23.133261051963828,23.236931170368578,16807035
2024-06-12,23.325796127319336,23.50351591182235,23.066620774817864,23.45168084132206,39355661
2024-06-13,23.081430435180664,23.45168024349746,23.081430435180664,23.32579553270376,23094958
2024-06-14,23.059215545654297,23.22953099922059,22.911114664218374,23.051809621448896,17478111
2024-06-17,23.621999740600586,23.696050995126804,23.1702942890851,23.25915419427335,30480419
2024-06-18,23.607192993164062,23.866368404292672,23.488712576613363,23.577572488965554,24588705
2024-06-19,23.792312622070312,23.910793016103828,23.3998482171229,23.503516761628813,16497726
2024-06-20,23.629405975341797,24.036682279713563,23.592381147715862,23.97744127531748,23141638
2024-06-21,23.794357299804688,24.018269151597266,23.61522685061232,23.794357299804688,58654050
2024-06-24,24.137685775756836,24.525798741516887,23.868990943361187,23.8764539718476,36808677
2024-06-25,24.21231460571289,24.391443360194575,24.06303956835831,24.130213254521383,27162088
2024-06-26,24.167537689208984,24.167537689208984,23.742106387078728,24.055582592731604,26776528
2024-06-27,24.21231460571289,24.339197339059936,24.09289489841518,24.219777631762224,17012674
2024-06-28,24.18992805480957,24.28695547470626,23.921233264169405,24.242174084886265,32848049
2024-07-01,24.076152801513672,24.38979975817563,24.023878308736677,24.180701787067658,17694174
2024-07-02,24.389799118041992,24.389799118041992,24.068685076757866,24.10602376864591,34497357
2024-07-03,24.539155960083008,24.860271621204223,24.464478574904984,24.539155960083008,28588875
2024-07-04,24.576501846313477,24.822938580580967,24.56903475113352,24.770664072893645,11373280
2024-07-05,24.591434478759766,24.7034505748669,24.352464870493755,24.643708979704893,19063291
2024-07-08,24.546628952026367,24.643710867135123,24.344999640829197,24.516758959062155,19708195
2024-07-09,24.718385696411133,24.718385696411133,24.3076567943777,24.44954610487196,19027715
2024-07-10,24.979766845703125,25.002169747857753,24.71839266072506,24.77813588488327,38936224
2024-07-11,25.129114151000977,25.136581244879267,24.92748325058008,24.979759362963797,22220282
2024-07-12,24.987228393554688,25.158987704157315,24.8826793883017,25.12911609871102,24991940
2024-07-15,25.084306716918945,25.144049923110966,24.92748322137827,25.01709641685738,22336415
2024-07-16,25.23366355895996,25.278470964385942,25.032034269065417,25.061904258873792,22061662
2024-07-17,25.509963989257812,25.57717426976106,25.09923521454174,25.181381292246645,18500757
2024-07-18,25.390485763549805,25.547309253836897,25.21872647221506,25.44276026031217,17774957
2024-07-19,25.58464813232422,25.853489325484855,25.43529334839842,25.50250364668858,26942513
2024-07-22,25.56971549987793,25.726537387012833,25.517440999563302,25.599585490194162,14046027
2024-07-23,25.53237533569336,25.689200451354502,25.46516664673585,25.547311137842467,19171379
2024-07-24,25.495037078857422,25.636926394827302,25.427826774926693,25.614521884311053,17873754
2024-07-25,25.383024215698242,25.547314835499492,25.271006490271247,25.442765819132546,22461951
2024-07-26,25.56971549987793,25.644392896381973,25.330745894494214,25.330745894494214,12668639
2024-07-29,25.756412506103516,25.84602571689964,25.577186084511272,25.599588983758004,17147388
2024-07-30,25.659326553344727,25.771342638736336,25.49503435819976,25.704132341977836,19972297
2024-07-31,25.300870895385742,25.696663948604066,25.278468002202445,25.584646255070055,28667619
2024-08-01,24.93300437927246,25.49337997562577,24.858286449015328,25.41866366001867,25644208
2024-08-02,24.619197845458984,25.060026438408812,24.49965075261744,25.02266827464276,27354812
2024-08-05,24.619197845458984,24.678970584554612,24.17089665096577,24.245612978497874,30036736
2024-08-06,25.164628982543945,25.35889238303998,24.66402447242126,24.66402447242126,29244996
2024-08-07,25.231870651245117,25.538210121327705,24.708853225238258,25.44107762164786,46066533
2024-08-08,25.1422119140625,25.508324129192687,25.06002299627611,25.29164616325138,22235464
2024-08-09,25.822134017944336,25.822134017944336,25.216926086791023,25.25428424224865,27350166
2024-08-12,25.859495162963867,26.016402027262625,25.754893277848392,25.904325926284972,23753798
2024-08-13,26.59172248840332,26.59172248840332,25.93421428428317,26.03881778881818,44797573
2024-08-14,27.249223709106445,27.48084524789875,26.591717249181517,26.591717249181517,61454486
2024-08-15,27.682580947875977,27.71246811684938,27.316468779226287,27.39865768657822,36976474
2024-08-16,27.450963973999023,28.011337989888755,27.376247653833744,27.824545574825425,39069012
2024-08-19,27.615341186523438,27.83949014191039,27.480847292271,27.555566840033507,25227717
2024-08-20,27.817073822021484,27.914204706991374,27.450961624042687,27.645223393982466,17856533
2024-08-21,27.704998016357422,27.929150189227315,27.577979958737828,27.89179041731566,16012462
2024-08-22,27.450963973999023,27.45843334550537,27.12220829011148,27.137153491724693,24315199
2024-08-23,27.24175453186035,27.682583041635553,27.174507589259065,27.48831804326514,24645695
2024-08-26,27.301530838012695,27.376250394959747,27.09232382888235,27.294061465758457,16314180
2024-08-27,27.331417083740234,27.428551212741773,27.144624656337857,27.294060535840046,16586780
2024-08-28,27.92167854309082,27.996394860167225,27.069907038609564,27.167036313228813,36121512
2024-08-29,27.615341186523438,27.92915166164528,27.615341186523438,27.787188396056745,25176619
2024-08-30,27.42107582092285,27.622810201095614,27.204396239670537,27.518206710739346,69846390
2024-09-02,27.20254135131836,27.434274390610824,27.1651635955627,27.33709674884242,11520344
2024-09-03,27.64357566833496,27.651051863925993,27.180106466204894,27.277287316327026,17829227
2024-09-04,27.83793830871582,28.249080712735054,27.67348457796274,27.770662223069735,23012702
2024-09-05,28.017345428466797,28.107046868832796,27.763183808769632,27.88279003706344,13102351
2024-09-06,27.621152877807617,28.09209508841504,27.5613497692325,28.09209508841504,18068290
2024-09-09,27.8902587890625,27.994915838433418,27.636100438622204,27.67347818702995,15484371
2024-09-10,27.8902587890625,27.942588929174892,27.67347818702995,27.695903543733053,15099944
2024-09-11,27.94258689880371,28.062189869480918,27.763177596507454,27.94258689880371,22282257
2024-09-12,27.6361026763916,27.867835688892843,27.434271218866996,27.815508775397266,16309421
2024-09-13,27.66600799560547,27.90521723711121,27.344570274439512,27.77813803431072,22909713
2024-09-16,27.65852928161621,27.82298622597351,27.531450090378037,27.70338323153001,12252828
2024-09-17,27.591251373291016,27.64357828567512,27.404369081797206,27.591251373291016,19981701
2024-09-18,27.43427085876465,27.680956260943276,27.329617033147187,27.54639764988758,18703790
2024-09-19,27.359516143798828,27.568823776337016,27.18758302801172,27.509020672510733,27012532
2024-09-20,27.060504913330078,27.474733533185812,27.045441788097218,27.35423178645534,34731661
2024-09-23,26.902345657348633,27.098163050225086,26.78937464792365,26.91740878411857,17373195
2024-09-24,26.894807815551758,27.36175648445303,26.751710590321824,27.15087602041608,27208315
2024-09-25,27.23373031616211,27.24126106552194,26.94753417186122,26.94753417186122,24582587
2024-09-26,27.580167770385742,27.78351584778848,27.369287318225364,27.489792293820837,42599440
2024-09-27,27.685619354248047,27.760933367326277,27.504865071833677,27.51992657239611,31411178
2024-09-30,27.196069717407227,27.86636820941599,27.196069717407227,27.565112215775596,28491777
2024-10-01,26.74972915649414,27.360075161834214,26.696983245621844,27.32239811547205,30144937
2024-10-02,26.915496826171875,27.322393552321447,26.76479517934122,27.02852468965687,23530370
2024-10-03,26.25240707397461,26.614093985708294,26.10923984694319,26.538743156399576,35700490
2024-10-04,26.30515480041504,26.4784630225073,26.09417278942362,26.13938263879241,17541559
2024-10-07,26.47846221923828,26.614095019954483,26.259944154406348,26.523673695597747,26410683
2024-10-08,26.636703491210938,26.757265808492573,26.576421518388965,26.65930841683802,26176152
2024-10-09,26.146913528442383,26.523670906736772,26.094169254112156,26.4558545135093,23707005
2024-10-10,26.290082931518555,26.35036326657494,26.048958334568887,26.15445014218911,23211884
2024-10-11,26.094173431396484,26.35036692642185,26.033891459605375,26.24487510414969,19225310
2024-10-14,26.259944915771484,26.425717077171434,26.08663669391203,26.17705802089039,16356101
2024-10-15,26.561344146728516,26.606555614636815,26.16951793830416,26.297614654834838,32631872
2024-10-16,26.403112411499023,26.57642063505842,26.25994517334881,26.561350142353827,39642197
2024-10-17,26.45585823059082,26.696982856308583,26.026354889258414,26.1393827699721,22310809
2024-10-18,26.583959579467773,26.65931042280266,26.388044781417175,26.523677602109917,17703125
2024-10-21,26.44831657409668,26.68944114879683,26.372965755138598,26.666836228781786,16873089
2024-10-22,26.493532180786133,26.561348579786113,26.229802644876308,26.37296987460419,24850542
2024-10-23,26.65930938720703,26.674379880961073,26.37297326260497,26.380509323663176,17395402
2024-10-24,26.90043067932129,26.99838643397579,26.59148966675688,26.65930606602039,24236796
2024-10-25,26.599021911621094,26.960708801835615,26.538741577433026,26.900428467647547,17380220
2024-10-28,26.923038482666016,27.058671295700442,26.742194189166,26.855222076148802,11933889
2024-10-29,26.636703491210938,27.081275713142585,26.636703491210938,27.02099374032061,13225282
2024-10-30,26.561344146728516,26.817539208151757,26.47092283927381,26.62916053441002,12081065
2024-10-31,26.38804054260254,26.832614354934567,26.38804054260254,26.561348757123543,22748147
2024-11-01,26.243026733398438,26.61243423131068,26.22795027278347,26.386266142705594,25777562
2024-11-04,26.597360610961914,26.79337254090245,26.303341901459465,26.48427573999176,23226386
2024-11-05,27.396495819091797,27.63020224312226,26.838614391550834,26.914004874450868,59510598
2024-11-06,27.268325805664062,27.464339369939957,26.778295153341002,27.04215768696239,44058971
2024-11-07,26.868762969970703,27.502033071755967,26.8084506007435,27.238170529345442,16816325
2024-11-08,26.446582794189453,26.66521105878739,26.295803500920144,26.439042933475122,26247984
2024-11-11,26.47673797607422,26.702904463638756,26.318418828085722,26.356114871863138,20677703
2024-11-12,26.16010093688965,26.597360701669974,26.129946383153623,26.499353921773814,26591283
2024-11-13,26.02440071105957,26.27318514086625,25.85854333839961,26.23549072776624,29706013
2024-11-14,25.949010848999023,26.09225027372753,25.760538779189563,25.9716271715395,35013665
2024-11-18,25.858539581298828,26.06209133748387,25.798227225755248,25.918850307659383,20962992
2024-11-19,26.092248916625977,26.160099509901677,25.752997579430684,25.858542584707727,18019798
2024-11-21,25.639917373657227,25.956552426909585,25.639917373657227,25.813312992702578,28727441
2024-11-22,25.715299606323242,25.93392944651123,25.587138297430073,25.93392944651123,14604143
2024-11-25,25.707763671875,25.79069072252464,25.609756902146895,25.700223812335768,27017291
2024-11-26,26.197797775268555,26.506892957431543,25.760539626400163,25.783155949684442,30264922
2024-11-27,25.556987762451172,26.27318653695819,25.421286564733702,26.145023570587977,26816070
2024-11-28,24.637235641479492,25.50421365104167,24.599541228747785,25.458979378253677,44303925
2024-11-29,24.576923370361328,24.825707782182818,24.26028836819159,24.6975464610712,41721478
2024-12-02,24.228172302246094,24.627952443400055,24.137656382187142,24.431832714862303,25024231
2024-12-03,24.499723434448242,24.529894323235926,24.273432803178462,24.296061377285685,23357474
2024-12-04,24.65058135986328,24.778812112563937,24.40920448296084,24.44692094440527,25113058
2024-12-05,25.17859649658203,25.269112433136865,24.74110307491135,24.876876164710584,36947243
2024-12-06,24.665668487548828,25.18613709107165,24.650582228452624,25.103163481075445,24236456
2024-12-09,24.786354064941406,24.990016094098017,24.703380464536977,24.703380464536977,18324009
2024-12-10,25.121843338012695,25.258911844183874,24.901007910616066,24.931468310040128,21447916
2024-12-11,25.365522384643555,25.700581851862726,24.862934006624105,25.144688596004283,35985666
2024-12-12,24.733478546142578,25.266527298081314,24.649713272089773,25.129457148834636,27479555
2024-12-13,24.41364860534668,24.84770354641832,24.40603432814305,24.771554191907665,27998356
2024-12-16,24.147123336791992,24.451724034944046,24.147123336791992,24.37557303759677,37414605
2024-12-17,24.276578903198242,24.505028601120884,24.063359404552912,24.215658106089002,45447689
2024-12-18,23.583614349365234,24.246117288168882,23.507463356799324,24.192812416181958,58162101
2024-12-19,23.71306610107422,24.017665102790584,23.5379213048232,23.75114077058648,53287369
2024-12-20,23.987205505371094,24.002435702805332,23.652146098672773,23.652146098672773,60210112
2024-12-23,23.522695541381836,23.84252480030722,23.416085788406708,23.705454647733895,31425454
2024-12-26,23.67499542236328,23.781606826244662,23.446545705283324,23.492236306946772,23278278
2024-12-27,23.438928604125977,23.78160396127311,23.438928604125977,23.72068316639431,15418543
2024-12-30,23.400856018066406,23.659766128165547,23.400856018066406,23.507465772998064,32151480
2025-01-02,23.292396545410156,23.505738611135868,23.040957917456925,23.353352362225774,29053972
2025-01-03,22.72093963623047,23.330487785962085,22.72093963623047,23.307630183152273,40039200
2025-01-06,23.741933822631836,23.810506629058857,22.941899635445363,23.018094386859914,35104078
2025-01-07,24.000986099243164,24.275283854767224,23.802883079455626,23.863837221481134,28624338
2025-01-08,23.612407684326172,23.932420756355782,23.513356960068055,23.78765317328015,21783171
2025-01-09,23.673362731933594,23.74955584760569,23.55907141186116,23.627645874591764,11465733
2025-01-10,23.345726013183594,23.726694829882337,23.277151560315257,23.665739028859797,21853643
2025-01-13,23.513351440429688,23.719073140405563,23.338105992613677,23.338105992613677,17535780
2025-01-14,23.528593063354492,23.581926922335587,23.178102127896054,23.56668961780621,22928521
2025-01-15,24.549592971801758,24.60292849179632,23.673367042338118,23.749560171883328,40308287
2025-01-16,24.4733943939209,24.67911612720753,24.267672660634272,24.49625199838292,24765227
2025-01-17,24.648639678955078,24.816266501214486,24.450536599837402,24.587685518674334,23627808
2025-01-20,24.884838104248047,25.067703869328348,24.534347171621945,24.534347171621945,10462575
2025-01-21,24.93817901611328,25.067707649045598,24.78579112999662,24.884841856392732,15918423
2025-01-22,24.84674072265625,25.113418239346476,24.77054761690592,25.029604835082672,23835940
2025-01-23,24.793407440185547,25.044846028935485,24.63340091583884,24.922936060876438,22913792
2025-01-24,24.732454299926758,24.839125320559262,24.618162979783772,24.70959504795959,9909218
2025-01-27,25.32676124572754,25.3800967511568,24.61816072408678,24.732452033757557,22917984
2025-01-28,25.372478485107422,25.486769796517844,25.121039905194312,25.326761631230422,16244500
2025-01-29,25.311525344848633,25.56296393487775,25.2962863929432,25.47915052267997,13655935
2025-01-30,25.928691864013672,26.042983178566224,25.319143674947405,25.319143674947405,29709865
2025-01-31,25.761064529418945,26.073457250345633,25.761064529418945,26.020123393672062,20432975
2025-02-03,25.52294921875,25.759272197216337,25.339987952347123,25.675416666181725,25677405
2025-02-04,25.614429473876953,25.835505546703974,25.32474313088318,25.461962023792612,23154667
2025-02-05,26.003223419189453,26.231923801497963,25.728782301449524,25.782145669074033,45348664
2025-02-06,26.04895782470703,26.216670519019356,25.118909609664843,25.38572638295074,44044581
2025-02-07,25.858375549316406,26.277659782254172,25.690661197171703,26.140439248212868,40083613
2025-02-10,26.14044189453125,26.331024158411044,25.926988441046554,25.965104893822513,42687021
2025-02-11,26.41488265991211,26.605466580717806,26.224300386530654,26.224300386530654,35512412
2025-02-12,25.683042526245117,26.38438891879101,25.561068882449256,26.224300467625238,34311545
2025-02-13,25.820261001586914,25.84313054313639,25.57631373364547,25.698287367616192,15168830
2025-02-14,26.506359100341797,26.605463187801092,25.95747859866699,25.995596695906436,33546090
2025-02-17,26.559728622436523,26.9104026779865,26.559728622436523,26.590222448334195,20231641
2025-02-18,26.515291213989258,26.63508839769425,26.243748514649706,26.60314179167533,34668327
2025-02-19,26.26771354675293,26.419457370794294,26.155902126310764,26.395498273816983,25496918
2025-02-20,26.19583511352539,26.387511332807716,26.076036182040717,26.267712401323042,17946380
2025-02-21,26.115968704223633,26.203821024262364,25.988183982143013,26.171874412264465,34362303
2025-02-24,25.972209930419922,26.33160499029975,25.812480326838593,26.251738462598166,29019415
2025-02-25,26.235767364501953,26.467377725457567,26.060064440596886,26.17986165336247,29667378
2025-02-26,26.171875,26.49932346555445,26.155901693642342,26.47536264306246,24486962
2025-02-27,26.14791488647461,26.451402517733836,26.14791488647461,26.331605313577068,23485390
2025-02-28,25.508989334106445,26.28368338460655,25.508989334106445,26.147912885105278,40016653
2025-03-05,25.890684127807617,26.02653145800548,25.57104649986155,25.898676061453948,29404182
2025-03-06,25.938623428344727,26.154379674582707,25.738849318146414,25.890677020225713,21081617
2025-03-07,26.050498962402344,26.306209707968552,25.77081587408468,25.874697177251125,23391804
2025-03-10,26.282236099243164,26.282236099243164,25.77880653144311,25.930634249640157,31361893
2025-03-11,26.050498962402344,26.33018205072001,25.898671246867785,26.33018205072001,21005253
2025-03-12,26.130407333374023,26.21031801885161,25.89867066265193,26.14638947046954,20300754
2025-03-13,26.553930282592773,26.63383924830781,26.0824649672626,26.130409655945495,32681045
2025-03-14,27.41695213317871,27.608734330860027,26.633837751105343,26.689774369334497,35848233
2025-03-17,28.240020751953125,28.327921650033467,27.36900715754141,27.40097143445523,30713817
2025-03-18,28.391849517822266,28.646760750107894,28.25999989273354,28.400640989444838,30775164
2025-03-19,28.462175369262695,28.66434643767527,28.339113742870115,28.567655776533112,25414117
2025-03-20,28.198467254638672,28.611597306757808,27.996296237104612,28.418217760005184,32136515
2025-03-21,28.260000228881836,28.391849855538894,28.11056938563588,28.224839522569436,49041184
2025-03-24,28.28636932373047,28.409429204917853,28.075408540629024,28.198470148681793,32838563
2025-03-25,28.514909744262695,28.96320224696085,28.391848143024717,28.391848143024717,19574017
2025-03-26,28.20725440979004,28.655546877606493,28.092984288640302,28.6115964325031,32860090
2025-03-27,28.24241828918457,28.303948228506833,28.09298744976459,28.259999505323325,29373952
2025-03-28,27.855655670166016,28.2512062417844,27.66227439296378,28.110566882787538,22939851
2025-03-31,27.609535217285156,27.77654554152845,27.328253035213528,27.77654554152845,26139340
2025-04-01,27.616262435913086,27.853727610350546,27.41397773527576,27.607467749422117,12749134
2025-04-02,27.625059127807617,27.809754457318757,27.422774425137803,27.589878653654004,12147820
2025-04-03,28.117572784423828,28.319857455853697,27.343614567424847,27.396384406587597,32876673
2025-04-04,27.387596130371094,27.91529464548595,27.18531141160433,27.774576193346256,32585286
2025-04-07,27.44036865234375,27.809759376709177,26.859898501390404,27.176519369108853,33261069
2025-04-08,27.44915771484375,27.941677427832612,27.255667704181253,27.739392730837494,37102660
2025-04-09,27.950477600097656,28.45179209781379,27.10615990106969,27.264469469637437,37906369
2025-04-10,27.836135864257812,28.179140703017268,27.37879665519057,27.84493054999901,36347258
2025-04-11,27.97686004638672,28.258298669793568,27.651444532272002,27.932884883515197,28350853
2025-04-14,28.43419647216797,28.6013006920668,28.117575676785748,28.28468162452075,27027200
2025-04-15,28.79479217529297,28.83876733601401,28.319861821774772,28.399017456639893,25716216
2025-04-16,28.75081443786621,28.953099122352064,28.58371022437149,28.671658810095174,32431301
2025-04-17,28.8035888671875,28.873949820374225,28.460583971952275,28.645279314271946,20502356
2025-04-22,29.36646842956543,29.498392187902738,28.689253352845004,28.759612575435813,21624747
2025-04-23,29.982120513916016,30.0524780163469,29.507190094142523,29.630319179069573,28074813
2025-04-24,30.562580108642578,30.615348217277532,29.964517354410397,30.03487828826215,27701953
2025-04-25,30.448251724243164,30.756076153620604,30.342712018618695,30.562589573036483,32716096
2025-04-28,30.773662567138672,30.844020052434942,30.31632163435209,30.439450689292727,15664343
2025-04-29,31.019920349121094,31.151844088329256,30.650529732531695,30.78245692741198,25215842
2025-04-30,31.292572021484375,31.380522349858815,30.808846943261354,30.826436317801683,32424606
2025-05-02,31.211301803588867,31.39608876637132,30.577749466095014,31.167303096676047,39184393
2025-05-05,30.656951904296875,31.140917109494374,30.57776042676402,31.017726909277258,28440154
2025-05-06,30.498567581176758,30.69215367651756,30.28738337851197,30.639355897157127,17773062
2025-05-07,30.832944869995117,30.9209388722156,30.560163808850497,30.727352758808298,13799837
2025-05-08,31.079326629638672,31.677679580275417,30.920936745060217,31.325707052995654,34181683
2025-05-09,32.75999069213867,32.77758879422904,31.492885852982873,32.02964525367631,59744738
2025-05-12,32.10004806518555,32.94478480740562,31.89766293257964,32.94478480740562,27701747
2025-05-13,32.49600601196289,32.654395832017286,32.13523457777455,32.276022839855116,25374256
2025-05-14,32.71599578857422,32.856784064197925,32.390420524240504,32.504811646444914,18405585
2025-05-15,33.155967712402344,33.23516264327384,32.75119746282367,32.87438765674151,27141221
2025-05-16,33.34954833984375,33.43754230895838,32.88318134075248,33.15596229926907,30524874
2025-05-19,33.74551773071289,33.95670186273475,33.18235774039641,33.279150755688704,25052690
2025-05-20,33.7015266418457,33.77191905629364,33.314354532831054,33.77191905629364,18517546
2025-05-21,33.02397155761719,33.61352870343767,32.75119061162845,33.604726195281735,20822892
2025-05-22,32.795188903808594,33.20875811419782,32.68079433050378,33.12076415024882,23576494
2025-05-23,33.19116973876953,33.19116973876953,31.994453552826148,32.20564120261967,20729677
2025-05-26,33.261558532714844,33.6575297145844,33.03277625882201,33.10316867701185,6695412
2025-05-27,33.525535583496094,33.98310006454741,33.32315049594168,33.701523518079256,15157789
2025-05-28,33.25276184082031,33.569538117324086,33.17356690734733,33.50794474703589,14984646
2025-05-29,32.98876953125,33.402335216532336,32.865575927461435,33.13835682529793,18040759
2025-05-30,32.93597412109375,33.19115693864902,32.63679605433256,33.11196203269139,32129614
2025-06-02,32.705020904541016,33.242033542873116,32.599375558325626,33.162801262720876,23768074
2025-06-03,32.5993766784668,32.70502202831224,32.37928969416268,32.58177027316546,24216330
2025-06-04,32.5201416015625,32.82826401214552,32.28244479864322,32.72262214163186,17784701
2025-06-05,32.123985290527344,32.57296239737289,32.02714661624443,32.57296239737289,25542146
2025-06-06,32.20322036743164,32.35287826307825,31.95672033004744,32.10637822569406,18733537
2025-06-09,32.035953521728516,32.24723729749903,31.578169701546656,32.10637914097293,24664895
2025-06-10,31.986291885375977,32.501629873459734,31.959637555635165,32.430548169746224,20974508
2025-06-11,32.27949523925781,32.51050637851891,31.75527604274801,31.959632856187635,16665400
2025-06-12,32.52827072143555,32.72374270732828,32.03959075670372,32.0662450753973,22525482
2025-06-13,32.13733673095703,32.29726967493075,31.906325581724744,32.13733673095703,14821597
2025-06-16,32.72374725341797,33.07026391778346,32.448308782109784,32.45719355624194,17874002
2025-06-17,32.91921615600586,32.9547552491765,32.67043203060119,32.86590402517984,20133513
2025-06-18,32.72374725341797,32.945873588862796,32.61712647276163,32.81259499473959,20285232
2025-06-20,32.554931640625,32.581585964722734,32.33280529100268,32.44831085316346,21841974
2025-06-23,32.48384475708008,32.554926434377116,32.11955857945661,32.554926434377116,14711387
2025-06-24,33.09691619873047,33.39012420021763,32.50161891324217,32.62600923449031,20742037
2025-06-25,32.501617431640625,32.999178693951635,32.377223624992865,32.96363960123514,20384627
2025-06-26,32.261722564697266,32.688205700826344,32.16398655507847,32.54604581914015,23717707
2025-06-27,32.2261848449707,32.30614781811109,31.932976803577347,31.986285452337608,14240265
2025-06-30,32.83037567138672,32.839260447585744,31.915212303246573,32.1195691379665,30712643
2025-07-01,32.97939682006836,33.04162345464244,32.72160824698747,32.82827649013365,18712010
2025-07-02,32.71271896362305,33.13940944202779,32.49048644965048,32.97940007603362,20331479
2025-07-03,33.521644592285156,33.6016492675567,32.74827537863037,32.74827537863037,13945170
2025-07-04,33.5394172668457,33.77054223540103,33.40607849121866,33.512750210267946,7528785
2025-07-07,33.09496307373047,33.58387673305959,33.02385089982033,33.54832064610452,13885121
2025-07-08,33.014957427978516,33.174966800115165,32.801613926955845,33.03273547094052,21526588
2025-07-09,32.330474853515625,32.970505218720994,32.2326921455477,32.96161619915469,16093132
2025-07-10,31.334871292114258,31.91267505633503,31.325982272106145,31.91267505633503,39571879
2025-07-11,31.07708168029785,31.290425162766034,30.872627218537595,31.245980059226405,43139284
2025-07-14,31.02375030517578,31.13931107735805,30.67706449588968,31.050417369662625,26665052
2025-07-15,31.130420684814453,31.30820809237519,30.837072510160986,31.023748938825843,27356285
2025-07-16,31.281536102294922,31.37931882269679,31.00596947522154,31.192645895328653,27655294
2025-07-17,31.752666473388672,31.85933819705319,31.281530989772982,31.299312520999074,25587775
2025-07-18,31.17486000061035,31.752667221504108,31.103747844984156,31.485986159690416,32227155
2025-07-21,31.539329528808594,31.628223232313445,31.121531567253175,31.15708765155947,12354541
2025-07-22,31.112634658813477,31.770443008153627,31.05929705313653,31.557099570922322,23330324
2025-07-23,31.459325790405273,31.583775581950878,30.988193688252785,31.07708390168591,13271962
2025-07-24,31.165969848632812,31.35264623584501,30.979293461420614,31.35264623584501,11460089
2025-07-25,31.299314498901367,31.548214038934518,31.13930515692389,31.13930515692389,18518061
2025-07-28,30.64150047302246,31.397095046346813,30.357041380626686,31.36153547683585,17849385
2025-07-29,30.819293975830078,30.988192359589718,30.552612868747346,30.614839508221706,16655821
2025-07-30,31.17486000061035,31.34375835569954,30.499273565730576,30.677057447534548,19531787
2025-07-31,31.254867553710938,31.308205168092915,30.792621035776097,30.828180609610353,22001830
2025-08-01,31.066003799438477,31.804187394088302,30.897020623334853,31.661888163074888,16498643
2025-08-04,31.395078659057617,31.626316260291606,31.15494757273718,31.51959094476106,17430072
2025-08-05,31.741926193237305,31.955376741168255,31.18161588404971,31.323918578998207,49690805
2025-08-06,32.142154693603516,33.04042800729872,32.1065772639322,32.27556044501617,41157358
2025-08-07,32.711368560791016,32.91592576104845,32.11548393491168,32.23110626070422,26887326
2025-08-08,32.9337043762207,33.040433187475266,32.684679801941925,32.72025374269798,18329262
2025-08-11,33.13825607299805,33.236087888476135,32.67578094127807,32.738038821852356,22695226
2025-08-12,33.823089599609375,34.036540266289336,33.25388549213365,33.31614339262103,27812781
2025-08-13,33.50291061401367,33.903131451996785,33.4851236424577,33.725254747450194,22618491
2025-08-14,33.458438873291016,33.79640530257221,33.15605337523944,33.21830777416456,26818728
2025-08-15,33.342811584472656,33.6451969739093,33.218295842360995,33.342811584472656,19527976
2025-08-18,33.582950592041016,33.84976211552932,33.360606490969786,33.44064785132053,21658634
2025-08-19,32.60715866088867,33.15495412205347,32.22999200669457,33.145970687201995,40817973
2025-08-20,32.6251220703125,32.80472727503359,32.373677606463644,32.571242625966676,16894884
2025-08-21,32.66104507446289,32.71492451855489,32.319794481410256,32.373677453953086,16147619
2025-08-22,33.57701873779297,33.60396198418629,32.678999912089594,32.777782406331,32623087
2025-08-25,33.40639877319336,33.74764580397973,33.32557608661356,33.65784321094111,11064054
2025-08-26,33.1818962097168,33.487223634496445,32.82268581423453,33.451300477877794,22088247
2025-08-27,33.73866653442383,33.756626347680495,32.91248689701288,33.04718902488842,12612968
2025-08-28,34.43912887573242,34.771396053849934,33.8733770349865,33.98113945838815,25167947
2025-08-29,34.564842224121094,34.70852424221478,34.412180300424694,34.54688241291565,32600942
2025-09-01,34.84124755859375,35.101791358053816,34.58070022906473,34.67054401407236,14863209
2025-09-02,34.24828338623047,34.571718919626605,34.10453190689714,34.27523546482951,24358676
2025-09-03,33.951805114746094,34.40102061358726,33.80805714353646,34.24828861480638,20686108
2025-09-04,34.08656692504883,34.45492615269475,33.700243173454524,33.94281896283578,15877244
2025-09-05,34.46391677856445,34.87719622038649,34.221340942736816,34.42798066364783,15664343
2025-09-08,34.30220031738281,34.508840035799935,33.93384102365221,34.46391636262611,11800195
2025-09-09,34.00570297241211,34.47288639123985,33.96077931748252,34.47288639123985,19497179
2025-09-10,34.032657623291016,34.4549209492194,33.96078188800458,34.01468957198666,14517129
2025-09-11,34.095550537109375,34.80530976911268,34.095550537109375,34.185390796804114,18078972
2025-09-12,33.583438873291016,33.92484240425459,33.47562351607234,33.88890630522747,22589754
2025-09-15,34.140472412109375,34.30219194796478,33.61039720246893,33.70024099682534,14196181
2025-09-16,34.050628662109375,34.365080177731784,33.84398899384124,34.31117248901998,19993536
2025-09-17,34.5357780456543,34.87718158430411,34.01468694768616,34.077575122399445,25226348
2025-09-18,34.58070373535156,34.634611423849655,34.28422027378534,34.53578360332758,15433005
2025-09-19,35.03890609741211,35.03890609741211,34.54476700375589,34.589687134965885,26702853
2025-09-22,34.5357780456543,34.913117684140275,34.392026586172136,34.79632182960399,18325039
2025-09-23,35.083831787109375,35.25453537289119,34.562740532168355,34.562740532168355,16930110
2025-09-24,34.85022735595703,35.1646788002991,34.778351630657305,35.092803074999374,18713452
2025-09-25,34.571720123291016,35.056875205311215,34.56273609677854,34.86820358841062,15146768
2025-09-26,34.74242401123047,34.913124046628994,34.580704472358825,34.62562813540957,12786935
2025-09-29,34.94007873535156,35.362342094521566,34.913123126204006,35.11077876624987,19124422
2025-09-30,35.10179901123047,35.48812631197278,34.787347460178985,35.39828250737668,33263438
2025-10-01,34.47050476074219,35.423273989068484,34.42556431530184,35.28844912108178,25519177
2025-10-02,34.092987060546875,34.785094564199376,34.057034708235406,34.53341750302335,17094601
2025-10-03,34.344661712646484,34.344661712646484,33.90423130106362,34.075008494229316,17766985
2025-10-06,33.94917297363281,34.380615313467466,33.94917297363281,34.33567487459516,14832309
2025-10-07,33.40986633300781,33.913213319056105,33.23009753418214,33.904228763946044,20705472
2025-10-08,33.472782135009766,33.66153901606838,33.30200495873289,33.481770221568304,15395204
2025-10-09,33.41885757446289,33.63457874075149,33.221112583420826,33.63457874075149,18067539
2025-10-10,33.382896423339844,33.760410170592834,33.28402394342428,33.589629469375616,23250808
2025-10-13,33.51772689819336,33.73344804406822,33.508738811420635,33.508738811420635,8194989
2025-10-14,33.661537170410156,34.01208665363119,33.42783986937245,33.42783986937245,21154861
2025-10-15,33.661537170410156,33.886246385382144,33.310991218853594,33.5446885198913,21972166
2025-10-16,33.58064270019531,33.9761326353686,33.34694538638007,33.54469035396671,15847580
2025-10-17,33.69749450683594,33.81433963075456,33.26604869865945,33.391888972362594,17469315
2025-10-20,34.29970932006836,34.470490002956986,33.7783827178266,33.814335058786675,19114019
2025-10-21,33.976131439208984,34.36263327421798,33.94916718048683,34.29971313886842,14013871
2025-10-22,34.2547721862793,34.2547721862793,33.922202405441126,34.09297957307993,13890374
2025-10-23,34.22780990600586,34.46150722154198,34.04804111020976,34.380610910267265,11432588
2025-10-24,34.182861328125,34.62329517155379,34.13792090107319,34.4974549124803,10169911
2025-10-27,34.47050476074219,34.704202140363314,34.32668827200176,34.443540493477975,11194349
2025-10-28,34.587345123291016,34.587345123291016,34.326680007497856,34.37162397378313,10478499
2025-10-29,35.36034393310547,35.51314492122374,34.650260443228035,34.650260443228035,27235466
2025-10-30,35.31540298461914,35.66594895078188,35.07271758740375,35.29742681173868,18657008
2025-10-31,35.450233459472656,35.62101064368998,35.34236935242564,35.450233459472656,16449821
2025-11-03,36.04161834716797,36.08658243644078,35.56502232030012,35.87975681222559,17968144
2025-11-04,35.93370819091797,36.122549585950836,35.79882299442846,36.014640722110045,20386481
2025-11-05,36.086578369140625,36.11355469971619,35.34020495725139,35.93370542938777,36312135
2025-11-06,36.086578369140625,36.680075308031356,35.978669513592706,36.050606395127545,23226500
2025-11-07,36.12254333496094,36.14951966294141,35.76284482890668,36.086574897653634,12706904
2025-11-10,36.36534881591797,36.437289246454064,36.167515281878515,36.28441627322066,16552409
2025-11-11,37.06675338745117,37.20163858524919,36.36534399905875,36.509224841072864,37289193
2025-11-12,36.22146224975586,37.18364980481574,36.08657706849396,37.06674884328935,36789128
2025-11-13,36.36534881591797,36.91388532398385,36.13154683323368,36.38333304024039,33686974
2025-11-14,36.50923156738281,36.581168468397266,36.1585250419509,36.34736647360707,17006742
2025-11-17,36.23945236206055,36.599150948240315,36.14053560418572,36.50922630169537,43985120
2025-11-18,36.05959701538086,36.284406827379684,35.8797512857291,35.92471183483066,17147337
2025-11-19,35.83479309082031,36.149527585976735,35.73587633329995,36.01464238326572,25766686
2025-11-21,35.94269943237305,35.99665562961125,35.56502018468903,35.8347905711425,16502454
2025-11-24,35.80781555175781,36.12255003632134,35.717890908561664,35.89774019495396,29014997
2025-11-25,35.88874816894531,36.167510676942925,35.72688310415975,35.96967716809211,30345963
2025-11-26,36.73404312133789,36.78799579955415,35.94270890819183,36.05960991090718,22251296
2025-11-27,36.60813903808594,36.76101199514732,36.49124159235649,36.56317848203615,9469408
2025-11-28,37.44443893432617,37.68723301486351,37.04877188956442,37.11172020422969,45311657
2025-12-01,37.15443801879883,37.55926869262461,37.01949210436103,37.52328146589409,15912985
2025-12-02,37.982093811035156,37.982093811035156,37.28038702607941,37.298378873303704,21175667
2025-12-03,37.982093811035156,38.19800304721476,37.71220549843862,38.05406473467637,23159653
2025-12-04,38.91770553588867,38.91770553588867,38.099048128107306,38.108044052610886,23199514
2025-12-05,37.11845397949219,39.04364882623355,37.01949528328716,38.962681977566874,39832160
2025-12-08,37.298377990722656,37.85614291519772,37.082468759652045,37.73919237626314,40458400
2025-12-09,37.21741485595703,37.33436894129589,36.64165802728052,37.21741485595703,24725047
2025-12-10,37.51032257080078,37.70053438752167,36.9872316667991,37.282061664320324,25643189
2025-12-11,37.481781005859375,37.81465629748548,37.301075888129255,37.472270603546924,21275268
2025-12-12,37.81466293334961,38.09998626348311,37.42472515942101,37.75760050946137,17595593
2025-12-15,38.38530731201172,38.594543660959886,37.947813807283225,38.214112576727864,17767809
2025-12-16,37.39619827270508,38.24265430471149,37.39619827270508,38.19510227455304,20379168
2025-12-17,37.06331253051758,37.4152124032956,36.85407991918355,37.18695524829738,31625017
2025-12-18,37.25352478027344,37.33912214005871,36.92064948057235,36.92064948057235,21898830
2025-12-19,37.595916748046875,38.04292068965793,37.27255179699872,37.424725736843435,35446214
2025-12-22,37.6720085144043,37.77662671003107,37.36766433286297,37.53885910276058,15858704
2025-12-23,38.290199279785156,38.37579290994606,37.79563962103625,37.85270577804071,10490138
2025-12-26,38.30256271362305,38.420118030915646,37.92051727466553,38.224196238992015,12196300
2025-12-29,38.18501281738281,38.46909924135687,38.06746123180295,38.380934617947595,10657000
2025-12-30,38.42991256713867,38.86093752129098,38.35154609224615,38.42991256713867,13764900
2026-01-02,38.36933135986328,38.97696721000553,38.36933135986328,38.83975947661506,18846800
2026-01-05,38.92795944213867,39.33958258372996,38.28112040633107,38.45753139233585,24438700
2026-01-06,39.163169860839844,39.67280116018155,39.163169860839844,39.29057862033268,21959800
2026-01-07,38.53593826293945,39.18277736697867,38.408529484356364,39.10437455305614,20894500
2026-01-08,39.13377380371094,39.29058316482787,38.447731446838056,38.565337533018244,17209400
2026-01-09,39.05536651611328,39.48659505501186,38.976963706350816,39.13377306450575,17023600
2026-01-12,38.702552795410156,39.11417600677216,38.702552795410156,39.05537108859312,10672200
2026-01-13,38.38892364501953,38.780948887620404,38.38892364501953,38.682944446285084,17397400
2026-01-14,38.81034851074219,38.86915341726433,38.437928651991086,38.68294348788877,21222100
2026-01-15,39.1435661315918,39.41798527109816,38.86915073071487,39.00635843115334,19093500
2026-01-16,38.82015609741211,39.29058419307417,38.67314568186701,39.17297810381619,19742500
2026-01-19,38.761348724365234,39.074967434909965,38.741747087627445,38.92796076732146,7190900
2026-01-20,39.12397384643555,39.29058590723089,38.29092475834982,38.565340224800586,20693900
2026-01-21,40.839080810546875,40.937089011500824,39.43759905389604,39.46699964486693,39510800
2026-01-22,42.22096252441406,42.70118955700307,41.06449208462615,41.12329325837905,42959700
2026-01-23,42.701194763183594,43.03441516338691,42.18176439234304,42.32877108327859,41025100
2026-01-26,43.269630432128906,43.455840399879214,42.416975935673776,42.642389182517974,25371700
2026-01-27,44.41628646850586,45.151330931782496,43.79884807253723,43.88705355767561,40280000
2026-01-28,45.41595458984375,45.49435740094006,44.720113284857476,44.729912234258244,36337500
2026-01-29,45.229740142822266,46.111791307718846,44.739710471669824,45.74917039788235,36252700
2026-01-30,44.592708587646484,45.45516202033396,44.08307718372345,45.170943859537005,38117000
2026-02-02,44.98310470581055,45.19880143900539,44.54190089225904,44.89486394310025,28095400
2026-02-03,45.23802185058594,46.06160108248753,44.99290902847385,45.394893907132676,48570600
2026-02-04,43.74773406982422,45.08114837867,43.188877152164544,45.002714222921576,48683500
2026-02-05,44.6301383972168,44.983101422293664,43.865387669633215,44.35561326221232,36014400
2026-02-06,45.83609390258789,46.022378285372824,44.22815452239296,44.69877065268481,38175900
2026-02-09,47.365604400634766,47.453845168639205,45.82629613443226,46.081211830820116,41656900
2026-02-10,47.47344207763672,48.22838989906894,47.2479387657997,47.36559559468148,43939300
2026-02-11,48.40488052368164,48.69901517106428,47.64993255998704,47.846023571617124,45819200
2026-02-12,47.296966552734375,48.14015142554246,46.934196923368425,48.09112961458406,42023800
2026-02-13,46.836151123046875,47.13028571524119,45.68902135132751,47.13028571524119,32353500
2026-02-18,47.05185317993164,47.47344374109554,46.59103993430855,47.13028732847688,23368500
2026-02-19,47.60090255737305,48.20878122279213,46.99302389195395,47.159698792099384,32026400
2026-02-20,48.267616271972656,48.326444695469135,47.08127111572992,47.11068345741574,31655900
2026-02-23,46.52240753173828,47.93425583268125,46.36553549830017,47.84601508011455,34148200
2026-02-24,47.22833251953125,47.40481403478154,46.32631921058492,46.70869458025236,38465900
2026-02-25,46.85576629638672,47.55188578865253,46.14984019711733,47.395013737717626,28980200
2026-02-26,46.73810577392578,47.20872562980857,46.2380773197214,46.85576260795869,26516600
2026-02-27,45.865509033203125,46.68908824636597,45.37528340013298,46.66947877222819,44765800
2026-03-02,45.039817810058594,45.44196264845607,44.70633841708603,44.95154649420938,47144000
2026-03-03,43.52934646606445,44.00995228549467,42.607361541185384,43.37241341908616,54352300
2026-03-04,44.14726638793945,44.618069250767256,43.66666058860518,44.37286114126807,27146100
2026-03-05,42.67601776123047,44.137459741177466,42.49947136451827,43.94129250512314,37085400
2026-03-06,42.10713577270508,42.75448501536501,41.83250389447927,42.626975754083574,26063600
2026-03-09,42.33272933959961,42.45042818859123,41.53825369035355,41.704997156205714,40970400
2026-03-10,42.96045684814453,43.35279129086234,41.999241579222286,42.74467627207042,50383100
2026-03-11,43.048728942871094,43.58818595823368,42.371956004497484,42.440613966003,18482600
2026-03-12,41.871734619140625,42.39157834547174,41.48921057439237,42.26406908336274,27095200
2026-03-13,41.58729934692383,42.51908722530629,41.51864137149731,42.00905761973189,24896600
2026-03-16,42.17579650878906,42.63678897026017,42.02867014061519,42.42100462802621,17777300
2026-03-17,41.891357421875,42.54851717771167,41.459792445716964,42.0777180014722,22436600
2026-03-18,41.46959686279297,42.21503165735999,41.45979018409719,41.68538120989064,23872800
2026-03-19,41.76384353637695,41.783456890918174,40.57703354139384,40.90071001500155,32908000
2026-03-20,41.09025955200195,41.8022941507911,40.744133717862034,41.64406465911447,37660900
2026-03-23,42.3066520690918,42.66266939030254,41.59462119915919,42.06930970327723,27535500
2026-03-24,42.06930923461914,42.33632222255264,41.49572494072744,42.02975091659444,18609000
2026-03-25,42.62310791015625,43.01868352048953,42.375874096820105,42.672557690814365,35148900
2026-03-26,41.47594451904297,42.36598778505861,41.47594451904297,42.217645983226426,18260900
2026-03-27,40.99136734008789,41.34738463779494,40.7243543668076,41.34738463779494,27910700
2026-03-30,41.13970184326172,41.59461489165184,40.773796884165776,41.53527742295182,18528100
2026-03-31,42.99890899658203,43.15713850326952,41.68362692958397,41.822077276374394,33419700
2026-04-01,43.3631706237793,43.808374676519726,43.03668362609806,43.37306245367853,26681100
2026-04-02,42.838809967041016,43.5412468352261,42.01765227830544,42.16605236047685,17811800
2026-04-06,43.026790618896484,43.274127874347776,42.7398784967969,42.888278585627475,11004600
2026-04-07,42.997108459472656,43.00700406337021,42.185842546959364,42.8388127637156,20302000
2026-04-08,44.500919342041016,45.242931121636325,44.22390281869357,45.213251858153974,35777600
2026-04-09,45.262718200683594,45.47048059156638,44.5108145971743,44.71857698805709,22162900
2026-04-10,45.57931137084961,45.88601094133408,45.28250740454665,45.34186970743412,29705900
2026-04-13,45.34186553955078,45.549627919458345,44.75814949071511,45.27260763884808,31011600
2026-04-14,46.03440856933594,46.341108123376834,45.361650935616346,45.510054797844816,23343300
2026-04-15,46.538978576660156,46.905036655512966,45.876112774020065,45.876112774020065,28907200
2026-04-16,46.4796142578125,46.96439691474595,46.02451463640841,46.766526365506444,22566300
2026-04-17,46.30153274536133,47.38981891685689,46.252066049854015,46.994077804664514,39165500
2026-04-20,45.87611770629883,46.52908797551307,45.737609433142374,46.30153813046071,19194500
2026-04-22,44.550384521484375,45.767283345676034,44.500917826009974,45.767283345676034,25440000
2026-04-23,43.70943832397461,44.639425008332864,43.650076026394224,44.42177079867183,20444200
2026-04-24,43.89741516113281,44.04581902443734,43.42252808225213,43.98645672430213,18234600
2026-04-27,43.521461486816406,44.085390080116106,43.511565883949146,44.02602778511262,13718400
2026-04-28,43.63029098510742,44.13486110702748,42.73987911700206,43.21476620147167,27131800
2026-04-29,42.41339111328125,43.54124838379076,42.3045621180449,43.382952692737966,18628100
2026-04-30,42.729984283447266,43.096046150754326,42.67062575561044,42.85860071720562,22735500
2026-05-04,41.966068267822266,42.80736762416164,41.817601898747505,42.66880102670872,25336300
2026-05-05,42.02545166015625,42.26299709478277,41.68893116356836,42.06504319520344,29386700
2026-05-06,41.35240936279297,42.84695767060757,41.11486771131472,42.79747014118764,38718400
2026-05-07,40.3725471496582,41.44149223076335,40.105309935467716,41.36231293155329,36335300
2026-05-08,40.83773422241211,41.124767203370354,40.56060101357342,40.738759155157375,35920000
2026-05-11,39.91725158691406,40.68926760717381,39.69950192964842,40.53090524979601,41215600
2026-05-12,39.46195602416992,39.91725109977418,39.36298096788782,39.87765956699879,43381700
2026-05-13,39.22441482543945,40.1547932023162,38.96707363512569,39.521343773322975,48564700
2026-05-14,39.98653793334961,40.23397937161129,39.58073412562673,39.739096495087935,34925200
2026-05-15,39.293697357177734,39.64011382703399,39.17492653546364,39.37287664643502,46869600
2026-05-18,39.214515686035156,39.44216134226835,38.89779096643623,39.264003215536896,22993100
2026-05-19,38.383113861083984,39.01656332516738,38.303934565901876,38.650351061679785,41150400
2026-05-20,39.26400375366211,39.57083248182846,38.69983760316593,38.81861220638573,38261500
2026-05-21,39.70939254760742,40.03601698927373,38.84829758195538,39.02645568183593,40949800
2026-05-22,39.026458740234375,39.63021637318266,38.90768792289156,39.6005208371048,21539700
2026-05-25,39.907352447509766,40.07561457869404,39.452061134798306,39.452061134798306,11436200
2026-05-26,39.65001678466797,39.94694575064571,39.24421298351184,39.80837915156654,23046600
2026-05-27,39.907352447509766,40.40223529410652,39.87766068492404,40.18448563339388,21601400
2026-05-28,39.59062957763672,40.036024915516464,39.31349637880339,39.90735431220528,20196600
2026-05-29,39.630218505859375,39.74898932959377,39.135335668700264,39.46195637788394,80334400
2026-06-01,38.97487258911133,39.66802401504577,38.86594830794531,39.658119747282655,32832400
2026-06-02,39.17292022705078,39.5987131256231,39.0838006953177,39.24223499869076,23121000
2026-06-03,38.34114074707031,38.91546370360708,38.261921703480745,38.84614892915216,40844400
2026-06-05,38.4500617980957,38.78673137282041,38.192603705531226,38.3708427611923,34727700
2026-06-08,38.143096923828125,38.69761889696094,38.05397738845628,38.34114075547355,23153100
2026-06-09,38.83624267578125,38.95506744616528,38.39064506512697,38.53917508376417,28212000
2026-06-10,38.97487258911133,39.2026216418351,38.27182067278515,38.64809974561327,41470600
2026-06-11,40.10372543334961,40.22255022882126,38.83625087532629,38.85605563746692,57558800
2026-06-12,40.20273971557617,40.71765212545665,39.717536333342764,39.82646062084827,30651000
2026-06-15,40.004703521728516,41.0840384547974,39.92548447688546,40.87609035077036,25132500
2026-06-16,40.0542106628418,40.232449723581006,39.73734206094358,39.88587209331179,20052700
2026-06-17,40.400787353515625,41.22266794436156,40.23245254953337,40.54932117368863,28205700
2026-06-18,40.09382247924805,40.975113564849075,40.06411344917513,40.519611618326145,20051100
2026-06-19,39.83591842651367,40.33549103115019,39.7260118436638,40.32550125608952,48413400
2026-06-22,40.905006408691406,40.98493986061546,40.06572422067264,40.12567430961569,25404800
2026-06-23,41.01490783691406,41.34462756744456,40.35547218728935,40.4853621245986,21074900
2026-06-24,40.93497848510742,41.44454084042542,40.77511541172959,40.77511541172959,22041600
2026-06-25,41.66435623168945,42.074005617420354,41.184766985816914,41.26469662107741,20778400
2026-06-26,42.203895568847656,42.50363837113291,41.364613435587046,41.47451620765697,23047700
2026-06-29,42.373748779296875,42.5735785862989,42.004066113776894,42.20389592077892,21151300
2026-06-30,42.14394760131836,42.48365714402659,41.604408243234104,42.054024374970986,40172400
2026-07-01,42.4220085144043,42.78185652222005,41.45242228565654,41.68232433218767,26405300
2026-07-02,42.45199966430664,43.141705824596144,42.292067635265,42.691895801328926,15005100
2026-07-03,42.721885681152344,42.87181981353131,42.511971794893235,42.77186372527867,9878400
2026-07-06,42.541961669921875,42.651911841762704,42.03217570584738,42.4719916455321,19170500
2026-07-07,42.41201400756836,43.16169607867115,42.34204398597851,42.65191013499634,21184500
2026-07-08,41.87224197387695,42.31205789567455,41.542383845608946,42.31205789567455,18564500
2026-07-09,42.57194519042969,42.73187720992022,41.92221921639184,41.93221711246756,18657300
2026-07-10,44.281219482421875,44.32120344067175,43.21167338425857,43.371605404177934,28815100
2026-07-13,43.50155258178711,44.62107675261554,43.46156862241603,44.09130263672963,17749900
2026-07-14,43.611507415771484,43.98134951448077,43.22167333698598,43.79143142337715,15398000
2026-07-15,43.12171173095703,43.60150779456738,43.03174973071258,43.50155171122029,18975900
2026-07-16,42.53196334838867,43.21167541831132,42.32205327731617,43.21167541831132,18156600
2026-07-17,41.94221115112305,42.59193712447403,41.85224915193722,42.481983146238,19576400
2026-07-20,42.282066345214844,42.51196838019373,42.082150371687106,42.12213432900866,12612200
2026-07-21,42.51197052001953,42.561952375727316,42.162120408546436,42.36203639213687,9834900
2026-07-22,42.88181686401367,42.96178097042178,42.252082843823636,42.661908898500904,21986300
2026-07-23,42.541961669921875,42.851827831339364,42.25208367568974,42.62192577790433,22570600
2026-07-24,42.0821533203125,42.432007251769726,42.02218119320806,42.28206930784801,10443700
2026-07-27,42.67190170288086,42.84183162016018,42.31205751520967,42.43200557776673,14920100
2026-07-28,42.84183120727539,43.65148538808278,42.581939292312924,43.48155928552127,19096400
2026-07-29,41.80227279663086,42.71188690815658,41.80227279663086,42.631922801811164,20532400
2026-07-30,42.721885681152344,42.83183585299812,41.81227155096402,42.17211575652175,12531700
2026-07-31,42.87181854248047,43.28164459309448,42.87181854248047,43.23166655044989,10285400
2026-08-03,43.16999816894531,43.470001220703125,42.83000183105469,43.349998474121094,17043500
2026-08-04,42.099998474121094,43.86000061035156,42.04999923706055,43.81999969482422,26508600
2026-08-05,42.380001068115234,43.380001068115234,42.279998779296875,42.61000061035156,30166400
2026-08-06,41.83000183105469,42.900001525878906,41.83000183105469,42.29999923706055,22055300
2026-08-07,40.75,42.130001068115234,40.5,42.0099983215332,25577700
