Price,Close,High,Low,Open,Volume
Ticker,PETR4.SA,PETR4.SA,PETR4.SA,PETR4.SA,PETR4.SA
Date,,,,,
2015-01-02,2.418379783630371,2.5811553815292285,2.415796231717998,2.5811553815292285,49559500
2015-01-05,2.2116804122924805,2.374455731839788,2.203929018862974,2.3615372355996525,78385100
2015-01-06,2.139335870742798,2.281441568194584,2.0773261924962374,2.250436729071304,84723300
2015-01-07,2.2401020526885986,2.255604350916398,2.1600060238296765,2.211681008334575,85531000
2015-01-08,2.3847908973693848,2.426130926938906,2.258187749825506,2.2711064936656977,83306300
2015-01-09,2.4571361541748047,2.4571361541748047,2.307279293222411,2.3770401267807957,50813100
2015-01-12,2.284024953842163,2.4752215504368564,2.2711062116064102,2.395125792103315,58728900
2015-01-13,2.348618984222412,2.4261312098992898,2.286609302242739,2.299527801185075,65834800
2015-01-14,2.3021113872528076,2.3150301314084514,2.232350563059612,2.2943602393212417,55736500
2015-01-15,2.405461311340332,2.426131205294323,2.2917766481888067,2.3253652874651856,80907800
2015-01-16,2.439049482345581,2.4881406608241923,2.387374752161161,2.444217078566298,56978300
2015-01-19,2.3692891597747803,2.4648874924552024,2.3641215624600864,2.415796549988619,30873100
2015-01-20,2.405461311340332,2.5449832187320602,2.3641212770277766,2.4803897385246936,72842900
2015-01-21,2.557901382446289,2.563068978459879,2.408044547715753,2.441633182590465,48003500
2015-01-22,2.643164873123169,2.702590998127572,2.575987846533022,2.6095764830303714,74782400
2015-01-23,2.5785715579986572,2.6896724204951457,2.5527343142955776,2.6121601965767716,43659400
2015-01-26,2.539815664291382,2.5759881025148856,2.4958920773073334,2.529480717142463,33202100
2015-01-27,2.6199119091033936,2.679337798589688,2.4623036438657318,2.5113948317414154,58750400
2015-01-28,2.3537862300872803,2.464887090175045,2.312446443934966,2.4364660487964693,106337900
2015-01-29,2.2401020526885986,2.346035327395382,2.1548386732219393,2.3382841782814823,111506300
2015-01-30,2.144503593444824,2.1548385404279853,2.087661261835151,2.1186661027846347,87497200
2015-02-02,2.271106719970703,2.271106719970703,2.100579974220719,2.185843347095711,57585100
2015-02-03,2.5759878158569336,2.5837389637549246,2.3279488654802787,2.3279488654802787,98061700
2015-02-04,2.588906764984131,2.785270754513021,2.4700547533827812,2.6612513927053008,117595000
2015-02-05,2.539815664291382,2.6586676797062347,2.506227024456252,2.547566813051927,78992700
2015-02-06,2.356370449066162,2.534648616686289,2.2917769600685,2.532064817989277,117747100
2015-02-09,2.4287140369415283,2.4468003735907615,2.2530199904389003,2.273689878262739,72534200
2015-02-10,2.3021113872528076,2.532064244728705,2.2969440374332804,2.3822074038941583,75478700
2015-02-11,2.3460352420806885,2.3744562854011675,2.2762744097833028,2.3098628035236057,48681100
2015-02-12,2.441633462905884,2.464887154827632,2.395126325466956,2.4157962190852724,61706000
2015-02-13,2.5914907455444336,2.609577090269821,2.495892410070219,2.5010600075359326,72282500
2015-02-18,2.5940744876861572,2.6715867231486223,2.586323338061292,2.6250793325902224,42896700
2015-02-19,2.5088107585906982,2.5759880365404597,2.4933082150620725,2.5734042382182607,38492400
2015-02-20,2.490724563598633,2.5579015924589865,2.462303275999483,2.5372316995166377,35272700
2015-02-23,2.4545516967773438,2.4778053838557463,2.4261306605729165,2.4674704391991806,41168500
2015-02-24,2.557901382446289,2.557901382446289,2.4778056154719716,2.49330791070366,48578000
2015-02-25,2.4287140369415283,2.4287140369415283,2.3253645978223356,2.3512020808043834,96303900
2015-02-26,2.3847908973693848,2.4597195623615864,2.3667048038358436,2.4287144785833092,44179900
2015-02-27,2.467471122741699,2.4907248162618747,2.3512029015454066,2.4028776391432496,46969600
2015-03-02,2.433881998062134,2.5088104142910304,2.3951260141661495,2.4390493475928148,38009000
2015-03-03,2.472637891769409,2.5320640108341768,2.4597193952116365,2.503642727036212,42133600
2015-03-04,2.3951261043548584,2.4416332375003633,2.3796235623699933,2.4312982916453016,48308500
2015-03-05,2.3873751163482666,2.4235475561976356,2.366705221121366,2.405461459475245,52913800
2015-03-06,2.3899588584899902,2.4157963501165796,2.3692889637505514,2.3770401126766956,27181900
2015-03-09,2.3046953678131104,2.3718726456168207,2.299527771179947,2.358953900438481,37625700
2015-03-10,2.201345682144165,2.320197436133383,2.1987618840823444,2.2814414508242504,72090500
2015-03-11,2.258188009262085,2.2814417015650688,2.2168482213477008,2.240101913650685,44035300
2015-03-12,2.188427209854126,2.3460352151183863,2.1806758147066065,2.317614172124542,63029900
2015-03-13,2.1548385620117188,2.1677573074712124,2.10833117691937,2.131584869465544,72933500
2015-03-16,2.167757034301758,2.196178073607513,2.116082058975593,2.1935942755602964,53380500
2015-03-17,2.2891929149627686,2.307279257490432,2.1496710036021405,2.157422398858816,63896300
2015-03-18,2.377040147781372,2.400293841307802,2.240102031509111,2.286609418561971,65324600
2015-03-19,2.3046953678131104,2.384791144390591,2.2866092724061766,2.3718726456168207,42857200
2015-03-20,2.3822076320648193,2.4157962715248322,2.315030353144793,2.346035194245288,65339300
2015-03-23,2.4106285572052,2.4390495985596794,2.3770399193837823,2.4028774089093536,34124600
2015-03-24,2.433881998062134,2.441633145560423,2.3822072707326423,2.420963254628627,36392400
2015-03-25,2.5320639610290527,2.555317648622892,2.4623028982475352,2.49330773290448,84659600
2015-03-26,2.4106285572052,2.573404149845352,2.405461207142823,2.5630692033160356,58862000
2015-03-27,2.418379783630371,2.4829732631265253,2.3692888476313048,2.4028774865378533,51152500
2015-03-30,2.5088107585906982,2.5191457054749256,2.433882332078909,2.454552225847363,33372200
2015-03-31,2.495891809463501,2.5630690819247066,2.4468008773754195,2.4752219173838297,46908300
2015-04-01,2.650916576385498,2.67933761993105,2.550150655152863,2.565653199344261,59374600
2015-04-02,2.7620177268981934,2.769769123678982,2.6276633859580256,2.6276633859580256,69001800
2015-04-06,2.767184257507324,2.8395288747271565,2.759433110120618,2.790437946071975,45227600
2015-04-07,2.8214430809020996,2.8317780273140114,2.702591073962833,2.738763509606804,61721500
2015-04-08,2.7310128211975098,2.9273771002055478,2.7103429230287293,2.867951204571459,73904600
2015-04-09,2.991969585418701,2.997137181421949,2.733595698965241,2.7646005357711116,79280800
2015-04-10,3.051395893096924,3.0824007317892974,2.911873995778964,2.976467471322548,70021600
2015-04-13,3.170247793197632,3.2942671438691105,3.074649235716018,3.0927355758256847,104809600
2015-04-14,3.21933913230896,3.2916837626966395,3.0927359675293764,3.273597666700864,87127100
2015-04-15,3.4467086791992188,3.457043627783138,3.2219233626955237,3.281349255451905,103042800
2015-04-16,3.3536934852600098,3.4441244591097444,3.234841714287164,3.4234545644705907,109852700
2015-04-17,3.3459417819976807,3.4208701992512127,3.2348411783211235,3.25809462113398,71274400
2015-04-20,3.3769474029541016,3.457043434811995,3.364028902748768,3.4182871949822027,52514600
2015-04-22,3.358861207962036,3.433789640437314,3.2710140292521412,3.4079521479680777,65914800
2015-04-23,3.32527232170105,3.4260382392330473,3.0720659983090277,3.1779992661119993,182613700
2015-04-24,3.415703773498535,3.560393051133963,3.4002012276924365,3.407952377393183,106143700
2015-04-27,3.234841823577881,3.389866038609106,3.2322580250595467,3.3459424494157783,53111300
2015-04-28,3.2994353771209717,3.32527262363097,3.1650808082124424,3.2968515785485937,60884300
2015-04-29,3.3123536109924316,3.3407749001954627,3.237425183246887,3.2503439286660307,35821900
2015-04-30,3.374363422393799,3.3976168676542255,3.307186145673724,3.314937294093866,48515300
2015-05-04,3.562976121902466,3.5784786645413202,3.4363729682359527,3.4389567664098544,55651100
2015-05-05,3.728334903717041,3.774842031274664,3.5319707096596957,3.539721856518547,76329800
2015-05-06,3.562976121902466,3.8626898107475003,3.5061337940994077,3.811015079292245,72197500
2015-05-07,3.529388427734375,3.6301543657952404,3.444125036453882,3.5655608726188293,44978900
2015-05-08,3.4906318187713623,3.6404886769707554,3.4518755818135047,3.627569931318136,43687900
2015-05-11,3.5578088760375977,3.5733111727253926,3.469961706791549,3.534555184601342,28040500
2015-05-12,3.547473430633545,3.632737041968083,3.5216361891907098,3.539722282841149,30765100
2015-05-13,3.6120667457580566,3.650822975832883,3.5526408712763384,3.5836457074934787,45346800
2015-05-14,3.5913970470428467,3.676660412801673,3.5552248593903433,3.6430720232399336,49457700
2015-05-15,3.6275687217712402,3.6482386093616004,3.5164678911696794,3.596563890385699,54224100
2015-05-18,3.5397233963012695,3.7851786224439277,3.4932162485129976,3.7825950699701405,82200400
2015-05-19,3.3304402828216553,3.5113019973794635,3.304602789425712,3.5009670493020058,70521100
2015-05-20,3.317521572113037,3.3898662094400547,3.263263032516624,3.2968516757338895,43164900
2015-05-21,3.4828805923461914,3.4932157864928786,3.3226887791414006,3.3226887791414006,53682900
2015-05-22,3.3769474029541016,3.526804272258266,3.3381914095289065,3.4932158760388816,53753700
2015-05-25,3.3149361610412598,3.3614435284749224,3.2865151289454,3.353692136299658,24377600
2015-05-26,3.2012531757354736,3.32268874900246,3.1935017801957684,3.3071864507322264,44844200
2015-05-27,3.240009069442749,3.271013911446438,3.175415587000585,3.229674122108186,47223300
2015-05-28,3.26842999458313,3.312353580764637,3.2038365144814507,3.2219228564650297,96419400
2015-05-29,3.1857495307922363,3.3020177132815767,3.1779983843341477,3.283931622744536,75971600
2015-06-01,3.1935014724731445,3.2684298973048134,3.1650804307799474,3.2115878139184195,40498000
2015-06-02,3.3278560638427734,3.3459421590926284,3.221922797828651,3.2425926913726473,47041600
2015-06-03,3.304603099822998,3.3846991397500656,3.2865170005897917,3.3485266948790318,90062100
2015-06-05,3.2477598190307617,3.3020183474672815,3.2090038328923405,3.25034361714787,36719100
2015-06-08,3.2477598190307617,3.2994347957547236,3.221922577073331,3.258094765094644,23667600
2015-06-09,3.358861207962036,3.402784797316984,3.2477603353107467,3.258095283017523,88228800
2015-06-10,3.379531145095825,3.4725456756050765,3.3381913537583805,3.4363734813871085,45583600
2015-06-11,3.384697914123535,3.395032859429374,3.3201044443609065,3.392449061501781,35341600
2015-06-12,3.3640289306640625,3.3691962815081564,3.314937742419878,3.322688891888318,30067700
2015-06-15,3.3614439964294434,3.3821138856320236,3.333022713972509,3.351109051828153,31713200
2015-06-16,3.457042694091797,3.4828799353710678,3.3356068962251366,3.3691955316522786,49988000
2015-06-17,3.395033121109009,3.5113013263624606,3.389865524855519,3.48804763603086,40920200
2015-06-18,3.4751298427581787,3.4751298427581787,3.3976176025767546,3.431206248202192,26832100
2015-06-19,3.397618055343628,3.472546506676232,3.3846995522623855,3.4389581029794196,36247800
2015-06-22,3.4027838706970215,3.4544585951592404,3.3924489258045782,3.4363725031985948,22567300
2015-06-23,3.3511104583740234,3.469962494376325,3.345942860702149,3.428622698619806,48007400
2015-06-24,3.415703773498535,3.449292417407911,3.371780181186629,3.374363979888413,39613200
2015-06-25,3.255511522293091,3.42087067500591,3.2348416282039882,3.4182868766436285,48369000
2015-06-26,3.413119316101074,3.413119316101074,3.265846268185992,3.2710136181877107,34536800
2015-06-29,3.320103883743286,3.511300462818995,3.260677773465734,3.3588598604948925,63175500
2015-06-30,3.2787649631500244,3.3562771890637535,3.2684300161218323,3.333023496649177,32876500
2015-07-01,3.1418263912200928,3.320104509234999,3.103070407167045,3.3071857657491375,62627200
2015-07-02,3.1909186840057373,3.23742583186597,3.141827490858473,3.1909186840057377,37421500
2015-07-03,3.038477897644043,3.1805836281476543,3.0178080000876575,3.165081081778058,31574500
2015-07-06,2.973883867263794,3.03072595204085,2.9144577377546907,2.973883867263794,51206800
2015-07-07,3.04106068611145,3.0617305768007,2.795605302968672,2.9351271883233765,72452800
2015-07-08,2.960965156555176,3.0979032662486725,2.927376517120059,3.002304944658528,44001500
2015-07-10,3.051395893096924,3.095319229774371,3.0358933505484593,3.0746493373127883,30885900
2015-07-13,3.0462279319763184,3.0824003626545133,2.991969409161289,3.0668978219625656,29585400
2015-07-14,3.097902774810791,3.1211564635312055,2.991969522999601,3.0203905612109216,37058500
2015-07-15,3.043644905090332,3.1159897847718736,3.0281426068761355,3.0901522925420966,33375100
2015-07-16,3.097902774810791,3.097902774810791,3.053979195317683,3.072065534547191,26442500
2015-07-17,2.948046922683716,3.0746501073181363,2.9428795714765026,3.053980209680052,39929900
2015-07-20,2.7878546714782715,2.9816351173541604,2.777519724221074,2.960965222839765,48763200
2015-07-21,2.772352457046509,2.90412323504788,2.738764059270104,2.818859848436312,40357600
2015-07-22,2.6767537593841553,2.769768529564968,2.669002610670612,2.741347240274353,30155200
2015-07-23,2.614743709564209,2.728428357947828,2.614743709564209,2.6405811968526334,50696500
2015-07-24,2.5914907455444336,2.6431654881785214,2.521729904589568,2.6276631885905997,45143700
2015-07-27,2.4545516967773438,2.581154830421407,2.4545516967773438,2.5734036835301115,54768800
2015-07-28,2.588906764984131,2.640581499070681,2.4829732521009924,2.5036431457356123,72306100
2015-07-29,2.7646005153656006,2.7826868548389347,2.5604851564301243,2.5863226434465796,88194700
2015-07-30,2.6922566890716553,2.824027468110224,2.6457492973157817,2.7981899734892695,47498400
2015-07-31,2.710341453552246,2.764599968428898,2.666417882156647,2.7077576560808603,37462200
2015-08-03,2.5914907455444336,2.689672879751505,2.5708208484907984,2.6767541324918303,41499600
2015-08-04,2.625079393386841,2.700007831908152,2.609577093778078,2.6199120423187896,30786900
2015-08-05,2.5863232612609863,2.7258451823885084,2.5863232612609863,2.6896727412055967,43759700
2015-08-06,2.671586036682129,2.684504780340491,2.5165616055908697,2.5475664425282134,60293400
2015-08-07,2.503643751144409,2.7258455310542797,2.501060198618777,2.6483332879788515,65832700
2015-08-10,2.581155300140381,2.591490246677702,2.47263823829623,2.534648163924718,51017800
2015-08-11,2.5785715579986572,2.5785715579986577,2.446801048382446,2.5294806224796087,45648700
2015-08-12,2.5372321605682373,2.5863233500303116,2.4984761658599512,2.532064809595948,40039100
2015-08-13,2.4545516967773438,2.5759874812953822,2.4545516967773438,2.5604849411082746,31405700
2015-08-14,2.4028778076171875,2.5010599391392647,2.4028778076171875,2.482973594908486,28018600
2015-08-17,2.3641209602355957,2.4183794861953243,2.3563698126426456,2.377039703826872,33125100
2015-08-18,2.3227808475494385,2.377039365793179,2.2788572734281005,2.3408671845670215,38013600
2015-08-19,2.258188009262085,2.3382840331496326,2.2297669666720887,2.3124465425008567,37036000
2015-08-20,2.245269536972046,2.3150306223642434,2.211681140010546,2.2323510364812855,38857700
2015-08-21,2.144503593444824,2.232350766003981,2.1419197950978908,2.2220158190208195,39848800
2015-08-24,2.0385701656341553,2.110914916425749,1.9455556444479005,2.0049816501402606,70881000
2015-08-25,2.0282351970672607,2.126417190598995,2.0282351970672607,2.0928287986678784,58283200
2015-08-26,2.1005804538726807,2.1005804538726807,2.0282356864034967,2.085077906898896,43893300
2015-08-27,2.3046953678131104,2.307279166129692,2.1264172264420766,2.1315848230752406,66820200
2015-08-28,2.3305325508117676,2.4261308582763617,2.2245990514438843,2.2401015928942813,77260900
2015-08-31,2.3744566440582275,2.4002941392737873,2.201346313170595,2.250437258394619,76576400
2015-09-01,2.219431161880493,2.3486180723843217,2.206512421549215,2.260770933817002,52756400
2015-09-02,2.278857946395874,2.2840255431853667,2.1522547819082316,2.260771850441804,56050600
2015-09-03,2.2633557319641113,2.3796239535475956,2.206513397214898,2.3072793206696964,56645400
2015-09-04,2.1987621784210205,2.263355660186118,2.1987621784210205,2.222015871281188,35463400
2015-09-08,2.2323508262634277,2.2711068168953075,2.2168482821679283,2.2478531239543478,29383000
2015-09-09,2.167757034301758,2.2995275314507553,2.1600056401601067,2.276274088239434,38706300
2015-09-10,2.0592403411865234,2.1057476081475217,2.017900548332303,2.0411542434139527,62858700
2015-09-11,1.9791446924209595,2.0644080880491997,1.9610585922587978,2.051489462676558,53647300
2015-09-14,1.9946471452713013,2.0204846427901555,1.92746997204831,1.9894796704079944,52851400
2015-09-15,1.9765607118606567,2.033402925780854,1.948139543299409,1.9765607118606567,35102900
2015-09-16,2.103163957595825,2.1290012037197807,1.999814233886232,2.0075655062852547,66613400
2015-09-17,2.0308189392089844,2.0954122926196934,2.0308189392089844,2.079909996219129,72887600
2015-09-18,1.9636422395706177,2.0049821604894777,1.937804865997777,2.002398361531036,68097000
2015-09-21,1.8861297369003296,1.9843117365947225,1.8861297369003294,1.9791442629265967,41063600
2015-09-22,1.8008657693862915,1.870626707409525,1.7595259907657854,1.870626707409525,66720700
2015-09-23,1.7621101140975952,1.8499571598967628,1.73110515120149,1.798282427073723,64774800
2015-09-24,1.7982828617095947,1.8447901324909028,1.705268196944668,1.7078519958114518,56577300
2015-09-25,1.7621101140975952,1.8654595797436746,1.7491913692906944,1.8396222133321547,44843100
2015-09-28,1.6639280319213867,1.7440239310055141,1.6639280319213867,1.7414401327113729,37466900
2015-09-29,1.7026846408843994,1.7543593898268297,1.6794309422591458,1.689765892047632,52387600
2015-09-30,1.8706270456314087,1.8757946420955667,1.800866094994929,1.8732108438634878,107779500
2015-10-01,1.8137843608856201,1.9274688658348516,1.8060330914381106,1.8887127650018014,69296500
2015-10-02,2.007565498352051,2.023067919886541,1.7827802012985006,1.8060337719990884,88891400
2015-10-05,2.020484209060669,2.10316391232737,2.0023979893204333,2.041154104076771,68350300
2015-10-06,2.116081953048706,2.154838182603269,2.025651243563788,2.0308187161972766,81259300
2015-10-07,2.188427209854126,2.2995278298515722,2.136752474226875,2.1987621569795763,116610600
2015-10-08,2.260772228240967,2.28402592487047,2.1393363938450163,2.1858437871040226,68670000
2015-10-09,2.273690938949585,2.343451781297656,2.216848597714576,2.3305332801845933,71885200
2015-10-13,2.1005804538726807,2.1884276451133378,2.085077906898896,2.160006350062169,56100600
2015-10-14,2.0566565990448,2.12641743562307,2.0385703786563947,2.0850776441093406,75339100
2015-10-15,2.0669915676116943,2.085077664978826,1.9817281851600796,2.0669915676116943,61444100
2015-10-16,2.0540735721588135,2.0876622269836234,2.0179012409948953,2.064408523919933,42963800
2015-10-19,2.0540735721588135,2.0566573717002647,2.0049826128946675,2.0411549440585857,40096200
2015-10-20,2.0799098014831543,2.1160819873008125,2.0592397874123574,2.0669910580891897,47938700
2015-10-21,2.0023980140686035,2.0824940430493664,1.9920630664328198,2.054072752247521,45394400
2015-10-22,2.072159767150879,2.0954132220660826,2.0179010896704015,2.0204848890180913,46174500
2015-10-23,2.0644073486328125,2.1393357678446248,2.0514887278872806,2.1341684181082305,45715300
2015-10-26,2.0282351970672607,2.1005799470824003,2.0153165753089635,2.079910053707298,35069500
2015-10-27,1.9636422395706177,2.0308195340623185,1.9507236143853548,2.0308195340623185,44085700
2015-10-28,2.0540735721588135,2.0540735721588135,2.030819992297466,2.0334036686365744,4630900
2015-10-29,1.966225266456604,2.0489048294241297,1.9558903210856635,1.9558903210856635,41336300
2015-10-30,1.9920625686645508,2.010148784109011,1.9481389905867643,1.9636414081667601,36951300
2015-11-03,2.1910107135772705,2.19101071357727,2.0075653445395827,2.025651563211934,60306200
2015-11-04,2.087661027908325,2.234934067517261,2.0721587323729347,2.216847973924457,55661500
2015-11-05,2.095412254333496,2.1109147968553654,2.033402577055128,2.087661106274839,92690300
2015-11-06,2.020484209060669,2.087661367863001,1.9972305155664076,2.0773264203549497,39680600
2015-11-09,2.0437378883361816,2.048905362365766,1.9610583038628349,2.023067992217845,36340400
2015-11-10,1.966225266456604,1.9868951571984856,1.9403879030292526,1.9636414685127355,34554300
2015-11-11,1.9946471452713013,2.0230683186206497,1.9739772458180733,1.9920634694408073,44596400
2015-11-12,1.9584743976593018,1.9998141876249993,1.9455557748961674,1.994646713879287,41641400
2015-11-13,1.8783783912658691,1.9533068181216873,1.8680434443341896,1.9378043977241681,67000600
2015-11-16,1.9894795417785645,1.9894795417785645,1.8887137268579128,1.8887137268579128,56587800
2015-11-17,2.0049819946289062,2.0308193660643705,1.973977025704044,2.015316943203092,52072800
2015-11-18,2.020484209060669,2.074742621876791,2.0127329368284843,2.01790041058251,38137700
2015-11-19,2.0256521701812744,2.061824495162419,1.9688098220085815,2.0566570201651126,51878600
2015-11-23,2.087661027908325,2.092828624023152,2.028235027812814,2.0411537716953356,47415800
2015-11-24,2.1961781978607178,2.1961781978607178,2.0540725004829365,2.0799099896078266,63001700
2015-11-25,2.041154146194458,2.157422492862582,2.041154146194458,2.1393361495468555,54732800
2015-11-26,2.046321153640747,2.0773259897377847,2.020483790226549,2.054072301063873,21697100
2015-11-27,1.9636422395706177,2.0308195340623185,1.955891089099923,2.0179007856747404,38334200
2015-11-30,1.981728196144104,2.0256517869116735,1.9171347092982196,1.9481395534156924,72764300
2015-12-01,1.935220718383789,2.0049817992655523,1.9248857708166298,1.9817281056382978,35865600
2015-12-02,1.9429723024368286,1.9610585251826858,1.8990487066271131,1.9481397770496,47713500
2015-12-03,2.061823844909668,2.110914903503027,2.0127327863163087,2.064407519992327,76680900
2015-12-04,1.9429723024368286,2.059240542825347,1.9171349293729703,2.059240542825347,63662600
2015-12-07,1.8577088117599487,1.9662258961078924,1.8473738630794119,1.9636420973366049,47395000
2015-12-08,1.8422061204910278,1.8602922164472537,1.795698734998359,1.8602922164472537,46590500
2015-12-09,1.9765607118606567,2.0204843024001398,1.8783785827961998,1.896464803371957,82102800
2015-12-10,1.924885630607605,1.955890594252968,1.888713316757346,1.9403881740314286,43458400
2015-12-11,1.8732110261917114,1.9455557821019174,1.8628760786620095,1.8757948246752831,50750600
2015-12-14,1.8628756999969482,1.8680431727114115,1.8267033909957042,1.847373281853558,33538000
2015-12-15,1.9171345233917236,1.930053145586789,1.8861296822808218,1.896464629317789,34188900
2015-12-16,1.883546233177185,1.9016324554466608,1.8318714884105542,1.8809625575400084,39840300
2015-12-17,1.8602920770645142,1.9429717714771313,1.8577084020653307,1.8990481876704997,43789300
2015-12-18,1.8137843608856201,1.8344542484759805,1.7879470013976693,1.81378436088562,60061600
2015-12-21,1.7156025171279907,1.8318708362648743,1.7104350444909469,1.824119565708176,54032100
2015-12-22,1.754359483718872,1.7621107580762392,1.7104358831658872,1.7466083325638315,40463400
2015-12-23,1.7905311584472656,1.8189523231470803,1.7750287385752614,1.7853636851565975,38789700
2015-12-28,1.7311053276062012,1.7827801888973422,1.7181867046851365,1.7827801888973422,28617600
2015-12-29,1.7285213470458984,1.7750286031126759,1.725937548996608,1.75952618442375,22441300
2015-12-30,1.7311053276062012,1.7466078722351492,1.6845980633262387,1.720770379988432,30041600
2016-01-04,1.7750287055969238,1.8163686143564934,1.6923491344823431,1.6975166076770043,45962100
2016-01-05,1.7259372472763062,1.8086169223658406,1.7104348312974405,1.7879470343940196,29446700
2016-01-06,1.653592824935913,1.6897651329457422,1.653592824935913,1.687181458260458,67507200
2016-01-07,1.6174209117889404,1.6613443777799737,1.5709135240772787,1.5993346917674838,57387900
2016-01-08,1.6200045347213745,1.6665117977269077,1.583832219050404,1.6484257014925678,52100300
2016-01-11,1.5734971761703491,1.6277557079832772,1.563162229463342,1.6200044363518804,51334000
2016-01-12,1.4288076162338257,1.5812481222564012,1.4236401435415733,1.5812481222564012,81627800
2016-01-13,1.3616304397583008,1.4830661178078581,1.3564629667179424,1.4727311717271416,70874300
2016-01-14,1.4701480865478516,1.4701480865478513,1.3254586601743799,1.3719659361936771,76854200
2016-01-15,1.3357930183410645,1.405553963051223,1.333209220328484,1.3823002737470802,75571500
2016-01-18,1.2401949167251587,1.3461281888946213,1.2401949167251587,1.340960715208362,46407200
2016-01-19,1.2040224075317383,1.3047883233431814,1.1988549341467116,1.2996208499581547,66529300
2016-01-20,1.1445964574813843,1.162682676806758,1.10067299318083,1.162682676806758,92914100
2016-01-21,1.1626826524734497,1.206606239057035,1.1265103377820271,1.1290940129445566,87455300
2016-01-22,1.139428973197937,1.2324436209698977,1.1368452980054793,1.2221086737954898,100576600
2016-01-26,1.0851703882217407,1.1135915532244018,1.0645004948388175,1.0929216598414784,71933300
2016-01-27,1.1807689666748047,1.1988550638784063,1.0748355660149647,1.0903379878476076,79437900
2016-01-28,1.188520073890686,1.3254583133652398,1.123926590274863,1.206606293655942,131960900
2016-01-29,1.2505297660827637,1.2556972393640033,1.1678500703806511,1.2143573299118062,93013900
2016-02-01,1.2195247411727905,1.2556971755041595,1.2040223221174644,1.2246922141912324,51910300
2016-02-02,1.1110079288482666,1.2014387781260818,1.1110079288482666,1.1781850854080793,53610300
2016-02-03,1.160098910331726,1.1678501825995466,1.090337952730512,1.142012813710633,73786400
2016-02-04,1.2221086025238037,1.2763671336263074,1.126510285134547,1.1781850179929882,91974200
2016-02-05,1.1730176210403442,1.2350274277079945,1.1704339458304323,1.2221086820515663,52704500
2016-02-10,1.1135913133621216,1.139428674525531,1.105840166614227,1.1110076388469088,45747400
2016-02-11,1.092921257019043,1.1032561999013126,1.0645001024916825,1.085169988256222,59451500
2016-02-12,1.149763822555542,1.165266365200555,1.1110078355498436,1.1290939299652287,64027200
2016-02-15,1.1807689666748047,1.1885201159899776,1.1678502202131202,1.178185168101549,28490400
2016-02-16,1.1471803188323975,1.1988550580221151,1.1420128449134257,1.1626827405893128,80343900
2016-02-17,1.2091898918151855,1.245362329038677,1.16526642924772,1.1730175777939789,84473100
2016-02-18,1.1859362125396729,1.2582808338453506,1.1756012666388616,1.2117735772917007,65026900
2016-02-19,1.1523476839065552,1.1807688493775315,1.1368452636139186,1.162682630768313,56031000
2016-02-22,1.302204966545105,1.3022049665451048,1.196271664635617,1.2066066149096,80150300
2016-02-23,1.271200180053711,1.3642148604289983,1.2453628030612232,1.2789513315502914,85037400
2016-02-24,1.2582811117172241,1.2737835339919104,1.2014388967100411,1.2324437412594138,75039700
2016-02-25,1.2634483575820923,1.3125394141853757,1.2376109917914901,1.2427784649496105,70393700
2016-02-26,1.2582811117172241,1.3177071253713384,1.2479461635341,1.29703722900509,61396800
2016-02-29,1.328041911125183,1.3512956032942656,1.286702123448846,1.3125394907465568,84165000
2016-03-01,1.3719658851623535,1.3874683099254945,1.3177073368901995,1.3719658851623535,80939200
2016-03-02,1.4598126411437988,1.4598126411437986,1.3306256839311135,1.3461281040123618,88545800
2016-03-03,1.6975165605545044,1.6975165605545044,1.6975165605545044,1.6975165605545044,186772500
2016-03-04,1.865459680557251,2.0411540280550606,1.6975167282052215,1.6975167282052215,175922100
2016-03-07,1.9042158126831055,1.9455557247863426,1.7956987436158283,1.8732109710073948,85041400
2016-03-08,1.9300531148910522,2.0256515582660235,1.8292873212820666,1.904215747709554,137169400
2016-03-09,1.9636422395706177,2.010149635204046,1.9016325429958,1.989479613143458,84821900
2016-03-10,2.0540735721588135,2.0566573717002647,1.8887142207785588,2.015317564655787,117672300
2016-03-11,2.090245008468628,2.1238336469340493,1.981727944627902,2.051488896639471,92331300
2016-03-14,1.911967158317566,2.118666233982904,1.9119671583175657,2.100580137243534,86084700
2016-03-15,1.7078518867492676,1.7982827468725617,1.694933139644953,1.7646941029631857,104913200
2016-03-16,1.8680440187454224,1.8680440187454226,1.6561772950938018,1.6820147935701466,85533000
2016-03-17,2.0928289890289307,2.1160824363876,1.9920630648563447,2.105747488759995,118294200
2016-03-18,2.0979959964752197,2.110914740497778,1.9946464139015743,2.0902448486235037,77182400
2016-03-21,2.0824942588806152,2.136752801193021,2.0489054907797133,2.087661610031761,65837300
2016-03-22,2.095412254333496,2.1134985950097693,1.9972302653094127,2.028235103948597,84549700
2016-03-23,2.0101490020751953,2.0566562598580975,1.979144040350984,2.035986367510141,61437900
2016-03-24,2.017900228500366,2.0669912863350985,1.8912970713494364,1.9455556024719154,52343300
2016-03-28,2.180676221847534,2.1910111709025606,2.0437380852672797,2.1057477795974378,69818700
2016-03-29,2.1935949325561523,2.2866097188781436,2.1160826927560326,2.1548389358584012,89050200
2016-03-30,2.180676221847534,2.325365755022525,2.139336425627429,2.2478535139075166,90059600
2016-03-31,2.147087335586548,2.147087335586548,2.147087335586548,2.147087335586548,737700
2016-04-01,2.160005569458008,2.160005569458008,2.160005569458008,2.160005569458008,374500
2016-04-04,1.9481393098831177,1.9481393098831177,1.9481393098831177,1.9481393098831177,865300
2016-04-05,2.0153167247772217,2.0153167247772217,2.0153167247772217,2.0153167247772217,684100
2016-04-06,1.9584743976593018,1.9584743976593018,1.9584743976593018,1.9584743976593018,457400
2016-04-07,1.9894795417785645,1.9894795417785645,1.9894795417785645,1.9894795417785645,324800
2016-04-08,2.134169340133667,2.1548392408183554,2.077326990048446,2.1005806899198842,84448200
2016-04-11,2.167757034301758,2.167757034301758,2.167757034301758,2.167757034301758,449600
2016-04-12,2.335700273513794,2.335700273513794,2.335700273513794,2.335700273513794,648900
2016-04-13,2.4519689083099365,2.4519689083099365,2.4519689083099365,2.4519689083099365,782300
2016-04-14,2.3667054176330566,2.524313689830396,2.3563704691614777,2.513978494954209,77355500
2016-04-15,2.503643751144409,2.539816196954177,2.343451913537659,2.3899593086638413,95590000
2016-04-18,2.3873751163482666,2.5113947341142553,2.2969443863317247,2.493308390987277,88873100
2016-04-19,2.482973098754883,2.482973098754883,2.482973098754883,2.482973098754883,370500
2016-04-20,2.4493846893310547,2.4907247242873582,2.413212497550581,2.4287147950551904,53295800
2016-04-22,2.5191457271575928,2.5656531117391963,2.4002937137637184,2.4080448623924613,63322900
2016-04-25,2.4106285572052,2.557901606849097,2.4106285572052006,2.508810672435985,56585400
2016-04-26,2.498476028442383,2.5165621254575568,2.413212647650003,2.449384841680351,40460400
2016-04-27,2.648332118988037,2.6612508615322974,2.524312781933986,2.5449826714429946,86397900
2016-04-28,2.643164873123169,2.7232608903713946,2.60440888676714,2.643164873123169,57741500
2016-04-29,2.643164873123169,2.7232608903713946,2.5863227926549333,2.643164873123169,53931300
2016-05-02,2.6276626586914062,2.676753592692871,2.5656529800354853,2.6483325515767135,48618800
2016-05-03,2.5268967151641846,2.606992733918469,2.5088106207119023,2.586322841285987,47074700
2016-05-04,2.5630698204040527,2.622495715653936,2.544983721224457,2.544983721224457,43389500
2016-05-05,2.5346479415893555,2.661251087167247,2.480389415426753,2.656083491149599,65074500
2016-05-06,2.60440993309021,2.6173286825338513,2.4752229314630974,2.4881416809067387,45330900
2016-05-09,2.4493846893310547,2.596657994052305,2.2840255351241434,2.586323046914373,94688100
2016-05-10,2.6379973888397217,2.6379973888397217,2.511394243696504,2.5372314844824144,53055800
2016-05-11,2.648332118988037,2.7129255853048186,2.5811548548815,2.684504548831062,74542300
2016-05-12,2.5294806957244873,2.705175042173017,2.5294806957244873,2.6870887000121204,67229100
2016-05-13,2.4442172050476074,2.5992416500274933,2.426131110148294,2.565653012068366,70472200
2016-05-16,2.5191457271575928,2.544983217792833,2.4597198436629415,2.467470992291685,61487700
2016-05-17,2.4545516967773438,2.5527337942169797,2.4442167521207776,2.5398150517951428,46379500
2016-05-18,2.4080448150634766,2.493308187517556,2.3951263164043355,2.405461263174389,51929100
2016-05-19,2.315030336380005,2.3899587634314012,2.234934312646995,2.3899587634314012,75430200
2016-05-20,2.299527645111084,2.4442171396478334,2.299527645111084,2.377039865527037,65173100
2016-05-23,2.1961781978607178,2.240101781530297,2.1755083051226287,2.2090969424231632,51330000
2016-05-24,2.2039294242858887,2.2866092445783135,2.1832595308139244,2.245269211229818,44823400
2016-05-25,2.2401020526885986,2.3098628875228706,2.2194321574484746,2.242685851194761,45512600
2016-05-27,2.1264171600341797,2.214264328817943,2.1264171600341797,2.196178233975837,47488600
2016-05-30,2.165173292160034,2.2271829684670896,2.082493723750627,2.1134985619041546,32281900
2016-05-31,2.077326536178589,2.214264659896549,2.077326536178589,2.1600061208528896,58662600
2016-06-01,2.113499402999878,2.131585504185907,2.030819678484679,2.0902457035294697,45884400
2016-06-02,2.1496706008911133,2.172924289495725,2.0747421856121067,2.116081966951623,52835100
2016-06-03,2.2142648696899414,2.2401023655509666,2.1832600224994843,2.198762569297024,45595300
2016-06-06,2.185842514038086,2.268522057096244,2.1832587167164,2.2478521713317043,37117600
2016-06-07,2.227182626724243,2.253020111089909,2.16775675764953,2.1755079043974246,34401600
2016-06-08,2.426131248474121,2.4312985988523,2.273690593046897,2.273690593046897,77194700
2016-06-09,2.3718724250793457,2.4235471545834013,2.3382837893005726,2.3977096666291,46539900
2016-06-10,2.2685232162475586,2.322781755705175,2.2685232162475586,2.3176144048259073,38859900
2016-06-13,2.227182626724243,2.284024944486,2.20134538876309,2.2168476822588796,37094100
2016-06-14,2.144503593444824,2.265939405300398,2.1315848481147293,2.2220158190208195,66180300
2016-06-15,2.1987621784210205,2.2452693177367773,2.136752495063625,2.1445036438821554,84556900
2016-06-16,2.1961781978607178,2.2065131442297625,2.139335869628694,2.172924506929228,46834500
2016-06-17,2.3124465942382812,2.3124465942382812,2.255604261381958,2.260771858189159,63144100
2016-06-20,2.3718724250793457,2.4209633565070616,2.3563698830258555,2.3822073709801566,63791500
2016-06-21,2.4623029232025146,2.4648867210512435,2.3098622997908533,2.3486185283082133,53703900
2016-06-22,2.413212537765503,2.5191458092957717,2.413212537765503,2.482973370507927,61983000
2016-06-23,2.498476028442383,2.5062271776768013,2.4571362373193613,2.477806132880872,48031300
2016-06-24,2.3899588584899902,2.410628753229429,2.30469548108866,2.325365375828099,75974900
2016-06-27,2.2685232162475586,2.4132127369360696,2.2685232162475586,2.3822078924466603,58818400
2016-06-28,2.377040147781372,2.397710042826069,2.343451506732594,2.351202902177794,45291700
2016-06-29,2.4545516967773438,2.472637788325205,2.408044322620538,2.436465605229482,56093600
2016-06-30,2.433881998062134,2.4519680910263215,2.3873746202633233,2.433881998062134,43741300
2016-07-01,2.5372321605682373,2.544983556633578,2.4209639300387744,2.449384976397877,49290800
2016-07-04,2.5501506328582764,2.596658018621301,2.5294807383868387,2.5708205273297144,24505100
2016-07-05,2.400294065475464,2.4984761993094664,2.3847915195418388,2.4933086018633883,69691200
2016-07-06,2.4545516967773438,2.459719292307885,2.312446022946173,2.3486184524464124,68781500
2016-07-07,2.470054864883423,2.578571688161447,2.4597199175995836,2.4958921098907316,81610300
2016-07-08,2.542400360107422,2.568237613897578,2.4984767576190268,2.5449841594078366,42647600
2016-07-11,2.6767537593841553,2.679337557756861,2.5785716388625053,2.5837392356079167,66717300
2016-07-12,2.7516820430755615,2.7904382774202334,2.733595948224118,2.7413470965312277,58174200
2016-07-13,2.7465150356292725,2.7465150356292725,2.6379979601741486,2.7051752442948622,64252100
2016-07-14,2.8240277767181396,2.836946279035732,2.754266681460882,2.8214439776927662,53059500
2016-07-15,2.8472812175750732,2.8576161663370407,2.7956062273606217,2.818859923676202,51223500
2016-07-18,2.9842183589935303,3.0333092877050074,2.8085240419964967,2.83436152852119,77358900
2016-07-19,3.043644905090332,3.0927360910459916,2.971300271813378,2.973884070317273,53692000
2016-07-20,3.0539798736572266,3.074649769021047,2.9816352398838557,3.0539798736572266,49261200
2016-07-21,3.0617315769195557,3.097903774239175,3.030726484353291,3.0410616794784553,37748600
2016-07-22,3.08498477935791,3.0927361750802125,3.028142689155256,3.059147532830684,33938400
2016-07-25,3.108238458633423,3.165080794964853,3.0772336151084407,3.0953197122301987,47192000
2016-07-26,3.0694823265075684,3.1185732649261193,3.061731177579288,3.0875684228084164,38304800
2016-07-27,2.973883867263794,3.1108219753606225,2.973883867263794,3.0979032301278115,51952100
2016-07-28,2.9557979106903076,2.984219203188372,2.880869474257906,2.945462962437721,40663100
2016-07-29,3.0668983459472656,3.0953193879330065,2.9997210688123506,3.038477303961525,60740000
2016-08-01,2.9067070484161377,3.0927363685080613,2.898955898613652,3.082401419969877,52012300
2016-08-02,2.9351279735565186,3.0023052594707496,2.867950934046887,2.9273768240755227,49134600
2016-08-03,3.074650287628174,3.074650287628174,2.9273771967189735,2.9919706922271674,55695500
2016-08-04,3.1030707359313965,3.1314917774878164,3.066898299619492,3.0824008427258978,63207500
2016-08-05,3.0100555419921875,3.144410075123707,3.0100555419921875,3.1314913321065183,54225900
2016-08-08,3.077233076095581,3.0927356183449195,3.022974547829721,3.046228238001454,41552000
2016-08-09,3.0694823265075684,3.1185732649261193,3.0358936859455783,3.079817273880136,33596200
2016-08-10,2.986802816390991,3.0927360910033608,2.9868028163909908,3.0875684939956414,41638400
2016-08-11,3.1263246536254883,3.1263246536254883,2.9971376885402132,3.0048888374520466,55881500
2016-08-12,3.1004862785339355,3.2141706669955283,3.0953186831288804,3.1134050206420625,71281300
2016-08-15,3.180582284927368,3.196084578345437,3.11857237204156,3.1495772052822084,53568000
2016-08-16,3.227090358734131,3.2451767015695507,3.136659630175365,3.180583218425611,48218700
2016-08-17,3.2968509197235107,3.296850919723511,3.1831662693029514,3.2219225009300017,46809100
2016-08-18,3.3278560638427734,3.3666120526366248,3.3020185737104946,3.3071861702987775,44941100
2016-08-19,3.304603099822998,3.3381917458308252,3.281349402863378,3.3123542500079974,33360000
2016-08-22,3.1909186840057373,3.2632633278808063,3.1779999359983195,3.2632633278808063,43258900
2016-08-23,3.2735979557037354,3.3226888976281237,3.209004468411088,3.2245067673747476,61048000
2016-08-24,3.2038357257843018,3.283931729810939,3.1960845790735015,3.229673210026317,44694700
2016-08-25,3.2374250888824463,3.265846377257054,3.1909179516955226,3.2090040469124057,40290500
2016-08-26,3.2425925731658936,3.333023292523138,3.216755083975505,3.278764762346968,50650500
2016-08-29,3.32527232170105,3.3485260139318624,3.216755255560306,3.2296740008445983,36990100
2016-08-30,3.3821139335632324,3.418286116978121,3.3511090993199626,3.3691951910274067,51893700
2016-08-31,3.320103883743286,3.4157021732811406,3.2839314580784937,3.3924484886683803,61016100
2016-09-01,3.358861207962036,3.382114901903431,3.2968515217213774,3.3511100587831013,45370000
2016-09-02,3.506134271621704,3.5087180701475096,3.3976171975837737,3.415703540859822,57017000
2016-09-05,3.5733115673065186,3.5991490598453533,3.547474074767684,3.562976619571903,26292200
2016-09-06,3.6120667457580566,3.6120667457580566,3.495798548342647,3.537138329965501,42086900
2016-09-08,3.6740784645080566,3.6921645662272047,3.606901163258855,3.635322215446753,42797300
2016-09-09,3.4906318187713623,3.622402580899836,3.4906318187713623,3.606900036835777,43155300
2016-09-12,3.6043171882629395,3.6043171882629395,3.428623038862554,3.4415415415149817,44141000
2016-09-13,3.3614439964294434,3.5784780794610516,3.3433576585737987,3.5397218524028267,64134000
2016-09-14,3.387281656265259,3.451875129662873,3.3511094688615044,3.397616602152695,43932500
2016-09-15,3.4906318187713623,3.5035505644239815,3.400200845607607,3.413119591260226,42169100
2016-09-16,3.4002013206481934,3.4673786103034585,3.4002013206481934,3.4467087129333174,44651900
2016-09-19,3.371779441833496,3.4983825936045085,3.364028293832397,3.46737775519556,51105500
2016-09-20,3.488049268722534,3.5216379208787925,3.4441256656262476,3.475130518446332,52063100
2016-09-21,3.529388427734375,3.5371395779222503,3.462211135693798,3.5138861273586244,61094100
2016-09-22,3.6172356605529785,3.640489357795559,3.575895863857113,3.588814611925727,47574500
2016-09-23,3.537139415740967,3.6120678545338776,3.498383420173969,3.6120678545338776,53264300
2016-09-26,3.4622106552124023,3.537139087042378,3.459627103111401,3.511301841200248,35545800
2016-09-27,3.3898656368255615,3.4622102619321593,3.325272159950674,3.4622102619321593,58098200
2016-09-28,3.578479766845703,3.578479766845703,3.3898666309284926,3.4363740267665013,69032100
2016-09-29,3.4699623584747314,3.5913979421523083,3.469962358474731,3.5655606940187132,53143200
2016-09-30,3.506134271621704,3.5578092565194535,3.472545630000003,3.4957993239230722,39275000
2016-10-03,3.6094837188720703,3.6094837188720703,3.5190527486239445,3.531971493860044,34444500
2016-10-04,3.6224021911621094,3.6482394332829156,3.5733110122448397,3.612066998628325,39717400
2016-10-05,3.76709246635437,3.7825950129866692,3.658575379142136,3.6663265292559752,65242200
2016-10-06,3.9014461040496826,3.9014461040496826,3.777426500248174,3.8006801913612422,77003800
2016-10-07,3.9427871704101562,3.97379201982933,3.8678587227126604,3.9350357732518835,71691000
2016-10-10,4.064221382141113,4.074556574825317,4.007379300805327,4.009963098976377,38724300
2016-10-11,3.9763741493225098,4.046134969624026,3.950536662452593,4.033216226189067,69314500
2016-10-13,4.071974277496338,4.087476579427347,3.883361130368318,3.9247009307238714,58212500
2016-10-14,4.201160907745361,4.208912304434567,4.1288160170738655,4.13656741376307,66150000
2016-10-17,4.366518974304199,4.366518974304199,4.152068649017818,4.1959922333684805,75002000
2016-10-18,4.5008745193481445,4.557716614607307,4.438864826481086,4.446615730083698,76995000
2016-10-19,4.552549839019775,4.596473436244701,4.480204945705406,4.578386843309159,65212400
2016-10-20,4.583552837371826,4.583552837371826,4.449198293720832,4.472451983691546,62901500
2016-10-21,4.637811660766602,4.673983848745128,4.516375613451664,4.5602991957723455,47961800
2016-10-24,4.70240592956543,4.761831817800106,4.650730944173166,4.717908228059436,51678900
2016-10-25,4.650730609893799,4.725659284046034,4.575801935741563,4.707572695492319,57674100
2016-10-26,4.676568984985352,4.715324982167345,4.549965798025913,4.573219494896957,51424400
2016-10-27,4.673983097076416,4.777332540972361,4.673983097076416,4.679150692473468,43645900
2016-10-28,4.673983097076416,4.725658065428899,4.63781091491509,4.648145612900175,37689700
2016-10-31,4.5706329345703125,4.694652247746715,4.549963049040912,4.658480071272501,42059100
2016-11-01,4.356184005737305,4.619725002791906,4.278671541937287,4.619725002791906,68718800
2016-11-03,4.167571067810059,4.40010798754909,4.167571067810059,4.29675802641657,56998700
2016-11-04,4.1313982009887695,4.2838388266220155,4.110728310706756,4.255417542680851,61347700
2016-11-07,4.446614742279053,4.446614742279053,4.317427787635606,4.317427787635606,51625300
2016-11-08,4.40269136428833,4.516375522153906,4.322595102799154,4.418193659850165,56241000
2016-11-09,4.301924705505371,4.418193140576745,4.08489086831601,4.095225812944075,111417100
2016-11-10,4.004796028137207,4.438864321649288,4.004796028137207,4.418194426377721,94683900
2016-11-11,3.6198184490203857,3.994460560005768,3.6017321082110527,3.922115935982104,129811400
2016-11-14,3.6172356605529785,3.6637430550381396,3.444125077085573,3.5655609146831466,86623000
2016-11-16,3.808431625366211,3.865273958307304,3.6637423642128937,3.75934068764748,77406600
2016-11-17,3.6921629905700684,3.9582880363730877,3.6921629905700684,3.9143644540244424,51535300
2016-11-18,3.75158953666687,3.7955128775453715,3.671493510914026,3.712833299791141,55041300
2016-11-21,4.0254669189453125,4.0254669189453125,3.844605167387964,3.8885287673039177,59122000
2016-11-22,4.1158976554870605,4.154653654633659,3.94020326702593,4.1158976554870605,58636100
2016-11-23,4.0952277183532715,4.131399918179278,4.01254787645533,4.061639071082956,42490100
2016-11-24,4.0254669189453125,4.108146520479038,4.0254669189453125,4.108146520479038,14725000
2016-11-25,3.9531214237213135,4.009963760843808,3.888527937210849,3.940202677138301,47630600
2016-11-28,3.994460344314575,4.020297831844428,3.9272830738605906,3.9272830738605906,38747500
2016-11-29,3.7877614498138428,3.973790732466858,3.769675355113049,3.953120839550363,54075900
2016-11-30,4.133983135223389,4.18307432294074,4.033217207596664,4.108145642066404,82547300
2016-12-01,3.9892942905426025,4.22441482803119,3.9608732403955735,4.133983833119838,66775400
2016-12-02,4.090059757232666,4.110729654270493,3.8110159008173885,3.9066142362184917,58381500
2016-12-05,4.046135902404785,4.157236776591847,4.017714857419427,4.13656688089257,47586500
2016-12-06,4.172739028930664,4.185658021605313,4.066805753044443,4.133983036525078,63916700
2016-12-07,4.097809314727783,4.219245097441961,4.074555874399314,4.211493704261291,50247400
2016-12-08,4.0564703941345215,4.133982617493436,4.009963257242824,4.126231469078914,41104800
2016-12-09,4.0254669189453125,4.108146520479038,4.009964616860064,4.102979168585505,37161200
2016-12-12,4.030633449554443,4.121064178176271,3.999628360787697,4.079724388360054,35436700
2016-12-13,3.991877794265747,4.053887488038101,3.9737916951832988,4.0177152898732045,33455000
2016-12-14,3.808431625366211,3.997044720232509,3.8084316253662114,3.986709773007272,44215700
2016-12-15,3.8368537425994873,3.852356043578702,3.702499153288256,3.818767396250894,43338800
2016-12-16,3.8135986328125,3.9117807394810895,3.8135986328125,3.8497708193083477,37876200
2016-12-19,3.710249423980713,3.8471877797850262,3.707665872033226,3.844603981432966,39128600
2016-12-20,3.7076656818389893,3.7696753606800493,3.6430722047784116,3.736086723040002,31810000
2016-12-21,3.7050821781158447,3.7412543704459758,3.6275699502012233,3.7335032215758877,32856800
2016-12-22,3.6198184490203857,3.7360866563738413,3.6198184490203857,3.7360866563738413,42240500
2016-12-23,3.6792447566986084,3.707666047104139,3.619818870222654,3.6301538177143238,21776900
2016-12-26,3.7257513999938965,3.7335025474644574,3.6869954162365546,3.6999139132193113,5734300
2016-12-27,3.7231671810150146,3.759339609128102,3.6844112016402484,3.746420867201677,14949200
2016-12-28,3.8187670707702637,3.826518467003837,3.710249987546346,3.7283363323534062,18979900
2016-12-29,3.842020034790039,3.844603833042372,3.751589313599455,3.8368526846899367,18090600
2017-01-02,3.7877614498138428,3.79809639627209,3.772259153328751,3.7825940997869987,7525700
2017-01-03,4.004796028137207,4.043552020170248,3.862690313341743,3.862690313341743,39947800
2017-01-04,4.004796028137207,4.051303415700526,3.9557050884683824,3.9918772819913304,37071700
2017-01-05,4.069390296936035,4.110730095448421,4.035801649043562,4.056471548299755,47586300
2017-01-06,4.046135902404785,4.1133131866297346,4.00479611100623,4.0771407459537015,25592000
2017-01-09,3.9608728885650635,4.030633977826553,3.960872888565064,4.004796482602754,25599000
2017-01-10,3.999629259109497,4.051304254390621,3.976375806918558,4.030634354840027,26239900
2017-01-11,4.046135902404785,4.051303499531901,3.945370222471955,4.040968551682263,34399300
2017-01-12,4.108147144317627,4.198578157030937,4.108147144317627,4.172740654425795,49890300
2017-01-13,4.051304340362549,4.121065191225024,4.02288304307388,4.074558039451588,34450000
2017-01-16,4.069390296936035,4.069390296936035,4.025466699415466,4.056471548299755,20069600
2017-01-17,4.087475776672363,4.126232016697694,4.061638529726742,4.064222081938085,28663300
2017-01-18,4.079723834991455,4.115896269376553,4.059053942886985,4.082307633105652,24725200
2017-01-19,4.074557781219482,4.102978830302274,4.0254665870528274,4.087476283090533,21677600
2017-01-20,4.133983135223389,4.18307432294074,4.084892193910633,4.09264334329589,34863500
2017-01-23,4.1313982009887695,4.157235687043551,4.079723475283736,4.118479457961379,25139100
2017-01-24,4.144319534301758,4.245085244814976,4.126233185272598,4.16498943627394,49710600
2017-01-26,4.082308292388916,4.183074217475082,4.082308292388916,4.172739023349187,37391900
2017-01-27,4.035800457000732,4.100393934698705,4.0151305638497465,4.064221498482198,23275300
2017-01-30,3.8342690467834473,4.012546944772275,3.834269046783447,4.007379594456078,26779500
2017-01-31,3.8807766437530518,3.971207373667796,3.8497715545430164,3.8730252482482492,30807200
2017-02-01,3.8807766437530518,3.9815423212696124,3.8523553530446173,3.9427863293639485,35977000
2017-02-02,3.8471882343292236,3.947953917919277,3.839436838357218,3.87302548168877,39306700
2017-02-03,3.963456392288208,3.963456392288208,3.8161833211290626,3.854939314674754,40213400
2017-02-06,3.865274429321289,3.9970452073037963,3.862690630598979,3.973791511612223,29686500
2017-02-07,3.7980964183807373,3.9169484265446997,3.7980964183807377,3.9014461299693695,29163900
2017-02-08,3.9014461040496826,3.9014461040496826,3.686995780414039,3.8161827342381405,58912900
2017-02-09,3.888529062271118,3.9376200178044356,3.8652753609746697,3.922117714543248,33910300
2017-02-10,4.0254669189453125,4.03838566828612,3.9117824668364403,3.927284768921689,44467000
2017-02-13,4.035800457000732,4.1107288812741976,4.01771436209476,4.074556691462253,36439100
2017-02-14,4.087475776672363,4.12106441946581,4.0202987374900685,4.066805880554027,34417400
2017-02-15,4.092642307281494,4.146900585647909,4.077139766030708,4.1107284000702995,47953300
2017-02-16,4.097809314727783,4.152067834969904,4.069388278945534,4.092641965678516,37276900
2017-02-17,4.033217430114746,4.108145868718389,4.030633877780186,4.066806074510119,24866600
2017-02-20,4.1133131980896,4.128815496704951,4.043552115106736,4.066805809434357,33514000
2017-02-21,4.157235622406006,4.193407806634853,4.144317125984004,4.159819420252217,33685800
2017-02-22,4.0564703941345215,4.1391502140394945,4.022881755798839,4.133982617493436,45255400
2017-02-23,4.020298004150391,4.159819900701374,3.9996278653978807,4.1184798696009075,41208700
2017-02-24,3.9221174716949463,3.997045923230406,3.9014475710234158,3.9660410722231108,30412200
2017-03-01,4.0099639892578125,4.0177151390873,3.958288999982274,4.007380190513114,25661000
2017-03-02,3.9040303230285645,3.9918775060661154,3.873025478380829,3.989293707410987,38490800
2017-03-03,3.958289384841919,3.963456982833756,3.8859447377886376,3.9324521340966356,24516800
2017-03-06,3.9014461040496826,3.9970444203109703,3.885943561172784,3.9040296558586993,23325000
2017-03-07,3.9221174716949463,3.9737922233737715,3.906614922988972,3.9221174716949463,30927300
2017-03-08,3.759340524673462,3.9221161212177695,3.7593405246734615,3.9169485246268865,49300700
2017-03-09,3.746422052383423,3.7696757459263983,3.6611586736622357,3.705082262264615,46467600
2017-03-10,3.697331190109253,3.844604257071384,3.6792448467527064,3.803264466092862,42454600
2017-03-13,3.712834596633911,3.7205857481545976,3.658576043179776,3.702499645804774,28295100
2017-03-14,3.5113019943237305,3.6430727670000898,3.51130199432373,3.6353213711452934,67172700
2017-03-15,3.668910026550293,3.6689100265502925,3.5009670582607035,3.5810628444648094,55593200
2017-03-16,3.542306900024414,3.699914922405746,3.534555750439654,3.684412623236226,35362300
2017-03-17,3.4002013206481934,3.5862306433840767,3.3717802733654025,3.5681445447863567,81797400
2017-03-20,3.513885021209717,3.5319711147562445,3.3356068981770655,3.353692991723593,52351600
2017-03-21,3.358861207962036,3.521636819147209,3.312353820079247,3.516469222091526,46384300
2017-03-22,3.529388427734375,3.544890974514747,3.366612795361264,3.410536390433593,62807700
2017-03-23,3.506134271621704,3.570727756339301,3.4673782793529817,3.482880577698635,36467200
2017-03-24,3.4828805923461914,3.557809271482129,3.446708398451149,3.539722928130017,30084700
2017-03-27,3.5578088760375977,3.562976226132008,3.364028442608218,3.4208705256695504,32021200
2017-03-28,3.6043171882629395,3.645656988121854,3.557810036623983,3.591398439205868,44850600
2017-03-29,3.733503580093384,3.7438385283807962,3.5991492523570208,3.6275702985462543,43051400
2017-03-30,3.733503580093384,3.782594769262046,3.7076663325771544,3.759341074014217,32928600
2017-03-31,3.743838310241699,3.7851781009826384,3.6844124226527466,3.710249668663539,33553000
2017-04-03,3.790346384048462,3.8110162831600096,3.7541739374009357,3.756757736391038,39427200
2017-04-04,3.8368537425994873,3.847188692053841,3.7645088500143786,3.790346346852579,24132000
2017-04-05,3.7645089626312256,3.9169496564467448,3.7464228621462112,3.8885286061982023,49920900
2017-04-06,3.754173517227173,3.8420207018215558,3.7257524707308867,3.777427212726228,34602700
2017-04-07,3.7980964183807373,3.849771150972773,3.7722591752870005,3.7748427271131813,33024900
2017-04-10,3.8601062297821045,3.860106229782105,3.798096548546509,3.8497712829095057,37906000
2017-04-11,3.79292893409729,3.873024705179326,3.7593402974999828,3.8678573553052686,38593200
2017-04-12,3.78517746925354,3.831684849277518,3.767091375424014,3.7722589716064774,42628900
2017-04-13,3.637904644012451,3.7955126408801143,3.6379046440124516,3.7851776943052604,44572600
2017-04-17,3.6895792484283447,3.707665589108057,3.6094834768630246,3.6534070598780275,46459500
2017-04-18,3.643073081970215,3.712833925862526,3.604316838559269,3.655991583369244,45349800
2017-04-19,3.513885021209717,3.689579099787022,3.5009662773602495,3.679244153988357,41014100
2017-04-20,3.586230516433716,3.591397867391024,3.521637027837442,3.5655606197952765,28227600
2017-04-24,3.624985694885254,3.658574330961584,3.5965646550073824,3.650823183068446,27546200
2017-04-25,3.7050821781158447,3.7050821781158443,3.565560266431358,3.591397511466512,32268100
2017-04-26,3.6172356605529785,3.743838849535223,3.6172356605529785,3.658575457248844,37045000
2017-04-27,3.547473430633545,3.6249856477711413,3.5035500955402705,3.6146507019130985,29078500
2017-04-28,3.6094837188720703,3.6430723579241007,3.5371388441117415,3.578478878148174,31061200
2017-05-02,3.6146509647369385,3.705081932373525,3.5784787748059546,3.6327373061069936,37830100
2017-05-03,3.658574342727661,3.6818280328864086,3.6043158144921006,3.6275695046508476,38357600
2017-05-04,3.513885021209717,3.617234479196367,3.508717425108112,3.617234479196367,37695400
2017-05-05,3.6714935302734375,3.6714935302734375,3.5293878204556117,3.5371389693097974,32788100
2017-05-08,3.637904644012451,3.707665718196137,3.6120671543730354,3.6508233888321597,36464300
2017-05-09,3.6534063816070557,3.679243619145549,3.6275688976640543,3.655989932877749,28008600
2017-05-10,3.8058481216430664,3.8110157188580978,3.6973312905779805,3.7050824399959303,46271700
2017-05-11,3.829101085662842,3.8549385739986994,3.7825939516246696,3.8446036279452667,29318000
2017-05-12,3.991877794265747,4.025466439993594,3.9660405450629095,4.004796542069476,83518200
2017-05-15,4.051304340362549,4.100395291235799,4.043552943063106,4.074558039451588,46914700
2017-05-16,4.0564703941345215,4.077140287509623,4.009963257242824,4.07455673564116,34469300
2017-05-17,4.033217430114746,4.061638723436389,4.007380181936881,4.020298929228119,30023400
2017-05-18,3.397618055343628,3.6172360573898734,3.216756301755064,3.216756301755064,142924900
2017-05-19,3.519052743911743,3.591397372170628,3.477712956335237,3.552641382918796,70983900
2017-05-22,3.4622106552124023,3.4906319459647093,3.358861179034708,3.4492921554936316,55014900
2017-05-23,3.4854636192321777,3.513884904034166,3.4570425808347256,3.4751286737781464,48520100
2017-05-24,3.630155086517334,3.640490037621251,3.5371402801774123,3.5526428300356225,54065800
2017-05-25,3.5500574111938477,3.6663256196748666,3.5216363702243503,3.6094835377358714,45030800
2017-05-26,3.534555196762085,3.562976238390535,3.4622103239549267,3.480296665358998,63326900
2017-05-29,3.534555196762085,3.534555196762085,3.534555196762085,3.534555196762085,0
2017-05-30,3.4518744945526123,3.524219348858487,3.4518744945526123,3.500965663289063,34663800
2017-05-31,3.3485255241394043,3.4389564814974474,3.345941726179566,3.413118994708139,45628800
2017-06-01,3.3123536109924316,3.4337894236850643,3.3123536109924316,3.4002007841571205,42873400
2017-06-02,3.371779441833496,3.371779441833496,3.276181128471433,3.3046021687451645,43192600
2017-06-05,3.405369281768799,3.420871583249208,3.3381919849413193,3.3485269347298052,31419400
2017-06-06,3.405369281768799,3.4441252818744617,3.366613035258496,3.4182877842009267,35558700
2017-06-07,3.32527232170105,3.4467081331260867,3.309770024483556,3.4312055895040214,44355600
2017-06-08,3.317521572113037,3.348526416681759,3.283932928895772,3.302019026626376,27749200
2017-06-09,3.320103883743286,3.3846973425989573,3.314936288760677,3.348524916934165,30382100
2017-06-12,3.3330233097076416,3.366611947266501,3.2994349185533416,3.351109650795987,30680700
2017-06-13,3.3433589935302734,3.3640291373906686,3.299435646240199,3.3459427923133993,22891000
2017-06-14,3.260679244995117,3.3691963245582572,3.258095446337756,3.3433588307938518,67382800
2017-06-15,3.260679244995117,3.260679244995117,3.260679244995117,3.260679244995117,0
2017-06-16,3.1728315353393555,3.2529275555931205,3.1547454405484823,3.25034375736455,73551400
2017-06-19,3.1754157543182373,3.2219231429766086,3.1573296571309126,3.180583351460098,45926200
2017-06-20,3.0643138885498047,3.134074948970596,3.038476650412282,3.1314911512354895,54014700
2017-06-21,3.007472515106201,3.1314918783330605,2.9945537698355937,3.0875682922557384,58778300
2017-06-22,3.1108222007751465,3.110822200775146,3.0281426195413896,3.0384775671956095,42284600
2017-06-23,3.082400321960449,3.139242395469933,3.0668977814731675,3.1289074506132524,33601000
2017-06-26,3.170247793197632,3.177998941013463,3.1108216695308055,3.1263242115670136,42731300
2017-06-27,3.154745578765869,3.2245064091617497,3.1340756848408247,3.1883342179952088,45097600
2017-06-28,3.121156692504883,3.1831663693721066,3.103070598353081,3.1702478714948494,32077400
2017-06-29,3.1469943523406982,3.177999192461719,3.123740660648791,3.167664245754712,24380300
2017-06-30,3.1960864067077637,3.2245074585025253,3.1495790070393794,3.1650815557303917,29687600
2017-07-03,3.1935014724731445,3.2064202173898937,3.157329282391723,3.172831579168171,31542500
2017-07-04,3.211587905883789,3.211587905883789,3.18316661697217,3.1883342136486723,12523500
2017-07-05,3.154745578765869,3.234841602528844,3.131491886499051,3.198669164957731,41958400
2017-07-06,3.1444108486175537,3.1935017884733212,3.1211571547473413,3.1728318931230413,51976900
2017-07-07,3.082400321960449,3.1444099911005345,3.0617304322470877,3.1340750462438534,42677000
2017-07-10,3.0953195095062256,3.103070904683248,3.0333098265175056,3.05656351923942,21748800
2017-07-11,3.1857495307922363,3.2167543630290933,3.074648697140121,3.0875674388399372,45500900
2017-07-12,3.3433589935302734,3.35627774104129,3.232258356306603,3.2658470012734013,66332200
2017-07-13,3.32527232170105,3.3691959078249023,3.307186226145783,3.3485260139318624,32983300
2017-07-14,3.371779441833496,3.374363239968713,3.3356070071541133,3.3485257514256466,35977500
2017-07-17,3.3304402828216553,3.3717800751314857,3.3252726855806274,3.366612477890458,28118700
2017-07-18,3.3433589935302734,3.3640291373906686,3.314937946129728,3.3588615398244164,19300700
2017-07-19,3.418287515640259,3.428622711021391,3.351110470495241,3.35886162062647,36513700
2017-07-20,3.384697914123535,3.449291383886163,3.366611575034917,3.433788842725138,30114300
2017-07-21,3.2787649631500244,3.369195934450137,3.2735976128382154,3.358860987421945,38738300
2017-07-24,3.3278560638427734,3.338191010614772,3.2994350218209205,3.314937318776634,16250400
2017-07-25,3.415703773498535,3.4234549231992815,3.3614452327840985,3.3614452327840985,29930100
2017-07-26,3.374363422393799,3.4467080492591133,3.3536932825991435,3.4363731025640685,29333000
2017-07-27,3.358861207962036,3.402784797316984,3.3588612079620366,3.3717799541966547,21825900
2017-07-28,3.392449140548706,3.392449140548706,3.3356068168398503,3.353692909945357,20980200
2017-07-31,3.4337899684906006,3.4389575660399796,3.3769476274705,3.4157038698770017,31397700
2017-08-01,3.3898656368255615,3.4415403690445596,3.379530690381762,3.43637301902494,22999400
2017-08-02,3.4906318187713623,3.5164690636720217,3.379530951125248,3.3924496967778666,46342000
2017-08-03,3.4389569759368896,3.5293876998921636,3.438956975936889,3.506134007719371,31300700
2017-08-04,3.4622106552124023,3.4828805504479416,3.4260384617525035,3.464794453717992,21560500
2017-08-07,3.5009665489196777,3.519052643869089,3.44412421941566,3.4492918159180994,29832200
2017-08-08,3.4854636192321777,3.5371383465023345,3.4777124717427883,3.4880474171968197,28907900
2017-08-09,3.4932148456573486,3.5164682870107202,3.4725447093357,3.490631047816577,26980300
2017-08-10,3.4079525470733643,3.5293883816527796,3.3976175981562617,3.5138860814794355,56194400
2017-08-11,3.3459417819976807,3.4105352536439857,3.343357983994739,3.3950329584354146,43025100
2017-08-14,3.379531145095825,3.4157035857183864,3.335607555198642,3.353693652307626,31607400
2017-08-15,3.397618055343628,3.420871755137307,3.3717808027764913,3.379531953906167,24737300
2017-08-16,3.392449140548706,3.457042611816417,3.3846979929898517,3.4363727207231123,44946600
2017-08-17,3.371779441833496,3.4260379706502944,3.364028293832397,3.3898655359709116,23503300
2017-08-18,3.513885021209717,3.513885021209717,3.400200371019858,3.400200371019858,66263500
2017-08-21,3.4467086791992188,3.5293882678705706,3.431206133121035,3.5242209167809166,40485900
2017-08-22,3.562976121902466,3.583646014484568,3.524220134912164,3.5397224311464623,55240700
2017-08-23,3.555225133895874,3.599148719212091,3.5268038455121067,3.560392484071835,47679700
2017-08-24,3.5655603408813477,3.5888140343817367,3.534555498349025,3.5603927439236682,32300600
2017-08-25,3.586230516433716,3.6017328157102435,3.5681444184762325,3.5836467177527602,24185600
2017-08-28,3.5836472511291504,3.6249870505588873,3.5552262006223665,3.5991497991176225,27208100
2017-08-29,3.578479766845703,3.578479766845703,3.534556169977502,3.555226068926699,27306400
2017-08-30,3.4751298427581787,3.5913980798280054,3.4725460439243867,3.5629770318701515,58871700
2017-08-31,3.526803970336914,3.5578090581083144,3.4802968314889653,3.4957991289700896,82909400
2017-09-01,3.6224021911621094,3.666325527407935,3.5707272141113937,3.578478608511732,60260300
2017-09-04,3.6611597537994385,3.663743553045298,3.601733603167956,3.6069012016596753,18139300
2017-09-05,3.7231671810150146,3.7851768465764435,3.676659808641689,3.764506958055967,56476800
2017-09-06,3.8807766437530518,3.8807766437530518,3.7490058770264563,3.785178070430519,68418200
2017-09-07,3.8807766437530518,3.8807766437530518,3.8807766437530518,3.8807766437530518,0
2017-09-08,3.8006808757781982,3.914365307197405,3.795513278420478,3.901446806612312,36337400
2017-09-11,3.873026132583618,3.8885286807283617,3.826518980958673,3.844605081790338,34915900
2017-09-12,3.842020034790039,3.916948459275752,3.839436236537706,3.870441076352012,49702800
2017-09-13,3.8833603858947754,3.901446729886507,3.82651829450533,3.860106691051548,37010200
2017-09-14,3.8859446048736572,3.9427869488164577,3.880777253463198,3.883360805966115,34413800
2017-09-15,3.8859446048736572,3.919533251457829,3.8730258567405715,3.893695755191658,47784700
2017-09-18,3.8859446048736572,3.924700602868288,3.870442057833029,3.880777253463198,47601200
2017-09-19,3.9117813110351562,3.919532459787574,3.8549389785734145,3.9014463638970738,35822100
2017-09-20,4.100393295288086,4.102977093130185,3.893694149606091,3.9402015251457843,80267000
2017-09-21,4.048719882965088,4.123648319844276,4.025466187656959,4.095227273581344,46258800
2017-09-22,4.053886890411377,4.082308180670618,3.9867098552635865,4.030633443478248,40928300
2017-09-25,4.092642307281494,4.123647143378531,4.05646987529935,4.079723563973261,36733200
2017-09-26,4.020298004150391,4.108144923426929,4.020298004150391,4.097809977252951,37874200
2017-09-27,3.955704927444458,4.061638198000185,3.9040299449644738,4.056470601190356,41819300
2017-09-28,3.963456392288208,4.004796184444839,3.9324515481707354,3.971207541716427,33829000
2017-09-29,3.9531214237213135,4.009963760843808,3.9531214237213135,4.0047961636487655,28638300
2017-10-02,3.978959083557129,3.978959083557129,3.891112139762956,3.9247005393993217,29826200
2017-10-03,4.128814697265625,4.128814697265625,4.00996294287855,4.030632834633219,50636700
2017-10-04,4.046135902404785,4.118480537352257,4.043552103841227,4.108145589502619,47798600
2017-10-05,4.108147144317627,4.1624059490693615,4.095228639419743,4.10297979163941,55361300
2017-10-06,4.053886890411377,4.074557031692908,4.015130899118245,4.046135741433667,41741300
2017-10-09,4.10556173324585,4.10556173324585,4.028049506912571,4.0332168572523495,27904700
2017-10-10,4.183074474334717,4.183074474334717,4.136567083530785,4.167571682193932,47066600
2017-10-11,4.154653072357178,4.19857666331655,4.136566974810824,4.177906767147975,40422100
2017-10-12,4.154653072357178,4.154653072357178,4.154653072357178,4.154653072357178,0
2017-10-13,4.154653072357178,4.208911857805436,4.149485475112735,4.193409066072107,24210000
2017-10-16,4.1649885177612305,4.201160715033092,4.133983425235901,4.175323220063522,44699700
2017-10-17,4.167571067810059,4.190824759783961,4.152068770763836,4.170154866119285,25524800
2017-10-18,4.17532205581665,4.206327139696522,4.16757066164441,4.190824351352041,25706200
2017-10-19,4.172739028930664,4.175322827465594,4.10814554398496,4.133983036525078,24672800
2017-10-20,4.190824508666992,4.234748091673642,4.177906010704081,4.183073607012889,32417500
2017-10-23,4.185657978057861,4.208911671821118,4.164988082802652,4.208911671821118,29389900
2017-10-24,4.265753269195557,4.265753269195557,4.164987603034826,4.208911186993704,46249500
2017-10-25,4.320011138916016,4.322594936878659,4.250250565160936,4.27092045605301,37608200
2017-10-26,4.322595119476318,4.363934903006766,4.304509025782884,4.335514109835266,37848300
2017-10-27,4.400108337402344,4.415610635681157,4.301925965081783,4.3329310544485855,45640100
2017-10-30,4.335514068603516,4.4362797283995405,4.325178876414648,4.384604753073376,55355600
2017-10-31,4.332930564880371,4.37943794727122,4.320011573766734,4.3665189561575835,32249000
2017-11-01,4.366518974304199,4.4181939533552566,4.361351377837268,4.389772665596262,38876600
2017-11-02,4.366518974304199,4.366518974304199,4.366518974304199,4.366518974304199,0
2017-11-03,4.376854419708252,4.394940515576646,4.309677140190538,4.382021523664114,32605400
2017-11-06,4.503458023071289,4.506041821705938,4.3871895485580605,4.4052756461914075,46056100
2017-11-07,4.2631707191467285,4.482788703240383,4.2631707191467285,4.4724535073727925,61098400
2017-11-08,4.379438877105713,4.379438877105713,4.265754195213992,4.312261587479206,41179600
2017-11-09,4.320011138916016,4.376853708476022,4.320011138916016,4.363934718662806,29399400
2017-11-10,4.320011138916016,4.343264827770732,4.265752860127724,4.3174273409533725,35959400
2017-11-13,4.299341201782227,4.332930082126251,4.234747731838099,4.312260191456493,28697700
2017-11-14,3.966038942337036,4.299340973273081,3.9479526041588837,4.299340973273081,88765600
2017-11-15,3.966038942337036,3.9660389423370366,3.9660389423370366,3.9660389423370366,0
2017-11-16,4.084891319274902,4.144317442250116,3.9996277086748933,4.035800142068699,42703800
2017-11-17,4.139150619506836,4.164988111959013,4.084892082480937,4.113313127054659,38376900
2017-11-20,4.139150619506836,4.139150619506836,4.139150619506836,4.139150619506836,0
2017-11-21,4.108147144317627,4.214080461470273,4.095228639419743,4.172740654425795,45817800
2017-11-22,4.1624040603637695,4.19599245354304,4.115896675339279,4.157236463625682,37444900
2017-11-23,4.183074474334717,4.201160572356421,4.118480739104476,4.128815687460394,15403600
2017-11-24,4.159819602966309,4.229580669450995,4.14431730801718,4.198575586743667,18790700
2017-11-27,4.100393295288086,4.139149523706005,4.07713960751824,4.136565725863906,28445800
2017-11-28,4.092642307281494,4.144317280514424,4.084891159858368,4.115895995955405,30429600
2017-11-29,3.9608728885650635,4.113313568295326,3.958289089761761,4.100394820683427,45973000
2017-11-30,3.9737911224365234,3.9970448158507317,3.873025199776484,3.9531212274915797,52811400
2017-12-01,4.033217430114746,4.074557470727626,3.9427866918853054,3.9634565889894406,42703800
2017-12-04,3.999629259109497,4.082309103716511,3.994461907424168,4.043552857255668,43821500
2017-12-05,3.955704927444458,4.090059241240515,3.9298674362044657,4.004795865114949,30228000
2017-12-06,4.0099639892578125,4.056471134639343,3.9117818546007435,3.932451751749115,39238500
2017-12-07,3.9427871704101562,4.002213070195746,3.8936959740263184,3.953122120216548,37281400
2017-12-08,3.966038942337036,4.051302298419191,3.9660389423370366,4.007378721479351,39584500
2017-12-11,3.9737911224365234,4.02288206132962,3.9712073239672594,3.9996283679154114,21281600
2017-12-12,4.002211570739746,4.002211570739746,3.922115801349803,3.968622934852027,36201200
2017-12-13,3.9221174716949463,4.051304474094335,3.904031123803868,4.043553076539022,46828900
2017-12-14,3.87819242477417,3.9557046465861365,3.875608626552707,3.9014461159582163,37177300
2017-12-15,3.86268949508667,3.9376179111747422,3.8626894950866695,3.888526981905123,55668300
2017-12-18,3.932450532913208,3.9608715710821616,3.9091968442274583,3.9169479916545304,42760400
2017-12-19,3.9117813110351562,3.940202354063739,3.8911114167589913,3.9221162581732387,22639700
2017-12-20,3.9376187324523926,3.9531212770577717,3.9195326357499405,3.929867583351997,20149700
2017-12-21,4.097809314727783,4.100393112454673,3.9531200916851357,3.9557038894120256,47219400
2017-12-22,4.069390296936035,4.105562743836691,4.053887749291572,4.069390296936035,18708500
2017-12-25,4.069390296936035,4.069390296936035,4.069390296936035,4.069390296936035,0
2017-12-26,4.126231670379639,4.131399020773223,4.053886793632827,4.069389337622737,22173100
2017-12-27,4.146902084350586,4.170155781428453,4.128815985025411,4.131399783901757,23552200
2017-12-28,4.159819602966309,4.1675705040363376,4.133982116178379,4.159819602966309,19011500
2017-12-29,4.159819602966309,4.159819602966309,4.159819602966309,4.159819602966309,0
2018-01-02,4.276088714599609,4.276088714599609,4.183074426856673,4.183074426856673,33461800
2018-01-03,4.314843654632568,4.320010757292329,4.229580300633675,4.260584887828348,55940900
2018-01-04,4.322595119476318,4.3820209967002,4.294174326304819,4.335514109835266,37064900
2018-01-05,4.348433017730713,4.356184412677552,4.28125573995219,4.314844625246021,26958200
2018-01-08,4.400108337402344,4.400108337402344,4.317428263360596,4.325179658904591,28400000
2018-01-09,4.400108337402344,4.433696732474634,4.382021747799689,4.400108337402344,35070900
2018-01-10,4.340681552886963,4.40527503130974,4.332930650874074,4.3716866393659135,28547700
2018-01-11,4.456950664520264,4.469869164974902,4.3510173838027795,4.361352085604649,37921500
2018-01-12,4.469870090484619,4.498291388740644,4.397525684464637,4.4026932828401515,45912100
2018-01-15,4.482789039611816,4.5060427392495,4.431114042014898,4.475037642129489,28945400
2018-01-16,4.560299873352051,4.609391059194916,4.469868897160195,4.482787889649988,58618300
2018-01-17,4.743744850158691,4.743744850158691,4.601638912814582,4.630060198845222,58488900
2018-01-18,4.7075724601745605,4.787668727052651,4.632644282576913,4.741161344429018,48575800
2018-01-19,4.7179059982299805,4.7592457698816535,4.65848013808182,4.7308244920677724,33470200
2018-01-22,4.772167205810547,4.772167205810547,4.673985310809894,4.717908906870273,33920000
2018-01-23,4.712740898132324,4.76958299103895,4.650731207831674,4.754080691666091,35567700
2018-01-24,4.996952056884766,5.0718802434917984,4.7592480115228,4.7592480115228,89768200
2018-01-25,4.996952056884766,4.996952056884766,4.996952056884766,4.996952056884766,0
2018-01-26,5.1493940353393555,5.162312538558055,4.9349436293675035,5.0692982312029375,81989500
2018-01-29,5.128722190856934,5.18039667695781,5.056377318944762,5.082214808399761,55726200
2018-01-30,5.035707950592041,5.108052830041524,5.002119555767493,5.108052830041524,46203000
2018-01-31,5.0899658203125,5.149391696623773,5.08479822424828,5.100300519631855,41576600
2018-02-01,5.301833152770996,5.327670644288466,5.105468907171052,5.105468907171052,51950200
2018-02-02,5.159725666046143,5.275994096998283,5.128721079664916,5.244989017808041,50657800
2018-02-05,4.919439315795898,5.159726629971764,4.919439315795898,5.077047060430506,62268600
2018-02-06,5.1648945808410645,5.164894580841064,4.810922587841192,4.821257288338774,74146500
2018-02-07,5.022789478302002,5.224320833966168,5.002119583033647,5.159727349651412,61910300
2018-02-08,4.922022342681885,5.100300462425162,4.857428871030893,5.051209285983866,51115100
2018-02-09,4.8496785163879395,5.009870068162853,4.7825012391629595,4.9168557936129185,68727600
2018-02-14,4.973698139190674,5.002119429113551,4.898769463142781,4.9116884552937075,43402800
2018-02-15,5.012454509735107,5.0486271976887425,4.95302861976662,5.038292003185076,31978000
2018-02-16,5.0176215171813965,5.058961304718305,4.989200228446345,5.027956217661053,34736300
2018-02-19,5.180397987365723,5.193316981765708,5.051211000221348,5.051211000221348,40925500
2018-02-20,5.281163215637207,5.379345091242824,5.120971163764808,5.136473461426925,67418700
2018-02-21,5.232071876525879,5.394847229181773,5.23207187652588,5.31991904869228,55678400
2018-02-22,5.358674049377441,5.379343939437557,5.306999570631682,5.319918067115859,38170900
2018-02-23,5.456856727600098,5.462023830821601,5.327669783689963,5.412933146958289,55755600
2018-02-26,5.560207366943359,5.604130956928671,5.524034679843629,5.529202276973474,48160500
2018-02-27,5.555037975311279,5.645468924633966,5.513698197245312,5.547286582120525,42912500
2018-02-28,5.544704914093018,5.624801196068442,5.472360521094848,5.588628506760141,66229400
2018-03-01,5.433603286743164,5.544703649626728,5.363842215567429,5.5292013536351545,66380900
2018-03-02,5.557624340057373,5.557624340057373,5.299250361399992,5.348341555331486,52682900
2018-03-05,5.715230464935303,5.728148961862532,5.518866256225182,5.55245464392142,54242600
2018-03-06,5.658389568328857,5.8470024389510025,5.6480548662939585,5.813414041326062,57240800
2018-03-07,5.598964691162109,5.67647669530442,5.521452687019798,5.604132289520745,50956600
2018-03-08,5.606714248657227,5.653221140194139,5.508531883302413,5.645470238009225,36156800
2018-03-09,5.784991264343262,5.784991264343263,5.578292348575708,5.62738352587391,45560000
2018-03-12,5.769489765167236,5.836667045265764,5.743652273927933,5.82374854605069,32363900
2018-03-13,5.712647438049316,5.823748300731915,5.699728446569284,5.800494608876993,34732800
2018-03-14,5.782407283782959,5.797910071583022,5.707479113985612,5.761737392858614,31947600
2018-03-15,5.505948543548584,5.730734089006661,5.505948543548585,5.697145200710685,81097800
2018-03-16,5.536953926086426,5.617049714028147,5.485278938041259,5.547288628009934,57891900
2018-03-19,5.4077653884887695,5.518866235763682,5.389679295734076,5.495612547133628,42218400
2018-03-20,5.467193126678467,5.531786618716548,5.454274625394544,5.472360724315729,30106800
2018-03-21,5.697144985198975,5.707480178994217,5.477527537950875,5.490446037385764,53106300
2018-03-22,5.611882209777832,5.694562290583823,5.575710013231547,5.648054899133333,50033300
2018-03-23,5.619633674621582,5.712648458659097,5.562791580381558,5.583461477633314,52815800
2018-03-26,5.691977500915527,5.73590108599311,5.642886319285494,5.702312201211301,30174900
2018-03-27,5.53953742980957,5.730734086901434,5.5214513327995425,5.720398892719028,43568100
2018-03-28,5.477527141571045,5.531785426642189,5.423268363690772,5.493029438332925,38539300
2018-03-29,5.531785488128662,5.570541476868704,5.485278104516958,5.49302949938862,34318800
2018-04-02,5.400015354156494,5.544704625429359,5.3664269581287405,5.518867625166098,37275000
2018-04-03,5.350924491882324,5.474944367607422,5.338005990965378,5.454274470454775,39245800
2018-04-04,5.265660285949707,5.322502863889898,5.195899701909969,5.24757419035388,58475700
2018-04-05,5.464607238769531,5.511114614106905,5.4336026504173125,5.464607238769531,88599000
2018-04-06,5.498197555541992,5.498197555541993,5.381929086794318,5.420685078773818,47908900
2018-04-09,5.304417133331299,5.5395373778757415,5.3044171333313,5.536953579354364,44248900
2018-04-10,5.529201030731201,5.55762231573021,5.363841902320408,5.402597886440553,58545100
2018-04-11,5.632551193237305,5.6583886834980355,5.511115629663747,5.5162832262777215,62378300
2018-04-12,5.6015472412109375,5.668724526464922,5.6015472412109375,5.629968533036252,36238700
2018-04-13,5.477527141571045,5.6170487980462225,5.441354458714486,5.591211308237003,43347800
2018-04-16,5.327670574188232,5.487862132432291,5.3225029773909,5.438770948475945,48474200
2018-04-17,5.433603286743164,5.446521784601291,5.3276700273173905,5.348339919575856,36570400
2018-04-18,5.632551193237305,5.650637781386212,5.505948033049774,5.5162832262777215,65237400
2018-04-19,5.73590087890625,5.7875753641377425,5.666139806394167,5.702311995337123,62475200
2018-04-20,5.777240753173828,5.803077749782859,5.658388498973976,5.699728284919371,61494800
2018-04-23,5.808245658874512,5.808245658874512,5.668723997000914,5.707479986809738,37023300
2018-04-24,5.787575721740723,5.883174289179958,5.743652135534989,5.839250702974224,46710300
2018-04-25,5.614466190338135,5.717815678681255,5.598963890288975,5.686811078582936,68160600
2018-04-26,5.847001552581787,5.847001552581787,5.676474805978425,5.684226200936447,56674700
2018-04-27,5.867671966552734,5.924514548999588,5.854753466619822,5.901260854873,37858300
2018-04-30,5.934848785400391,5.947767777130308,5.847001612873527,5.8728391035242185,23681500
2018-05-02,5.839250564575195,5.924513936623201,5.815996872852181,5.85733665973551,31778100
2018-05-03,5.800494194030762,5.849584879716555,5.676474348737921,5.823747884222601,48855700
2018-05-04,5.753986835479736,5.849584901911941,5.753986835479736,5.80049421603988,33599400
2018-05-07,5.852169990539551,5.986524565605493,5.810830197105294,5.831500093822423,47815100
2018-05-08,5.919347286224365,5.981356976461149,5.818581601190744,5.958103281021204,81198700
2018-05-09,6.402506351470947,6.40767345568824,5.999442653971461,6.020112549268165,118032300
2018-05-10,6.653126239776611,6.844322818209814,6.438675976808793,6.495518042999535,126907200
2018-05-11,6.573032379150391,6.79781740387746,6.567864782699185,6.673798045903275,72996400
2018-05-14,6.779731273651123,6.841740952313921,6.668630414576858,6.678965607425217,66938700
2018-05-15,6.921836853027344,6.950257646241635,6.68929995430709,6.808152201742897,75230200
2018-05-16,7.0768632888793945,7.113035981876551,6.9347577943047405,6.94250919126326,64486500
2018-05-17,6.704803466796875,7.131120339139123,6.580783609817101,7.0665268586991115,112487000
2018-05-18,6.627289295196533,6.761643818334415,6.449011196910075,6.461930185370845,83206900
2018-05-21,6.472265243530273,6.792649275861351,6.4438444529529235,6.743558102596404,75971900
2018-05-22,6.397188186645508,6.547345248536593,6.252209550434002,6.423077352274825,88109900
2018-05-23,6.024386882781982,6.337644401874262,6.0243868827819815,6.272921724991245,74622500
2018-05-24,5.1985249519348145,5.371981731200054,5.087201878016032,5.190758053593459,240343800
2018-05-25,5.126033782958984,5.5066032884472,5.0897892562628275,5.3460908960313125,131188100
2018-05-28,4.377840518951416,4.97070029937097,4.377840518951416,4.97070029937097,134504900
2018-05-29,4.996588706970215,5.032833729104386,4.556474954665162,4.66003110263137,181509800
2018-05-30,4.913744926452637,5.170046637192719,4.693687752445057,4.760999387658833,125430000
2018-06-01,4.183671951293945,5.113089221426419,3.85746974424126,5.063899870400836,216954700
2018-06-04,4.5383524894714355,4.566830120279077,4.414084623621702,4.47621880344389,93547600
2018-06-05,4.2949957847595215,4.60825322415516,4.2949957847595215,4.494341697353861,67006400
2018-06-06,4.22768497467041,4.318296815502107,4.108595246641776,4.2639295134851665,69496800
2018-06-07,4.080117225646973,4.183673400146684,3.8652379783870234,4.142250930346799,118752700
2018-06-08,3.9480843544006348,4.191441823360709,3.8988952153413567,4.093063298344667,91461500
2018-06-11,3.989506244659424,4.090473721655651,3.9170169069402463,4.012806450650665,44872500
2018-06-12,4.0024495124816895,4.0594055253757775,3.945493499587602,4.007627197164407,69592600
2018-06-13,3.9273717403411865,4.012805647273277,3.8160486659580504,3.992094412071401,72301200
2018-06-14,3.9092483520507812,4.025749078431669,3.8963037720312768,3.968793074484245,57324600
2018-06-15,3.875593423843384,3.901482342870699,3.746148088014656,3.891126725880296,75239300
2018-06-18,3.7539150714874268,3.854882531258775,3.7539150714874263,3.8238156775362233,47363800
2018-06-19,3.992094039916992,4.069761288132367,3.6684807114340807,3.6917809105884305,97301500
2018-06-20,4.196616172790527,4.266516749700322,4.09047131865945,4.100826932250089,88397300
2018-06-21,3.9092483520507812,4.225094721901662,3.9092483520507817,4.1655499994682,67884300
2018-06-22,3.9118378162384033,4.059405661555437,3.885948898161597,3.9895050642635725,52184500
2018-06-25,4.064582824707031,4.087883020813649,3.8988929802107983,3.9351375102456774,60347200
2018-06-26,4.152606964111328,4.173318199856244,4.020572404167036,4.116361931211619,59595900
2018-06-27,4.284640312194824,4.395963377254945,4.15778394548287,4.168139809113931,78095000
2018-06-28,4.297585964202881,4.41926442238605,4.2276853526999565,4.328652573452057,94960700
2018-06-29,4.45033073425293,4.45033073425293,4.3312407698498925,4.362307867370831,75735100
2018-07-02,4.522819519042969,4.525408484821982,4.37525192620232,4.3985521244187105,54545600
2018-07-03,4.5305867195129395,4.631553922676332,4.5202308557039945,4.5927204209823165,57456700
2018-07-04,4.559063911437988,4.776532068651721,4.463274166129338,4.499518694400073,54211000
2018-07-05,4.623786926269531,4.867143769066568,4.569419635826992,4.8153659380392995,76084700
2018-07-06,4.644498825073242,4.683332327374577,4.569420292668523,4.6522652292566455,33878700
2018-07-10,4.595308780670166,4.750643260747534,4.543530456046144,4.748054295136863,70886200
2018-07-11,4.5072855949401855,4.680742327792335,4.478807469103446,4.527996824513815,85806300
2018-07-12,4.647088527679443,4.665210798706323,4.535765441320209,4.561654611556402,49397900
2018-07-13,4.688509464263916,4.706631729344975,4.603075576171287,4.657442371414465,44951900
2018-07-16,4.628964424133301,4.654853586882193,4.5564753609900555,4.647087183713821,62798900
2018-07-17,4.735109806060791,4.763587439257679,4.584952768319544,4.605664492527731,40884300
2018-07-18,4.672976493835449,4.763588328991839,4.6444988553195605,4.724754826437608,40643800
2018-07-19,4.763587951660156,4.763587951660156,4.592720158920441,4.618609323170796,60404900
2018-07-20,4.9940009117126465,5.043189780036911,4.9008001190229145,4.962933816217825,98035200
2018-07-23,4.986235618591309,5.040602435955043,4.973290785555974,4.996590991224686,35231500
2018-07-24,5.0897908210754395,5.1441581216290775,5.056135249338268,5.066490619951708,39934600
2018-07-25,5.167457103729248,5.177812966684083,5.076845771848055,5.126034639499353,48759900
2018-07-26,5.025068759918213,5.164869983631539,5.0147133880477,5.164869983631539,48144300
2018-07-27,5.1182684898376465,5.128623859511169,5.061312228351652,5.074257057686991,36509400
2018-07-30,5.14933443069458,5.203701719324472,5.100145566927876,5.164868223900084,37053900
2018-07-31,5.105323314666748,5.123446074508584,5.040600653758624,5.079434645339271,38641200
2018-08-01,5.1804022789001465,5.180402278900147,5.058723843811035,5.071668179575603,39141700
2018-08-02,5.283957481384277,5.379747227450037,5.164868033956506,5.175223401917993,69008900
2018-08-03,5.465182304382324,5.579093845790016,5.460004372374309,5.540260343319449,86908000
2018-08-06,5.447059631347656,5.5583821984783395,5.431525836478013,5.47553726768586,44528300
2018-08-07,5.361626148223877,5.555794172798191,5.325381608317682,5.522138599141698,69136700
2018-08-08,5.214057445526123,5.454825824994678,5.208880007896961,5.3875141978683825,58211500
2018-08-09,5.265836238861084,5.2684252048024725,5.126035040794709,5.245125005124743,51253100
2018-08-10,5.0716681480407715,5.216646781640457,5.012123413822388,5.203702445956376,61789800
2018-08-13,5.188169002532959,5.188169002532959,4.98882307816175,5.048367810752192,58306700
2018-08-14,5.185573101043701,5.271220686975781,5.120688551245768,5.26343485781912,55180600
2018-08-15,4.9442033767700195,5.105117306728319,4.94420337677002,5.097330981155688,65651700
2018-08-16,4.918249130249023,5.022064312134605,4.871532174643053,5.014277987856998,51201600
2018-08-17,4.791075229644775,4.894890912066478,4.775503075293464,4.866341549897523,68328400
2018-08-20,4.7651214599609375,4.80405209054281,4.69504602789567,4.767716901337039,56315600
2018-08-21,4.5990166664123535,4.8092429621196455,4.580849071851684,4.741762971587286,68735300
2018-08-22,4.762526035308838,4.770311864434658,4.580849098582355,4.5938263055084345,56623700
2018-08-23,4.658711910247803,4.806648637503983,4.640543816436218,4.762527114021443,56284100
2018-08-24,4.749547958374023,4.78588363608135,4.684663420718478,4.762525162922975,37893000
2018-08-27,4.855959415435791,4.868936622269426,4.749548794549105,4.778098154553278,35428000
2018-08-28,4.762526035308838,4.89229513439066,4.759930593923622,4.8689366569535455,38079200
2018-08-29,5.009086608886719,5.0116820500555255,4.7884795548657895,4.801456265680037,71434300
2018-08-30,4.8793158531188965,5.0713744737362765,4.8481715597963495,4.970154282863956,63981900
2018-08-31,4.998706817626953,5.042828340486197,4.907868329972048,4.918250097717721,75767400
2018-09-03,4.931224822998047,4.964964564500214,4.868935726742691,4.92862938210869,25401600
2018-09-04,4.840388298034668,4.980539191649139,4.832602467298261,4.964966540116467,39759800
2018-09-05,4.8663411140441895,4.879317825669714,4.731381135007542,4.817028718813527,53967300
2018-09-06,4.928630352020264,4.936416676220614,4.796265810793295,4.928630352020264,54304300
2018-09-10,4.998706817626953,5.08694986334544,4.944203527022037,5.024660741961203,58578100
2018-09-11,4.801456451416016,4.902676185766058,4.783288857561372,4.89748579825745,56495200
2018-09-12,4.918249130249023,4.988324068628144,4.837791931136592,4.881913445316694,59695700
2018-09-13,4.855959415435791,4.964965477689205,4.832601433194896,4.939012054081583,36808700
2018-09-14,4.876722812652588,4.920843829587701,4.796265617579615,4.879317758918339,55756300
2018-09-17,5.035040855407715,5.058399332427483,4.83519632758517,4.83519632758517,71289500
2018-09-18,5.255649089813232,5.255649089813232,5.053209094809669,5.060995419820149,72959100
2018-09-19,5.185573101043701,5.310151317848575,5.1466424701709075,5.1725963890960465,60563700
2018-09-20,5.157024383544922,5.281602603920007,5.125879580936228,5.258244125720948,56206900
2018-09-21,5.22709846496582,5.268624531606739,5.177786570223331,5.229693906009598,58517300
2018-09-24,5.1907639503479,5.297174571727647,5.170000914347702,5.24267178786331,54332900
2018-09-25,5.2115278244018555,5.22969542194479,5.068781990824591,5.11290351129882,54462300
2018-09-26,5.240076065063477,5.268624928636876,5.1829773478570775,5.253052776230494,60060800
2018-09-27,5.569690704345703,5.569690704345703,5.312747891776301,5.3205342176226225,104177300
2018-09-28,5.473659992218018,5.69426753360061,5.455492399697646,5.4840412615026155,91254600
2018-10-01,5.450301647186279,5.5437355481190025,5.39839381443926,5.515186190605164,56540400
2018-10-02,5.92266321182251,5.922663211822511,5.683887984845803,5.709841910718698,127231800
2018-10-03,6.174415111541748,6.597462234817346,6.088767015111007,6.553340713184806,152189200
2018-10-04,6.234107971191406,6.3638770771944095,6.023881663045048,6.086171269552761,99743300
2018-10-05,6.218535423278809,6.382044776721019,6.140674156421474,6.356090856091953,104693400
2018-10-08,6.903716564178467,6.999745425763019,6.683108984142548,6.991959596192834,188109000
2018-10-09,6.9608154296875,7.0075323915023,6.8206650392730035,6.872572389599524,90128800
2018-10-10,6.7609686851501465,6.849211696740054,6.657153522994297,6.828448664308883,82688000
2018-10-11,6.563722133636475,6.942647715246811,6.50402796397425,6.890739870765719,119307500
2018-10-15,6.688299655914307,6.779138126592278,6.631200934044236,6.722039404722207,92331900
2018-10-16,6.937458038330078,6.937458038330078,6.7713536991501515,6.799903068082943,74144800
2018-10-17,6.864786624908447,6.911503092139711,6.815474220851668,6.862191183112837,80990300
2018-10-18,6.670130729675293,6.836234989174903,6.670130729675293,6.823258279537649,56268900
2018-10-19,6.72722864151001,6.836234680644443,6.670130428641389,6.823257971592849,61858300
2018-10-22,6.885549545288086,6.903717142513585,6.818069544857732,6.818069544857732,63678000
2018-10-23,6.799900531768799,6.872570905539498,6.698680304684219,6.7869233257170345,77457300
2018-10-24,6.664942741394043,7.004937730802319,6.664942741394044,6.854405556519803,93377100
2018-10-25,6.831045627593994,6.914097775827501,6.667536772638009,6.794710436499297,79732200
2018-10-26,7.1632537841796875,7.1632537841796875,6.779137401028245,6.916692318018677,110184900
2018-10-29,6.856999397277832,7.077606970578089,6.740207006992447,6.942646985143833,160890100
2018-10-30,7.267070770263672,7.267070770263672,6.857000368028561,6.929671253941965,107525500
2018-10-31,7.168446063995361,7.352717967973682,7.085393415339763,7.334550371246792,84131500
2018-11-01,7.090584754943848,7.272261723962551,7.036081961256186,7.204781721042173,98037100
2018-11-05,7.308595657348633,7.308595657348632,7.11394200774944,7.137300485303729,60389900
2018-11-06,7.0568437576293945,7.344930821417842,7.004935919904179,7.085392622851419,95344400
2018-11-07,6.825857639312744,7.176234471413374,6.815476363895944,7.165853195996573,95817100
2018-11-08,6.579293727874756,7.015318000235333,6.579293727874756,6.9556238356639355,119096300
2018-11-09,6.607842445373535,6.675322437910535,6.405402962792376,6.540362947866375,94206400
2018-11-12,6.574102401733398,6.7272299750391165,6.563721131440203,6.628605679619581,63162600
2018-11-13,6.291204929351807,6.571506121920906,6.2159391204826635,6.571506121920906,112776300
2018-11-14,6.514409065246582,6.537767543373338,6.205558461704906,6.291206049826398,104423900
2018-11-16,6.6960859298706055,6.758375538779522,6.53257706781685,6.589675298448505,100628900
2018-11-19,6.7479939460754395,6.823260270011395,6.600057234923952,6.63379698684118,79946400
2018-11-21,6.532574653625488,6.613031334106787,6.49104859305258,6.514407064003552,77228100
2018-11-22,6.553422927856445,6.6081436171426695,6.532577069319902,6.587297758606125,31253600
2018-11-23,6.350176811218262,6.462223005748834,6.2563701863042995,6.423137077702863,77961200
2018-11-26,6.318905353546143,6.511729622220018,6.266790471416186,6.462220533896995,62111600
2018-11-27,6.652442455291748,6.6967399756412975,6.324119745113545,6.350177197731733,90759000
2018-11-28,6.6133551597595215,6.741036611128069,6.527365925310083,6.644624198197728,92811300
2018-11-29,6.558631896972656,6.644621091214079,6.483065379334053,6.503911229543966,65584300
2018-11-30,6.634200572967529,6.660258020410567,6.532577074644602,6.543000252423606,90874500
2018-12-03,6.759276866912842,6.913015274806335,6.722796238206314,6.85308299086151,90530000
2018-12-04,6.602931976318359,6.8608996600555825,6.602931976318359,6.8400538016830135,66867500
2018-12-05,6.660257816314697,6.701949532144174,6.501308336091486,6.636806164035059,54183300
2018-12-06,6.407501220703125,6.545605329104165,6.33454047526409,6.511730502041449,99037200
2018-12-07,6.454404830932617,6.636805957766533,6.371021401865177,6.389261464848125,87994700
2018-12-10,6.107841491699219,6.488278470488027,6.107841491699218,6.454404142419534,73871100
2018-12-11,6.068757057189941,6.272004069228552,6.011430569072787,6.232918143606089,64017600
2018-12-12,6.071361541748047,6.227705720304725,6.0453045928256355,6.186014005623536,63296400
2018-12-13,6.086995601654053,6.110447250568305,5.982765830033205,6.06875554072172,61946100
2018-12-14,6.006218910217285,6.079179668337403,5.982767255714552,6.014036294053032,45231700
2018-12-17,5.959314823150635,6.063544100303646,5.94107426477001,6.050515130031771,53832000
2018-12-18,5.732616424560547,5.941075004833691,5.732616424560546,5.935863913080207,74740000
2018-12-19,5.797759532928467,6.006218103849963,5.748250435957948,5.862902898466989,171157500
2018-12-20,5.599724769592285,5.816000766848598,5.563244636586617,5.81339497206183,141767000
2018-12-21,5.615357875823975,5.72740454337666,5.537186036463905,5.57627195614394,90384300
2018-12-26,5.843538284301758,5.843538284301758,5.503922995000207,5.5497441177019775,77104200
2018-12-27,5.840842247009277,5.924398221667873,5.7357234235968875,5.8004119698582715,74083700
2018-12-28,6.113072395324707,6.1535026649458855,5.951350802741226,5.9594370623049695,61634700
2019-01-02,6.485032558441162,6.522767927909277,6.005259063264418,6.078033353748172,104534800
2019-01-03,6.644057750701904,6.689878859910832,6.414952204657265,6.4580778940187535,95206400
2019-01-04,6.662924766540527,6.722222971346711,6.595540816787129,6.697964708307588,72119800
2019-01-07,6.768045902252197,6.986369814360658,6.657536235993662,6.697966513925025,121711900
2019-01-08,6.727614879608154,6.851601643659624,6.676403435896697,6.8462108030271995,68761800
2019-01-09,6.867773056030273,6.873163896195319,6.778826249702287,6.819256522742497,70177600
2019-01-10,6.808475971221924,6.848906247912425,6.757264013227896,6.808475971221924,54763700
2019-01-11,6.735702037811279,6.789609423118742,6.695271755880145,6.778827740417679,53980700
2019-01-14,6.697967529296875,6.76265608661323,6.646755561967653,6.689881266845223,46577300
2019-01-15,6.692575931549072,6.77074158412052,6.657536493081838,6.692575931549072,53731500
2019-01-16,6.68988037109375,6.711443220645346,6.64675467199056,6.68448953018113,40425000
2019-01-17,6.781520843505859,6.8192556918658305,6.652143779901317,6.671011204081302,50359400
2019-01-18,6.84621000289917,6.8893356947206765,6.813865991082439,6.856991682903946,67021300
2019-01-21,6.881251811981201,6.881251811981202,6.765351291042669,6.821953584096964,45336500
2019-01-22,6.773436546325684,6.8731650497212335,6.743787948639628,6.808476499180431,61307000
2019-01-23,6.8542962074279785,6.883945313102351,6.781521410281134,6.827342521732985,52931600
2019-01-24,6.883945941925049,6.883945941925049,6.824647725159634,6.846210572865555,40109000
2019-01-28,6.676402568817139,6.881249859355558,6.6683163089186825,6.816561322464287,65079900
2019-01-29,6.838125705718994,6.889337154294936,6.768046313137333,6.805781172950955,59419200
2019-01-30,6.905508041381836,6.9890640029261855,6.865077256477641,6.9567194778225865,62607500
2019-01-31,6.89472770690918,6.997151113873762,6.889336865990284,6.972893357936504,63253600
2019-02-01,6.954024791717529,6.967501892807371,6.8381248069379374,6.873164241573844,47957400
2019-02-04,7.016017913818359,7.040276179901579,6.900117423442713,6.964805961631697,53874900
2019-02-05,7.029494762420654,7.034885602662488,6.9567199614523565,6.983673648562706,40989100
2019-02-06,6.870469093322754,6.964806748290628,6.824647976001151,6.954025066991964,64527000
2019-02-07,6.7626543045043945,6.967501605740538,6.646753810401158,6.900117645364128,55614100
2019-02-08,6.773436546325684,6.813867340250223,6.665622295424346,6.684489725069717,40153900
2019-02-11,6.695270538330078,6.784217348042965,6.614409989172484,6.784217348042965,39617300
2019-02-12,6.932462215423584,6.967502165529867,6.80038970416659,6.824647972978982,72467200
2019-02-13,7.021407604217529,7.064533292439998,6.967500750988822,7.013321858987539,69042200
2019-02-14,7.263991355895996,7.263991355895996,7.0079320930118,7.053753208030061,81125500
2019-02-15,7.2343430519104,7.282859592509772,7.199303099655792,7.2397338928878625,63841800
2019-02-18,7.212778568267822,7.220864827902322,7.118440928927081,7.166957458536535,43379000
2019-02-19,7.379891872406006,7.385282713173671,7.234342770371124,7.23973361113879,58041900
2019-02-20,7.28825044631958,7.455362404123989,7.242429326128263,7.412236704426149,55114500
2019-02-21,7.385283946990967,7.409542220399284,7.228953137303456,7.325986230936724,46559400
2019-02-22,7.312505722045898,7.466141553465015,7.3125057220458975,7.425710773876515,36602000
2019-02-25,7.1966071128845215,7.285553919264046,7.177739172295931,7.277467659011793,54190800
2019-02-26,7.164263725280762,7.3152036753012055,7.161568304768034,7.212780266312056,46504200
2019-02-27,7.2990288734436035,7.3448499764293125,7.177737567275933,7.23434034818708,49131400
2019-02-28,7.293638229370117,7.479618065763774,7.169652014506821,7.471531807103628,93065100
2019-03-01,7.1966071128845215,7.344851618817458,7.177739172295931,7.315202511991345,41978700
2019-03-06,7.212778568267822,7.212778568267822,7.134612934097307,7.156175779023867,18423400
2019-03-07,7.215473651885986,7.253208500224229,7.140003441110748,7.223559397044895,32835300
2019-03-08,7.188520908355713,7.210083755096723,7.067229574125774,7.140004374663738,49564400
2019-03-11,7.479620933532715,7.487707195293223,7.280164436997045,7.2828598575838805,66742800
2019-03-12,7.412235260009766,7.536221493955235,7.344851303100586,7.490400896791834,64287300
2019-03-13,7.573959827423096,7.582045576397538,7.417629006696312,7.436496439768666,61057200
2019-03-14,7.598217487335205,7.600912908141441,7.522747247057436,7.587435804110258,42777800
2019-03-15,7.614387035369873,7.652121886254785,7.576652184484962,7.590128770058491,61041100
2019-03-18,7.746461868286133,7.759938972030776,7.617084756931206,7.641343029572623,91920600
2019-03-19,7.870447158813477,7.951307709542165,7.708725543257257,7.776109506897445,69423600
2019-03-20,7.80845308303833,7.9782609497708,7.7895856565344594,7.870446716820955,68878000
2019-03-21,7.697943687438965,7.808453344170601,7.525440908950331,7.773413910077159,80121300
2019-03-22,7.277469635009766,7.584740410642957,7.277469635009766,7.530833536620776,104731100
2019-03-25,7.369109630584717,7.436493588059633,7.2289508756531795,7.231646295644032,104772900
2019-03-26,7.716813087463379,7.7302901917901465,7.471535443804817,7.476926285535524,91549100
2019-03-27,7.369109630584717,7.603605514702098,7.369109630584717,7.603605514702098,66415400
2019-03-28,7.563174247741699,7.563174247741698,7.263989865512185,7.344850398201518,69412700
2019-03-29,7.563174247741699,7.689856400146709,7.476922875780083,7.668293557156305,51587400
2019-04-01,7.547004222869873,7.660209306776875,7.511964786610048,7.654818466091098,42289800
2019-04-02,7.6251678466796875,7.6278627522084435,7.509267373191573,7.584737066366176,38460600
2019-04-03,7.4230170249938965,7.6979431816205315,7.4230170249938965,7.6898574357219465,55120900
2019-04-04,7.673686504364014,7.673686504364014,7.3771974404628216,7.485011692254065,52248100
2019-04-05,7.757241249084473,7.786889840325683,7.603605396585302,7.692552712605301,54708900
2019-04-08,7.883922576904297,7.921657426435994,7.811147783579937,7.832710628183588,55270000
2019-04-09,7.85966682434082,7.881229675835762,7.727594294671935,7.824627383448639,43863700
2019-04-10,7.757241249084473,7.970174284066064,7.757241249084473,7.964783444168103,62005200
2019-04-11,7.547004222869873,7.735679534081164,7.511964786610048,7.735679534081164,56126400
2019-04-12,6.962111949920654,7.2693826969983375,6.89203255751543,7.134614753318806,227307600
2019-04-15,6.989064693450928,7.164262893649935,6.886640782252297,7.10226977135009,117567200
2019-04-16,7.20199728012085,7.293639504563379,6.908203180719589,6.994455079211642,95149300
2019-04-17,7.210083484649658,7.369109666186657,7.067229309037106,7.309811968397816,103988400
2019-04-18,7.4391889572143555,7.5173540800197385,7.344851314574376,7.374500420172345,100942100
2019-04-22,7.396065711975098,7.517356566256694,7.363721175707295,7.463449691275639,45321900
2019-04-23,7.460752010345459,7.547003395466409,7.46075201034546,7.471533176436174,52199500
2019-04-24,7.4391889572143555,7.5173540800197385,7.334069634684644,7.471532968685965,57704700
2019-04-25,7.493096351623535,7.565871153800816,7.393368375986961,7.398759216318352,55201700
2019-04-26,7.350006580352783,7.490263710127074,7.298758684000708,7.46598841787923,52616600
2019-04-29,7.382375240325928,7.4498065064381285,7.37428330318696,7.4309253197805365,27689800
2019-04-30,7.312245845794678,7.460594408902072,7.277181303232052,7.422833068720482,39570700
2019-05-02,7.209749698638916,7.234024991721981,7.1531076910848626,7.2286303678236,37820300
2019-05-03,7.2421183586120605,7.301457689840755,7.2421183586120605,7.255604406563206,33334800
2019-05-06,7.220536708831787,7.220536708831788,7.109949525483571,7.118040944364006,31715900
2019-05-07,7.1072540283203125,7.190868636335481,7.045217400259369,7.188171324533751,52454400
2019-05-08,7.382375240325928,7.409347335203022,7.091072191299614,7.096466301599193,71780300
2019-05-09,7.236721038818359,7.314941528294359,7.185473149660276,7.3095469053388635,46663300
2019-05-10,7.196264743804932,7.260998697015713,7.126136165878319,7.2475126496858655,33336000
2019-05-13,6.985876083374023,7.139619222148207,6.9642981080102695,7.06949067360113,43146100
2019-05-14,7.0128493309021,7.074885951512862,6.972390687654192,7.058702597105611,34968600
2019-05-15,6.980483055114746,6.983180366958664,6.921143737927442,6.942721718219155,37053900
2019-05-16,6.815951347351074,7.02363973526097,6.8078594115830215,6.950813856727425,46502200
2019-05-17,6.656813144683838,6.856409584818783,6.600170626634135,6.756611107521503,67291200
2019-05-20,6.8833818435668945,6.8833818435668945,6.646023565121366,6.656812811623249,54472000
2019-05-21,7.145013809204102,7.145013809204102,6.856408197221474,6.931931367850189,57846700
2019-05-22,7.117940425872803,7.166674462687898,7.028593400689213,7.131477572253268,48439300
2019-05-23,6.996102809906006,7.017762550143126,6.909463848957526,7.012347485981611,49527400
2019-05-24,7.0637922286987305,7.136894073242297,7.020472731874943,7.080036910905366,35915100
2019-05-27,7.1044020652771,7.185626484808992,7.085449855642352,7.120646742619885,33892000
2019-05-28,7.256020545959473,7.256020545959473,7.0746200064900355,7.0746200064900355,60774600
2019-05-29,7.174795150756836,7.231651770112979,7.10981593588886,7.172087618919559,43124400
2019-05-30,7.080036163330078,7.272266862046145,7.03671667108036,7.177505279096483,71847200
2019-05-31,6.9175872802734375,7.112525496901356,6.882390389165086,6.982567030088772,63137200
2019-06-03,7.036715507507324,7.126062010049395,6.9988110871588685,7.006933167856968,53470600
2019-06-04,7.093572616577148,7.139599633787031,7.0475455993672655,7.117939891359381,37331100
2019-06-05,7.001520156860352,7.117941492246524,6.92029571718183,7.088159146056821,65282100
2019-06-06,7.115232944488525,7.209994002651382,6.963614218609883,7.085450602546465,87836900
2019-06-07,7.245192050933838,7.264144264243645,7.139600853116873,7.226239837624032,52235500
2019-06-10,7.2154083251953125,7.280387551137474,7.180211438130011,7.201871180110731,39666800
2019-06-11,7.35349178314209,7.388689198147825,7.231655371828625,7.280389936354011,52437000
2019-06-12,7.269559860229492,7.342661702393971,7.2127026997429695,7.315586888657966,43392200
2019-06-13,7.35890531539917,7.415761951219755,7.331830505595014,7.35078271753521,48981600
2019-06-14,7.326416492462158,7.3778585868364885,7.283096997118232,7.364321438194931,42802400
2019-06-17,7.339951515197754,7.426590474696375,7.299339051074958,7.331828919091407,49290000
2019-06-18,7.4320068359375,7.450959047084594,7.37785721859521,7.3913943647262705,31332800
2019-06-19,7.450958728790283,7.469910939127765,7.369734306246639,7.404931710938252,33286300
2019-06-21,7.656726360321045,7.686508183108672,7.567379859140185,7.567379859140185,58424700
2019-06-24,7.648604869842529,7.68380176237757,7.6134079773074905,7.667557082469787,27365000
2019-06-25,7.4482502937316895,7.624235746634769,7.413052893305711,7.61882068250632,56472100
2019-06-26,7.491570949554443,7.561965245044072,7.450958995035933,7.459081076094224,48901500
2019-06-27,7.372441291809082,7.459080256302235,7.31287713282228,7.429298435013314,55219200
2019-06-28,7.421176433563232,7.47532604891834,7.339952526939574,7.432006563197856,40262000
2019-07-01,7.380563735961914,7.589039062723778,7.3670260752838335,7.537596984964978,46759100
2019-07-02,7.261436939239502,7.3805658045507,7.215409912851705,7.3805658045507,57954200
2019-07-03,7.35890531539917,7.36432038064181,7.280388418608024,7.3210008915187785,29291800
2019-07-04,7.415762424468994,7.467204514738848,7.396810211319332,7.413054891674888,28577400
2019-07-05,7.4184699058532715,7.4699119957666325,7.345368070146245,7.3832730125919666,27414700
2019-07-08,7.486156463623047,7.505108676103686,7.429299826181131,7.445544505963242,25318200
2019-07-10,7.599870681762695,7.654020305956456,7.572795869665814,7.580918468217606,50715800
2019-07-11,7.689215660095215,7.71899799907748,7.6242364339230795,7.635066563156261,48206900
2019-07-12,7.7244133949279785,7.7812700266133215,7.691923522244205,7.727120927352376,40908900
2019-07-15,7.629652976989746,7.7569039216840086,7.629652976989745,7.740659241095378,36592400
2019-07-16,7.5348920822143555,7.6702656377815615,7.472620370591632,7.656728488788494,54789300
2019-07-17,7.494279861450195,7.5809188514123065,7.483449729500374,7.578211318424851,28923500
2019-07-18,7.4482502937316895,7.529474190022668,7.426590553626832,7.515937046110484,35830700
2019-07-19,7.4292988777160645,7.4726183625439955,7.410346667654969,7.44554355542429,28418900
2019-07-22,7.442836284637451,7.513230579058978,7.407639395631195,7.478033690052721,22304400
2019-07-23,7.450958728790283,7.480740552288184,7.418468856491025,7.448251196397927,21124400
2019-07-24,7.404932975769043,7.483449362922654,7.391395311494912,7.469912215057611,27939600
2019-07-25,7.280388355255127,7.44554422885517,7.258728610882091,7.437421631061892,26892300
2019-07-26,7.077327728271484,7.256020740123445,7.066498114794193,7.256020740123445,75644000
2019-07-29,7.142308235168457,7.158553432902019,7.0285944330790695,7.098988740697177,26493300
2019-07-30,7.1044020652771,7.172088823349186,7.088157387934314,7.134184404079692,38201600
2019-07-31,7.0610809326171875,7.1747946802817815,7.044836259067635,7.14501234843355,39890200
2019-08-01,7.107109546661377,7.191040981475054,6.811995242268243,7.120646691615236,91345800
2019-08-02,7.180211544036865,7.280387658521907,7.115232317136273,7.139599591775118,64112900
2019-08-05,6.9175872802734375,7.074620556774238,6.909465198853302,6.985274046289455,48277000
2019-08-06,7.006935119628906,7.098989180181539,6.952786006392096,7.01235018587533,44208100
2019-08-07,6.931125640869141,6.9663225355197,6.768677282800119,6.887806147571947,67698500
2019-08-08,7.134185791015625,7.134185791015625,7.001519781372208,7.066499019784755,50256700
2019-08-09,7.115232944488525,7.226239198115618,7.066498390913893,7.120647493234235,36641500
2019-08-12,6.944661617279053,7.017763443538907,6.914879793417229,7.017763443538907,36122000
2019-08-13,7.037440776824951,7.130217722546387,6.884630526356777,6.9201045389704845,45330500
2019-08-14,6.8000383377075195,6.925560464519231,6.7618360418026064,6.892815788162805,54401100
2019-08-15,6.611755847930908,6.821869555141426,6.587197075895011,6.819140744863288,53894500
2019-08-16,6.524435043334961,6.759107488139451,6.518977423579678,6.745463438751244,56782000
2019-08-19,6.5571794509887695,6.685430376974786,6.508061920046447,6.630855226935049,50699300
2019-08-20,6.554451942443848,6.600840673045237,6.461674481241069,6.5244355519172705,37141700
2019-08-21,6.944660663604736,7.092012716966763,6.598109702606938,6.64449841801977,87840800
2019-08-22,6.881900310516357,7.0183376716956705,6.865527972905664,6.958305420144975,40808800
2019-08-23,6.6253981590271,6.922831635141749,6.611754111220295,6.761835514291904,58032300
2019-08-26,6.538078308105469,6.7345484476197575,6.48623248392675,6.707260870413079,39688800
2019-08-27,6.641769886016846,6.77274961013111,6.497146115348705,6.595381168667982,70475200
2019-08-28,6.709989547729492,6.740005934111059,6.581738613997116,6.6035685712381,41981500
2019-08-29,6.958306789398193,6.958306789398193,6.734549556308005,6.794581819671829,61008800
2019-08-30,6.958306789398193,7.0101531425794645,6.8682581341187925,6.966493220048077,54958200
2019-09-02,6.903731346130371,6.980136467696581,6.890087816067656,6.928290116617106,19049900
2019-09-03,6.985593795776367,7.001966135260409,6.830055269509756,6.851885228977573,47829600
2019-09-04,7.1656904220581055,7.195706808697349,7.094742930299046,7.138402845155815,56179000
2019-09-05,7.201164245605469,7.310314558336309,7.187520716747746,7.258468211835886,48586800
2019-09-06,7.236637592315674,7.3294150373813025,7.149317766481487,7.203892397394246,48502200
2019-09-09,7.348517894744873,7.373076666535707,7.285756820376005,7.299400351163206,37303000
2019-09-10,7.394905090332031,7.463123771016889,7.30758526233017,7.381261041914722,44109400
2019-09-11,7.332143783569336,7.463123521187559,7.321228545200879,7.463123521187559,51540400
2019-09-12,7.383988380432129,7.4058183330832525,7.269380998896946,7.329413759037881,41028300
2019-09-13,7.334872722625732,7.422193075909078,7.31850038408953,7.400363117705056,24709400
2019-09-16,7.656866073608398,7.70598361659383,7.555902697887085,7.673238934915097,167634600
2019-09-17,7.555902004241943,7.5722743435783,7.4112781987801535,7.547715574340123,67414800
2019-09-18,7.427652359008789,7.501328684785104,7.427652359008789,7.468583998085016,40567100
2019-09-19,7.446751117706299,7.599560810231764,7.42764945073181,7.594103191096195,42155100
2019-09-20,7.367616653442383,7.484952853790472,7.367616653442383,7.463122899339699,51946900
2019-09-23,7.498598575592041,7.501327385755726,7.345788849696895,7.367618810539058,32643100
2019-09-24,7.4412946701049805,7.514970978632901,7.408549470603476,7.4822257791313955,36643400
2019-09-25,7.460395336151123,7.463124145971682,7.3075856294705535,7.375804313582786,29038400
2019-09-26,7.55863094329834,7.55863094329834,7.430379474982581,7.476768204283905,33705900
2019-09-27,7.547715663909912,7.6268495924980835,7.509513364849299,7.51769927438098,31886800
2019-09-30,7.517697811126709,7.54225657587618,7.4767667100333215,7.520426620595227,23143400
2019-10-01,7.506783485412598,7.566815735450814,7.465852382183487,7.531342251443508,32423200
2019-10-02,7.29121208190918,7.4385646754987755,7.2611962176524605,7.427649437247455,51261200
2019-10-03,7.296670436859131,7.315771585257969,7.171148307114043,7.299399246697144,46076300
2019-10-04,7.2339091300964355,7.345787727377674,7.168419257575753,7.326686579617546,47951600
2019-10-07,7.14113187789917,7.258468097916178,7.1220307296112395,7.1957070334080475,26252500
2019-10-08,7.100200176239014,7.21480757682547,7.081099029552474,7.141131279205489,30418900
2019-10-09,7.236637592315674,7.288483413612712,7.135673718402885,7.19024886978286,35141400
2019-10-10,7.296670436859131,7.334872733656807,7.2420958015006285,7.255739330223439,31056500
2019-10-11,7.438565731048584,7.465853310081852,7.348517084565899,7.348517084565899,37055300
2019-10-14,7.452208518981934,7.457666138339116,7.351245163210198,7.3785327395288824,20809900
2019-10-15,7.531342506408691,7.607747096231701,7.452208586415164,7.452208586415164,30455300
2019-10-16,7.6213908195495605,7.6323055374297395,7.465852316369726,7.517698137118197,31381300
2019-10-17,7.547715663909912,7.640493122029077,7.528614514379606,7.62139197249877,31405400
2019-10-18,7.531342506408691,7.637763482500588,7.5313425064086905,7.610475905934984,36070900
2019-10-21,7.577731609344482,7.58864632823616,7.5313428830035205,7.572273989665014,43337700
2019-10-22,7.796030044555664,7.82604642790815,7.577730494175357,7.5859164020226295,64228700
2019-10-23,7.899723529815674,7.935197015207732,7.763286166747819,7.785116124019986,45930600
2019-10-24,7.727810859680176,7.981584395530769,7.703252096825786,7.954296823418431,60529900
2019-10-25,7.981588363647461,8.063450600215855,7.9160984702992625,7.967944831041863,74476900
2019-10-28,8.077091217041016,8.093463553295908,7.946111486067503,7.973398539669929,37461800
2019-10-29,8.137125015258789,8.16987021447982,7.984315299984303,8.022517598686104,49994200
2019-10-30,8.2080717086792,8.210800518385765,8.041617959849308,8.123480689644587,63001200
2019-10-31,8.292662620544434,8.31176376777631,8.088006579401936,8.148039351236095,67070400
2019-11-01,8.303579330444336,8.521878938154076,8.142583174583155,8.347239251986284,101210200
2019-11-04,8.284476280212402,8.519148174573695,8.175325980918183,8.429099541983003,81023400
2019-11-05,8.090736389160156,8.34996761483749,8.071635239567208,8.298121265608566,92980900
2019-11-06,8.107110977172852,8.377257517807125,7.667782853289781,8.199888461327212,154003100
2019-11-07,8.431828498840332,8.478217220710759,8.06071924434412,8.186241362071625,96329000
2019-11-08,8.191699028015137,8.401812682420582,8.167140262151268,8.309035238149793,61567700
2019-11-11,8.309038162231445,8.309038162231445,8.128940829495459,8.145313172343986,30570500
2019-11-12,8.246109962463379,8.408175454199629,8.243363027561582,8.251603832266975,41655600
2019-11-13,8.21314811706543,8.276326054568596,8.13348909237107,8.226882792995019,41827700
2019-11-14,8.048337936401367,8.26808809774502,8.040097652450937,8.207656554511395,44595200
2019-11-18,7.987905025482178,8.19941432886357,7.98515809017438,8.158211347095278,54468100
2019-11-19,7.905501365661621,8.100529114028618,7.891766685120254,8.034604219203528,33740200
2019-11-21,8.19941520690918,8.19941520690918,7.932968216687664,7.9467028946974505,53033100
2019-11-22,8.235123634338379,8.334011212055174,8.119754968310234,8.174692627913865,34786000
2019-11-25,8.166452407836914,8.268086928219821,8.13898357606388,8.21864313581324,29868400
2019-11-26,8.018121719360352,8.166452575704769,7.993399822648882,8.136237331665283,54147800
2019-11-27,8.0565767288208,8.14447656179921,8.004386006518246,8.062070599363034,33072500
2019-11-28,8.111515998840332,8.114262934657498,7.913740811399881,8.053831394528721,46602800
2019-11-29,8.007133483886719,8.119755218005542,7.968677435336203,8.100527193730285,37699000
2019-12-02,7.985159873962402,8.10327549896162,7.985159873962403,8.075806663671775,31353600
2019-12-03,7.960437774658203,8.018122379710507,7.89176595012059,8.012628508005632,29194000
2019-12-04,8.147223472595215,8.147223472595215,7.996145700607967,8.037348681702277,44960000
2019-12-05,8.254351615905762,8.347745322400796,8.108767709370355,8.14172988582487,50447000
2019-12-06,8.336758613586426,8.402683494442432,8.276327079858468,8.281820950910898,44348600
2019-12-09,8.298301696777344,8.37246738114317,8.273580325913093,8.323023591565953,34694100
2019-12-10,8.361482620239258,8.361482620239258,8.21315120792396,8.268088884468407,27532700
2019-12-11,8.350492477416992,8.43564538007615,8.3120364292337,8.380708243232071,38458300
2019-12-12,8.507065773010254,8.529040736778166,8.372469054441238,8.416418981977062,47797800
2019-12-13,8.235123634338379,8.507063949135215,8.204908393088298,8.485088990078633,105004400
2019-12-16,8.078553199768066,8.28731560414455,8.078553199768066,8.25435289864324,68871000
2019-12-17,8.19941520690918,8.21314936099457,8.084046531248946,8.141730607116866,40679900
2019-12-18,8.38895034790039,8.39719063154397,8.158212975240202,8.171947130595795,64201600
2019-12-19,8.408177375793457,8.446633425358801,8.355986648580219,8.364227455168956,39696000
2019-12-20,8.312036514282227,8.40543022418956,8.246111635040172,8.40543022418956,93064900
2019-12-23,8.377962112426758,8.377962112426758,8.248859278323462,8.292809201589453,21970200
2019-12-26,8.490582466125488,8.49607633661533,8.377960740705362,8.402682633985323,24810500
2019-12-27,8.499479293823242,8.610874720567754,8.43542698984206,8.54682241658657,24995100
2019-12-30,8.404794692993164,8.552393463121847,8.396439835161665,8.507835283704651,22111600
2020-01-02,8.549609184265137,8.549609184265137,8.440998155345989,8.496696146134033,37774500
2020-01-03,8.479986190795898,8.699992118948499,8.479986190795898,8.599735957110406,71595600
2020-01-06,8.580239295959473,8.616443135378297,8.34073930264929,8.47441379163756,81844000
2020-01-07,8.546822547912598,8.599735044444708,8.485554663880235,8.583025862970109,32822000
2020-01-08,8.493908882141113,8.56910098989131,8.421501726290026,8.546821905873689,48215600
2020-01-09,8.466058731079102,8.527326602090733,8.424285520682655,8.485552860519096,36102700
2020-01-10,8.429854393005371,8.477197500646131,8.390865607717311,8.463272744766423,25397500
2020-01-13,8.446564674377441,8.474413658606625,8.413145787067382,8.452134577458317,30676800
2020-01-14,8.35466480255127,8.4298569132563,8.290612499880444,8.418717105222095,39796500
2020-01-15,8.229345321655273,8.335171382327253,8.226560900583937,8.326816525587256,34405700
2020-01-16,8.220990180969238,8.271118254088302,8.16807715587964,8.243269265558236,28997400
2020-01-17,8.31289291381836,8.31289291381836,8.226561512451957,8.276689063094295,34908000
2020-01-20,8.35466480255127,8.382513791461497,8.257193606953114,8.27111836699587,31241400
2020-01-21,8.248838424682617,8.33795475499198,8.22934376264912,8.298965962100214,28577400
2020-01-22,8.156938552856445,8.3017523490575,8.151368648455357,8.279473262628466,32491500
2020-01-23,8.257194519042969,8.287828463345573,8.0260487885537,8.101240907564453,53752100
2020-01-24,8.159721374511719,8.293396398059874,8.115163210387406,8.232128524007532,36898700
2020-01-27,7.806041240692139,7.9759190471767525,7.7057851029026905,7.973134095440909,66105300
2020-01-28,8.020479202270508,8.115165460077447,7.914653665932062,7.91743861835878,47259100
2020-01-29,8.034402847290039,8.098455150672532,7.984274772929726,8.07617606553187,42297500
2020-01-30,8.059465408325195,8.087314392444117,7.847813872666651,7.875662856785574,44266800
2020-01-31,7.923007488250732,8.031617962828397,7.884018690545055,7.973135031857528,55446700
2020-02-03,7.84781551361084,8.000984161529027,7.8422456093873745,7.942501760708546,39452800
2020-02-04,7.9731340408325195,8.087314936519155,7.953639909990362,7.978703944266059,57658400
2020-02-05,7.9062957763671875,8.137441427380304,7.906295776367188,8.090098316634236,67994500
2020-02-06,8.126304626464844,8.218205924569693,7.831106597881891,7.9926301076169395,126114000
2020-02-07,8.056681632995605,8.173646958430766,8.000983656626378,8.076175765372254,54514600
2020-02-10,8.11237907409668,8.11237907409668,7.975919616353718,8.04554182119249,45328100
2020-02-11,8.209848403930664,8.251621611118697,8.14858106879989,8.18756932468537,37518200
2020-02-12,8.390867233276367,8.432640977833177,8.251622834554272,8.254407786269741,64851000
2020-02-13,8.276687622070312,8.413147081495962,8.254408537494193,8.290612381914936,55277100
2020-02-14,8.193140983581543,8.34352466792991,8.170861899560478,8.315676211285028,30399900
2020-02-17,8.176432609558105,8.290612992821186,8.162507848687415,8.25162419355857,38684900
2020-02-18,8.285041809082031,8.290611712570191,8.062250981307901,8.092884388142323,33890900
2020-02-19,8.507832527160645,8.507832527160645,8.287826653967235,8.318460591581912,44181800
2020-02-20,8.332386016845703,8.602519997271349,8.28504289335097,8.577455959469708,73522900
2020-02-21,8.115164756774902,8.26554898773238,8.084531345086589,8.218205862931914,47805100
2020-02-26,7.299190998077393,7.627807858288203,7.249063461603473,7.530337205831791,89207100
2020-02-27,7.045767307281494,7.388308977745255,6.931586927518675,7.162732639133079,100112100
2020-02-28,7.056908130645752,7.118175491884866,6.856396331992437,7.00678004818858,89095300
2020-03-02,7.388308525085449,7.449575873758687,7.095894947784155,7.101464851620431,71596400
2020-03-03,7.25463342666626,7.652872517564666,7.173871946434035,7.399447738115728,86855700
2020-03-04,7.488564491271973,7.502489251519074,7.307546857461986,7.494134395370812,42320500
2020-03-05,7.042982578277588,7.427296919735341,6.8814585512468405,7.332610677560553,69722300
2020-03-06,6.357898712158203,6.7199339071969675,6.279921663933233,6.711579583898882,138597600
2020-03-09,4.46974515914917,5.076850846014469,4.29151249187688,4.959885525323217,254813800
2020-03-10,4.890262603759766,5.193815402530134,4.558861353206931,5.193815402530134,170478000
2020-03-11,4.414048671722412,4.770514083430987,4.177333027275084,4.650764316169739,132482400
2020-03-12,3.508958578109741,3.859854223450647,3.085655523861863,3.8041565230463434,151535900
2020-03-13,4.288727760314941,4.288727760314941,3.5368079926737033,4.205181326034078,174972600
2020-03-16,3.645418167114258,3.926691898224757,3.4950342367679426,3.595290101802954,126432800
2020-03-17,3.620354413986206,3.854285049383949,3.620354413986206,3.78744780086677,149228500
2020-03-18,3.1441397666931152,3.417059035159251,3.027174403863017,3.2833842209586876,162515200
2020-03-19,3.4003489017486572,3.63984921943502,3.0216041577262938,3.0828715140910146,157065200
2020-03-20,3.3418660163879395,3.7595992684364314,3.2945228932420982,3.6509885272922697,149029900
2020-03-23,3.2026219367980957,3.391994449353344,3.141354312338278,3.3725000482688654,107092400
2020-03-24,3.689976692199707,3.770738435594158,3.419842475085458,3.5006042184799093,114259200
2020-03-25,3.987959384918213,4.118849190487766,3.573011151860334,3.687191513183465,158286200
2020-03-26,4.007454872131348,4.230245752170991,3.8459313513087667,4.010239558941084,130618400
2020-03-27,3.703901529312134,3.8125120041267087,3.6899770345547753,3.7039015293121342,101405900
2020-03-30,3.7261805534362793,3.8264364359834477,3.573011644798484,3.662127984840412,110947200
2020-03-31,3.8960587978363037,4.049227712559806,3.787448320491804,3.787448320491804,156116500
2020-04-01,3.9823901653289795,4.052012370087922,3.7094709845683593,3.7456745629135253,114455000
2020-04-02,4.319361686706543,4.608989784956016,4.180117275908171,4.288727746354814,234951200
2020-04-03,4.2720184326171875,4.556077149273019,4.157838061815869,4.539367438051906,142898700
2020-04-06,4.391768455505371,4.483669737254411,4.227460022806295,4.46974497870139,123934200
2020-04-07,4.567215442657471,4.753802928401913,4.550506266207635,4.625698356994607,140498900
2020-04-08,4.823425769805908,4.881908692062442,4.567216061121807,4.595065046426099,116151600
2020-04-09,4.684182167053223,5.204956527483625,4.595065823940605,4.996089899122688,185771300
2020-04-13,4.714816093444824,4.75937426485234,4.547722685078986,4.684182151411418,93724000
2020-04-14,4.65911865234375,4.817857222735293,4.6257002855115115,4.739880679343161,91017200
2020-04-15,4.561646461486816,4.5867104968116275,4.416832418792257,4.466960755029503,86749600
2020-04-16,4.377844333648682,4.667472696412931,4.324931309012227,4.642408660068046,115633300
2020-04-17,4.492023944854736,4.492023944854736,4.333285685276258,4.3861984384690835,116733000
2020-04-20,4.441895961761475,4.547721729409667,4.272017902571994,4.311006161566658,133739400
2020-04-22,4.664687156677246,4.664687156677246,4.394552960403647,4.414047355986345,114967100
2020-04-23,4.720385551452637,4.854060053039108,4.628484265215031,4.790007754092497,94759000
2020-04-24,4.441895961761475,4.6758268436674335,4.2553084590117125,4.647977859596163,161188800
2020-04-27,4.581140995025635,4.603420077888318,4.394553211272332,4.494809084154407,85944900
2020-04-28,4.8039326667785645,4.8039326667785645,4.63126934590764,4.745450263190635,91613600
2020-04-29,5.0684967041015625,5.146473233251414,4.881909174646141,4.957100751872746,94528400
2020-04-30,5.0267229080200195,5.129764003486794,4.9292522475213625,5.0072287759202885,80263900
2020-05-04,4.840136528015137,4.906974327026909,4.784439070405843,4.854061290799001,60268400
2020-05-05,4.996089458465576,5.14647314141039,4.976595326525994,4.984949650971382,75043400
2020-05-06,4.812287330627441,5.029508285162246,4.812287330627441,4.976595788182146,67937500
2020-05-07,4.856845378875732,4.9765956616254226,4.831781341501364,4.9431767680678345,81265100
2020-05-08,5.146472930908203,5.174321917329344,4.932036425993219,4.940391281272132,83232700
2020-05-11,5.054571628570557,5.271793084429915,5.043432352749049,5.096344842457871,65061500
2020-05-12,5.051787376403809,5.243944824306111,5.0490024242689575,5.160398384961792,71837200
2020-05-13,4.898617744445801,5.110269283654895,4.87912361458809,5.085205250644923,87222300
2020-05-14,4.845704555511475,4.865198684679897,4.656332104432202,4.845704555511475,119653200
2020-05-15,4.776083469390869,5.06571211611309,4.77608346939087,5.010014135997184,133733100
2020-05-18,5.163183212280273,5.163183212280273,4.99051990232064,5.040647977185544,116999500
2020-05-19,5.202171802520752,5.271794015014498,5.126979685545428,5.154828676777991,80131600
2020-05-20,5.374834060668945,5.413822857010074,5.307996807023794,5.316351662920166,74595100
2020-05-21,5.344200134277344,5.505723614417411,5.31078124510085,5.430531512151719,81327000
2020-05-22,5.199387073516846,5.263439384279114,5.110270722686672,5.235590391850848,71259400
2020-05-25,5.424961566925049,5.447240649145831,5.363694223611702,5.424961566925049,38033000
2020-05-26,5.477875709533691,5.59484104796832,5.383189457887785,5.564207104443078,68716900
2020-05-27,5.550282955169678,5.550282955169679,5.333061457436689,5.514079106626512,74790800
2020-05-28,5.50572395324707,5.592055336434394,5.416607618192379,5.483444869483397,65023000
2020-05-29,5.664461612701416,5.664461612701417,5.374833037530071,5.444455229887587,128832600
2020-06-01,5.661677360534668,5.72572965793258,5.569776076519112,5.611549290857957,86579500
2020-06-02,5.959660530090332,5.959660530090332,5.736869690735189,5.77864290671737,77235100
2020-06-03,5.979155540466309,6.101690785699518,5.962446357853933,6.0877665553850955,86219700
2020-06-04,5.968016624450684,6.065487836089954,5.85940613411927,5.956876814583169,107401400
2020-06-05,6.154602527618408,6.413597194139771,6.143462720760392,6.207515547843528,114137700
2020-06-08,6.274353981018066,6.291063163287097,6.12953965155226,6.2799233543241915,82444400
2020-06-09,6.0487775802612305,6.137894457704256,6.026498493694304,6.135109505486475,96488300
2020-06-10,5.959660530090332,6.098904937481112,5.84826511041276,6.096119985592265,102551100
2020-06-12,5.736870288848877,5.895608844836063,5.597625866940774,5.742440193207276,116746700
2020-06-15,5.7647199630737305,5.873330455065504,5.441672908432488,5.516864501486204,99931000
2020-06-16,5.951306343078613,6.101690030323494,5.895608366365533,6.00421883666324,94510600
2020-06-17,5.970799446105957,6.084979800623349,5.890037446914291,5.981938720822805,63268700
2020-06-18,6.0153584480285645,6.062701567335986,5.870544138244067,5.898393125691125,56893300
2020-06-19,5.979155540466309,6.188022182234686,5.909533326543516,6.126754825205751,91139800
2020-06-22,5.834341526031494,6.015359169381867,5.8204167650505,6.015359169381867,45419000
2020-06-23,6.029281139373779,6.1462464318981835,5.887251817653065,5.909530895696994,78950900
2020-06-24,5.848265171051025,6.004218760216645,5.76750315896286,5.984724627967851,65162400
2020-06-25,5.979155540466309,5.979155540466309,5.773073850995883,5.823201930008348,47263500
2020-06-26,5.803706645965576,5.979154356595262,5.786997466661614,5.906747204711115,55499300
2020-06-29,6.032067775726318,6.032067775726318,5.828771065382859,5.876114185849512,59809600
2020-06-30,6.001434803009033,6.071057018965869,5.873330180612626,5.942952396569462,65010600
2020-07-01,6.045991897583008,6.196376112122233,5.993079405363881,6.057131705108251,78983900
2020-07-02,6.143462657928467,6.185235870868337,6.087765217733712,6.15460246467255,56345900
2020-07-03,6.1211838722229,6.176881846291771,6.071055801795967,6.112829547935243,24060000
2020-07-06,6.268782138824463,6.366253312419745,6.213084173577113,6.23536325344102,58070900
2020-07-07,6.190805912017822,6.257643160444134,6.16574187746105,6.221439850070594,46591300
2020-07-08,6.307771682739258,6.338405622992925,6.238149477562941,6.2520742373033675,49136300
2020-07-09,6.165743350982666,6.3523309132885055,6.143464262849522,6.343976587223176,57151500
2020-07-10,6.268782138824463,6.30777039579251,6.143461982605507,6.179665819368833,57428300
2020-07-13,6.17131233215332,6.307771792941944,6.17131233215332,6.29663251613026,55425500
2020-07-14,6.377395153045654,6.394104336873617,6.087766998267682,6.1629585910812,89380500
2020-07-15,6.499929428100586,6.52499346565479,6.363469963180645,6.460941161316402,58390600
2020-07-16,6.327265739440918,6.483219859614743,6.271568294671922,6.449800967813133,69698700
2020-07-17,6.332836151123047,6.4135981696012925,6.288277979264466,6.3579001891904126,49927600
2020-07-20,6.332836151123047,6.380179275119703,6.271568797611325,6.321696873746055,48679800
2020-07-21,6.508284091949463,6.572336394394372,6.444231258329273,6.447016210328002,101769600
2020-07-22,6.419166564941406,6.519422701939957,6.408027289261137,6.488788764262572,43085500
2020-07-23,6.285619258880615,6.469425541904322,6.277264765861522,6.449931016611804,64072100
2020-07-24,6.330177307128906,6.422080433854302,6.243844195644053,6.277263755901419,43380300
2020-07-27,6.461070537567139,6.474995045620982,6.2521997296438805,6.369167403328342,56539600
2020-07-28,6.349671840667725,6.494489050066106,6.3496718406677255,6.416510961302278,48353000
2020-07-29,6.452713966369629,6.474993492623698,6.383090380427439,6.413724928221461,44011500
2020-07-30,6.355242729187012,6.383092278080544,6.266124597676478,6.383092278080544,57859000
2020-07-31,6.182576656341553,6.444361042231573,6.1714366239959455,6.3830924578886705,75397300
2020-08-03,6.071177959442139,6.280048768108991,6.048898427765112,6.277264291437056,63598500
2020-08-04,6.065608501434326,6.140801589181866,5.91800627143742,5.976489843150611,63011900
2020-08-05,6.455499172210693,6.48334871368177,6.190929325014194,6.190929325014194,137214700
2020-08-06,6.466639995574951,6.552973644949949,6.4081564245653695,6.483350042594202,56375100
2020-08-07,6.346887111663818,6.380306139465346,6.280047993689025,6.366381633079022,56040200
2020-08-10,6.530694961547852,6.530694961547852,6.305114078166448,6.377522697762035,52390100
2020-08-11,6.427650451660156,6.650445749511886,6.42208043641739,6.603101682320157,66342300
2020-08-12,6.539048671722412,6.5947477666431835,6.4276510130668045,6.505629639718698,67008500
2020-08-13,6.360812664031982,6.5668984733167015,6.324608091576611,6.530694432047286,44588200
2020-08-14,6.313467502593994,6.399800610113272,6.274478460072874,6.341317046331593,38422000
2020-08-17,6.293972015380859,6.360810591381684,6.168649353388198,6.316251540714468,52064300
2020-08-18,6.4109416007995605,6.472210181255039,6.341317996614993,6.385877060798241,49361300
2020-08-19,6.374734878540039,6.4944875223267635,6.335745843329763,6.391444920360814,51982100
2020-08-20,6.330177307128906,6.369166882626816,6.224349673488043,6.271693740660877,55251700
2020-08-21,6.282832145690918,6.302326664451617,6.224348589408824,6.277262662606288,38668300
2020-08-24,6.397016525268555,6.441575589201162,6.349672453441917,6.366382500806101,51841900
2020-08-25,6.369167804718018,6.447145904631275,6.319038722667515,6.430436387676429,37981400
2020-08-26,6.188147068023682,6.377523396770897,6.138018508519471,6.344104357101423,69925300
2020-08-27,6.168650150299072,6.257768263146429,6.138016130998952,6.215994214147462,35489800
2020-08-28,6.277263164520264,6.277263164520264,6.143585467270467,6.196499544698806,31071000
2020-08-31,6.096242904663086,6.246630151880274,6.096242904663087,6.215995594591002,48539700
2020-09-01,6.369167804718018,6.374737289578989,6.160296983631566,6.1825765166333495,66299700
2020-09-02,6.349671840667725,6.433220475867971,6.271693751903898,6.385876408610266,53618000
2020-09-03,6.371952533721924,6.438791666558359,6.285619406321676,6.296759438856411,87642400
2020-09-04,6.383092403411865,6.413726960914854,6.288404254026241,6.405371936726954,52351100
2020-09-08,6.19928503036499,6.266123618553926,6.101811890061419,6.266123618553926,74490200
2020-09-09,6.330177307128906,6.341317337609992,6.263338717800063,6.263338717800063,42143500
2020-09-10,6.160296440124512,6.288403610785706,6.157511432346757,6.288403610785706,58350000
2020-09-11,6.093456745147705,6.199284906047368,6.057252709799423,6.160295863182161,71013700
2020-09-14,6.0377583503723145,6.121306453378347,5.968134754138659,6.110166954197622,46453300
2020-09-15,6.034975051879883,6.149157739544636,6.00155548250155,6.12130818692703,58546700
2020-09-16,6.051684379577637,6.12409300161891,6.01548033415001,6.085103947899001,50379500
2020-09-17,6.168650150299072,6.174220165148495,5.976488887480803,5.99041392460436,60432200
2020-09-18,6.029403209686279,6.1686503994304696,6.001553665500266,6.1240913412071984,64243500
2020-09-21,5.820532321929932,5.976489022947822,5.795467785725252,5.929145489212165,73300000
2020-09-22,5.792683124542236,5.945855358415271,5.778758617456459,5.8372421846398,47207700
2020-09-23,5.633941650390625,5.8372424372831135,5.625587158251923,5.792683375256977,57106300
2020-09-24,5.681286334991455,5.767619460611385,5.5865981851427655,5.636727268143363,76310000
2020-09-25,5.6060919761657715,5.642296545228756,5.533683900411617,5.6116619915886785,40150400
2020-09-28,5.4668450355529785,5.7258449218889105,5.466845035552979,5.661791335062112,48797400
2020-09-29,5.3777265548706055,5.530898789013602,5.361017040101043,5.466844675222801,52878100
2020-09-30,5.461275577545166,5.581028259437171,5.411146498503309,5.430641022311601,69505000
2020-10-01,5.528113842010498,5.586597409938614,5.327597537832034,5.469629742896478,77537300
2020-10-02,5.296964168548584,5.49747996625781,5.296964168548584,5.494694958224714,85306000
2020-10-05,5.578243732452393,5.6144477753336215,5.3582328735106755,5.3916524394814855,73288500
2020-10-06,5.550393104553223,5.764833905648666,5.550393104553223,5.700779794245462,77064600
2020-10-07,5.511404991149902,5.583813075065875,5.4473508689381305,5.56988856612495,53521000
2020-10-08,5.692425727844238,5.734199781923436,5.530898995868335,5.581028073237738,78070400
2020-10-09,5.514189720153809,5.678501482863366,5.514189720153809,5.664576973285672,67962300
2020-10-13,5.6060919761657715,5.6060919761657715,5.494694323637179,5.544823400071523,55330600
2020-10-14,5.561532497406006,5.672930672752956,5.561532497406006,5.594952056247264,44584300
2020-10-15,5.500264644622803,5.505834660355147,5.413931525515215,5.464060604734439,56952100
2020-10-16,5.38329553604126,5.489123150833204,5.380510528917025,5.47798365352206,49929000
2020-10-19,5.436211109161377,5.553178784727679,5.361017489614624,5.4055765535269344,107419300
2020-10-20,5.620016574859619,5.645081111115057,5.4557048510454615,5.477984379807422,68407700
2020-10-21,5.614446640014648,5.6617907057078485,5.522543516161481,5.614446640014648,60594900
2020-10-22,5.8038225173950195,5.8038225173950195,5.583811717551963,5.597736754293456,98926900
2020-10-23,5.728631973266602,5.887373758632005,5.720277477943867,5.8316751754646665,61711200
2020-10-26,5.639512062072754,5.717490691688852,5.578243480279649,5.661791594650788,58229100
2020-10-27,5.536468029022217,5.67293074237849,5.516973507452999,5.642296190663505,48978400
2020-10-28,5.199489593505859,5.413930372872567,5.19948959350586,5.388865838599273,79247400
2020-10-29,5.372157573699951,5.394437105873895,4.94049090744911,5.132652204440594,86794800
2020-10-30,5.274683952331543,5.441780694374409,5.255189429810623,5.330382512221898,64185100
2020-11-03,5.472415447235107,5.542039054785645,5.383297314560174,5.433426396986317,66292400
2020-11-04,5.491909503936768,5.589382652430915,5.3665873397465145,5.572673136776066,65777600
2020-11-05,5.539253234863281,5.5671027800388355,5.491909167420609,5.5559632806801496,40874800
2020-11-06,5.500264644622803,5.55596373957437,5.441781072991,5.444565549671235,37273300
2020-11-09,6.0182647705078125,6.319038732072523,5.859523031235598,5.879017556242927,164904100
2020-11-10,6.427650451660156,6.447144973823946,6.07396245153288,6.0962419813180535,163732600
2020-11-11,6.371952533721924,6.505630268208807,6.238275330421027,6.502845260075124,93072900
2020-11-12,6.101812362670898,6.355242228377798,6.062823316003967,6.332962697255848,77275000
2020-11-13,6.3023295402526855,6.3496736207831885,6.096243698880509,6.132448276972914,66065200
2020-11-16,6.4861345291137695,6.580822132016104,6.44157493849647,6.461069991785365,101583300
2020-11-17,6.597530841827393,6.722852971908365,6.399799590849381,6.419294109005146,94082100
2020-11-18,6.5585432052612305,6.72006994334656,6.5585432052612305,6.681080895556081,68540400
2020-11-19,6.633736610412598,6.667156172574717,6.508414447472973,6.55854299393727,65382100
2020-11-23,6.990209102630615,6.990209102630616,6.695005206096644,6.697789682476334,125649000
2020-11-24,7.302122116088867,7.427444793791739,7.140595404375083,7.140595404375083,153293500
2020-11-25,7.310476303100586,7.3800998869396395,7.148949609841415,7.296551798807092,73971200
2020-11-26,7.190725326538086,7.226929896019959,7.118316718760251,7.224144888276283,41935900
2020-11-27,7.101607799530029,7.25756452796411,7.087683290828863,7.218575478652079,49863500
2020-11-30,6.934510231018066,7.20743460676679,6.917800716286852,7.0347683817771465,90207700
2020-12-01,7.129457950592041,7.17680202783715,7.043124820740137,7.073758848708618,58866000
2020-12-02,7.215789794921875,7.380101531900572,7.054263065659789,7.129456680450565,88093300
2020-12-03,7.41909122467041,7.488714830100684,7.25477947336009,7.28262902176939,62424500
2020-12-04,7.666950225830078,7.678089724454846,7.536057531484515,7.572262097183191,61652400
2020-12-07,7.519349575042725,7.7393604286891655,7.42744643481742,7.594543198277785,72664200
2020-12-08,7.424660682678223,7.558337867574814,7.368961590045019,7.466434736560168,46276700
2020-12-09,7.502638816833496,7.510993308353488,7.352251595243087,7.416305175763796,52448300
2020-12-10,7.747714042663574,7.8535422110302076,7.555552759924302,7.57226280620487,97537100
2020-12-11,7.678089141845703,7.7532827438042045,7.597326056590356,7.655809615100868,48334300
2020-12-14,7.692015647888184,7.87303690367881,7.692015647888183,7.80619831067239,53159500
2020-12-15,7.756068229675293,7.7950572710883295,7.692014652729349,7.692014652729349,47208200
2020-12-16,7.850757598876953,7.864682106959772,7.650241282894389,7.756069456593172,59399200
2020-12-17,7.864682197570801,7.90645625348648,7.817338125883447,7.881391713699885,39297700
2020-12-18,7.825692653656006,7.886961229704244,7.803413123167019,7.825692653656006,44707900
2020-12-21,7.524919509887695,7.655811698739559,7.385672297037897,7.572263583504064,99988800
2020-12-22,7.597326755523682,7.650240304419432,7.533272645451886,7.57504722672919,46513200
2020-12-23,7.783919811248779,7.867467930782695,7.616823040994958,7.639102574949734,49038900
2020-12-28,7.847973346710205,7.942661498111577,7.847973346710206,7.898102430532813,36313300
2020-12-29,7.873037338256836,7.917596402720699,7.795058709852101,7.903671363084524,29891100
2020-12-30,7.892530918121338,7.934304969659178,7.8535418741774725,7.8953159257153125,36968200
2021-01-04,8.051273345947266,8.126466964088388,7.945445703930299,7.978864735646844,74719700
2021-01-05,8.365972518920898,8.404961567215473,7.864682250971217,8.048488523196983,95181100
2021-01-06,8.382683753967285,8.605479120170076,8.368758711588328,8.399393273635981,96562500
2021-01-07,8.633326530456543,8.6751005848506,8.449520266173955,8.449520266173955,56171300
2021-01-08,8.666747093200684,8.844983362490657,8.452306249719944,8.761434712871495,67136300
2021-01-11,8.59433650970459,8.650035065521429,8.466228822072727,8.524712916544148,48744700
2021-01-12,8.53028392791748,8.789283825846331,8.53028392791748,8.66674666239355,65691900
2021-01-13,8.118111610412598,8.594337308086256,8.076337556872852,8.544208231364196,93826600
2021-01-14,8.201661109924316,8.262929692803954,7.998359773960216,8.123682478925348,50745400
2021-01-15,7.831264495849609,8.0986189240824,7.8061999518045315,8.090263899005365,80673300
2021-01-18,7.8173394203186035,8.034565290709825,7.800629901422673,7.884178027088358,68855700
2021-01-19,7.9900031089782715,8.037347170073799,7.697583720616776,7.931519018831643,61656000
2021-01-20,7.856326580047607,8.109756966642404,7.828477565666243,8.062412898533825,60306200
2021-01-21,7.672521114349365,7.9092414793088865,7.661381613685012,7.803413832660724,41284900
2021-01-22,7.544414520263672,7.5861885805700435,7.396812273916099,7.499855451778744,51181900
2021-01-26,7.519349575042725,7.789488979659905,7.469220492886019,7.588973182219047,64514600
2021-01-27,7.630747318267822,7.84518815804694,7.388457460282356,7.466435561157691,68337800
2021-01-28,7.7310051918029785,7.923166491052403,7.6056824898607545,7.608467497813466,67827000
2021-01-29,7.433016300201416,7.708725715288425,7.433016300201416,7.664166650093714,67555300
2021-02-01,7.666950225830078,7.708724275248209,7.47200395363099,7.5917566181659275,44449500
2021-02-02,7.981649875640869,8.115327067092222,7.853542699963142,7.909241264141568,91663000
2021-02-03,8.059627532958984,8.115326090434237,7.981648915070578,8.070767031979685,47486800
2021-02-04,8.026205062866211,8.07354911170335,7.8563233821237075,8.028990069407888,41444100
2021-02-05,8.031778335571289,8.379896326776057,7.886961123745489,8.070767380606735,121098700
2021-02-08,7.828476905822754,8.159884823463335,7.742143268722498,7.939874547516473,98821700
2021-02-09,7.669734954833984,7.900885253154008,7.62517536839507,7.811766611462017,63662200
2021-02-10,7.742143154144287,7.808982269357202,7.552767431660518,7.725433640933981,52949900
2021-02-11,7.820122718811035,7.937090387879858,7.761639149869579,7.836832234053463,61158600
2021-02-12,7.920379638671875,7.934304144006861,7.6892293442846364,7.744927896810409,47801100
2021-02-17,8.240650177001953,8.243435185027645,7.834048035412478,7.942661223670568,54973400
2021-02-18,8.151531219482422,8.611046873470602,8.087477634935626,8.460659642427608,105539200
2021-02-19,7.611252784729004,7.934306282480474,7.566693718224386,7.806199099076189,215834800
2021-02-22,6.034975051879883,6.461071772726959,5.9597814191681575,6.349673562256536,490230400
2021-02-23,6.7005767822265625,6.756275888557661,6.32460914245676,6.419297304508,293503100
2021-02-24,6.795263290405273,6.962360037543501,6.686650643799088,6.837037344393352,155246400
2021-02-25,6.4582839012146,7.031982093582796,6.433219368089143,6.962358508497818,170233000
2021-02-26,6.193715572357178,6.522339058902565,6.118521954686096,6.4610704803479395,159881000
2021-03-01,6.126876354217529,6.416510764113395,6.104596825085991,6.349671645532907,90330100
2021-03-02,6.124090194702148,6.2187783084962875,5.756477767588795,6.082316151836681,147772300
2021-03-03,5.901297092437744,6.096242873801387,5.703565771859029,6.071178332725409,185688500
2021-03-04,6.188147068023682,6.238276158713951,5.881803569247248,5.93193212875146,127843200
2021-03-05,6.235489368438721,6.466639696315318,6.2076403537339475,6.249414406977014,126306300
2021-03-08,5.8762311935424805,6.204854628438389,5.837241621330288,6.110166502072251,141142800
2021-03-09,6.012694358825684,6.112952516479064,5.809393566860494,5.948640771963106,122648000
2021-03-10,6.221567153930664,6.221567153930664,6.009911270819881,6.110169460500279,111744100
2021-03-11,6.4861345291137695,6.54183308781009,6.296758260937326,6.299543268550026,130577500
2021-03-12,6.452713966369629,6.511197523591882,6.366380868533339,6.447143952009661,68123200
2021-03-15,6.586391448974609,6.591961463609494,6.43321976481611,6.436004772133553,68295000
2021-03-16,6.483349800109863,6.594747453475481,6.469424761447967,6.580822414813585,43407900
2021-03-17,6.7061448097229,6.720069316581955,6.436005445881663,6.444359937522741,77966400
2021-03-18,6.47221040725708,6.656016686227763,6.424866333510937,6.6504466702138725,77198900
2021-03-19,6.683866024017334,6.695006055693284,6.455500686519827,6.480565226604767,90244500
2021-03-22,6.550189971923828,6.622598596871687,6.4694263217637396,6.597534052421042,44129300
2021-03-23,6.349671840667725,6.580822161705725,6.3496718406677255,6.452714998058928,57124700
2021-03-24,6.355242729187012,6.555759056271675,6.355242729187011,6.458285900737293,63338300
2021-03-25,6.461070537567139,6.488919553674826,6.171436095610973,6.321823332284967,79214500
2021-03-26,6.533478736877441,6.6504464127103695,6.4360061163382865,6.5390487526756615,60918600
2021-03-29,6.6365203857421875,6.6365203857421875,6.483348704643529,6.500058217028552,50099700
2021-03-30,6.6365203857421875,6.681079439559463,6.5641117904926585,6.583606310139489,41959100
2021-03-31,6.711713790893555,6.747917821860818,6.622595685879547,6.628165169053569,68609400
2021-04-01,6.653230667114258,6.7924778591840305,6.622596646065308,6.764628845718782,47232900
2021-04-05,6.695005893707275,6.739564956961074,6.594747735793264,6.720069901999844,40454400
2021-04-06,6.689436912536621,6.786910077673417,6.658802352617225,6.733995982681554,45934300
2021-04-07,6.683866024017334,6.778554168519122,6.664371499770368,6.667156507689356,55892200
2021-04-08,6.60031795501709,6.695006100147601,6.50841481782406,6.678296052522722,63231300
2021-04-09,6.586391448974609,6.622596012915527,6.508413368829555,6.54461740158464,47494400
2021-04-12,6.653230667114258,6.78690837520251,6.622596646065308,6.672725189014284,50592900
2021-04-13,6.675511837005615,6.714501421572662,6.5975337302435495,6.6782968452736915,53612300
2021-04-14,6.781339168548584,6.845392757052935,6.678296000409715,6.739565112184265,90836500
2021-04-15,6.646858215332031,6.859880022412847,6.626707585468958,6.822457502533353,64193600
2021-04-16,6.606555938720703,6.69003718517016,6.566254136134352,6.65837160079447,59567300
2021-04-19,6.989419460296631,7.1650181705499385,6.5547396956208415,6.606555906505338,196519100
2021-04-20,6.856999397277832,7.078657362955154,6.839727512010206,7.003811794710993,94965400
2021-04-22,6.8253326416015625,6.963509347142383,6.808060759307675,6.949115654344777,46600100
2021-04-23,6.819576740264893,6.891543567898147,6.767760536518818,6.874271133940574,60341000
2021-04-26,6.845485210418701,6.923208971155958,6.796547743032765,6.865635835389966,33281000
2021-04-27,6.649734020233154,6.957751910051863,6.649734020233153,6.856998256141935,76684900
2021-04-28,6.891544342041016,6.93472433365881,6.72458130513906,6.736095713340894,66374200
2021-04-29,6.799426078796387,6.992297197750016,6.741852397382671,6.9433597332673544,49775900
2021-04-30,6.799426078796387,6.888664790830657,6.7015511498310625,6.736094919428637,61039200
2021-05-03,6.744731426239014,6.854120766750493,6.707308366992712,6.851242027649751,49039900
2021-05-04,6.589282989501953,6.805183486395866,6.586404250322432,6.776397192727363,44765000
2021-05-05,6.859878063201904,6.894422382432224,6.655492534034435,6.6698856800934605,75611900
2021-05-06,6.764881610870361,6.865635276589602,6.736094770798677,6.8253334808639226,54091600
2021-05-07,7.018205165863037,7.03835633989502,6.753367203996696,6.8051834105236635,74118200
2021-05-10,7.110323429107666,7.190925931903669,7.0757791071498275,7.139109723498597,73804500
2021-05-11,7.239864349365234,7.245621828622908,7.000934450806194,7.035478777288795,73729900
2021-05-12,7.133353233337402,7.349253748944986,7.10744512753942,7.182290705504324,89980700
2021-05-13,7.1938042640686035,7.225469844982765,7.032598718535611,7.127594912214756,77282100
2021-05-14,7.570910930633545,7.593940296200314,7.3550104225463135,7.42697725857539,196135500
2021-05-17,7.674543380737305,7.674543380737305,7.5421246654675995,7.570910960743005,83512600
2021-05-18,7.585305213928223,7.71484519936121,7.562275846580352,7.686058901973943,63510600
2021-05-19,7.527730941772461,7.5853046302435905,7.426977261479677,7.441370958129152,84700500
2021-05-20,7.464399337768555,7.565153004753275,7.403946917952397,7.527729947471055,71371100
2021-05-21,7.470157146453857,7.573789007913842,7.467278407376727,7.507579656329869,82884500
2021-05-24,7.596819877624512,7.6342429439834145,7.4816730370268205,7.5651548396248,63029600
2021-05-25,7.438491344451904,7.663028044220385,7.421219459566119,7.62272624740246,63672000
2021-05-26,7.5104594230651855,7.536367529241029,7.383797631656995,7.458643210713498,46646900
2021-05-27,7.45864200592041,7.556516935872009,7.418340757962689,7.507579470896209,48877800
2021-05-28,7.769538402557373,7.77817461926623,7.5277298253424325,7.542123519857193,129526400
2021-05-31,7.734996795654297,7.829993009748398,7.709088687350136,7.760904354894999,46298900
2021-06-01,7.855899810791016,7.973925373841712,7.775296759583779,7.887564844177523,90744900
2021-06-02,8.022862434387207,8.08043556883725,7.847263193828395,7.873171296503084,103985100
2021-06-04,8.204217910766602,8.238762227768204,8.037254901562655,8.077556147178448,102757300
2021-06-07,8.143766403198242,8.218611420068775,8.063163359331794,8.204218274300592,74548900
2021-06-08,8.25027847290039,8.290579727498617,8.048771101782428,8.109223532743183,88398600
2021-06-09,8.25027847290039,8.371182785758485,8.209977218302164,8.267550360719143,60724200
2021-06-10,8.256035804748535,8.356789488512208,8.22437022009222,8.299215798057707,35871000
2021-06-11,8.224369049072266,8.304972094419288,8.135130335731036,8.290578399323394,54894400
2021-06-14,8.276185989379883,8.448906502449182,8.235884737653619,8.319365980381365,64286600
2021-06-15,8.35678768157959,8.36542334893615,8.241640325568136,8.336636509933285,42597100
2021-06-16,8.388452529907227,8.43163306201444,8.28194194166973,8.371180646502307,77432900
2021-06-17,8.097708702087402,8.405727242565966,8.034378079714381,8.351032289706334,95264600
2021-06-18,8.152403831481934,8.181190678297911,7.956653932009403,8.06028636092155,115250700
2021-06-21,8.333758354187012,8.348151499215517,8.175431013557022,8.175431013557022,50709600
2021-06-22,8.376937866210938,8.425875325238337,8.253154849314381,8.348151028713069,41602700
2021-06-23,8.434514999389648,8.497846181786318,8.348154994929578,8.420121848334142,57278500
2021-06-24,8.535266876220703,8.535266876220703,8.411483827021678,8.489208143829913,51447000
2021-06-25,8.376937866210938,8.57556644097665,8.333757884495762,8.54677960347878,84950900
2021-06-28,8.362545013427734,8.425876172100946,8.253155678817308,8.399968070655234,40341200
2021-06-29,8.399970054626465,8.399970054626465,8.273308256427372,8.374061947061572,43215200
2021-06-30,8.471935272216797,8.512236521110866,8.3251228738784,8.356788454617075,71367600
2021-07-01,8.365426063537598,8.60147723164635,8.325124805293703,8.561175973402454,65084000
2021-07-02,8.399970054626465,8.457543199943549,8.270429516802002,8.434513832004027,37336700
2021-07-05,8.304972648620605,8.394211367916848,8.16679646085932,8.351031377874367,56028600
2021-07-06,7.96528959274292,8.29057945650312,7.965289592742919,8.261793160767281,97839700
2021-07-07,8.074677467346191,8.103464306880673,7.890442572826775,8.103464306880673,73793500
2021-07-08,7.913474082946777,7.968169038004242,7.850143458028914,7.887565975238687,80574200
2021-07-12,7.982561111450195,7.996954807716969,7.853021139429457,7.939381120776616,53001200
2021-07-13,8.031498908996582,8.051649535530549,7.881807756082271,7.933623966634409,41594300
2021-07-14,7.96528959274292,8.117859485834495,7.927867078848289,8.089072641035258,51654600
2021-07-15,7.795448303222656,7.9537751359921085,7.749389568269236,7.913473880173724,67982600
2021-07-16,7.680300712585449,7.88180752097781,7.651513868797005,7.838627529826831,69024100
2021-07-19,7.553639888763428,7.614092323303733,7.444250527349538,7.475915565381653,80087700
2021-07-20,7.654391765594482,7.755145433232805,7.4586419082544975,7.539244952177819,63408800
2021-07-21,7.760901927947998,7.841504967362249,7.654391337394714,7.711965015413933,51116600
2021-07-22,7.743629455566406,7.835746894144588,7.688934520511894,7.772416292387899,37736500
2021-07-23,7.697571754455566,7.821354784816825,7.68029986970337,7.801204161095376,34025500
2021-07-26,7.907715797424316,7.9077157974243155,7.691815287911562,7.697572766607116,46802600
2021-07-27,7.8155999183654785,7.887566769453675,7.7436330672772815,7.873173618861435,51901800
2021-07-28,7.976802825927734,8.031497768081227,7.829990982303241,7.896200331241866,46727100
2021-07-29,8.00559139251709,8.037256978864207,7.9163526617047255,8.002712652934312,43916600
2021-07-30,7.746511936187744,8.011349974564398,7.723482565418623,7.945140602236112,74150400
2021-08-02,7.602578163146973,7.89044556970025,7.591063752397864,7.829993677874544,70528800
2021-08-03,7.7292399406433105,7.734997420523453,7.424100644821298,7.588184977960838,71850400
2021-08-04,7.565154075622559,7.706209009742572,7.470157873090166,7.64287784201205,87970600
2021-08-05,8.161039352416992,8.342395538442531,8.077557558695306,8.276186180771571,223915900
2021-08-06,8.172552108764648,8.215732641099798,8.066041519964916,8.204217686060218,51106100
2021-08-09,8.114981651306152,8.120738581657207,7.965290480909583,8.04589354552238,75381900
2021-08-10,8.140888214111328,8.284821877768481,8.129373257468346,8.146645143369467,84380900
2021-08-11,8.253157615661621,8.345275087280731,8.051650234697238,8.106345189369874,97863500
2021-08-12,8.376937866210938,8.402845965052693,8.204217390286981,8.250276110658268,95319300
2021-08-13,8.448904991149902,8.523750551727366,8.353908808313752,8.365423214291598,85201800
2021-08-16,8.24452018737793,8.417240695858442,8.129373364745376,8.405726288126866,101262100
2021-08-17,8.24449348449707,8.427500638952804,8.067586141895118,8.186540908644458,93623700
2021-08-18,8.171290397644043,8.329896557277749,8.12858822464237,8.244493374805495,86103100
2021-08-19,8.125540733337402,8.19569411885345,7.969984136913418,8.009636126348454,80808200
2021-08-20,8.113338470458984,8.122488479731379,7.982182907742446,8.052335693736913,88445600
2021-08-23,8.241442680358887,8.329896054258777,8.165189511033061,8.217041689445242,70161500
2021-08-24,8.412250518798828,8.427500921593087,8.30854615085426,8.323797135414095,49831400
2021-08-25,8.458003044128418,8.488504434133732,8.35124846999263,8.427501654123104,46031200
2021-08-26,8.384800910949707,8.503755704140708,8.378700515974352,8.41225210657312,41061300
2021-08-27,8.689813613891602,8.689813613891602,8.43970323941929,8.448853831814256,76465300
2021-08-30,8.631858825683594,8.756913981048353,8.619658620698647,8.662360210794262,61054000
2021-08-31,8.293295860290527,8.61050878047533,8.232293084756812,8.60135877138118,110574300
2021-09-01,8.247543334960938,8.339046908346221,8.030984024692987,8.33294651498306,69430400
2021-09-02,8.113338470458984,8.34209801051836,8.070636294047295,8.235343442137532,56052000
2021-09-03,8.030985832214355,8.168241804949798,7.960833038045424,8.128589820930376,58182700
2021-09-06,8.070635795593262,8.146888970903548,7.976082021102863,7.994382620282975,26770700
2021-09-08,7.616167068481445,8.037084929052925,7.561265270018946,8.018784329565424,80378400
2021-09-09,7.7778239250183105,7.893728496159383,7.363006462852354,7.649718566512092,156617100
2021-09-10,7.729022026062012,7.973031958455097,7.725971829186402,7.9364307594789185,78379900
2021-09-13,8.000481605529785,8.049283582596043,7.820524096935916,7.869326074002173,63317900
2021-09-14,7.893729209899902,8.006584176169447,7.8449272195578335,7.915080589719471,65497300
2021-09-15,8.030985832214355,8.070637234468116,7.890680243876492,7.930331646130252,67274100
2021-09-16,7.9608330726623535,8.00353467246988,7.780875499522539,7.95473267789966,65567700
2021-09-17,7.60396671295166,7.936430602880687,7.555164727435983,7.921179618803564,131694100
2021-09-20,7.5185627937316895,7.5185627937316895,7.256252272388125,7.344705651165158,80260600
2021-09-21,7.689370632171631,7.7137722090289165,7.481962464775213,7.649719233309766,64570200
2021-09-22,7.884579181671143,7.997433565908227,7.783925004107919,7.786975201217788,70231800
2021-09-23,8.186539649963379,8.220091227945632,7.902877789698244,7.915078575061051,84480600
2021-09-24,8.204840660095215,8.253642640477088,8.07368511965687,8.098086109847808,44821500
2021-09-27,8.278043746948242,8.375647709083013,8.0828358226787,8.278043746948242,89178700
2021-09-28,8.22314167022705,8.506803559044375,8.149938695978308,8.293295029593594,117874300
2021-09-29,8.354296684265137,8.396998852843407,8.1804395587954,8.299394311639855,58731700
2021-09-30,8.305497169494629,8.412251749975246,8.287196567110016,8.397001344949013,65744000
2021-10-01,8.540355682373047,8.540355682373047,8.256693775554595,8.271944759761027,60983200
2021-10-04,8.781316757202148,8.787416569647261,8.454952648115718,8.467153436537169,106937000
2021-10-05,8.973475456237793,8.988725861588911,8.814868680817195,8.845370073285105,100469100
2021-10-06,8.735563278198242,8.897220213755082,8.683711097492504,8.830117631215819,84599400
2021-10-07,8.723362922668457,8.839267487195116,8.616608366377926,8.753864307575114,60551100
2021-10-08,8.881970405578613,9.031426564245619,8.756914658769915,8.845368624259994,84170500
2021-10-11,8.942971229553223,9.104628151164682,8.891119053320528,8.997873602242604,76466700
2021-10-13,9.03752613067627,9.058877508561695,8.869769376792577,8.89722056659399,55605400
2021-10-14,9.052775382995605,9.217481908528551,8.99787301389614,9.10767775209507,76172700
2021-10-15,9.028376579284668,9.101579561874946,9.000925388092616,9.08937877389377,72479900
2021-10-18,8.982624053955078,9.040576046833879,8.84231791246333,8.967373070224701,68971300
2021-10-19,8.54340648651123,8.942972992873418,8.497654694170853,8.918571998174176,111484000
2021-10-20,8.692862510681152,8.784366093876821,8.525105747567228,8.6227097247801,56063300
2021-10-21,8.372597694396973,8.595256795102376,8.210940776229302,8.497652837629623,101567700
2021-10-22,8.290245056152344,8.467152394124566,7.8601772072583955,8.265844064079126,138384700
2021-10-25,8.857571601867676,8.93992461210546,8.433603432904658,8.467155025594765,135830600
2021-10-26,8.772164344787598,8.915520088385351,8.723362364764299,8.784364548910675,57865600
2021-10-27,8.750813484191895,8.863667843968928,8.683710325849942,8.793515070943691,57579200
2021-10-28,8.833168029785156,8.921621997210107,8.616609279356771,8.702013049791317,89578000
2021-10-29,8.281096458435059,8.903322778661146,8.226194067619147,8.88502159387872,157340000
2021-11-01,8.540355682373047,8.637959654231963,8.3481979354965,8.451901719272428,102157200
2021-11-03,8.189592361450195,8.494605108008745,8.17434137506288,8.45190292788991,83475800
2021-11-04,7.9303297996521,8.308545458746721,7.884578013314904,8.24144287756987,92603400
2021-11-05,7.884579181671143,8.095038128127193,7.863228383667672,8.018784945677309,86264000
2021-11-08,7.966930866241455,8.13163739869825,7.844925337884747,7.872376523588459,59704100
2021-11-09,8.125540733337402,8.220095119365109,7.991335521406144,7.991335521406144,73021700
2021-11-10,8.061485290527344,8.213991631757857,7.979131726639142,8.11333746981634,68176300
2021-11-11,8.067585945129395,8.19874091415303,8.003532977219672,8.19874091415303,60848900
2021-11-12,8.232293128967285,8.284145313919733,7.930330610161469,8.02488438915749,85962500
2021-11-16,8.317697525024414,8.40615091674047,8.122488976631104,8.314647327825153,60978200
2021-11-17,8.107239723205566,8.369550901920238,8.079788526281208,8.354299913759087,82106800
2021-11-18,8.095037460327148,8.159089849053556,7.945580723101068,8.140789249669664,63993000
2021-11-19,7.9608330726623535,8.015735461995268,7.863229083521912,7.9608330726623535,85893800
2021-11-22,8.04013442993164,8.274993751359663,8.018783635416868,8.02183325026282,59195200
2021-11-23,8.479351043701172,8.55560420266167,8.082834849812757,8.116386425920314,108382300
2021-11-24,8.65321159362793,8.674562392108191,8.39090045397756,8.47325403248625,64263300
2021-11-25,9.034475326538086,9.086327502475667,8.71116148515529,8.860617620089382,104052200
2021-11-26,8.68371295928955,8.894171923954937,8.561707973166742,8.659311962064988,108871800
2021-11-29,8.988722801208496,9.095477347616747,8.787414493931442,8.955171804505971,84672200
2021-11-30,8.976522445678711,9.040574823381515,8.802665327039138,8.936870475111338,129384600
2021-12-01,9.028376579284668,9.354740094828417,8.991774797106734,9.101579561874946,135078600
2021-12-02,9.71724796295166,9.761790771589103,8.977147340048992,9.247831969377117,191410300
2021-12-03,9.854302406311035,9.915977560216254,9.669276944595378,9.758363205399323,105133000
2021-12-06,9.898846626281738,10.02904989282953,9.826892705451984,9.861156757361005,66142300
2021-12-07,10.059886932373047,10.131840849327393,9.868008513429997,10.032475823028669,98989300
2021-12-08,10.0564603805542,10.303160362655293,10.011916919772645,10.059886850886041,71167700
2021-12-09,10.035903930664062,10.104431388438506,9.864584305929196,9.970802290275712,67668200
2021-12-10,10.159253120422363,10.31344103657424,10.101004424713041,10.107857366215896,38517500
2021-12-13,10.097575187683105,10.296305862095386,10.035900691650848,10.166103276873118,45448700
2021-12-14,9.977654457092285,10.227780932928656,9.939963933447848,10.145547597867347,56833800
2021-12-15,10.03933048248291,10.03933048248291,9.79605691125819,9.970803019695301,55085100
2021-12-16,10.172956466674805,10.27232147955841,10.107854845696526,10.148971830928152,56545700
2021-12-17,9.933110237121582,10.15582558434213,9.861156319486865,10.046181145927854,93593700
2021-12-20,9.64871883392334,9.782347899140301,9.48425219157441,9.744658035393053,106282500
2021-12-21,9.662424087524414,9.840595945080219,9.635012982244113,9.782347264668044,40454500
2021-12-22,9.64871883392334,9.730952155097805,9.583617209585594,9.730952155097805,33734500
2021-12-23,9.706969261169434,9.737806843838827,9.645294095830646,9.706969261169434,28713600
2021-12-27,9.850878715515137,9.861158128576948,9.645295029006578,9.703543729291795,44227900
2021-12-28,9.861157417297363,10.032477034775225,9.833746304642204,9.939964284489385,30688100
2021-12-29,9.778923034667969,9.902272701672732,9.737806043311442,9.83374525412173,35508400
2021-12-30,9.748085021972656,9.833744817759648,9.727526200440465,9.78234841746155,43229100
2022-01-03,9.967373847961426,10.011916654028296,9.775496089197993,9.778922559438888,52704700
2022-01-04,10.005064964294434,10.07359241260568,9.905699281974368,9.991359082512735,51739200
2022-01-05,9.617883682250977,10.029051045344758,9.573340867123196,10.001639931374006,78459800
2022-01-06,9.611027717590332,9.816611334478681,9.539073811122178,9.693261687171514,61163100
2022-01-07,9.655574798583984,9.69326532766976,9.532224451417843,9.63159015408669,47507600
2022-01-10,9.597325325012207,9.676132194466277,9.4979596303273,9.590472383268594,37455200
2022-01-11,9.881715774536133,9.960522643212549,9.542503003964503,9.62816281431691,73623800
2022-01-12,10.18323802947998,10.248339668401204,9.919406310018683,9.919406310018683,81378200
2022-01-13,10.388818740844727,10.49503669248883,10.107854747348018,10.118134156938984,76717500
2022-01-14,10.77600383758545,10.827399590390115,10.361410037425244,10.375115920057132,96458800
2022-01-17,10.793133735656738,10.899351694193191,10.707473944103906,10.758869688329137,35675900
2022-01-18,10.841105461120605,10.957602856256724,10.611537141709135,10.81369434776696,78198800
2022-01-19,10.78971004486084,11.036410072808094,10.772578343550306,10.930192086911257,77480200
2022-01-20,10.868515014648438,10.964454224383456,10.659505550398158,10.793134627127465,85353100
2022-01-21,10.88564682006836,10.923336685170733,10.803413495937225,10.817118723192898,61345400
2022-01-24,10.947322845458984,11.050114345398562,10.635521221638859,10.85823657386289,79117100
2022-01-25,11.303666114807129,11.385898778714159,10.820544312860973,10.861661298346801,98358500
2022-01-26,11.60519027709961,11.742246491015957,11.409886021861013,11.409886021861013,98679900
2022-01-27,11.608617782592773,11.869023029108362,11.36534292954818,11.735393935036878,90631000
2022-01-28,11.149478912353516,11.769654973913571,11.03983448245125,11.581203691710597,117400500
2022-01-31,11.084379196166992,11.307095231121139,10.988440624587978,11.135775606407183,62450300
2022-02-01,11.30709457397461,11.416739022854017,10.947323644397494,11.084378551964287,57315200
2022-02-02,11.14262580871582,11.474986217207517,11.087803594568554,11.44757445660154,36271700
2022-02-03,10.988438606262207,11.279681391955267,10.834251364459831,11.084377160219493,51087800
2022-02-04,11.180316925048828,11.385899912349878,10.923336883857761,11.104935886408224,59346800
2022-02-07,11.015851974487305,11.231713752359994,11.008999032910637,11.152906884825764,48868100
2022-02-08,10.906207084655762,10.947324081393083,10.710902820601598,10.930191727113993,62590000
2022-02-09,10.947322845458984,11.200875124838953,10.84453069198699,10.875368272675347,50960500
2022-02-10,11.115217208862305,11.272832263037133,10.943898231084635,11.067247921225858,49534600
2022-02-11,11.567499160766602,11.618895565120425,11.18031779434326,11.228287074638905,88013400
2022-02-14,11.30709457397461,11.629174979174753,11.245419408096826,11.601764520487366,55687000
2022-02-15,11.12891960144043,11.1974476938773,10.926762447637214,11.190594753927149,65689000
2022-02-16,11.283109664916992,11.54694202223459,11.22828744177729,11.248846265604016,65811600
2022-02-17,11.238565444946289,11.406459227253466,11.152905645355135,11.255697143451556,43255200
2022-02-18,11.30709457397461,11.337932156913501,11.056968093276902,11.15975960071823,60304700
2022-02-21,11.598336219787598,11.64973262182746,11.30709342706783,11.324225125392852,51263800
2022-02-22,11.560646057128906,11.882726403215706,11.379046410012204,11.725112700262464,80206700
2022-02-23,11.725114822387695,11.855316788184881,11.58120566668432,11.711408939546434,86530100
2022-02-24,11.440719604492188,12.09173443237586,11.197446151560767,11.923840694384145,139674100
2022-02-25,11.649733543395996,11.649733543395996,11.27283092217091,11.461282232783454,86189100
2022-03-02,11.879300117492676,12.091737356872597,11.783361562330636,12.081457292344677,58071800
2022-03-03,11.731966972351074,11.968387553621323,11.704555208517796,11.930697031882985,69237400
2022-03-04,11.728540420532227,11.882728331954585,11.588058391695167,11.67714532143471,55418000
2022-03-07,10.895927429199219,11.855317027336989,10.837678733013766,11.821053626607586,110954100
2022-03-08,11.12206745147705,11.296814164956348,10.79656062311237,10.964453742622391,111633500
2022-03-09,11.15633487701416,11.245420510311012,10.875370132306477,11.170039454168634,87779300
2022-03-10,11.546944618225098,11.85531920256553,11.142630141522249,11.170040605722086,136437700
2022-03-11,11.13234806060791,11.779935932351467,10.988438918517783,11.618895091862822,92153700
2022-03-14,10.919909477233887,11.269400896880487,10.79998564974714,11.111787209093315,52274100
2022-03-15,10.656079292297363,10.806840723874862,10.440216229476695,10.669784520514002,66272000
2022-03-16,10.563566207885742,10.806840372768296,10.405952494086888,10.793134491464539,72034900
2022-03-17,10.282605171203613,10.758873575167616,10.107859054881748,10.707477812374734,178319300
2022-03-18,10.48818588256836,10.560139799236156,10.231206488413559,10.310013345773255,93097100
2022-03-21,10.882220268249512,10.995291169773283,10.498464104983539,10.590976839011812,67700800
2022-03-22,10.83425235748291,10.998718371693625,10.741739611802716,10.96102850212693,56128600
2022-03-23,10.981585502624512,11.125494638488375,10.858235841720644,10.940469166834013,52956100
2022-03-24,11.108362197875977,11.17003735822611,10.851383452304425,10.981586060296172,49402800
2022-03-25,11.067245483398438,11.152905280184903,10.937042879837259,11.01585038956542,51780100
2022-03-28,10.827397346496582,10.991864636332387,10.61496078445534,10.985011696436661,68610500
2022-03-29,11.067245483398438,11.224859195789989,10.937042879837259,11.00899744897473,93809000
2022-03-30,11.303666114807129,11.303666114807129,11.094656024524433,11.135772356477949,69648400
2022-03-31,11.46127986907959,11.502396201245588,11.135772414025906,11.159757050044792,94269500
2022-04-01,11.31052017211914,11.577779654768706,11.276256772657229,11.495545666169246,72545400
2022-04-04,11.204303741455078,11.27283185289892,11.05011581747269,11.27283185289892,56053000
2022-04-05,11.09808349609375,11.327652440123746,11.09808349609375,11.190596237085108,45847200
2022-04-06,11.08780288696289,11.231710699766246,10.978158465665684,11.170035549403494,56947100
2022-04-07,11.66343879699707,11.670291737912596,11.135774110085167,11.183743389429008,118469400
2022-04-08,11.721687316894531,11.790215421807012,11.598336989465043,11.673718035575261,60772700
2022-04-11,11.632600784301758,11.683995878661808,11.574351442215962,11.615469086181742,48125400
2022-04-12,11.598336219787598,11.882727378829195,11.581204521462576,11.786788822557234,68522800
2022-04-13,11.845038414001465,11.92384528229889,11.68399755305261,11.776510304636103,101438800
2022-04-14,11.721430778503418,12.021307194966104,11.680197503129133,11.845129889664497,119382100
2022-04-18,11.515265464782715,11.766412239274846,11.421553992434335,11.680197856305167,76350600
2022-04-19,11.863873481750488,11.995069699582041,11.665205597426757,11.680199062771063,88494100
2022-04-20,11.920100212097168,11.976327673208559,11.743922883505501,11.863873465947647,34694700
2022-04-22,11.455292701721191,11.732678635147414,11.36532975425555,11.638967142167125,74560900
2022-04-25,11.28661060333252,11.410309725301957,11.07294854856366,11.234131689644814,66413900
2022-04-26,11.26786994934082,11.462790030371337,11.204146104194766,11.286612677302582,48764100
2022-04-27,11.26786994934082,11.455292939186632,11.22663737774888,11.38407271781784,41881300
2022-04-28,11.342835426330566,11.477780160161032,11.339086882061752,11.414056337514614,43298500
2022-04-29,11.350333213806152,11.841381103871486,11.350333213806152,11.526510515518906,76243900
2022-05-02,11.23788070678711,11.369076924076758,10.994230997513116,11.309101633023523,72456200
2022-05-03,11.33908748626709,11.391565678903376,11.177903648927925,11.29035783809936,52531000
2022-05-04,12.021306991577148,12.058791006779462,11.395314357210932,11.470283817539078,109417000
2022-05-05,11.99881649017334,12.18249160820185,11.627719854249953,11.923847740023028,99439900
2022-05-06,12.392409324645996,12.414899169585139,11.957587305131007,12.253715274542532,129570200
2022-05-09,12.055045127868652,12.384909948734173,12.01756110660101,12.257462274530932,92314500
2022-05-10,12.160002708435059,12.313689498387152,12.070040476714945,12.130015774502985,60330600
2022-05-11,12.583575248718262,12.7110228967242,12.253710495657577,12.287446679833367,108895400
2022-05-12,12.681036949157715,12.774748420209994,12.467373479628833,12.467373479628833,114415900
2022-05-13,12.845967292785645,12.909690400137112,12.707274730373364,12.782242755510756,67000100
2022-05-16,12.973417282104492,13.074625850239554,12.748508876274236,12.838472524591074,92075300
2022-05-17,12.804736137390137,13.172084954988271,12.797239047652585,13.11960675674906,90914700
2022-05-18,12.59482192993164,12.954675088156511,12.531098811969903,12.81223324281591,80986200
2022-05-19,12.80848217010498,12.853464702218679,12.49361302484984,12.56483322247801,63983100
2022-05-20,13.055883407592773,13.055883407592773,12.838472098825953,12.96591976225942,79589900
2022-05-23,13.56942081451416,13.610654089106848,13.17583293599732,13.18707785455041,93807400
2022-05-24,13.199942588806152,13.404625144793737,12.828171516574983,13.032854869299662,154453100
2022-05-25,13.387916564941406,13.483991908302853,13.057918403953835,13.241715301885783,69991900
2022-05-26,13.421337127685547,13.600956762572487,13.346147438966618,13.3753876964157,78303600
2022-05-27,12.782225608825684,13.429691755060567,12.76969372842235,13.429691755060567,118295600
2022-05-30,12.52741527557373,12.895009103761911,12.163999537254114,12.882477224367815,98110100
2022-05-31,12.556657791137695,12.790581468180648,12.452227834266237,12.702859890105206,83598000
2022-06-01,12.539946556091309,12.66943945003059,12.468934169723866,12.48981983764605,46353200
2022-06-02,12.431340217590332,12.552478534314355,12.34361865323267,12.519060985210775,50738300
2022-06-03,12.648553848266602,12.715388942051757,12.335264047372252,12.410452930327677,60396900
2022-06-06,12.656907081604004,12.752983221845964,12.493996647249109,12.740451343535153,39213900
2022-06-07,12.80728816986084,13.074628569487567,12.598428283468149,12.610960163477115,80333700
2022-06-08,12.744630813598633,13.011971222671344,12.669441124362617,12.707035968980625,65923900
2022-06-09,12.560833930969238,12.807288670281345,12.523239086210628,12.74463086126275,53879000
2022-06-10,12.385391235351562,12.53577061010821,12.138936503050274,12.53577061010821,63101700
2022-06-13,12.226658821105957,12.356151736907988,11.976026780038874,12.122228870389447,64507100
2022-06-14,12.364503860473633,12.636021518887423,12.214124506449998,12.389566820565193,68816900
2022-06-15,12.147289276123047,12.539946031173438,12.047036640166226,12.53159144565942,72785700
2022-06-17,11.407925605773926,11.884126639862068,10.915016196785356,11.767164828610442,184606500
2022-06-20,11.537421226501465,11.800584349935622,10.823119954201971,10.869069387157653,92581800
2022-06-21,11.307673454284668,11.762988043480652,11.148940300561266,11.6126086791995,85179500
2022-06-22,11.27425479888916,11.508177611776041,11.023622815284657,11.102989782719124,57874700
2022-06-23,11.065393447875977,11.437163681923575,10.910837623339404,11.270075981044712,69262300
2022-06-24,10.981853485107422,11.316028993043894,10.935904053989685,11.178181496427941,53413400
2022-06-27,11.687799453735352,11.725394298319426,11.136409462151947,11.203244564359798,90417700
2022-06-28,11.834000587463379,12.042860464260642,11.704507686935493,11.93843052586201,51388000
2022-06-29,11.729569435119629,12.038681925179691,11.629316800240996,11.896657159917348,52048800
2022-06-30,11.666912078857422,11.721215292692623,11.44552033717236,11.549950268709948,49910100
2022-07-01,11.9175443649292,12.051214553083684,11.495647335605883,11.729570164876229,64948200
2022-07-04,12.172353744506836,12.2308350536157,11.921722521921406,11.921722521921406,37324200
2022-07-05,11.708683013916016,12.092985154559077,11.508176960340064,12.072098692344358,78428500
2022-07-06,11.558306694030762,11.896659502977236,11.24083955602104,11.762989296812568,57617200
2022-07-07,11.896658897399902,12.080455819889117,11.696153598359253,11.696153598359253,52147300
2022-07-08,12.030327796936035,12.101340182265842,11.85070898391325,11.917544076372229,43097800
2022-07-11,11.971847534179688,12.026151545869926,11.800582506671395,11.829822760625909,39577600
2022-07-12,11.792227745056152,11.875772009456101,11.68362052003108,11.821467998574988,46462000
2022-07-13,11.80058479309082,11.896660159481328,11.687800251639013,11.750458064644244,35497200
2022-07-14,11.48311710357666,11.696154295277692,11.378687154511681,11.696154295277692,47151000
2022-07-15,11.679442405700684,11.71703724236283,11.483114433927211,11.570835985051254,38610800
2022-07-18,11.946784973144531,11.98437981426958,11.821468570481967,11.859063411607016,46782300
2022-07-19,12.189064025878906,12.214126991068818,11.863242291460857,11.925900102804286,48562300
2022-07-20,12.184884071350098,12.205769738324568,12.04285930505976,12.143111940664035,43520800
2022-07-21,12.122227668762207,12.16817630074141,11.779697591843638,12.105518495869976,58843200
2022-07-22,12.251718521118164,12.310199022978468,12.051213260393908,12.130580224873665,55676200
2022-07-25,12.823995590209961,12.844881257299336,12.368681036374852,12.368681036374852,79106600
2022-07-26,12.953490257263184,13.20829957376729,12.77804792072117,13.032857237225276,78360100
2022-07-27,13.095513343811035,13.14563926389456,12.790578140302001,13.074626879828621,56097200
2022-07-28,13.488171577453613,13.630196361115376,13.128932325045954,13.19576742362358,114996500
2022-07-29,14.265128135681152,14.478164477718805,13.713738269081642,14.035381030036216,181480600
2022-08-01,14.068802833557129,14.265131647265223,13.8766521101479,14.202473040578727,81365100
2022-08-02,14.131461143493652,14.411332635607238,13.985258262120167,14.106397382650462,69147100
2022-08-03,14.139812469482422,14.269306161689473,14.018674956712198,14.206647563707985,65544500
2022-08-04,14.290192604064941,14.36956037827135,14.027030302623638,14.235890182578313,54387500
2022-08-05,14.565886497497559,14.645254265795373,14.252596700888647,14.265129376315532,77882600
2022-08-08,15.301074028015137,15.359554534769813,14.674494438259105,14.678670934395454,109484600
2022-08-09,15.551702499389648,15.64777782842094,15.39296858498081,15.459803665762319,79051200
2022-08-10,15.501579284667969,15.727148319110544,15.292719421696908,15.727148319110544,78369600
2022-08-11,15.142340660095215,15.814869700230513,15.142340660095215,15.643604669607031,128896500
2022-08-12,16.26681137084961,16.32837021892631,14.917656483152628,14.927916454239528,171288300
2022-08-15,16.271936416625977,16.53355972925121,15.671741988472652,15.841027546236697,96759000
2022-08-16,16.42070198059082,16.451481884399037,16.159079647331758,16.27193635929536,64218800
2022-08-17,16.805444717407227,16.83622462624342,16.210381156575803,16.236030102161408,72924700
2022-08-18,17.14401626586914,17.267133947045256,16.86187394441493,16.979860662227086,84552500
2022-08-19,16.277067184448242,17.00550929044428,16.071872707344507,16.887520631526296,125178200
2022-08-22,16.625900268554688,16.713109032479554,15.635835697644335,16.28219911147873,92400300
2022-08-23,17.15427589416504,17.185055803068526,16.733626923596283,16.73875788685809,73215800
2022-08-24,17.256872177124023,17.50310555690224,17.056807678359778,17.20557429017025,61067900
2022-08-25,17.07219886779785,17.626225511837923,16.759276628874023,17.492847857433073,99511600
2022-08-26,17.256872177124023,17.272261151832364,16.707976567785064,17.07219665306812,63545400
2022-08-29,17.687780380249023,17.995573560445152,17.159404729378988,17.210702614300573,73339500
2022-08-30,16.636159896850586,17.554406617972855,16.55408209789988,17.441548910582227,99361100
2022-08-31,17.046545028686523,17.154271748480667,16.323233977815107,16.45148063191918,114235400
2022-09-01,17.36459732055664,17.415897159692303,16.805441793754937,17.113234957902595,69184700
2022-09-02,17.14401626586914,17.733951811819065,17.06193846404811,17.66726298631162,81792300
2022-09-05,17.102977752685547,17.497977771834243,17.005510977917332,17.36460012542607,76337600
2022-09-06,16.466873168945312,16.718237526435487,16.164211899908565,16.55408193019707,111813500
2022-09-08,16.312976837158203,16.815703573525404,16.107782350727152,16.57460115271897,63159800
2022-09-09,16.30784797668457,16.759274872417397,16.261679094519963,16.66693906497718,49871900
2022-09-12,16.148820877075195,16.790054243970918,16.138560908378192,16.49252297931355,71374500
2022-09-13,15.723043441772461,16.128303437481136,15.65635559584859,15.871810066560068,88327800
2022-09-14,15.96414852142334,16.123174144251312,15.71278414610723,15.774342988284452,49039700
2022-09-15,15.933367729187012,16.0205755133517,15.799991060556044,15.861549899325933,45553200
2022-09-16,15.78973388671875,15.876941680920261,15.564019423177553,15.830772791140364,107303600
2022-09-19,16.041095733642578,16.0975236101893,15.328043493520804,15.646095705592723,65559900
2022-09-20,15.948758125305176,16.210381485046767,15.82051143788937,16.118043713556258,67798200
2022-09-21,15.98979663848877,16.143692268278908,15.846159999825304,16.082134407740675,58812200
2022-09-22,16.384798049926758,16.456616864568883,15.917980157753812,16.148823622007725,69764300
2022-09-23,15.358823776245117,16.102653986717005,15.27161598843039,16.066745070283517,138630800
2022-09-26,15.025382995605469,15.430642035994946,15.015123025356464,15.245966485291348,42934600
2022-09-27,15.22031307220459,15.328039792876355,15.174144198075453,15.215183088585315,71087600
2022-09-28,15.015120506286621,15.297262791687213,14.661159419636581,15.220314984618366,104670700
2022-09-29,15.035639762878418,15.081808643723605,14.671419678926904,14.871484176959738,87536500
2022-09-30,15.287003517150879,15.640964619869859,14.876614541856766,14.989471265451522,121637100
2022-10-03,16.50791358947754,16.743887022221482,16.24116024759299,16.369406933678498,179694100
2022-10-04,16.092395782470703,16.918303836179916,15.938499160798038,16.87726591120077,115917200
2022-10-05,16.697715759277344,16.83622239535368,16.005184535784515,16.11291126710316,92893700
2022-10-06,17.267133712768555,17.33382253737118,16.64128925931882,16.928562540239334,82671900
2022-10-07,17.25174331665039,17.605703436149483,17.041418847344154,17.22609437295723,73500100
2022-10-10,17.056812286376953,17.385123548110162,16.928565577456826,17.26200780340495,52222600
2022-10-11,16.92856216430664,17.09784872525647,16.728497651830725,16.8721333106567,58332400
2022-10-13,17.410768508911133,17.692912769394812,16.625899456374064,16.67206833928148,91143900
2022-10-14,17.14401626586914,17.51336735250834,17.082458403725656,17.426160544212504,62246100
2022-10-17,17.12862777709961,17.518498814513524,16.846485447614587,17.051680936452353,100936400
2022-10-18,17.54927635192871,17.55953632181626,17.010640652611976,17.39025171089462,82313200
2022-10-19,18.16998863220215,18.241808416587787,17.451808400347076,17.508237252491273,113700900
2022-10-20,18.708627700805664,18.749665623885974,18.34953657862934,18.518821191280537,114347400
2022-10-21,19.3498592376709,19.693559392470295,18.66758597722817,18.698365884165472,139601400
2022-10-24,17.569793701171875,18.88816930555541,17.559533732797078,18.724013725336448,142110900
2022-10-25,17.20044708251953,17.698044913539594,17.036291460162488,17.462071451012516,113161200
2022-10-26,16.779796600341797,17.200445590760886,16.364277594982042,16.723367743133764,121334800
2022-10-27,16.908042907714844,17.20557616373504,16.759276279704743,16.83109606890522,111008800
2022-10-28,16.707975387573242,16.990117659667032,16.34375532801783,16.774664201413568,129745400
2022-10-31,15.292132377624512,16.21037898771206,14.958691237401528,15.702522301198083,262409400
2022-11-01,15.317785263061523,15.733304272736248,15.163888645017268,15.68200540005483,115944200
2022-11-03,15.36395263671875,15.589666088764575,15.102329292423143,15.287003846056589,139062100
2022-11-04,14.517525672912598,15.851291514084043,14.455967806434716,15.79999263972271,195361000
2022-11-07,13.927590370178223,14.517524949839109,13.886551468422107,14.343109372764468,117206600
2022-11-08,14.030186653137207,14.122524417086526,13.722394432787652,13.8814200382312,94745400
2022-11-09,13.79934310913086,14.337979773151526,13.66596643932892,13.927589794119891,103303500
2022-11-10,13.399213790893555,13.794212828573219,13.137590441711728,13.378693852081865,145470100
2022-11-11,13.845510482788086,14.035315986370502,13.183758169265015,13.235056054905904,146365800
2022-11-14,14.209733009338379,14.455966408324722,13.896810786598724,13.98401857104529,66639500
2022-11-16,13.927590370178223,14.420058169696208,13.814733634960055,14.266161554277327,85549900
2022-11-17,13.932722091674805,14.004539934087703,13.619799815256231,13.850644277933002,101525800
2022-11-18,13.696746826171875,14.158434712554666,13.450512438782408,14.055836969605338,127683500
2022-11-21,13.737785339355469,14.143044357816768,13.363304273086584,13.912200910372604,164898100
2022-11-22,12.804071426391602,12.85895406810579,12.23878199629432,12.62295944149431,164261300
2022-11-23,12.864442825317383,12.979695434277108,12.513194535822462,12.622959822564503,77317300
2022-11-24,13.308990478515625,13.517543270783115,12.760166128886114,12.908348954517932,94233800
2022-11-25,13.094951629638672,13.352898742668934,12.952257147919946,13.314481198898422,58635900
2022-11-28,13.369361877441406,13.473637753182143,12.919326065256822,12.979696033633196,56067400
2022-11-29,13.929162979125977,14.20357518243011,13.435221222538436,13.5010806119232,96151500
2022-11-30,14.631660461425781,14.631660461425781,13.995024152356663,14.049906809372887,120774700
2022-12-01,14.044416427612305,14.703006123887466,14.027951318825613,14.587752455979553,71259400
2022-12-02,14.22004222869873,14.516407951105393,13.890747330513424,14.099301219643955,66301000
2022-12-05,14.060885429382324,14.587756494835649,14.022466831576569,14.269438297757661,56065400
2022-12-06,14.071861267089844,14.483479683686932,13.951120241735948,14.170649854561107,74991200
2022-12-07,13.912697792053223,14.307850956015665,13.868791884946285,13.907209422814931,57008400
2022-12-08,13.599870681762695,14.154183519564443,13.523034544487473,14.022464726178232,55567700
2022-12-09,13.561452865600586,13.748053278973936,13.44071185268828,13.715124102143244,61586200
2022-12-12,13.122392654418945,13.53401099626847,12.69430920204759,13.490105081676504,111293100
2022-12-13,12.798584938049316,13.281550999937675,12.793096568391555,13.226668350159523,102533100
2022-12-14,11.7832612991333,12.403433552497996,11.399084788266324,12.348550894717105,319501600
2022-12-15,12.096092224121094,12.277204263381,11.432014048968345,11.525314253847668,132385600
2022-12-16,12.101580619812012,12.13451084572151,11.80521591422464,12.052186327747494,90767300
2022-12-19,12.282690048217773,12.354037808962818,11.876560103390505,12.12901988070446,63074100
2022-12-20,12.661380767822266,12.754680972633253,12.189391373272617,12.288179948578325,71875500
2022-12-21,12.935791969299316,13.01811542648663,12.540638746720477,12.897374425731874,74252800
2022-12-22,13.166297912597656,13.479127669319059,13.007139372686558,13.116903630294326,81894800
2022-12-23,13.786470413208008,13.841352019847255,13.243133295643434,13.243133295643434,68387900
2022-12-26,13.687679290771484,13.885255340742649,13.62181990958153,13.786467839156742,28765200
2022-12-27,13.780980110168457,13.890744354850208,13.473637712740993,13.857815186125622,50803200
2022-12-28,13.610846519470215,13.89623549682546,13.583405714524352,13.775494489544213,57293500
2022-12-29,13.446198463439941,13.748051479613684,13.407780921032323,13.715122307092798,57901800
2023-01-02,12.579054832458496,13.067508195720984,12.51319544626158,12.91932640867693,78424700
2023-01-03,12.260737419128418,12.677844096888144,12.145483748542427,12.590032274917622,96750300
2023-01-04,12.650403022766113,12.946768725160588,11.980837577548318,12.052184294717607,129504000
2023-01-05,13.105928421020508,13.193741302880953,12.705286792705646,12.809563739390214,73886000
2023-01-06,13.029091835021973,13.347409962365239,12.924814900278626,13.138857139678073,51851500
2023-01-09,13.100438117980957,13.171784825192342,12.760166549405081,12.897372641334169,46385200
2023-01-10,13.221179962158203,13.232156701458498,12.826026768542823,13.144344880655082,52741100
2023-01-11,13.325455665588379,13.51205602932293,13.199225268850737,13.254107913501965,53536500
2023-01-12,13.517542839050293,13.52851957692415,13.23215498192539,13.330943529191423,58130000
2023-01-13,13.484618186950684,13.534012477121173,13.30899450936658,13.413271460482024,40002700
2023-01-16,13.193737030029297,13.446195712369297,13.078483379587635,13.396801440294201,31973700
2023-01-17,14.006003379821777,14.06088604658217,13.232160814219695,13.232160814219695,91797500
2023-01-18,13.759029388427734,14.28590142752536,13.720611842755956,14.181624484416524,69692900
2023-01-19,14.209062576293945,14.241992792124561,13.605356607924406,13.72060922293333,75553300
2023-01-20,14.472497940063477,14.598727283836512,13.951114411541008,14.209061467964078,114219500
2023-01-23,14.703007698059082,15.147555214900411,14.340782593566633,14.417618729331492,87678100
2023-01-24,14.598731994628906,15.109138950098062,14.472502610123538,15.076208726209966,65794000
2023-01-25,14.785332679748535,14.862167776626022,14.274925714948798,14.571290407761742,51832900
2023-01-26,14.406641006469727,14.928024623518912,14.159669599067588,14.86765360242072,73344800
2023-01-27,14.060885429382324,14.395667693005883,13.962096842909888,14.368226884230097,47681900
2023-01-30,14.132230758666992,14.307854429733355,14.000513005367218,14.187113417575143,40683200
2023-01-31,14.30785083770752,14.38468591280948,14.005997859693194,14.066367827216425,54048900
2023-02-01,14.110275268554688,14.532870321174519,13.967581841217644,14.307852393789831,56349200
2023-02-02,13.457173347473145,14.165156216438907,13.402290702973623,14.00050932973972,83823000
2023-02-03,13.605359077453613,13.929164550833802,13.402293563503733,13.468152960319792,71170700
2023-02-06,14.14869213104248,14.198086406325512,13.583402673247438,13.649262055891272,82794500
2023-02-07,14.060885429382324,14.346273399769665,13.97307253834035,14.220044004521442,55311800
2023-02-08,14.296875953674316,14.351758605922491,14.027952109137741,14.159669846453644,48713100
2023-02-09,14.231019020080566,14.445060233601064,14.15418392739108,14.296877371871659,38198300
2023-02-10,14.664589881896973,14.703008475209867,14.231019082504922,14.258459888071641,54683100
2023-02-13,14.708495140075684,14.757889425323068,14.472501501093227,14.648125161173,36726900
2023-02-14,14.653614044189453,14.851190145293389,14.59873138679406,14.735937506882728,35839000
2023-02-15,14.67556381225586,14.708492981989426,14.434080791677689,14.587751995100058,72554100
2023-02-16,14.73593521118164,14.790817860026902,14.538358094058482,14.598729112468215,44115700
2023-02-17,14.510919570922852,14.637148950322498,14.472502024740317,14.637148950322498,61085700
2023-02-22,14.137717247009277,14.329806004214198,14.099299704928196,14.269434982772777,38608500
2023-02-23,14.5712890625,14.703007854700315,14.143206651647539,14.143206651647539,73913400
2023-02-24,14.214554786682129,14.653615028539306,14.198090721117282,14.637149916174765,64409100
2023-02-27,14.351759910583496,14.675566436804202,14.165159504056325,14.181624615267411,76250600
2023-02-28,13.852328300476074,14.7743534979099,13.852328300476076,14.384687613537492,130248100
2023-03-01,13.885255813598633,13.956603566217414,13.276061489142636,13.890744182784648,109257700
2023-03-02,13.523035049438477,14.08832464893029,13.374853233245167,13.951118526929333,124516200
2023-03-03,14.104790687561035,14.126743124188366,13.418760032461757,13.627312891020066,87591800
2023-03-06,14.247479438781738,14.335292296698448,13.923674039536117,14.104786030815568,50227400
2023-03-07,13.775494575500488,14.148695387170722,13.68219437258293,14.115765164870679,59052500
2023-03-08,13.951115608215332,14.225527794807453,13.791956037528184,13.802932776223729,66220400
2023-03-09,13.890743255615234,14.395661672233217,13.874279195955513,13.91269673089395,68042300
2023-03-10,13.709637641906738,14.038932596498213,13.687685203227204,13.808426232964162,48118600
2023-03-13,13.276063919067383,13.643776347437734,13.226669634151994,13.47364001192936,58605500
2023-03-14,13.040069580078125,13.57242894105974,12.952257748303829,13.325458556744387,58916700
2023-03-15,12.809563636779785,12.88639873014259,12.51319791072387,12.804075266282492,93708800
2023-03-16,12.765654563903809,12.908349021160095,12.606494999225854,12.842489638272816,66821000
2023-03-17,12.902864456176758,12.902864456176756,12.546128731259174,12.677846489068758,93502700
2023-03-20,12.584545135498047,12.979698372996783,12.562591654459434,12.902863282960816,57575200
2023-03-21,12.84249210357666,12.952257413860053,12.666868444562898,12.732727840092847,43391200
2023-03-22,12.804071426391602,12.963230982682814,12.644912916899713,12.837000592700386,46435600
2023-03-23,12.51319694519043,12.99067467361565,12.397944314039254,12.826027758599812,74711200
2023-03-24,12.507711410522461,12.694310785717715,12.337575054303716,12.463804443653334,52556800
2023-03-27,12.721750259399414,12.820538822769308,12.529661502491237,12.683332717377683,39148700
2023-03-28,12.94676685333252,12.974207652861145,12.70528383964289,12.743701377702726,29091100
2023-03-29,13.116903305053711,13.193739434953432,12.880908639189311,13.012626373132337,49148600
2023-03-30,13.15532112121582,13.325457447059982,12.996162581928774,13.30899233742359,56116900
2023-03-31,12.869935035705566,13.292529108158247,12.73821623358043,13.171788094143148,59547800
2023-04-03,13.440710067749023,13.44619843762522,13.06202092068755,13.221180506698719,73931200
2023-04-04,13.319968223571777,13.588892049601768,13.226668035210398,13.517544292549237,57505700
2023-04-05,13.363875389099121,13.462663956273007,12.77114503285536,13.276063562011123,93626400
2023-04-06,13.171786308288574,13.402292610555605,13.144345505532783,13.358386698066624,29565400
2023-04-10,13.45168685913086,13.534010313990752,13.188251384859392,13.188251384859392,41455900
2023-04-11,14.082836151123047,14.104789632908563,13.517546556741548,13.5559651498662,80565000
2023-04-12,14.187111854553223,14.351758766338552,13.81939944121975,14.258458570513655,71563400
2023-04-13,14.285898208618164,14.318827376517268,14.159667812539414,14.187109658121479,38852800
2023-04-14,14.434083938598633,14.488966597986394,14.115765770309224,14.159671688459499,38421100
2023-04-17,14.659100532531738,14.708494816693134,14.384688307990452,14.401153418310772,49427100
2023-04-18,15.03230094909668,15.158531364793452,14.554824276555129,14.659100165574825,99478800
2023-04-19,14.549335479736328,14.98839459641058,14.516406307685637,14.906071142884095,73217800
2023-04-20,14.648124694824219,14.807283239154577,14.42859512671361,14.554824497527266,54738400
2023-04-24,14.92802619934082,14.960955374870652,14.543848646560877,14.598731303643671,43820900
2023-04-25,14.86765193939209,15.092669842389215,14.664586466375486,14.906069476957542,53854100
2023-04-26,14.68105411529541,14.939001231314439,14.681054115295412,14.88411962346327,40249400
2023-04-27,14.324318885803223,14.917049271921996,14.22004194333059,14.735937238574582,115632700
2023-04-28,14.652081489562988,14.868461489519111,14.312053585435752,14.590258127068713,81138500
2023-05-02,14.058577537536621,14.676808745937612,13.996754180860032,14.652080110776446,67911100
2023-05-03,14.009119987487793,14.213136252191692,13.860744629447005,13.972026442773227,51133700
2023-05-04,14.231684684753418,14.454247148966141,13.978209948301002,14.15131395611283,57854400
2023-05-05,14.837550163269043,14.942649524092834,14.330600721359891,14.404787811834012,83365200
2023-05-08,15.152849197387695,15.227036292521003,14.967379101189193,15.115755649821041,59352300
2023-05-09,15.202305793762207,15.33213378395144,14.985924630931011,15.091023985495736,33978200
2023-05-10,15.165210723876953,15.344497146446836,15.041564020655937,15.202304263170316,41500700
2023-05-11,15.721620559692383,15.75253164989713,14.79427370335991,14.917919243361402,136878100
2023-05-12,16.22857093811035,16.531504120786504,15.752532574255298,15.81435593747509,117237500
2023-05-15,15.863814353942871,16.166747535888195,15.703074081632227,16.111106627042872,81996700
2023-05-16,16.259483337402344,16.710793099764633,16.123472870729525,16.14202023494146,117782700
2023-05-17,15.863814353942871,16.543868989354802,15.771079898928193,16.444952080114803,107129200
2023-05-18,15.956551551818848,15.98128137297108,15.672165683664803,15.820541073029883,63010500
2023-05-19,15.931819915771484,16.18529463903233,15.851449191313623,16.123471276953026,69245500
2023-05-22,15.839088439941406,16.080198300277758,15.764900155662573,15.999827560710457,38010200
2023-05-23,16.22857093811035,16.339852756069465,15.777262391216244,15.857631937974173,58285300
2023-05-24,16.47586441040039,16.630422240102423,16.104925383278974,16.228572118713664,54796400
2023-05-25,16.352216720581055,16.5933265261188,16.191476457161723,16.56859671058544,49182700
2023-05-26,16.568599700927734,16.636605526735835,16.401678132681145,16.5747821559269,39866600
2023-05-29,16.500593185424805,16.580962732945764,16.420222458721263,16.537686732035816,17977100
2023-05-30,16.315122604370117,16.568597327106392,16.234753059261138,16.519138873381817,45736700
2023-05-31,16.14820098876953,16.296576349288415,15.993643174164543,16.240935441696017,49207600
2023-06-01,16.667516708374023,16.692246528498025,16.172932097721244,16.2594841097898,63148200
2023-06-02,16.80352783203125,17.06318503925051,16.760251827358488,16.958085665395508,39919300
2023-06-05,16.98280906677246,17.038449963954335,16.834433734014905,17.02608623727795,39321700
2023-06-06,17.341386795043945,17.465033521738132,16.82207242962049,16.970448973326544,75426600
2023-06-07,17.848337173461914,17.965800265024704,17.576315086171522,17.71232554022544,82330400
2023-06-09,18.72003936767578,18.78804399131888,17.941067988776467,17.990526432872503,80442400
2023-06-12,19.04770851135254,19.158990348560383,18.57167124433855,18.682951902363616,119350400
2023-06-13,19.010540008544922,19.260851481039342,18.83268642586687,19.260851481039342,79174900
2023-06-14,19.827346801757812,19.827346801757812,19.023712682326362,19.063236536869404,98326000
2023-06-15,19.359655380249023,20.321381023102806,19.28719750251388,19.893216039320208,120579500
2023-06-16,19.524333953857422,19.708774811682996,19.129105518574917,19.25426060342745,94572000
2023-06-19,20.038135528564453,20.064483508343642,19.46505220565844,19.517749421617555,34573900
2023-06-20,20.136943817138672,20.255512874010666,19.695604136782244,19.959090231830675,55605300
2023-06-21,20.980098724365234,21.078905844229922,20.321382916733047,20.374080131087595,89294300
2023-06-22,20.716615676879883,20.874707343022322,20.472890239659737,20.723201730285048,43455800
2023-06-23,19.86686897277832,20.604631241844142,19.68901540036057,20.55193402665378,76023400
2023-06-26,20.314794540405273,20.453124249666875,19.840519636136115,19.840519636136115,53635000
2023-06-27,20.156705856323242,20.551935629270915,19.98543957949922,20.37408204298434,48399600
2023-06-28,20.34773063659668,20.538758821449743,20.12376716434169,20.143529090623254,36794600
2023-06-29,20.439950942993164,20.499235463233287,20.262097382272806,20.420189017446248,32071800
2023-06-30,19.451879501342773,20.47288856620575,19.313548519524765,20.420191348465742,104262900
2023-07-03,19.814172744750977,19.880044581120917,19.577034636379505,19.577034636379505,31266900
2023-07-04,19.86028480529785,20.018376475875638,19.73512842827343,19.73512842827343,18308000
2023-07-05,19.833932876586914,20.123766920128453,19.53751026796413,19.86686816358915,53585500
2023-07-06,19.53092384338379,19.761474632037707,19.201565932849828,19.662667510157664,47685700
2023-07-07,19.432117462158203,19.89321905704091,19.33989764574197,19.603383732931757,55533500
2023-07-10,19.465049743652344,19.544096185793315,19.109343895019396,19.17521572073678,25590200
2023-07-11,19.20156478881836,19.451877489494915,19.102757672825255,19.451877489494915,40877000
2023-07-12,19.214738845825195,19.60996855467616,19.194976920642436,19.23450077100796,40181800
2023-07-13,19.51774787902832,19.57703239934685,19.129106727296644,19.148867396469065,35886500
2023-07-14,19.135696411132812,19.48481629077817,19.010541294619177,19.43211906898273,34451100
2023-07-17,19.09617042541504,19.16204225508835,18.411106663454294,18.714115320990615,52160800
2023-07-18,18.990774154663086,19.23449952384491,18.91172771545801,19.1027558773033,35640400
2023-07-19,19.168630599975586,19.18839127046541,18.819510763313644,18.97760240923583,46517700
2023-07-20,19.188390731811523,19.33330901213927,19.02371178154867,19.148868135540628,33177100
2023-07-21,19.550683975219727,19.669253013149323,19.188389553057007,19.201564169804872,52059200
2023-07-24,19.959089279174805,20.03154842300492,19.603383381937615,19.629731361984458,45268100
2023-07-25,20.420190811157227,20.453126100227827,19.893218647623144,20.09083289484824,56261000
2023-07-26,20.420190811157227,20.565107842028915,20.17646540027225,20.387255522086626,45880200
2023-07-27,19.359655380249023,20.34772899962452,19.353068072018452,20.321381023102806,86471900
2023-07-28,19.60338020324707,19.728536543277496,19.31354493132418,19.38600406340504,43608600
2023-07-31,20.49264907836914,20.51899705721863,19.959088372159233,19.959088372159233,91290800
2023-08-01,20.156705856323242,20.47947648158361,19.7285407924636,20.47947648158361,75752400
2023-08-02,20.110595703125,20.14353099363841,19.629732169383907,20.097421084359315,62068400
2023-08-03,20.36749267578125,20.50582239131695,20.16987843747291,20.374079984578284,57304400
2023-08-04,19.761474609375,20.512410242483018,19.590208345325664,20.222576186154036,120685800
2023-08-07,19.886632919311523,20.09083449186281,19.669256727524452,19.669256727524452,44984900
2023-08-08,19.906389236450195,20.018370962652224,19.577031366020773,19.702187708576112,34771300
2023-08-09,20.064481735229492,20.235747986061863,19.866867506946324,19.899802792859976,48561500
2023-08-10,20.176467895507812,20.327973510611297,19.840523884958905,19.959091694116868,54020200
2023-08-11,20.130355834960938,20.446540394853052,19.86686974871814,20.163292380991763,39403200
2023-08-14,20.18305206298828,20.248923895420628,19.939327916309505,20.077657633656802,27992700
2023-08-15,20.32796859741211,21.177712524269857,20.321381289095314,21.1118394411019,87366200
2023-08-16,20.775897979736328,21.06573204170142,20.341144373987206,20.42019082677816,74461000
2023-08-17,20.710023880004883,21.204059444410877,20.62439012748073,20.914225414146106,57570600
2023-08-18,20.76272201538086,20.868116441335026,20.538758546128097,20.690262876387123,45579700
2023-08-21,20.61780548095703,21.098667747087543,20.400429301993867,20.88129282452515,42236900
2023-08-22,20.9318904876709,20.9318904876709,20.67887458134123,20.856669295787707,31372200
2023-08-23,22.046525955200195,22.046525955200195,21.260125918945146,21.33534710954525,95507400
2023-08-24,22.012332916259766,22.37476205708614,21.77299513243818,22.06704018603967,49332300
2023-08-25,21.86189079284668,22.2038046911715,21.745640458704152,22.142260319902334,34079000
2023-08-28,22.108068466186523,22.114905569944145,21.786669809273523,21.950786385315862,24956100
2023-08-29,22.155935287475586,22.224316757140137,21.875565783820633,22.155935287475586,40607500
2023-08-30,22.30637550354004,22.361082767271196,22.08755166578724,22.162772849124625,34637900
2023-08-31,21.84137725830078,22.422628939295084,21.8003468072002,22.367921671160975,48971500
2023-09-01,22.313217163085938,22.354245005878912,21.855052919403956,22.0260092206044,50089200
2023-09-04,22.080717086791992,22.374762141502874,22.026009816805686,22.34740850650972,21667400
2023-09-05,22.81924819946289,22.90130910885825,22.032850715488326,22.06704145677655,75082900
2023-09-06,22.921817779541016,23.113287973750108,22.716670770233307,22.805566155495672,57856500
2023-09-08,22.839759826660156,23.024390311687625,22.744022119590262,22.894464479257167,39074100
2023-09-11,22.81924819946289,23.038072074011147,22.79189717158412,22.88763229062569,30276200
2023-09-12,22.92865562438965,23.099611905773017,22.901304601893546,22.94233243993062,31963000
2023-09-13,22.58674430847168,23.04490852433563,22.58674430847168,23.0107177878887,47685700
2023-09-14,23.161157608032227,23.250055609885866,22.634611917954494,22.634611917954494,46502100
2023-09-15,23.174837112426758,23.243221202009927,22.983366878766457,23.161160294510122,54801500
2023-09-18,23.33895492553711,23.735572187096846,23.147482094721177,23.250056918679217,52363400
2023-09-19,23.39366340637207,23.674031681253904,23.29792827962021,23.39366340637207,43247200
2023-09-20,23.448366165161133,23.667190015165186,23.256893339968048,23.352631056857618,39102300
2023-09-21,23.0859375,23.448366628202365,22.99704210258333,23.250056695036974,60109400
2023-09-22,23.270570755004883,23.37998268282013,23.12013098462524,23.26373365077286,31020500
2023-09-25,23.421009063720703,23.47571632241402,23.20218524611878,23.21586206079211,26767200
2023-09-26,22.880788803100586,23.31159937631312,22.880788803100586,23.25005500871133,60687500
2023-09-27,23.60564422607422,23.60564422607422,23.099612472976247,23.154319736483444,53708700
2023-09-28,23.557775497436523,23.61931986151333,23.39365632370312,23.557775497436523,30765000
2023-09-29,23.687700271606445,23.721891003770637,23.421008908705836,23.591965178112446,40227600
2023-10-02,23.33211326599121,23.776600654608956,23.202187427259307,23.626158287645552,34403400
2023-10-03,23.229541778564453,23.407335174366022,22.99704111723256,23.229541778564453,37947300
2023-10-04,22.30637550354004,23.05174501606861,22.149096033191835,22.97652383273123,88895900
2023-10-05,22.3815975189209,22.525200178674794,22.08071538297188,22.231155146653386,35342000
2023-10-06,22.914979934692383,23.12696667311385,22.108068646817227,22.29269914422687,48132800
2023-10-09,23.899690628051758,23.98858863209887,23.31843765831116,23.352631004273473,77528400
2023-10-10,24.077484130859375,24.166382135287886,23.756088067840402,23.86549999306547,48326500
2023-10-11,24.01593780517578,24.104835802368694,23.585129851996108,24.029614620788987,41578500
2023-10-13,24.809173583984375,24.86388084364407,24.467261036868447,24.474100748618767,66943700
2023-10-16,25.082704544067383,25.164762824575206,24.59034964384902,24.891234353353887,49626600
2023-10-17,25.75969123840332,25.75969123840332,25.04851509005132,25.0963826401735,68814800
2023-10-18,26.340946197509766,26.40249056793844,25.92381242111387,25.97851968753315,85931700
2023-10-19,26.21785545349121,26.30675345033732,25.93064754390602,26.231532269051062,56016600
2023-10-20,25.882780075073242,26.573444915793935,25.56822114196572,26.457193287462815,66242400
2023-10-23,24.1732177734375,25.164764752989594,24.111673406193965,25.021162098949983,104499100
2023-10-24,24.535648345947266,24.74763248360989,24.05013048251228,24.378368866570266,78634900
2023-10-25,24.665573120117188,24.809175776536428,24.44674927931093,24.672412832471977,32846500
2023-10-26,24.41255760192871,24.569837068406777,24.036454303082397,24.51512980602179,47858600
2023-10-27,24.23476219177246,24.932264152474346,24.050129089652614,24.76130786628033,45843100
2023-10-30,23.988588333129883,24.426236026698124,23.83814596024604,24.33050091980332,31346900
2023-10-31,23.756086349487305,24.056968469945964,23.585130065652322,23.94071684047352,36965200
2023-11-01,24.01593780517578,24.30314571588141,23.865498050602213,23.947556335695598,46335300
2023-11-03,24.303144454956055,24.542482194304927,23.96806901128192,24.474100728372594,30959700
2023-11-06,24.28262710571289,24.706600527605165,24.28262710571289,24.439909167483474,33583600
2023-11-07,23.879173278808594,24.221085858002894,23.70137988540538,23.98174809600127,48919900
2023-11-08,23.366302490234375,23.79711303502773,23.188509111438723,23.66034749286952,59742900
2023-11-09,23.851823806762695,24.036456924569887,23.496234388236186,23.591969499265222,56231100
2023-11-10,23.742408752441406,23.974909395149353,23.59880349622048,23.701378306580317,40004800
2023-11-13,24.40572166442871,24.446752117563225,23.708219612659494,23.715059325808372,44120000
2023-11-14,24.740795135498047,24.781825585247084,24.268956702021313,24.405719650679355,50888600
2023-11-16,24.309980392456055,24.952777619175098,24.275789661129327,24.60402537731996,72361200
2023-11-17,25.10321807861328,25.24682071945497,24.494614174353654,24.501453885966495,87666300
2023-11-20,25.123741149902344,25.451976961015145,24.80234244359787,25.144255072913662,67796900
2023-11-21,24.86388397216797,24.98697271330433,24.55616211932707,24.98697271330433,49597800
2023-11-22,24.98557472229004,24.985574722290043,24.33890608510399,24.800813416302265,58578300
2023-11-23,24.9926815032959,25.04953280802516,24.73685876447246,24.96425856175068,24068100
2023-11-24,25.06374168395996,25.45458485450566,24.66579074603364,24.857659803025673,53456200
2023-11-27,24.921621322631836,25.156128900073696,24.69422151404433,24.871877783929538,36996000
2023-11-28,25.29825210571289,25.312464932803397,24.97847298404501,24.992683100315933,36875900
2023-11-29,25.03531837463379,25.603817831333004,24.829236474449313,25.511438533307608,37528600
2023-11-30,25.518545150756836,25.525650208416568,25.04242767379206,25.198763339680806,58808800
2023-12-01,25.34799575805664,25.582503339865482,25.24850867879941,25.383529181351022,36388100
2023-12-04,24.80792236328125,25.262721997779753,24.765283880989646,25.184552802321637,35601900
2023-12-05,24.69422149658203,24.99268272858475,24.644477957914912,24.815026458825166,43234200
2023-12-06,23.805936813354492,24.729748744544715,23.805936813354492,24.552092499668934,64179200
2023-12-07,23.74908447265625,24.289160951460744,23.479048944073053,23.91253059629746,64723900
2023-12-08,24.50946044921875,24.544991161413282,23.791727593119116,23.955171037869633,53290700
2023-12-11,24.41707420349121,24.651579032049817,24.33179996681709,24.488135615583126,30613300
2023-12-12,24.21809959411621,24.587622182548497,24.019122764784534,24.55209147721682,30371500
2023-12-13,24.566307067871094,24.6018377772038,24.26073808813494,24.310481623364605,38992900
2023-12-14,25.09927749633789,25.397741438227513,24.75817778476371,24.871877688621773,57950000
2023-12-15,25.1561336517334,25.43327705137191,24.87188248189797,25.070856674290734,56570100
2023-12-18,25.468799591064453,25.795686433827516,25.284038287578127,25.40484323393088,44474300
2023-12-19,25.760156631469727,25.760156631469727,25.447482602734418,25.55407472782134,32183000
2023-12-20,25.852542877197266,26.108368356627718,25.788586507339655,25.845435107868795,38947900
2023-12-21,25.859642028808594,26.06572391914512,25.632242256995564,26.058616151440216,30511900
2023-12-22,26.108369827270508,26.151005602364034,25.84543656370097,25.93781859443675,31234700
2023-12-26,26.52763557434082,26.556058517357336,26.17232303384862,26.1936409188159,23466800
2023-12-27,26.5489501953125,26.59869372800025,26.38550677207859,26.520524544971156,19588500
2023-12-28,26.46367835998535,26.548952607939437,26.321552806182225,26.456570591344487,21421900
2024-01-02,26.847412109375,26.925581294494446,26.577376556368755,26.60579949665095,24043800
2024-01-03,27.685949325561523,27.799649217030844,26.76924242575433,26.861624434704165,52300200
2024-01-04,27.45144271850586,27.963090841776467,27.3661657722782,27.79964742773539,45344900
2024-01-05,27.515399932861328,27.813861121530422,27.295105214449034,27.621992052749224,35783700
2024-01-08,27.309324264526367,27.309324264526367,26.726611868353128,27.27379354979771,35158100
2024-01-09,27.074811935424805,27.536719278619692,27.025068401335425,27.479867976335086,27279000
2024-01-10,26.826095581054688,27.195620931575494,26.655544376652998,27.074813263703582,27382000
2024-01-11,27.053499221801758,27.11035053494939,26.790568675543494,26.98954284992058,26564400
2024-01-12,27.124557495117188,27.522508508369658,27.124557495117188,27.35906506832476,24479500
2024-01-15,27.415910720825195,27.444333657409054,26.90425991085056,26.99664190950019,13818300
2024-01-16,27.074811935424805,27.565144929761995,27.06060182067295,27.43723221044093,31277700
2024-01-17,26.918479919433594,27.110349024386366,26.875841436948647,26.982436287751185,27577300
2024-01-18,26.811887741088867,27.103243956727596,26.69108276156985,27.103243956727596,22987200
2024-01-19,26.66975212097168,26.932685290606234,26.456565189207137,26.86872893999498,31745200
2024-01-22,26.790569305419922,26.868738507425853,26.45657460987453,26.648443730029125,22753700
2024-01-23,27.124557495117188,27.266683050623033,26.598696463810903,26.890052632729116,32498500
2024-01-24,26.918479919433594,27.38749238348937,26.840310723621023,27.20983610603158,25415300
2024-01-25,27.913349151611328,27.913349151611328,27.09613202754446,27.18851132581773,48655300
2024-01-26,28.396574020385742,28.488956028344745,27.650418321194945,27.78543609373563,41378200
2024-01-29,28.830059051513672,28.844271878300002,28.304198014517134,28.42500297597164,30547500
2024-01-30,28.652402877807617,28.950866819669955,28.460533781786015,28.54580803196688,34829000
2024-01-31,28.965078353881836,29.306180792945547,28.55291719881099,28.588447912224392,57978900
2024-02-01,29.540681838989258,29.760976570893714,28.90111823721459,28.979287423078084,61629200
2024-02-02,29.156946182250977,29.689914992567452,29.14984112420736,29.5477921451387,36485600
2024-02-05,29.284852981567383,29.61884756917305,29.085878866816266,29.142727452108442,27703000
2024-02-06,29.554895401000977,30.094969236428756,29.327495605997765,29.455408329539495,35474600
2024-02-07,29.98837661743164,29.98837661743164,29.43408725419987,29.505151383239504,30648100
2024-02-08,29.746763229370117,30.1660320919698,29.746763229370117,30.059437256582708,25589100
2024-02-09,29.34881591796875,30.080761610089684,29.34881591796875,29.945741106946606,30388000
2024-02-14,29.128520965576172,29.41987711737405,29.036138953302892,29.206687441232738,18315300
2024-02-15,30.05944061279297,30.05944061279297,29.02903369534093,29.142733600733045,33246400
2024-02-16,30.336580276489258,30.478705818664277,29.88888847824393,29.910206360783448,37268900
2024-02-19,30.48581314086914,30.51423608023306,30.244200535950963,30.386323365228193,12826700
2024-02-20,30.166032791137695,30.428963290815478,29.917312406409565,30.393432581802696,42375400
2024-02-21,30.208669662475586,30.357902983098253,29.93863409544672,30.166033894428626,20873800
2024-02-22,29.98126792907715,30.329475373637486,29.704124611375683,30.32236760554197,32162800
2024-02-23,29.77519416809082,30.016806821833384,29.569112228847512,29.94574268201513,43924500
2024-02-26,30.336580276489258,30.365005927088113,29.725445053529395,29.775188586667763,25885700
2024-02-27,30.293941497802734,30.428959258487,30.116285265461816,30.343685025992674,27678100
2024-02-28,28.730579376220703,30.514247579699756,28.304205306069125,30.215786272757697,112322000
2024-02-29,28.52448844909668,29.306177613483435,28.318406538509493,28.844270256763107,61899800
2024-03-01,28.55291748046875,29.0290350087082,28.524491825129758,28.673722449429913,31248500
2024-03-04,28.481853485107422,28.95797097042163,28.439215005943087,28.616871269565305,21988000
2024-03-05,28.396574020385742,28.68793015857717,28.147856357595217,28.496061085501957,30293300
2024-03-06,29.021923065185547,29.021923065185547,28.503167177006127,28.56712353093614,45481000
2024-03-07,28.702144622802734,29.092987848430234,28.62397543551336,28.87980088088972,50199800
2024-03-08,26.079938888549805,26.33576433058332,24.942937225158545,25.51143941226384,230369800
2024-03-11,25.333784103393555,26.818990565538744,25.085063709533785,25.347994218864915,127528700
2024-03-12,26.165212631225586,26.4565687766689,25.69620023341881,25.831218009320104,76139100
2024-03-13,25.852542877197266,26.527637289956576,25.80279933517687,26.22206826850573,45140600
2024-03-14,25.73884391784668,26.236279356459423,25.689100373985404,26.10836932283031,39983400
2024-03-15,25.80990219116211,25.90228420881061,25.53986390693853,25.795689364537765,59362500
2024-03-18,25.824115753173828,26.09415404508723,25.22719057205028,25.87385929236583,35326100
2024-03-19,25.632246017456055,26.18653270371632,25.26982842509038,25.859645822630497,48540800
2024-03-20,26.079938888549805,26.108364540068937,25.447483051755462,25.745944260248343,39017900
2024-03-21,25.369314193725586,26.335764671325705,25.35510136778213,26.18653135432909,47220200
2024-03-22,25.61803436279297,25.738842039654756,25.17744755896329,25.511442224076884,34426800
2024-03-25,26.008874893188477,26.172321034852363,25.69620085733188,25.710413683164365,26951500
2024-03-26,25.767261505126953,26.05861764893174,25.70330514620301,26.05861764893174,24837800
2024-03-27,25.973342895507812,26.051512078298913,25.667773932316727,25.781473822516723,19995700
2024-03-28,26.5489501953125,26.66265008585867,25.916494384723247,25.93781226706965,31958200
2024-04-01,26.75503158569336,26.79766734957605,26.442354859518073,26.6484367543483,23697800
2024-04-02,27.444339752197266,27.465660347893674,26.840309520250027,26.87584023198465,45930700
2024-04-03,27.302207946777344,27.721476755270032,27.16008513236132,27.50118476643384,31437200
2024-04-04,26.989538192749023,28.055475732956264,26.59869497017024,27.337745648643903,165566800
2024-04-05,27.074811935424805,27.408806559298625,26.41393045587239,26.932689101351883,65469200
2024-04-08,27.45144271850586,27.75701166544063,26.81187917589377,27.025066119824775,36384400
2024-04-09,27.522512435913086,27.813868646408686,27.04639487446755,27.643320124119494,36989300
2024-04-10,28.133644104003906,28.233131171141224,27.472762631369708,27.522506164938367,55821500
2024-04-11,27.927562713623047,28.254449571872772,27.856501296027652,28.140749677228552,33195300
2024-04-12,27.671737670898438,28.46053188731933,27.50118918188921,28.226027037226807,39613500
2024-04-15,27.93467140197754,28.034158474215694,27.451446156118443,27.67173818441167,28692000
2024-04-16,28.06258201599121,28.21891767025661,27.678843871230395,27.721479635657683,37303000
2024-04-17,28.268665313720703,28.389472989078445,27.955991248898805,28.062586097107424,39221700
2024-04-18,28.31840705871582,28.844270786629497,28.176284217870514,28.425001900169224,45078800
2024-04-19,28.8016300201416,29.18536816590984,28.311299752206104,28.460530349731794,80546900
2024-04-22,29.490938186645508,29.55489454656739,28.794525995729064,28.965074481641214,51775500
2024-04-23,29.434093475341797,29.583326822457074,29.107206545127223,29.419883357349786,35456900
2024-04-24,29.299062728881836,29.839139141948248,29.28484990634654,29.526462467809154,45388300
2024-04-25,30.002588272094727,30.187349578746968,29.19247620840086,29.419875990812496,66372400
2024-04-26,30.426311492919922,30.521277562087086,30.002606433337416,30.163322529968934,31899100
2024-04-29,30.791574478149414,30.791574478149414,30.185238481168977,30.302122159454434,27886000
2024-04-30,30.69660186767578,30.835400347826994,30.404391314305858,30.68199106133465,36635400
2024-05-02,30.81348419189453,30.959589462226774,30.565106068347596,30.86462061850188,33244700
2024-05-03,30.421512603759766,31.03162008046109,30.08595421887952,31.03162008046109,45114200
2024-05-06,30.627426147460938,30.779953752531597,30.291867743683152,30.40626126556958,22977200
2024-05-07,31.001113891601562,31.001113891601562,30.50539997826608,30.619796391873237,23808600
2024-05-08,31.47395133972168,31.519710493642958,30.741822332313692,30.772325525705806,25352000
2024-05-09,31.778993606567383,31.908643047140373,31.222270501097842,31.313788780050945,27206400
2024-05-10,31.710363388061523,32.09930594195629,31.649351194152487,31.908647199822838,27968700
2024-05-13,31.740867614746094,32.007791608002876,31.656977299986007,31.832385908605254,18394300
2024-05-14,31.16889190673828,31.496825192330622,30.627421750238064,31.085001590532567,53613200
2024-05-15,29.285181045532227,29.597861235193477,28.598808478363015,28.675070803950156,131281100
2024-05-16,28.431034088134766,29.47584621432354,28.400530896762398,29.20892219795672,83168500
2024-05-17,27.981075286865234,28.537798451630426,27.84380076303585,28.484414237832492,67207900
2024-05-20,28.02683448791504,28.40052689447802,27.9353191082508,28.011581439767422,40400400
2024-05-21,27.973453521728516,28.286133772003215,27.889563201787677,28.05734384166935,27967400
2024-05-22,28.35477066040039,28.568307537941774,27.767541337939818,27.83617860703837,36528800
2024-05-23,28.07259178161621,28.75896144767994,27.88955812513312,28.55304967509444,47987800
2024-05-24,27.92007064819336,28.362397480275753,27.889564546885072,28.270882085572836,23684700
2024-05-27,28.22512435913086,28.27851149372767,27.981081354782965,28.003962386530766,13623300
2024-05-28,28.827600479125977,29.201292884047845,28.53017331460727,28.553051432117496,46437700
2024-05-29,28.789474487304688,28.91912105545673,28.55305656340029,28.758968385661156,29246800
2024-05-31,29.582611083984375,29.658873417036606,28.90386642846636,28.926744546537723,53929400
2024-06-03,29.42245864868164,29.68937972548782,29.315687308737623,29.61311739189221,43454500
2024-06-04,29.094526290893555,29.30806315904138,28.751339960497663,29.28518504008887,34090200
2024-06-05,29.13265609741211,29.308061789367848,29.03351273788182,29.17841233317878,18627100
2024-06-06,29.269935607910156,29.52923165522566,29.18604528242249,29.19367035327501,25944100
2024-06-07,28.171737670898438,29.33857127447719,28.110728379756125,29.147912512171978,46003600
2024-06-10,28.59881019592285,29.02588680883501,28.30900810468884,28.36239231765018,32560900
2024-06-11,28.72083282470703,28.980128830612955,28.59881134599963,28.835229233779643,31131300
2024-06-12,28.095888137817383,29.060654465083207,27.93117259240546,28.98221934596553,52182400
2024-06-13,27.813514709472656,28.386099411393563,27.33505274142851,28.158636387200378,46233500
2024-06-14,27.201711654663086,27.844889136186673,26.786000182780388,27.837046821971462,53534900
2024-06-17,27.303680419921875,27.554676371006693,26.88012363042584,26.989933985011977,40941800
2024-06-18,28.158639907836914,28.34688539912651,27.31152622070932,27.36643140501113,36180700
2024-06-19,28.18216896057129,28.33119688583456,27.899797740402526,28.158639022926575,20776200
2024-06-20,28.629253387451172,28.935154520251075,28.393945053921076,28.409632675104124,39442900
2024-06-21,28.77828025817871,28.990058648317518,28.535129618917914,28.66846990598252,43340200
2024-06-24,29.06850242614746,29.06850242614746,28.613570315828277,28.89594155780456,24599400
2024-06-25,29.04496192932129,29.11555472142826,28.833183553000367,29.060649548912558,18572600
2024-06-26,29.092029571533203,29.11555950873526,28.79397073450591,28.864563538220057,25553200
2024-06-27,29.57832908630371,29.774419843426553,29.272427983929276,29.42145588218394,37731000
2024-06-28,29.84501838684082,29.939141130607233,29.57833478607925,29.64892759193108,22019700
2024-07-01,30.299945831298828,30.40191087473325,29.946981856043784,30.048949891585824,24963500
2024-07-02,30.20582389831543,30.668598281223776,30.15091871662359,30.456822861616967,33346200
2024-07-03,29.680299758911133,30.42544530070651,29.617549274836346,30.354852502176257,38509400
2024-07-04,29.272432327270508,29.774424261251593,29.115559099874435,29.72736438750833,32698800
2024-07-05,29.429306030273438,29.531274078544985,29.107717255362864,29.374400848613682,32758800
2024-07-08,30.150920867919922,30.21367136124961,29.24890496711719,29.39793290061289,48845900
2024-07-09,30.14307403564453,30.354852430736873,30.01757605989808,30.158761656626307,34832500
2024-07-10,29.86070442199707,30.245043676115024,29.790111619898177,30.190138495827874,32899700
2024-07-11,30.064640045166016,30.158762782462546,29.892079200032484,29.93129675789705,17229400
2024-07-12,29.9234561920166,30.205824420408945,29.915610884720454,30.143076922579997,15779100
2024-07-15,30.197982788085938,30.378385962572178,29.96267442971728,30.041109551804126,22969200
2024-07-16,30.11954116821289,30.197976273378682,29.89207517428165,30.080320623522528,19637000
2024-07-17,30.276418685913086,30.34701149444322,30.07248556799725,30.143078376527384,24606100
2024-07-18,30.221508026123047,30.32347606266397,30.080322434637964,30.197978091578083,21315500
2024-07-19,30.347007751464844,30.409758236689004,30.111699416089895,30.1979798372192,30593100
2024-07-22,29.7430477142334,30.2685725541695,29.711675463815034,30.2685725541695,25807800
2024-07-23,29.358715057373047,29.80580184568974,29.35871505737305,29.743051352960574,25284700
2024-07-24,29.594018936157227,29.805797328862596,29.413615785061772,29.53911375939373,23863800
2024-07-25,29.554805755615234,29.609710940507124,29.233216961773525,29.460683008958878,19562600
2024-07-26,29.52342987060547,29.90776914864148,29.35086901204545,29.546959808733433,32043200
2024-07-29,28.927310943603516,29.586176044005914,28.566501656351303,29.42145752482456,39790000
2024-07-30,28.746912002563477,28.841034747220313,28.542975898347542,28.63709864300438,16040700
2024-07-31,29.343021392822266,29.343021392822266,28.9900574241621,29.060650217894132,28561100
2024-08-01,28.895936965942383,29.672457757980006,28.856719409035144,29.609707273242186,29756300
2024-08-02,28.025293350219727,28.864561632231506,28.025293350219727,28.80181413980005,36483900
2024-08-05,28.00176429748535,28.00176429748535,27.138963060512772,27.295836284699412,44765900
2024-08-06,28.488069534301758,28.754753126536958,27.719394001884535,27.923327105542988,36009000
2024-08-07,28.448850631713867,28.825344569073312,28.23707223092896,28.786127011618593,25020500
2024-08-08,28.90378189086914,28.982220003875398,28.362572375612263,28.51160030216205,29870300
2024-08-09,28.637096405029297,28.982218095313446,27.90764145081023,28.339040571557547,66082100
2024-08-12,29.288122177124023,29.656773840731383,28.864565328567675,28.864565328567675,39655100
2024-08-13,29.107707977294922,29.51557704826504,28.997897648977396,29.437138962247495,28557200
2024-08-14,29.617551803588867,29.805800279778154,29.146935101277684,29.170465038760838,37955500
2024-08-15,30.072479248046875,30.245040075324106,29.805795693212776,29.845013247019175,33409000
2024-08-16,30.197982788085938,30.409761208250163,29.8293311316399,29.939141499404734,35472700
2024-08-19,30.150920867919922,30.425449788075003,30.119548613363285,30.276418862471093,28138200
2024-08-20,30.033266067504883,30.33916722068888,29.719519607152684,30.197981612741188,27322600
2024-08-21,29.852861404418945,30.42544612258355,29.75873567576416,30.339165700703923,38491900
2024-08-22,29.944175720214844,30.089379408872446,29.734438768410577,30.07324532377026,26334300
2024-08-23,29.758644104003906,30.274922617922012,29.758644104003906,30.14585298944249,29239000
2024-08-26,31.920557022094727,31.952825192801676,30.420120934104965,30.541125035624965,102270300
2024-08-27,31.493019104003906,31.75922385783869,31.420417248001225,31.66242240892264,35073100
2024-08-28,31.944761276245117,32.154501339205574,31.283279066469984,31.412348690883118,43284500
2024-08-29,31.726957321166992,32.13030026350212,31.68662056512353,31.98509655808048,25356600
2024-08-30,31.75922393798828,31.985098089045866,31.363949558847033,31.638222895853495,84437200
2024-09-02,31.460742950439453,31.783418468015345,31.37200702924299,31.72695071402883,15288400
2024-09-03,31.081602096557617,31.315541711134028,30.96060107600095,31.2913421224751,35866300
2024-09-04,31.089675903320312,31.39621433539795,31.073541815748452,31.251013701776337,28851300
2024-09-05,30.896068572998047,31.372013365049007,30.896068572998047,31.1784104772134,26206600
2024-09-06,30.29105567932129,31.01707423819693,30.22652240590044,30.952537887513504,32971700
2024-09-09,30.621793746948242,30.855733379084246,30.339454933861532,30.52499230778455,30521800
2024-09-10,30.113582611083984,30.5895242823894,29.84737481805336,30.5895242823894,37263500
2024-09-11,30.081315994262695,30.51692709049105,29.742506338108765,30.460456250080146,32907000
2024-09-12,29.742504119873047,30.105513339656294,29.6457026870182,30.0813137507581,22103300
2024-09-13,29.605369567871094,30.29105126910673,29.51663363723215,29.93611062381308,34729600
2024-09-16,30.016780853271484,30.42819237529752,29.97644717472798,30.040983522207522,22614800
2024-09-17,29.8796443939209,30.000645424137684,29.60537108392899,29.984511337989655,23443700
2024-09-18,29.161691665649414,29.790905578272767,29.161691665649414,29.774771493684735,38777000
2024-09-19,29.258495330810547,29.669903748813653,29.19395898752884,29.500500463592505,25059700
2024-09-20,29.250425338745117,29.36336393404194,29.097156146735394,29.258493919897354,48336200
2024-09-23,29.548904418945312,29.815109157123025,29.218163333777607,29.35529845523774,28218500
2024-09-24,29.669906616210938,30.097452238616103,29.62150743133442,30.032915889097392,35104100
2024-09-25,29.887704849243164,30.194246279745126,29.81510301247327,29.92803851916827,38655300
2024-09-26,29.242361068725586,29.78283909277204,29.01649002312554,29.78283909277204,58048200
2024-09-27,29.129426956176758,29.347232508091,28.9842232549006,29.347232508091,34537400
2024-09-30,29.048755645751953,29.266561191083735,28.976153797308026,29.16975975224592,21146300
2024-10-01,29.82317543029785,30.26685201108739,28.903554097721894,29.048754712683536,49748200
2024-10-02,30.23458480834961,30.597594050534436,30.129714787882378,30.452390353660505,32014500
2024-10-03,30.60565757751465,30.686328002378286,30.01677732368936,30.20231468498264,31033000
2024-10-04,30.52499008178711,30.815397455362852,30.387851898815434,30.775063781757787,22526800
2024-10-07,30.952539443969727,30.960608026842174,30.57339913505846,30.68633467717087,36418000
2024-10-08,30.33138656616211,30.452390673917026,30.210385535669484,30.22651962185429,34142000
2024-10-09,30.02484893798828,30.26685408250301,29.85544256729184,30.14584997161446,30789800
2024-10-10,30.371719360351562,30.444321200086133,30.105511588904168,30.170047925229074,20630100
2024-10-11,30.347524642944336,30.37172731403526,30.105519472873926,30.33139055463795,16343000
2024-10-14,30.420116424560547,30.573388674066084,30.129709085772873,30.226513583543213,22279000
2024-10-15,30.170053482055664,30.178118986950867,29.895780156681976,30.016781193684736,28204600
2024-10-16,30.016780853271484,30.31525684447074,30.000646766401598,30.2910541755347,23041200
2024-10-17,29.790908813476562,30.016779867713975,29.597302854657126,30.016779867713975,22174300
2024-10-18,29.710241317749023,29.90384419838545,29.371431660741823,29.831242348831214,32000800
2024-10-21,29.242361068725586,29.887709111341575,29.202027393048752,29.847375435664738,28390000
2024-10-22,29.129426956176758,29.282696162073883,29.032625514413436,29.20202880681484,29144300
2024-10-23,28.766416549682617,28.992287597162196,28.693814701955294,28.968088007007164,30769100
2024-10-24,28.960023880004883,29.064890827172157,28.685750561908986,28.919687124811837,23058900
2024-10-25,29.161691665649414,29.435964949122003,28.91968347409091,29.0084194006941,32585900
2024-10-28,29.113292694091797,29.14556086690575,28.508278301510725,28.62928241093187,27507100
2024-10-29,29.048755645751953,29.37949671593823,28.87935235847021,29.306897944756564,26090200
2024-10-30,28.919687271118164,29.33916429369654,28.919687271118164,29.137492825760535,26144700
2024-10-31,28.968088150024414,29.081023674321774,28.7422171014297,28.935819978150242,25597000
2024-11-01,28.57280921936035,29.33916133570559,28.476007786144113,29.202026228421094,30605300
2024-11-04,28.637346267700195,29.000355497813615,28.54054483209067,28.960021822748157,24003600
2024-11-05,28.548608779907227,28.71801205230463,28.258201411647683,28.637344706571195,23990600
2024-11-06,28.556678771972656,28.605077950899577,28.266271389362565,28.274336893429673,28440800
2024-11-07,28.64541244506836,28.951953921842424,28.451809569299012,28.62928143647277,34081200
2024-11-08,29.185894012451172,29.298829537979692,28.66961556588519,28.91968620748056,49865100
2024-11-11,29.242361068725586,29.379496181479272,28.96002226172553,29.03262410884872,21446300
2024-11-12,29.790908813476562,29.936112513275564,29.314964036860363,29.33109812320051,39412300
2024-11-13,29.750572204589844,29.903841393824372,29.468230337353166,29.807039962584778,34090000
2024-11-14,30.065181732177734,30.113583990562972,29.734440659700972,29.78283984082393,30262100
2024-11-18,30.815399169921875,30.896066521620313,30.008713343888644,30.008713343888644,39004100
2024-11-19,30.492721557617188,30.89606444350435,30.371720538208244,30.734726673697086,26002700
2024-11-21,30.581462860107422,30.758934745815438,30.2910554388625,30.629865122735758,36048400
2024-11-22,31.799549102783203,32.13029319692776,31.033200142703333,31.226802989177195,85234900
2024-11-25,31.605947494506836,32.15449404310896,31.581747907065,31.767285257730148,41119500
2024-11-26,31.565616607666016,31.87215499984438,31.509148847145678,31.751153974698862,35188200
2024-11-27,31.452686309814453,31.751159247453874,31.25908032926344,31.62208961950742,30600700
2024-11-28,31.130008697509766,31.702754942326134,30.960605398721118,31.307480578485954,33113500
2024-11-29,31.38007926940918,31.638218482670915,30.98480186814218,31.05740371420093,44011700
2024-12-02,31.581750869750977,31.783422323383455,31.275209398596203,31.380079416118498,31711800
2024-12-03,31.864089965820312,31.864089965820312,31.525283397699976,31.78342261453324,22536200
2024-12-04,31.662416458129883,32.15449526996847,31.444610931057294,31.864087900538355,31584400
2024-12-05,31.977025985717773,32.114164177752706,31.63015083071807,31.775354527102234,25214200
2024-12-06,31.484947204589844,32.025428315061895,31.428479442232472,31.97702605707175,31118500
2024-12-09,32.29970169067383,32.40456863398049,31.751155074676436,31.767289160707215,28548700
2024-12-10,32.42070388793945,32.61430985002101,32.35617061875384,32.509439825674235,21837600
2024-12-11,32.74338150024414,32.88051662907376,32.227103005629594,32.54977552613241,46900900
2024-12-12,32.157718658447266,32.61903114298986,31.973192384797564,32.47644498577448,38310600
2024-12-13,31.956405639648438,32.48481956333342,31.8054302328813,32.37578105853926,23235400
2024-12-16,31.822214126586914,32.09061421034364,31.72995419745541,32.03190189199569,21349400
2024-12-17,32.12416458129883,32.28352932856171,31.72995376343787,31.822213691307397,39617200
2024-12-18,31.293800354003906,32.20803905422914,31.293800354003906,32.10738663248577,58126400
2024-12-19,31.167985916137695,31.81382454696506,31.01701048557644,31.587361401123175,43268400
2024-12-20,30.907974243164062,31.32734975907989,30.790549610640632,31.16798821488113,59277400
2024-12-23,30.916358947753906,31.075720468254413,30.798934332692397,31.03378356281542,43785600
2024-12-26,31.14877700805664,31.349062285143336,31.000738042117497,31.026864519557446,22920700
2024-12-27,31.05298614501953,31.3490607404428,31.00944644725323,31.3490607404428,24167200
2024-12-30,31.514511108398438,31.671256668835976,31.148773681954722,31.15748029226089,22355600
2025-01-02,32.01958084106445,32.298238876690796,31.51451107532558,31.714796330815396,30046800
2025-01-03,31.67996597290039,32.254698575821074,31.627716346501874,32.11536956062411,23314200
2025-01-06,31.53192710876465,31.94991415545658,31.401308025222907,31.87154137658523,23760200
2025-01-07,32.20244598388672,32.437564298229276,31.61029689336444,31.827998667178058,37753300
2025-01-08,31.941205978393555,32.32435992193207,31.7235041946378,32.21115738612231,24483500
2025-01-09,32.080535888671875,32.19374174952862,31.95862341784108,31.95862341784108,11526600
2025-01-10,32.16761779785156,32.67268758445224,32.13278803335899,32.437569234331164,40328800
2025-01-13,32.280818939208984,32.68138940806003,32.193739557933704,32.481104173634506,22897100
2025-01-14,32.06312561035156,32.333077078401374,31.85413371149122,32.31566053318529,29173100
2025-01-15,32.4724006652832,32.49852381778739,32.04570368380875,32.15890954776986,32512700
2025-01-16,32.26340866088867,32.428864168038174,32.01958368849923,32.402737691092085,26733200
2025-01-17,32.39402770996094,32.56818981006305,32.089243204315785,32.22857222002433,39941100
2025-01-20,32.4724006652832,32.59431313945711,32.31565510652653,32.41144442819625,13912800
2025-01-21,32.481109619140625,32.52464931707776,31.97604314371101,32.30694750552606,23612200
2025-01-22,32.29823684692383,32.76847349819116,32.245987222827814,32.5333551725575,21832200
2025-01-23,32.07183074951172,32.57689719781103,31.95862488346335,32.324362312728454,26725700
2025-01-24,31.906373977661133,32.13278570068927,31.697382118413618,32.11536915877436,16216500
2025-01-27,32.376609802246094,32.48110572915383,31.758337528732337,31.84541691417785,29809700
2025-01-28,32.33306884765625,32.646559938010434,32.11536707067312,32.56818716542189,27621700
2025-01-29,32.13278579711914,32.507233144749165,32.0108700033489,32.39402728289537,18204400
2025-01-30,32.55948257446289,32.66397851443174,32.04570616363914,32.254701365442884,30916000
2025-01-31,32.82072067260742,33.412869807302435,32.43756671798475,32.55947918891625,37044800
2025-02-03,32.655269622802734,32.92522104755626,32.55077369013219,32.88167803056655,24877600
2025-02-04,32.33306884765625,32.524644152532865,32.0631174483256,32.48110446150934,34290300
2025-02-05,32.09794998168945,32.28081867398434,32.002160669954385,32.26340213349929,20539800
2025-02-06,32.0369987487793,32.32436340694869,31.95862596530292,32.080538445851516,17512400
2025-02-07,31.8541316986084,32.2459923146762,31.671259646328476,32.09795667249345,21438700
2025-02-10,32.07183074951172,32.245989531905096,31.976041426075856,32.05441420689921,17483300
2025-02-11,32.07183074951172,32.298239159742614,31.941208340850846,32.22857298929259,16624300
2025-02-12,31.592880249023438,32.002160645445116,31.444844637812025,31.915081264951986,37364500
2025-02-13,31.627716064453125,31.636425996374747,31.366474578521736,31.523220134453712,15351300
2025-02-14,32.60301971435547,32.7249355102631,31.697382769244925,31.732212531924187,40322000
2025-02-17,32.80330276489258,33.02100454588135,32.62914399759401,32.777179614170905,22615200
2025-02-18,33.4041633605957,33.473826206383194,32.83813737494345,32.84684730683295,44062600
2025-02-19,33.47382736206055,33.66540600785535,32.97746752692476,33.18646271523417,32648200
2025-02-20,33.52608108520508,33.58703733051979,33.36062889390318,33.456414906636134,26641200
2025-02-21,33.43029022216797,33.55220270722353,33.23871156172861,33.55220270722353,30115200
2025-02-24,33.195167541503906,33.534781797621726,32.91650951997823,33.526075187765265,27830300
2025-02-25,33.04713821411133,33.473831937512365,32.942642266606256,33.19517386292132,31960900
2025-02-26,33.04713821411133,33.308379743807144,32.87297608702536,33.308379743807144,27420200
2025-02-27,31.880252838134766,31.993458706794854,30.89623974995443,31.662551033254704,129693500
2025-02-28,31.288103103637695,31.82800263996365,31.183607169286255,31.77575633372086,55476800
2025-03-05,30.1473445892334,30.574041582468602,30.08638835046635,30.49566880093013,48552000
2025-03-06,29.833850860595703,30.582745525109555,29.633565618994535,30.312797440365433,47749600
2025-03-07,30.15605354309082,30.417295032454035,29.807729342696017,29.85997896931497,28074700
2025-03-10,30.1473445892334,30.1473445892334,29.607445050782744,30.11251482555642,35037200
2025-03-11,29.69452476501465,30.391173195968047,29.52907258968947,30.260550784697806,28805400
2025-03-12,29.69452476501465,29.955769587555128,29.57261228615758,29.746774393895926,20149100
2025-03-13,29.990602493286133,30.077685217210643,29.642281563186863,29.764194054814922,19263600
2025-03-14,30.913650512695312,31.14005888581545,29.929637608506955,30.129922832923114,41529400
2025-03-17,31.48838996887207,31.706091780969324,31.00073671390245,31.009446646631318,31175900
2025-03-18,31.514511108398438,31.706089753792277,31.27068615743596,31.514511108398438,15086400
2025-03-19,31.48838996887207,31.636428928468536,31.37518409645901,31.584179297693424,21180500
2025-03-20,31.558055877685547,31.76704775529532,31.140065478734,31.488389703904957,46921900
2025-03-21,32.04570388793945,32.24598914276751,31.505804360930522,31.54063744573518,61175700
2025-03-24,32.00216293334961,32.16761509686127,31.784461144687366,31.958623239990295,20348000
2025-03-25,32.25469970703125,32.67268676728143,31.897668885450937,32.089244211899434,28036100
2025-03-26,32.55948257446289,32.768477776266636,32.350490694525185,32.350490694525185,26870300
2025-03-27,32.80330276489258,33.064547559571544,32.55947783318213,32.594310915388064,28444400
2025-03-28,32.59431457519531,32.986178489348106,32.29823998693164,32.78589322697355,22057700
2025-03-31,32.359195709228516,32.77718277035191,32.28953285997422,32.52464788284011,26049400
2025-04-01,32.481109619140625,33.06455220146952,32.394030223266356,32.481109619140625,19075600
2025-04-02,32.39402770996094,32.48110709907912,32.07182998398476,32.454983946716816,16959200
2025-04-03,31.34906005859375,31.610301561375508,31.009445772790865,31.479682470917595,65896000
2025-04-04,30.086387634277344,30.48695814288713,29.44199217640348,30.251843125734364,87263200
2025-04-07,28.893381118774414,30.086385968297748,28.832424884833735,29.53777654096604,85724900
2025-04-08,27.865829467773438,29.555194183385538,27.761331876458826,29.346202322622048,62128500
2025-04-09,28.997879028320312,29.24170730262314,27.02985622250923,27.264972903654485,106391600
2025-04-10,27.195308685302734,28.754054383614545,27.169185532080864,28.736637840844672,71250600
2025-04-11,27.735210418701172,28.127072672971266,26.803446954699407,27.430427558091342,65329400
2025-04-14,27.63071060180664,28.63214015779826,27.37817739079506,28.388311895774216,56015200
2025-04-15,26.995023727416992,27.752626737029193,26.97760718445281,27.630712597212902,58276900
2025-04-16,26.995023727416992,27.40430252147745,26.864402977051565,27.24755861759871,73227700
2025-04-17,27.528759002685547,27.823231879777154,27.18074436466253,27.36813712390689,65752700
2025-04-22,27.591222763061523,27.88569564094964,27.06474069319977,27.48414094291685,41683900
2025-04-23,27.27890396118164,28.358639034074557,27.21644027222239,27.97493157103016,71566500
2025-04-24,27.153976440429688,27.519836646987574,26.82380904080025,27.49306576528534,61589200
2025-04-25,27.234289169311523,27.421680247491018,26.94873988712869,27.073667272581687,35581500
2025-04-28,27.127206802368164,27.466297844777234,26.99335579173635,27.269981440643157,27362000
2025-04-29,27.26997947692871,27.493065045919966,26.90411927994368,27.037970280936868,33041100
2025-04-30,26.76134490966797,27.2878269937181,26.734574028408392,27.136128737262844,52798300
2025-05-02,27.493066787719727,27.493066787719727,26.743499092260265,26.94873912226097,33146600
2025-05-05,26.466875076293945,27.323524653312376,26.466875076293945,27.278906512733897,59011700
2025-05-06,26.904117584228516,27.118279512720964,26.734572085919105,26.868424780483632,52751300
2025-05-07,27.029048919677734,27.037970844856584,26.681034267427663,27.037970844856584,35050400
2025-05-08,27.40382957458496,27.689380523167465,27.17182208824881,27.296749458123315,44665000
2025-05-09,27.582300186157227,27.823233014148197,27.341367358166256,27.751845698670262,25075600
2025-05-12,28.242633819580078,28.706650528050623,28.242633819580078,28.46571939746303,53493600
2025-05-13,28.67095947265625,28.778039597102445,27.97493185572442,28.349715695301885,56165300
2025-05-14,28.474641799926758,28.662032860323656,28.28725073952986,28.55495274067052,28060100
2025-05-15,28.438949584960938,28.63526427640934,28.189093130565638,28.287251327293767,32468300
2025-05-16,28.572799682617188,28.697727054850986,28.251555923149937,28.412177802883562,48111800
2025-05-19,28.537107467651367,28.644187594737556,28.287252703111637,28.4121800853815,30200500
2025-05-20,28.65311050415039,28.920812501262326,28.510335878756315,28.59956874312177,33485800
2025-05-21,28.331867218017578,28.902965729108345,28.278327158104773,28.74234384736211,28724100
2025-05-22,27.957082748413086,28.24263199735829,27.850000929054744,28.23370837057778,42207300
2025-05-23,28.019548416137695,28.019548416137695,27.546608077366514,27.742922774402864,25732400
2025-05-26,27.93031120300293,28.135551210051986,27.787536581930034,28.073085824075825,21277100
2025-05-27,28.13555335998535,28.260480737468324,27.983855100752653,28.12662973273544,34361500
2025-05-28,28.046316146850586,28.305094504683243,28.046316146850586,28.260478074645523,30516200
2025-05-29,27.876771926879883,28.108781118127585,27.70722642135122,28.090933864491348,20778800
2025-05-30,27.57337760925293,27.903545019669494,27.57337760925293,27.796463191369874,45127700
2025-06-02,27.733999252319336,28.24263410266949,27.671535562207268,28.23371047522378,35111000
2025-06-03,27.74242401123047,27.85273087722049,27.01622983806271,27.46665333966336,59828700
2025-06-04,26.979461669921875,27.990617300008303,26.90592317427719,27.797577653130986,41952900
2025-06-05,26.9886531829834,27.246037031382834,26.85076697471688,27.117345107183116,23774000
2025-06-06,27.273616790771484,27.420693788199145,26.988655327417405,27.071386357632477,28069300
2025-06-09,26.814001083374023,27.089770018804717,26.52903961632282,26.859961988180427,43834800
2025-06-10,27.622922897338867,27.779192418777587,26.979461502758742,27.034614935826518,46241800
2025-06-11,28.542156219482422,28.643272312301686,27.85273213926984,27.85273213926984,52432400
2025-06-12,29.185617446899414,29.332694433927195,28.24800033962531,28.312346302287967,51729500
2025-06-13,29.902616500854492,30.49092443284304,29.571692412462962,30.435772755839036,74902600
2025-06-16,29.608463287353516,30.270311480957314,29.479771362284325,29.902617260823657,45972200
2025-06-17,30.279502868652344,30.417389080628983,29.75554087368837,29.764735158002566,57633400
2025-06-18,30.251930236816406,30.52769918342026,29.865854412889494,30.297891143484982,49342900
2025-06-20,30.16919708251953,30.481736135136536,29.99454424681291,30.08646605369173,85062700
2025-06-23,29.41542625427246,30.647197368933803,29.24077166996483,30.601236466729915,54592400
2025-06-24,28.836313247680664,29.26835172595621,28.624888521183443,28.762774745989166,48728300
2025-06-25,28.689231872558594,28.992580136807888,28.689231872558594,28.790347960641693,23127700
2025-06-26,28.91904067993164,29.04773436463997,28.781156217233352,28.817926342377465,17227000
2025-06-27,28.689231872558594,28.909849110793722,28.624885908613358,28.85469392458693,16482100
2025-06-30,28.845502853393555,28.946618946594032,28.588118984586675,28.689233324491045,23091100
2025-07-01,28.946617126464844,29.02015562054224,28.735194175154334,28.909848756074148,17014100
2025-07-02,29.46138572692871,29.63604205605757,28.937423752725927,29.02934730596935,28311600
2025-07-03,29.562503814697266,29.773926774181117,29.36027338649046,29.415426820856666,14322300
2025-07-04,29.525733947753906,29.70039029024885,29.387849483984727,29.415427078056997,9356900
2025-07-07,29.4705810546875,29.654424661093948,29.323502312311117,29.525732733972625,17938800
2025-07-08,29.893428802490234,29.957774770016943,29.443003523211036,29.479773649395508,28778300
2025-07-09,29.709579467773438,29.994542664613544,29.470580678540298,29.939387479440366,22338900
2025-07-10,29.636043548583984,29.810696379916788,29.158040696985875,29.424617086191546,23102800
2025-07-11,29.994544982910156,30.058890950622878,29.553313987197676,29.599274891765013,23946700
2025-07-14,29.599271774291992,30.123233745677528,29.525731529455907,29.994541823806255,24106300
2025-07-15,29.369468688964844,29.764738804693742,29.2407749922392,29.636046861264326,18688300
2025-07-16,29.222389221191406,29.369466216528142,28.92823347722185,29.32350355967536,27588900
2025-07-17,28.928232192993164,29.204002861979156,28.863886229551902,29.204002861979156,27497600
2025-07-18,28.487003326416016,29.047735483387367,28.128503358933944,28.86388835717823,57635000
2025-07-21,28.542156219482422,28.753580936585983,28.284772351645895,28.39507922263409,16412000
2025-07-22,28.81792640686035,29.02934936702388,28.487002293007126,28.54215572755064,24557100
2025-07-23,29.406234741210938,29.443003113587757,28.771964099721966,28.817926756813105,27418600
2025-07-24,29.360273361206055,29.433811858063024,29.0936952142895,29.351080829936926,17856300
2025-07-25,29.397043228149414,29.58089035629052,29.332697259288874,29.406235759886087,13341000
2025-07-28,29.43381118774414,29.81069619471502,29.121272144895695,29.562503115989017,27972800
2025-07-29,29.819887161254883,29.9669641525504,29.40623378072225,29.59007914319363,33284000
2025-07-30,30.123233795166016,30.178388978883692,29.663617783961026,29.691193622523926,27110400
2025-07-31,30.003734588623047,30.10485067867486,29.80150240851942,29.829081755455803,23544900
2025-08-01,29.608463287353516,30.251926419291433,29.45219552308149,30.15081033342508,24191800
2025-08-04,29.562503814697266,29.6636199054487,29.378656695748482,29.608464717786426,15215600
2025-08-05,29.700389862060547,29.792311667717378,29.44300249435561,29.534927806604557,20635500
2025-08-06,29.737154006958008,30.279501031044273,29.590077026185046,29.96696200857775,32854600
2025-08-07,29.902616500854492,30.196770466848765,29.810694701453233,30.003732584151,21111400
2025-08-08,28.06415557861328,29.461386985056507,28.06415557861328,28.955810050571287,107235300
2025-08-11,28.23880958557129,28.523772800001606,28.110117652148627,28.229617054141656,28045800
2025-08-12,28.312347412109375,28.744387612573107,28.174462950527868,28.303156634193854,37973300
2025-08-13,28.10092544555664,28.36750360020925,27.953848447574554,28.31234841099388,38340700
2025-08-14,27.74242401123047,28.24800094582613,27.59534702104642,28.24800094582613,43087500
2025-08-15,27.733230590820312,27.779191491292924,27.33796053489037,27.668884628840267,55416100
2025-08-18,27.907886505126953,28.08253933792421,27.595347457716215,27.806770415289346,31498100
2025-08-19,27.613733291625977,27.788386129302996,27.439078700652857,27.760810288246677,39294300
2025-08-20,27.77919578552246,27.907889482672548,27.668888906018086,27.687273970367563,23706600
2025-08-21,27.84354019165039,27.972232120163493,27.586154581328163,27.779192474097812,23327000
2025-08-22,28.644418716430664,28.644418716430664,28.014561047973388,28.099168928293892,49813600
2025-08-25,28.813636779785156,28.93584896915797,28.59741742082935,28.644421005620845,21075300
2025-08-26,28.60681915283203,28.747831703514112,28.418801223208014,28.653822738702104,21789700
2025-08-27,28.82303810119629,28.841840252501985,28.541013003898193,28.625620891701992,16349100
2025-08-28,29.076862335205078,29.26487847273611,28.870042252927504,28.935849783788836,25802500
2025-08-29,29.236677169799805,29.47169868757461,29.001655652025004,29.076862465990065,27713400
2025-09-01,29.302480697631836,29.49049861489845,29.18966958865752,29.33068392314335,9889700
2025-09-02,29.45289421081543,29.556304244256197,29.14266590356487,29.14266590356487,19812000
2025-09-03,29.19906997680664,29.471695771121478,29.06745851365973,29.255476426502494,29788800
2025-09-04,29.19906997680664,29.44349254627355,29.07685958860904,29.142665320182495,24816500
2025-09-05,28.757230758666992,29.227273756627458,28.381196718912967,29.21787268149964,46121900
2025-09-08,28.870040893554688,29.114463474600853,28.68202476487657,28.98285200521899,18164200
2025-09-09,29.09566307067871,29.283679199058255,28.964049808434062,29.01105518533279,31283900
2025-09-10,29.622112274169922,29.650315501769423,29.0674613495496,29.10506385994372,35949600
2025-09-11,29.50929832458496,29.59390620619104,29.396489011157996,29.424690442978882,17607900
2025-09-12,29.31188201904297,29.800727173585415,29.29307986854401,29.565705671563673,19318400
2025-09-15,29.565706253051758,29.659713421251947,29.1990714833982,29.424691914607884,21978400
2025-09-16,29.640913009643555,29.78192555475963,29.462296162858234,29.70671874449294,19154700
2025-09-17,29.819528579711914,29.885336108772613,29.57510599384479,29.65031459848559,29148100
2025-09-18,29.528100967407227,29.913536082014645,29.3212826939577,29.86653249948076,25702900
2025-09-19,29.19906997680664,29.565704727542858,29.05805743871042,29.54690257764424,48871300
2025-09-22,29.490501403808594,29.58450857826039,28.992255131083255,29.14266876189243,22016100
2025-09-23,29.98874282836914,30.167359669160476,29.575104489247217,29.60330771455271,39895300
2025-09-24,30.665603637695312,30.67500650572772,30.139157784469752,30.23316494793334,36414400
2025-09-25,30.421184539794922,30.834821102461998,30.308375220184555,30.740813933810628,29556300
2025-09-26,30.31777572631836,30.778419478047844,30.22376855387255,30.543397960789562,27819700
2025-09-29,29.904136657714844,30.590400834867413,29.828929845665883,30.3271743030883,35720000
2025-09-30,29.575105667114258,29.98874402270987,29.293080575114224,29.791326816924208,48611500
2025-10-01,29.49989891052246,29.659713607768296,29.424692099646293,29.565706438976942,24817000
2025-10-02,29.21787452697754,29.528102853503412,29.161469865719702,29.499899626338568,25497100
2025-10-03,29.14266586303711,29.452894169856247,29.14266586303711,29.293079478884465,19756800
2025-10-06,28.87944221496582,29.358886305747735,28.860641857088105,29.330684872395263,21245400
2025-10-07,28.982851028442383,29.011054253675905,28.531610183136415,28.879440995657866,29068800
2025-10-08,28.813636779785156,29.21787406405061,28.67262423233884,29.21787406405061,17687400
2025-10-09,28.399995803833008,28.992250958851503,28.38119544749133,28.82303520027479,22879700
2025-10-10,28.146177291870117,28.352995580691505,28.08037155420294,28.296590918844192,50214400
2025-10-13,28.418800354003906,28.456404656007308,28.174377770197225,28.343593543068913,13890500
2025-10-14,28.22138214111328,28.63501868996643,28.08976888186751,28.155576408026267,28138200
2025-10-15,27.967559814453125,28.362396024732984,27.892353002641336,28.24958491047938,40261000
2025-10-16,27.68553352355957,28.02396326557058,27.647929222740707,27.95815753220932,28660900
2025-10-17,27.94875717163086,28.15557724527932,27.553920968295927,27.732537815609106,36238600
2025-10-20,27.967559814453125,28.108572362466255,27.713736152186396,27.920556229472695,31442800
2025-10-21,27.741939544677734,28.19318041824305,27.70433524201137,28.164977191243274,25509900
2025-10-22,28.061567306518555,28.230783072492873,27.845347958027702,27.976959423531397,27088800
2025-10-23,28.381196975708008,28.87944141048834,28.30599016707673,28.691425285446016,40060800
2025-10-24,28.052167892456055,28.625620957086774,28.023964665433088,28.48460661504379,24370300
2025-10-27,28.202579498291016,28.352993112169496,27.91115334553542,28.352993112169496,24771400
2025-10-28,28.193180084228516,28.531611631928904,27.976960725674076,28.108572197303417,25324800
2025-10-29,28.22138214111328,28.352993607287306,28.01456207361496,28.287187874200292,24854900
2025-10-30,28.09916877746582,28.352992417064886,27.976958391587566,28.127372001778493,22657200
2025-10-31,27.967559814453125,28.28718921292119,27.779541888387733,28.20258132549895,29516300
2025-11-03,28.29659080505371,28.64442164363056,28.014563910807542,28.089770723992146,54977300
2025-11-04,28.437602996826172,28.447004072489612,28.117973596556592,28.202581484455706,35035200
2025-11-05,29.00165367126465,29.095662630568306,28.399997407564307,28.437601708514475,40375900
2025-11-06,29.152069091796875,29.40589275969264,29.048659050860405,29.123865864340054,43435700
2025-11-07,30.25196647644043,30.25196647644043,29.00165222149766,29.34948302254015,97315600
2025-11-10,30.421184539794922,30.599799594689966,30.016947259535534,30.364778086917934,41064200
2025-11-11,31.210857391357422,31.436476033773324,30.505792858056324,30.5904007454982,68221300
2025-11-12,30.411779403686523,31.26725748474499,30.157959350024388,31.26725748474499,67646400
2025-11-13,30.54339599609375,30.966431831031983,30.383579509843518,30.421183810860455,38517200
2025-11-14,30.740812301635742,31.182650274210246,30.62800298801496,30.646801551832237,27371300
2025-11-17,30.9100284576416,31.098046373492686,30.769014124217417,30.79721555644487,63708200
2025-11-18,31.013439178466797,31.18265136172766,30.71260835474731,30.74081337374374,26520500
2025-11-19,30.853622436523438,31.00403605406936,30.590399502353954,30.834820286062257,48719300
2025-11-21,30.618600845336914,30.778417330717318,30.421183645287748,30.609201563205602,40869300
2025-11-24,30.59040069580078,30.787817904129884,30.421184921191934,30.609202846995505,38665600
2025-11-25,30.345975875854492,30.496389497084934,30.16736082131322,30.411781611008834,28431100
2025-11-26,30.298973083496094,30.468188860070804,30.176760892382426,30.43998742602292,25042100
2025-11-27,30.458789825439453,30.458789825439453,30.270771895920696,30.345976916041963,16087400
2025-11-28,29.88533592224121,30.3741810909243,29.415292904600967,30.33657678883861,60420500
2025-12-01,29.941740036010742,30.242565481848633,29.67851530542889,30.03574899643796,29489100
2025-12-02,30.148557662963867,30.148557662963867,29.556304273293392,30.016946197053038,25574100
2025-12-03,30.37417984008789,30.552794888423946,30.223766224082926,30.223766224082926,36630000
2025-12-04,30.571598052978516,30.78781740902528,30.50579231792705,30.543396619711775,33009700
2025-12-05,29.490501403808594,30.938233048614887,29.490501403808594,30.552797895532386,74495100
2025-12-08,29.763124465942383,30.073352793496138,29.603309764289122,29.67851657723937,30271600
2025-12-09,29.951139450073242,29.98874195631538,29.452893242595252,29.716117958576927,23863000
2025-12-10,30.026348114013672,30.0733516979934,29.650314062960483,29.96994166155185,22123700
2025-12-11,29.528100967407227,29.988742889911904,29.377687351612707,29.969940739669656,64927900
2025-12-12,29.697317123413086,29.819527515449032,29.46229562151401,29.52810135515427,39659900
2025-12-15,29.80072784423828,29.988743974243842,29.697317807238555,29.781925693316186,31898900
2025-12-16,28.898242950439453,29.640911738922284,28.776032561397223,29.640911738922284,52661900
2025-12-17,29.21787452697754,29.21787452697754,28.97345193743111,29.011056240317572,39337100
2025-12-18,29.04865837097168,29.4058920714428,28.982852634851163,29.330685259723378,34311000
2025-12-19,29.152069091796875,29.36828845641688,29.114464788521115,29.208473753638643,45807700
2025-12-22,29.236677169799805,29.64091446726397,29.236677169799805,29.37768972185031,35896900
2025-12-23,29.393901824951172,29.646043736428435,29.287227752568786,29.626647777922397,35703900
2025-12-26,29.490880966186523,29.510276925480746,29.209646955222254,29.3939030194159,20178600
2025-12-29,29.80120849609375,29.878790482476763,29.59755647547602,29.636346543817293,20588100
2025-12-30,29.88848876953125,30.02425678467342,29.72362681555841,29.869092810310804,16880600
2026-01-02,29.78181266784668,30.024256607570734,29.442392631993375,30.024256607570734,21625200
2026-01-05,29.287227630615234,29.839999497832675,28.831431856123352,29.772115493044623,48211400
2026-01-06,28.744152069091797,29.510275784282232,28.724757960248056,29.45208975835018,38095000
2026-01-07,28.928409576416016,28.928409576416016,28.637477601072533,28.773245609606107,28132900
2026-01-08,29.287227630615234,29.422995640191335,28.88961973139917,29.005991782549994,34125800
2026-01-09,29.38420295715332,29.810904782881128,29.22903899319782,29.258132930077107,27982800
2026-01-12,29.442392349243164,29.64604436879937,29.296924507045357,29.384204472483862,18947400
2026-01-13,30.198816299438477,30.37337623060062,29.442392397336448,29.442392397336448,54097100
2026-01-14,31.02312660217285,31.546804555146792,30.257004707153456,30.402470702440635,82309300
2026-01-15,30.829172134399414,30.964940148173657,30.489750250263345,30.547936277637955,26456600
2026-01-16,31.07161521911621,31.22677918765084,30.916449400881174,30.984335255602932,70947300
2026-01-19,31.197683334350586,31.236475251252553,30.94554327328942,30.994031319716473,12852900
2026-01-20,31.31406021118164,31.537108192288052,30.97463832488466,31.1976844562906,26300000
2026-01-21,32.41960525512695,32.53597731516964,31.449829456168686,31.51771346614368,93270900
2026-01-22,32.56507110595703,33.09844702276639,32.254739465888875,32.37111521818976,71516300
2026-01-23,33.9809455871582,34.40764561575315,32.8560057850432,32.92388979642419,68642600
2026-01-26,34.2912712097168,34.62099511363334,33.98094326478369,34.300967339508055,39869600
2026-01-27,35.03799819946289,35.34832613745386,34.30096657218372,34.43673458262966,47268200
2026-01-28,36.21142578125,36.30840187415511,35.3968140228843,35.445302069336854,46054700
2026-01-29,36.560546875,37.41395057923825,36.43447499042595,36.85147886298549,58722800
2026-01-30,36.61872863769531,36.832080474533065,35.901096694624016,36.10474870284149,45794700
2026-02-02,36.11444854736328,36.11444854736328,35.51318495226501,35.6683489156515,38505600
2026-02-03,36.444175720214844,37.16180772835154,36.01747200785149,36.37628801191983,57152800
2026-02-04,36.385986328125,36.541150299058124,35.85261040925496,36.318102322054315,37955800
2026-02-05,35.8817024230957,36.473266217110336,35.78472632873957,36.26961419932195,35933100
2026-02-06,35.54228210449219,36.14354202329389,35.348326217955915,36.08535414751275,27681100
2026-02-09,36.19203186035156,36.318103747746534,35.44530406485983,35.55197999270165,27089800
2026-02-10,36.22112274169922,36.444174419419284,35.79442274396702,36.19203065304047,24585300
2026-02-11,36.92906188964844,37.29757400662855,36.550846244220125,36.58963816160778,55863800
2026-02-12,35.98837661743164,36.899964438544075,35.6877448203304,36.899964438544075,39856000
2026-02-13,35.775028228759766,36.03686813545773,35.425908353162484,36.03686813545773,27507000
2026-02-18,36.06595993041992,36.25991582632166,35.736236017207275,35.949587872639285,32276700
2026-02-19,36.66722106933594,37.08422492220805,36.308401391673385,36.36658926628372,48355000
2026-02-20,36.822383880615234,36.822383880615234,36.31810008134505,36.53144821608966,51949800
2026-02-23,37.423648834228516,38.06370072390281,36.706013103671935,36.82238886499537,55061500
2026-02-24,38.374027252197266,38.46130722022217,37.68548733744582,37.68548733744582,43263600
2026-02-25,38.374027252197266,38.76193904328594,37.850347444047856,38.732843254343635,26012300
2026-02-26,38.412818908691406,38.597074973528855,37.7921630067116,38.11218708768201,29919100
2026-02-27,38.14128112792969,39.05286897974784,38.14128112792969,38.71344525557453,38799000
2026-03-02,39.88687515258789,40.274783208821596,39.29531138997576,40.051735244122064,83817000
2026-03-03,39.712318420410156,40.73058223644099,39.5183625270231,40.43965024606089,93893800
2026-03-04,39.275917053222656,39.92566501641542,38.723145183240476,39.71231687147196,50915600
2026-03-05,39.460174560546875,39.537758397487806,38.77163465500042,39.30501058606597,53107600
2026-03-06,40.885746002197266,41.816729846413295,40.16811031015515,40.633605931664114,87228000
2026-03-09,41.85552215576172,42.93197385417998,41.38033039992446,41.94280212318485,107124400
2026-03-10,41.63247299194336,41.79733309273498,40.75967334245573,41.03121306640792,56706200
2026-03-11,43.445953369140625,43.52353720576205,41.92340571975425,41.9428016789096,73234300
2026-03-12,43.63991165161133,44.69696743737085,42.86409173990736,44.01812362735444,86124400
2026-03-13,43.319881439208984,43.96963312233328,42.95136931384393,43.261697261204475,42520400
2026-03-16,44.47391891479492,44.599990805009604,43.44595523189268,43.523539071840524,40474100
2026-03-17,44.97819900512695,45.83159897659459,44.41572731086798,44.46421535706942,51025600
2026-03-18,45.5794563293457,45.72492415909321,45.14305653950377,45.28852436925127,55074700
2026-03-19,45.36610794067383,46.6753074095245,45.27882797608378,45.77341567522765,84865000
2026-03-20,44.28965377807617,45.82190113677482,43.56232201400038,45.37580520933116,78125700
2026-03-23,44.63877868652344,44.78424653562016,42.980462963945904,43.07743906374301,65252400
2026-03-24,45.84130096435547,46.50074878207379,44.968501294022104,44.99759708263386,57455300
2026-03-25,46.06434631347656,46.11283435918954,44.900614719361215,45.094570601613896,40532900
2026-03-26,46.56863021850586,47.005030029576346,46.083742361627706,46.16132249503981,59986800
2026-03-27,47.91661834716797,47.9457104350629,46.675306604973706,47.034122586814085,54170900
2026-03-30,48.168758392333984,49.15793007385836,47.99420216561867,48.24634222589705,51454300
2026-03-31,47.19898223876953,49.022161617466466,46.209814265666665,48.55666971853548,78931700
2026-04-01,45.93827438354492,46.617118120967056,45.35641043684066,46.25830214381279,66488400
2026-04-02,46.6947021484375,47.96510596723777,46.50074626559295,47.80994200084229,38536900
2026-04-06,47.46082305908203,47.51901093486821,46.43286314933203,46.539539071906276,27848100
2026-04-07,47.043819427490234,48.06208691201583,46.937147203795966,47.606291131300594,33362800
2026-04-08,45.20124816894531,45.23034025755306,43.18411283905469,43.348976639767336,87580500
2026-04-09,46.4522590637207,47.08261107016735,45.608551512927775,46.103139208137534,58206500
2026-04-10,47.54810333251953,47.54810333251953,46.09343972300512,46.09343972300512,42860900
2026-04-13,48.27543258666992,48.72153221489623,47.76145265560563,48.246340499824974,60941100
2026-04-14,46.432865142822266,48.14936870850001,46.22920941852755,48.11057678964378,58646800
2026-04-15,45.47278594970703,46.646213761261095,45.31762197214121,46.500749613206224,61852100
2026-04-16,47.1117057800293,47.208681871294765,45.34671058391167,45.86069422594074,54484300
2026-04-17,44.823036193847656,45.143060266552816,43.513836716233236,45.09457221910063,105186900
2026-04-20,45.59885787963867,46.044953853127105,45.104270157352815,45.81220973626403,41904500
2026-04-22,46.22920608520508,46.529837885562536,45.821902064785995,46.20011399786107,51063000
2026-04-23,46.97968673706055,47.28455940328853,46.12408119195152,46.57646998577134,38666800
2026-04-24,46.37977981567383,46.73382453780353,45.681527031243874,46.714154969731155,34880200
2026-04-27,46.5863037109375,47.373067659989125,46.38961178577799,46.43878758075769,31543600
2026-04-28,46.73382568359375,47.24522321125404,46.67481697792989,46.86167600340548,29389700
2026-04-29,48.150001525878906,48.48437669279139,47.20588473162716,47.30422882418338,47685000
2026-04-30,48.26801681518555,48.563052831460084,47.491085762779626,48.00248327506252,36666100
2026-05-04,48.52371597290039,49.025276848948245,48.11066252946099,48.464707266241426,41319600
2026-05-05,47.85496520996094,48.218842852143254,47.53042670520012,48.071326714192566,28066500
2026-05-06,46.48796081542969,46.70432231380818,45.81921050370212,45.93722416118741,62009100
2026-05-07,45.4553337097168,45.878220054390674,44.452208223624346,45.63235607500291,71214500
2026-05-08,44.9144287109375,45.77987094487844,44.9144287109375,45.62251815248795,32914200
2026-05-11,45.66185760498047,45.740532125927786,44.894763205708145,45.44549610709893,50622200
2026-05-12,44.92426681518555,45.48483639057489,44.64890035754492,45.48483639057489,81072700
2026-05-13,43.8326301574707,45.07178672047662,43.62610531416526,45.012778014566514,57251900
2026-05-14,44.255516052246094,44.619393689342544,43.64577443708161,43.724448959238366,47760000
2026-05-15,44.71773910522461,44.786580715221525,44.23584408365985,44.639060835750215,59380500
2026-05-18,45.67169189453125,45.69136146325959,43.73428626962283,44.353860802425636,57388200
2026-05-19,45.327484130859375,45.534008976539916,44.83575616404666,45.2291400381315,40943000
2026-05-20,43.86213302612305,45.642189611972974,43.80312807127291,45.01277841632718,52780200
2026-05-21,44.20634460449219,44.894764502705456,43.763788687670335,44.353860742375055,57725900
2026-05-22,43.744117736816406,44.00965127851964,43.144209040922405,43.999818370272784,39634300
2026-05-25,42.68198776245117,43.095037441642695,42.25910142332469,42.77049894393315,26720900
2026-05-26,42.72132110595703,43.07536581496661,42.445954666321306,42.642646588169555,36040500
2026-05-27,42.11157989501953,42.4754575151079,41.45266626535718,41.55101035135304,53745400
2026-05-28,41.80670928955078,42.46562670332492,41.55101240238803,42.3869484293754,37534800
2026-05-29,41.30514907836914,41.649357153387555,41.12812671076348,41.501841014773944,73281800
2026-06-01,41.66902542114258,42.3082732566021,41.26580865231648,41.698531649213336,73925300
2026-06-02,41.56999969482422,41.97999954223633,41.439998626708984,41.900001525878906,27318300
2026-06-03,41.25,41.869998931884766,41.25,41.650001525878906,42895100
2026-06-05,40.88999938964844,41.43000030517578,40.650001525878906,41.029998779296875,34730900
2026-06-08,41.220001220703125,41.31999969482422,40.83000183105469,41.20000076293945,34043600
2026-06-09,41.16999816894531,41.369998931884766,40.70000076293945,40.880001068115234,56680400
2026-06-10,41.650001525878906,42.040000915527344,41.0099983215332,41.209999084472656,44953200
2026-06-11,41.7599983215332,42.150001525878906,41.15999984741211,41.650001525878906,52321500
2026-06-12,41.18000030517578,41.529998779296875,40.81999969482422,41.060001373291016,34082200
2026-06-15,39.060001373291016,39.91999816894531,39.060001373291016,39.84000015258789,54174000
2026-06-16,38.540000915527344,38.779998779296875,38.20000076293945,38.45000076293945,36250100
2026-06-17,38.56999969482422,38.86000061035156,38.27000045776367,38.709999084472656,66882000
2026-06-18,38.849998474121094,39.09000015258789,37.40999984741211,38.29999923706055,53332600
2026-06-19,38.79999923706055,39.11000061035156,38.619998931884766,38.86000061035156,44775800
2026-06-22,39.16999816894531,39.209999084472656,38.47999954223633,38.75,35488200
2026-06-23,39.33000183105469,39.56999969482422,38.84000015258789,38.959999084472656,27398600
2026-06-24,38.290000915527344,38.97999954223633,38.130001068115234,38.900001525878906,59191400
2026-06-25,38.45000076293945,38.66999816894531,37.91999816894531,38.119998931884766,25152300
2026-06-26,38.060001373291016,38.25,37.93000030517578,38.06999969482422,23383000
2026-06-29,38.13999938964844,38.369998931884766,37.91999816894531,38.20000076293945,14924800
2026-06-30,37.79999923706055,38.18000030517578,37.7400016784668,38.16999816894531,31974300
2026-07-01,37.83000183105469,37.84000015258789,37.400001525878906,37.5,21094300
2026-07-02,37.959999084472656,38.459999084472656,37.650001525878906,37.88999938964844,21888800
2026-07-03,38.25,38.25,37.86000061035156,38.06999969482422,10369500
2026-07-06,37.77000045776367,38.02000045776367,37.61000061035156,37.95000076293945,20811400
2026-07-07,38.439998626708984,38.77000045776367,37.91999816894531,38.0,39823600
2026-07-08,39.650001525878906,39.75,39.0,39.650001525878906,40215300
2026-07-09,39.209999084472656,39.97999954223633,38.88999938964844,39.7400016784668,33386500
2026-07-10,39.650001525878906,39.970001220703125,39.34000015258789,39.63999938964844,27316800
2026-07-13,40.65999984741211,40.91999816894531,40.2400016784668,40.5099983215332,43045700
2026-07-14,40.65999984741211,41.310001373291016,40.11000061035156,41.20000076293945,32649500
2026-07-15,40.59000015258789,40.79999923706055,40.22999954223633,40.40999984741211,25608800
2026-07-16,39.88999938964844,40.86000061035156,39.88999938964844,40.380001068115234,20551700
2026-07-17,40.900001525878906,41.11000061035156,40.40999984741211,40.40999984741211,32168300
2026-07-20,41.150001525878906,41.439998626708984,40.470001220703125,41.20000076293945,26987600
2026-07-21,41.65999984741211,41.70000076293945,41.130001068115234,41.209999084472656,38631400
2026-07-22,42.58000183105469,42.7400016784668,41.970001220703125,42.099998474121094,38292200
2026-07-23,42.95000076293945,43.4900016784668,42.86000061035156,43.400001525878906,25257900
2026-07-24,42.209999084472656,42.90999984741211,42.150001525878906,42.369998931884766,29151600
2026-07-27,41.0099983215332,41.47999954223633,40.81999969482422,41.20000076293945,32902600
2026-07-28,41.209999084472656,41.77000045776367,40.88999938964844,41.02000045776367,29946800
2026-07-29,42.0,42.400001525878906,41.75,42.15999984741211,31465400
2026-07-30,42.84000015258789,42.84000015258789,41.81999969482422,42.0,25268900
2026-07-31,43.41999816894531,43.54999923706055,42.86000061035156,43.0,24997300
2026-08-03,43.04999923706055,43.09000015258789,42.349998474121094,42.400001525878906,24400900
2026-08-04,42.5,43.09000015258789,41.77000045776367,43.09000015258789,27216700
2026-08-05,41.93000030517578,42.9900016784668,41.75,42.529998779296875,32365700
2026-08-06,42.130001068115234,42.470001220703125,41.91999816894531,42.02000045776367,46662600
2026-08-07,40.869998931884766,42.959999084472656,40.83000183105469,42.900001525878906,97926700
2026-08-10,42.22999954223633,42.470001220703125,41.060001373291016,41.31999969482422,74915200
2026-08-11,41.65999984741211,42.5,41.0099983215332,42.400001525878906,53988900
2026-08-12,41.45000076293945,41.970001220703125,41.150001525878906,41.5,63890300
2026-08-13,41.900001525878906,41.959999084472656,41.06999969482422,41.150001525878906,37063800
2026-08-14,42.09000015258789,42.459999084472656,41.630001068115234,41.630001068115234,34127900
2026-08-17,42.470001220703125,42.7599983215332,41.720001220703125,42.349998474121094,47636500
2026-08-18,42.599998474121094,43.20000076293945,42.41999816894531,42.79999923706055,36838100
2026-08-19,43.11000061035156,43.970001220703125,42.84000015258789,42.84000015258789,49580800
2026-08-20,44.31999969482422,44.630001068115234,43.470001220703125,43.75,44893400
2026-08-21,44.29999923706055,44.619998931884766,44.15999984741211,44.34000015258789,52792400
