Price,Close,High,Low,Open,Volume
Ticker,PETR3.SA,PETR3.SA,PETR3.SA,PETR3.SA,PETR3.SA
Date,,,,,
2015-01-02,2.496523380279541,2.682375697530309,2.496523380279541,2.6574104214009315,12710900
2015-01-05,2.29402756690979,2.485427563395826,2.288479610571093,2.3966623783056202,25730600
2015-01-06,2.23577618598938,2.3661500343172075,2.1581064876556284,2.2968021413398114,29754600
2015-01-07,2.3439583778381348,2.3606019860522034,2.241323543384714,2.3023497541147293,34128300
2015-01-08,2.5020711421966553,2.5686450303311847,2.3633754096458284,2.3855667056906715,37487300
2015-01-09,2.576967239379883,2.576967239379883,2.4354974990890996,2.5214889876603124,20691700
2015-01-12,2.4327239990234375,2.624124050437185,2.4022107594861946,2.563097835903894,23207000
2015-01-13,2.449366569519043,2.5547753560158775,2.4216273177152563,2.4216273177152563,22219700
2015-01-14,2.3578274250030518,2.432723246659353,2.338410107332653,2.427175290444318,17690000
2015-01-15,2.5658717155456543,2.574193387578595,2.3966629733228753,2.4382715980287637,27271300
2015-01-16,2.560323715209961,2.643541227777668,2.535358699526711,2.5714196304574233,21205500
2015-01-19,2.4632365703582764,2.5714193514105683,2.4493669423452413,2.5603234373672197,8273500
2015-01-20,2.4660110473632812,2.6490894334286765,2.4327240921278643,2.565871913069532,17440000
2015-01-21,2.62412428855896,2.629671982452024,2.4798805437622407,2.5242634176128442,12346000
2015-01-22,2.721210241317749,2.8182970901080613,2.6629580262271215,2.6796013650866715,25931200
2015-01-23,2.6407675743103027,2.8182979896984337,2.624123965597073,2.6796022204058634,11862600
2015-01-26,2.646314859390259,2.6490888378381756,2.55477568693817,2.6102539331907777,13347600
2015-01-27,2.6740541458129883,2.7406280420885447,2.5353583963016724,2.626897569815849,18123800
2015-01-28,2.3938889503479004,2.529810737392832,2.3467323687949766,2.5048454572129097,30769100
2015-01-29,2.349506139755249,2.4410453159562575,2.2191320573163877,2.4160800379848633,54051700
2015-01-30,2.2302279472351074,2.2662888787954945,2.185845343634995,2.227453968374804,35742100
2015-02-02,2.3772454261779785,2.3772454261779785,2.221906311069533,2.296801889718665,13921700
2015-02-03,2.715662717819214,2.715662717819214,2.4632365004067998,2.466010478838861,20471800
2015-02-04,2.746176242828369,2.9403505397190437,2.6324457495040128,2.773915503681665,35123000
2015-02-05,2.6796023845672607,2.812750468806641,2.6657327538800666,2.7073416459416486,19204200
2015-02-06,2.504845142364502,2.690697466408429,2.446592917447135,2.687923487950186,33525300
2015-02-09,2.552001953125,2.6102541834095794,2.402210541613392,2.4604627718979715,19170100
2015-02-10,2.449366569519043,2.6962450640411904,2.449366569519043,2.5159404563987984,16487700
2015-02-11,2.4549150466918945,2.518714969023021,2.399436531310364,2.482654039841493,11451100
2015-02-12,2.599158525466919,2.6019325041726074,2.5325846237774137,2.543680274058998,19248800
2015-02-13,2.7128889560699463,2.7628195136705083,2.621349776829693,2.621349776829693,20922500
2015-02-18,2.7600462436676025,2.8321681199323447,2.7184376113447613,2.7406289171891074,15097200
2015-02-19,2.6740541458129883,2.7434020205686465,2.6407671976752103,2.7434020205686465,12300100
2015-02-20,2.646314859390259,2.704567084090783,2.615801890086611,2.6851497640376567,9923900
2015-02-23,2.6019325256347656,2.6324454980255174,2.568645574515444,2.6324454980255174,11294700
2015-02-24,2.701793670654297,2.7156633012532154,2.62967180317288,2.62967180317288,15043400
2015-02-25,2.5797410011291504,2.585288693563927,2.477106177944869,2.5076191476890126,32387000
2015-02-26,2.552001953125,2.618575855009899,2.5187150021825504,2.5852889040674496,12633400
2015-02-27,2.6296708583831787,2.662958065677616,2.5131666910170694,2.565870950907902,17673200
2015-03-02,2.574192762374878,2.6768275743244656,2.5381318396021384,2.5963840587671605,11029100
2015-03-03,2.637993097305298,2.6768277360677577,2.6019321723536315,2.621349491734861,11906300
2015-03-04,2.538132667541504,2.607480557523963,2.5381326675415044,2.579741560255703,12520600
2015-03-05,2.5547754764556885,2.5797407513478126,2.5242625096659386,2.5658711247920634,17478900
2015-03-06,2.5214884281158447,2.5686449977482395,2.5214884281158447,2.5381317676678004,10129200
2015-03-09,2.438272476196289,2.524263999977974,2.4327247810233334,2.510394365233666,15704800
2015-03-10,2.307896852493286,2.4465925818891057,2.2995751828010476,2.402209990809021,22419600
2015-03-11,2.349506139755249,2.3744714177266437,2.313445212078919,2.3356365114887905,16459800
2015-03-12,2.2968013286590576,2.43827104376639,2.277384010149036,2.4105317905739674,14975800
2015-03-13,2.2607407569885254,2.291253993154816,2.1997146814676927,2.244097414117063,31001700
2015-03-16,2.288480043411255,2.3106713438810402,2.213584338190437,2.3023496723401626,17238000
2015-03-17,2.4160804748535156,2.4299501056278405,2.260741086355243,2.2746107171295677,24537000
2015-03-18,2.5214884281158447,2.5270361197861257,2.355053445349613,2.413305662863683,19371200
2015-03-19,2.410532236099243,2.5159410473550006,2.4022105644199176,2.510393354415841,11472400
2015-03-20,2.5409066677093506,2.5409066677093506,2.421628211296835,2.4660110834684095,27842600
2015-03-23,2.5575497150421143,2.585288706436411,2.5103931386765446,2.5436800870743905,9867300
2015-03-24,2.5630974769592285,2.5880627550694086,2.5159408993158117,2.5436801560029356,9696700
2015-03-25,2.6962456703186035,2.7128890135104062,2.5797412098113,2.5797412098113,31587700
2015-03-26,2.560323715209961,2.732306697969106,2.5520020433155444,2.7212110472628237,21363700
2015-03-27,2.5575497150421143,2.6268975903395813,2.5103931386765446,2.5520017580385645,14525900
2015-03-30,2.660184621810913,2.66850629303496,2.579741094535369,2.601932394160267,11144500
2015-03-31,2.6574108600616455,2.7128891136507987,2.582515283851584,2.6490891881585674,9525900
2015-04-01,2.796107053756714,2.8460376218906185,2.6906982235524812,2.7184374868582553,19197100
2015-04-02,2.9403507709503174,2.951446423255966,2.7794636802478014,2.79055933255345,15862500
2015-04-06,2.934802770614624,3.034663639939338,2.932028791442523,2.973637685400398,11421800
2015-04-07,3.004150152206421,3.0235674740293206,2.887645692186684,2.940350229336225,15768100
2015-04-08,2.9292542934417725,3.1206543079300455,2.893193367471866,3.065176062030629,24057800
2015-04-09,3.2010977268218994,3.206645683502517,2.9320279122580564,2.9486715177587737,23812300
2015-04-10,3.281541585922241,3.3148285358214493,3.123428507765713,3.1650371290044323,18826500
2015-04-13,3.445201873779297,3.55893232739254,3.3286974421410713,3.3286974421410713,31381900
2015-04-14,3.453524112701416,3.578350234453776,3.3924979087958285,3.5617068926420736,25220000
2015-04-15,3.725367784500122,3.730915476722567,3.4868109344887754,3.5200978814468646,28386200
2015-04-16,3.62550687789917,3.722594010256819,3.500680753825874,3.692081040007261,43217400
2015-04-17,3.680986166000366,3.7447860984761046,3.531194468101761,3.570029382135608,22521500
2015-04-20,3.672663927078247,3.7836207018322083,3.656020582816925,3.719820510053973,13112200
2015-04-22,3.692080497741699,3.747558737565912,3.5755760618402945,3.672662915397389,19900900
2015-04-23,3.900125741958618,3.9417343732569265,3.456299106917607,3.5561599807582827,83646500
2015-04-24,4.077655792236328,4.169194983923216,3.9306383426393863,3.9888905795802425,48600500
2015-04-27,3.7808468341827393,4.041594773125151,3.7808468341827397,3.966699192663227,20522700
2015-04-28,3.7808468341827393,3.8446467632969274,3.558933542686809,3.8280034185459195,23739400
2015-04-29,3.8085856437683105,3.8501945326905593,3.7004031145610656,3.7281421093013827,15088800
2015-04-30,3.9528303146362305,3.9722476420549295,3.7863952482034704,3.7863952482034704,19747400
2015-05-04,4.171968460083008,4.191385781875746,4.0110813992658825,4.022177049510471,22172800
2015-05-05,4.343952178955078,4.41607405454799,4.122038858037551,4.133134510856366,30121400
2015-05-06,4.108168125152588,4.510385736842199,4.080428870053522,4.429942214504277,31965700
2015-05-07,4.063786506652832,4.230221559055096,3.983342959718023,4.147004032853964,16840700
2015-05-08,4.022176265716553,4.180289317026046,3.9528283990662674,4.1608719990171235,11081300
2015-05-11,4.069333553314209,4.102620503427355,3.9777943743677677,4.033272624556344,14503400
2015-05-12,4.077655792236328,4.188612572597635,4.063786161623514,4.0665601406543175,10066000
2015-05-13,4.1386799812316895,4.235767083430419,4.077653795148457,4.094297396640637,13965800
2015-05-14,4.108168125152588,4.230220265597968,4.069333220922124,4.160872392391444,15787100
2015-05-15,4.174742221832275,4.216350841951933,4.044368139827576,4.133133337171462,17299000
2015-05-18,4.061012268066406,4.366142805387781,3.9916643826013862,4.360595112111998,19513500
2015-05-19,3.814133882522583,4.061012461789786,3.780846927656421,4.0499168101677325,22139500
2015-05-20,3.800264596939087,3.894577776561164,3.7420123544984643,3.7836212502653237,14096600
2015-05-21,3.999985933303833,4.038820843219634,3.794716262051414,3.794716262051414,16444700
2015-05-22,3.9112212657928467,4.063786418556114,3.8474210667566218,4.022177788628171,14196800
2015-05-25,3.8363242149353027,3.877932831853107,3.78639366300103,3.875159118055419,6484700
2015-05-26,3.705950975418091,3.880707681901907,3.703177260997353,3.841873034599633,13851600
2015-05-27,3.750333309173584,3.7919419294909287,3.675437475152976,3.7309157237564876,13331200
2015-05-28,3.7752981185913086,3.8141330227853887,3.6893069040388227,3.7114982022808283,9775400
2015-05-29,3.6754376888275146,3.808585493216598,3.6698897313740506,3.7919421499385484,19021600
2015-06-01,3.6754376888275146,3.7531072413878133,3.642150737730244,3.6948550108322964,9073100
2015-06-02,3.8418731689453125,3.8640644723343853,3.7087250840696746,3.7087250840696746,16598900
2015-06-03,3.8363242149353027,3.9389590326015367,3.8058112468316554,3.8696111613777733,16170700
2015-06-05,3.750333309173584,3.8363245283737384,3.70317673172531,3.7531070231978925,11812100
2015-06-08,3.758654832839966,3.816907057723137,3.725367884984032,3.755880854383352,8166900
2015-06-09,3.8973517417907715,3.9556039840211983,3.7780732780472244,3.7780732780472244,41491900
2015-06-10,3.9250903129577637,4.022177460934736,3.9001252957596697,3.9583775316376135,12712600
2015-06-11,3.9250903129577637,3.955603552657427,3.8807077074395577,3.9500555946970533,15312200
2015-06-12,3.9334123134613037,3.9500556585289854,3.839099142940441,3.839099142940441,18974100
2015-06-15,3.9389595985412598,3.9722465497663144,3.900124954382615,3.913994318987175,9154200
2015-06-16,4.072107315063477,4.0998463064097015,3.9139939797712797,3.9583768420993093,20616700
2015-06-17,4.019402980804443,4.138681416668558,4.011081309442647,4.094298816684096,14400600
2015-06-18,4.10539436340332,4.108168341967856,4.022176858255324,4.041594179124766,9447000
2015-06-19,4.024950981140137,4.133133503624529,4.0110813523612965,4.055463952820654,17847400
2015-06-22,4.036046504974365,4.094298732389956,4.005533269707387,4.077655125467863,9231800
2015-06-23,3.9805691242218018,4.1359082548457575,3.9805691242218018,4.077656014726471,24852900
2015-06-24,4.055463790893555,4.119263974912332,4.022176841878123,4.022176841878123,17173700
2015-06-25,3.877934217453003,4.0915258641190055,3.869612544004305,4.066560579231683,17846600
2015-06-26,4.063786506652832,4.0748821591769016,3.9001256980581145,3.9306386763639996,11722500
2015-06-29,3.8973517417907715,4.174743321070666,3.869612478046292,3.9861169625071455,21444700
2015-06-30,3.89180326461792,3.98334245241881,3.8612902901980193,3.9528294779989093,12991600
2015-07-01,3.750333309173584,3.9445073115564533,3.7142723814460123,3.9361853758600596,18193300
2015-07-02,3.7836203575134277,3.8751595362439724,3.7531071215758045,3.814133328909888,13286400
2015-07-03,3.5922203063964844,3.805811914199775,3.575576962527323,3.7836206126801057,7678100
2015-07-06,3.564481496810913,3.6366030982233055,3.492359630857326,3.567255211238978,18756800
2015-07-07,3.6504733562469482,3.678212621627073,3.3508904541230566,3.5589341508502725,24852200
2015-07-08,3.6005425453186035,3.7225949874379047,3.5367426095380954,3.6171861563498617,12906300
2015-07-10,3.680986166000366,3.7420121193577134,3.664342555831229,3.7198208154930037,8650300
2015-07-13,3.680986166000366,3.71149914267904,3.608864296169455,3.703177469865076,7983700
2015-07-14,3.7475602626800537,3.778073240865711,3.6199601268854167,3.6560210635818597,8628800
2015-07-15,3.6560206413269043,3.7669771533153966,3.633829338929206,3.733690199718849,13722000
2015-07-16,3.680986166000366,3.7198208154930037,3.658794597594447,3.692081817932721,6559300
2015-07-17,3.500681161880493,3.683759533800559,3.4979071830232358,3.6615682320248655,14855200
2015-07-20,3.289863348007202,3.5422898546526653,3.2815416764381515,3.5145505967009356,14647600
2015-07-21,3.2870898246765137,3.4424289375091144,3.2399332421456064,3.3203767774263566,15436700
2015-07-22,3.1567158699035645,3.284315993451202,3.1483941974773173,3.251029039205018,13559000
2015-07-23,3.131749391555786,3.2510277971052246,3.095688472098023,3.1345233694850974,19147700
2015-07-24,3.0762722492218018,3.1678114371004744,3.0041503846685482,3.156715785980065,16118300
2015-07-27,2.8904199600219727,3.0651766675328442,2.890419960021973,3.0429853647893554,18864800
2015-07-28,3.0457582473754883,3.140071390547312,2.932027785741627,2.945897412303564,22546300
2015-07-29,3.2732198238372803,3.28986316605489,3.034662959361536,3.0540805446702866,19029300
2015-07-30,3.1955502033233643,3.345341602570325,3.128976042348266,3.3009587404065432,13193500
2015-07-31,3.2121944427490234,3.2870902955713257,3.1594901594802063,3.2121944427490234,15944600
2015-08-03,3.0457582473754883,3.203871566915773,3.009697588672025,3.192775918574448,22954600
2015-08-04,3.0818190574645996,3.192775801344962,3.05962776159675,3.05962776159675,12994100
2015-08-05,3.0485329627990723,3.2288376226236775,3.042985269557416,3.1622634519354915,13005800
2015-08-06,3.1789071559906006,3.1900028073475526,2.965315536692773,3.023567772452072,27305000
2015-08-07,2.9431235790252686,3.245480341893178,2.9403498652091806,3.1345238530155672,22485800
2015-08-10,3.0540802478790283,3.084593215340208,2.9015148814908716,2.981958399835008,15674700
2015-08-11,3.042984962463379,3.042984962463379,2.9098368990653216,3.0318893125586377,14126800
2015-08-12,3.059628486633301,3.1123330252146117,2.998602540806025,3.0374371855068047,18856200
2015-08-13,2.934802770614624,3.0845942068723025,2.934802770614624,3.0568552087749334,9585300
2015-08-14,2.871002435684204,2.9958285710310872,2.871002435684204,2.9514459686447445,8850400
2015-08-17,2.829393148422241,2.9015149993970093,2.8293931484222417,2.8599063816644876,12965100
2015-08-18,2.779463291168213,2.857132846435282,2.726758751688245,2.834941544930405,15321100
2015-08-19,2.710115671157837,2.8099765376327364,2.6629590847427216,2.779463561234041,17922900
2015-08-20,2.6879234313964844,2.773914910004733,2.643540835162991,2.674054068479373,15925300
2015-08-21,2.552001953125,2.660184742093839,2.54922797441117,2.6463151130658593,18503700
2015-08-24,2.4133057594299316,2.546453803878938,2.3162189027157143,2.3578275178016472,34899000
2015-08-25,2.4632365703582764,2.5880626933932898,2.4549148993669156,2.5353584243931375,24453800
2015-08-26,2.5325839519500732,2.557549224596306,2.4604621119812022,2.5381316433486254,26004500
2015-08-27,2.81829833984375,2.8293939921840314,2.5880633553769896,2.6047069661580218,27674900
2015-08-28,2.8515846729278564,3.0069240362442216,2.7489498451018064,2.7489498451018064,37019400
2015-08-31,2.9458978176116943,2.993054395685592,2.7267585343146457,2.7739151123885435,34033000
2015-09-01,2.7600462436676025,2.9181596284851112,2.743402896554959,2.823846446376023,21529300
2015-09-02,2.829393148422241,2.8543584248782103,2.6740540619824307,2.823845456177104,34904000
2015-09-03,2.840489625930786,3.0041506952845487,2.7850113645925316,2.8654549096683044,29821100
2015-09-04,2.746176242828369,2.865454694139864,2.746176242828369,2.8016547645349603,16385300
2015-09-08,2.7877845764160156,2.848810779360343,2.75727134267328,2.821071524056246,16840600
2015-09-09,2.685150384902954,2.8820984030442443,2.685150384902954,2.8293938585119687,28047900
2015-09-10,2.582514762878418,2.654636345724571,2.5381319044193114,2.5381319044193114,24682100
2015-09-11,2.443819046020508,2.5797408072201917,2.443819046020508,2.5520015535079126,16753500
2015-09-14,2.449366569519043,2.4965231388608142,2.377244726462086,2.452140547607644,16543500
2015-09-15,2.4216272830963135,2.5048447727769076,2.3966622742791315,2.4687838517639467,12618000
2015-09-16,2.6296708583831787,2.654636131583454,2.4521404970320746,2.4632361446165185,18979000
2015-09-17,2.574192762374878,2.6629582124851288,2.557549422351226,2.6047059933201067,19159500
2015-09-18,2.4715576171875,2.5658707464091113,2.4410446548974254,2.552001121898683,19306000
2015-09-21,2.3911147117614746,2.5103931420883963,2.3911147117614746,2.488201843126339,8479000
2015-09-22,2.3162193298339844,2.3633759100491316,2.2635147921623857,2.360601931320906,10890500
2015-09-23,2.2912542819976807,2.3827934729539457,2.2357760245304292,2.3300889299541576,20278100
2015-09-24,2.30234956741333,2.3855670726530707,2.219132062173589,2.235775669038,18437200
2015-09-25,2.241323709487915,2.38834115735266,2.213584580859718,2.330088921098146,16702000
2015-09-28,2.1275930404663086,2.233001852828609,2.124819061697022,2.2219062022926392,11763500
2015-09-29,2.177523136138916,2.2662884591741252,2.138688365179385,2.138688365179385,19091900
2015-09-30,2.3689234256744385,2.391114724757105,2.27461027230253,2.3855670322570144,32369200
2015-10-01,2.3217673301696777,2.4576891313557936,2.2995760264879124,2.4133065239922624,15479600
2015-10-02,2.538132667541504,2.6019328638867933,2.294028327599511,2.3134456521414135,21661700
2015-10-05,2.6074795722961426,2.710114643486109,2.5714189159269294,2.5963839246730522,16608900
2015-10-06,2.7434022426605225,2.8099761443255624,2.6352194540489546,2.6574107546039683,15749600
2015-10-07,2.8848724365234375,3.051307496705697,2.8238464770590133,2.8987420689621652,30096000
2015-10-08,2.9819586277008057,3.037436874842823,2.812749907782364,2.895967146224816,18560100
2015-10-09,2.970863103866577,3.101237188567786,2.934802175564491,3.0734979315535167,27296100
2015-10-13,2.7295327186584473,2.865454505920862,2.712889110331475,2.837715246889635,17862500
2015-10-14,2.651862859725952,2.7739150034810107,2.63521925330696,2.707341106887342,29349200
2015-10-15,2.6796023845672607,2.693472015254455,2.5603239310150743,2.685150342658619,14049600
2015-10-16,2.6906979084014893,2.7378544917733056,2.6158023295140804,2.6768282783730983,11176500
2015-10-19,2.68237566947937,2.6934713182496006,2.6158017768579844,2.6879233615939184,11924800
2015-10-20,2.7184369564056396,2.7739152076504143,2.6712803767122892,2.7184369564056396,12460400
2015-10-21,2.6324455738067627,2.7156630862712676,2.607480293613293,2.6906978060777984,9749100
2015-10-22,2.7128889560699463,2.748949884943556,2.646315055629974,2.6490890342835973,10755200
2015-10-23,2.6879234313964844,2.7877845374629846,2.674054068479373,2.7877845374629846,12267300
2015-10-26,2.6657321453094482,2.7406279751973077,2.637993154808907,2.7045670494595764,7240100
2015-10-27,2.5630974769592285,2.6712802605896244,2.557549784346498,2.66295858939995,9332100
2015-10-28,2.6074795722961426,2.69624501782197,2.5520013341806917,2.5547753122217407,1022500
2015-10-29,2.5797410011291504,2.7184367510335012,2.574193044153225,2.574193044153225,13885300
2015-10-30,2.6019325256347656,2.643541148398625,2.5464542737692297,2.5658715957868745,9324600
2015-11-03,2.9292542934417725,2.9292542934417725,2.6379931717934064,2.657410491722916,19280400
2015-11-04,2.7434022426605225,2.9958284848796772,2.737854285251184,2.932028297378136,13726800
2015-11-05,2.746176242828369,2.8016547645349603,2.6796023342298967,2.746176242828369,9185400
2015-11-06,2.6574108600616455,2.757271716522121,2.6102542783755704,2.7295327219981345,10719800
2015-11-09,2.5714192390441895,2.7017930488626263,2.5686452606545704,2.643540825386317,14441800
2015-11-10,2.5547754764556885,2.5908363996841874,2.521488531446564,2.5603231683533143,12190600
2015-11-11,2.568645477294922,2.640767334260968,2.5409062201414696,2.582515105871648,16809600
2015-11-12,2.5020711421966553,2.5825146564944905,2.5020711421966553,2.5436797561454574,11921000
2015-11-13,2.435497760772705,2.524263237602652,2.404984785183748,2.4687847153809854,31428600
2015-11-16,2.6019325256347656,2.6074802185507333,2.452141113327233,2.452141113327233,16794400
2015-11-17,2.6130282878875732,2.674054499823154,2.579741335343034,2.635219589583933,13719700
2015-11-18,2.6407675743103027,2.7184371310426103,2.6158022935110505,2.6213499867213366,12316400
2015-11-19,2.637993097305298,2.699019033800916,2.5603232906981073,2.699019033800916,17951800
2015-11-23,2.732307195663452,2.7378548897565254,2.635220035893008,2.6768286674853536,14279900
2015-11-24,2.8987412452697754,2.9348021735470726,2.7184368684244498,2.721210847032202,16262500
2015-11-25,2.6796023845672607,2.851585117281342,2.6796023845672607,2.821072141402477,18576000
2015-11-26,2.6906979084014893,2.7406284706872217,2.6601849339719807,2.687923929487573,6929600
2015-11-27,2.5880630016326904,2.687923859045941,2.5880630016326904,2.6629588430985156,12721400
2015-11-30,2.6102540493011475,2.693471554652346,2.529810522521259,2.565871450324817,31244800
2015-12-01,2.5630974769592285,2.6518629396333315,2.554775805769554,2.5936107122232968,13847500
2015-12-02,2.6268978118896484,2.6268978118896484,2.5242629795382103,2.5714195598809213,18471600
2015-12-03,2.7184369564056396,2.8571327167881604,2.6685063980147583,2.7572716000063973,25525400
2015-12-04,2.5325839519500732,2.77391447996182,2.510392657273667,2.7045666179627745,22133300
2015-12-07,2.396662950515747,2.571419648791589,2.391114992852459,2.554776040342907,15425300
2015-12-08,2.3689234256744385,2.4244016733811047,2.318992870467863,2.399436395777817,12474800
2015-12-09,2.62412428855896,2.67682857097855,2.435497934452856,2.468784891434894,23192200
2015-12-10,2.552001953125,2.6241238124375594,2.5159410234687205,2.57974121118096,23037500
2015-12-11,2.4549150466918945,2.6047064562314604,2.4521410680145843,2.5020716260414955,20315400
2015-12-14,2.4327239990234375,2.477106604305397,2.388341129200284,2.4382716924130854,12345400
2015-12-15,2.524263381958008,2.5353590341286294,2.4632371627489804,2.4660111419269395,8283500
2015-12-16,2.482653856277466,2.5214887612649046,2.424401631066882,2.4937495056251415,9814000
2015-12-17,2.4465932846069336,2.5963847047963133,2.4465932846069336,2.5520021009685245,11469100
2015-12-18,2.4022104740142822,2.4521410312934773,2.3606018526423953,2.3606018526423953,16447100
2015-12-21,2.3051235675811768,2.42717571574631,2.269062639488007,2.404984416079922,10087400
2015-12-22,2.3689234256744385,2.3855670322570144,2.2718362937819085,2.3328624985298174,7498300
2015-12-23,2.4632365703582764,2.4909755618431952,2.4133060153278105,2.4244016648300084,11095900
2015-12-28,2.388340711593628,2.460462564836743,2.3772450622132366,2.460462564836743,5461400
2015-12-29,2.3772454261779785,2.4660108993525642,2.3606020818298106,2.4160803372256843,5183400
2015-12-30,2.3772454261779785,2.393889035067335,2.3217671707821053,2.3772454261779785,8649000
2016-01-04,2.404984712600708,2.485428249944879,2.3051238517896926,2.3051238517896926,16912500
2016-01-05,2.3439583778381348,2.466010799298165,2.3162193835362572,2.421627932241041,9146500
2016-01-06,2.23577618598938,2.288480468254065,2.23577618598938,2.2801587951683184,9908400
2016-01-07,2.171976089477539,2.2385500063904282,2.1220456517928725,2.1414629780904906,10777500
2016-01-08,2.1802971363067627,2.2302275566115948,2.130366583731362,2.2191319076549654,10759800
2016-01-11,2.102628231048584,2.188619608076596,2.085984751520964,2.188619608076596,8459800
2016-01-12,1.94174063205719,2.1192711670952264,1.8945840526867932,2.113723342008744,15797700
2016-01-13,1.8862626552581787,2.019410608950175,1.8862626552581787,1.9916713472167817,14299300
2016-01-14,2.0055410861968994,2.019410717811271,1.830784362754743,1.8862627569416202,14608000
2016-01-15,1.8612971305847168,1.9528363120445251,1.8335580047288031,1.9250971861886113,16477400
2016-01-18,1.7475664615631104,1.8779404052795818,1.7475664615631104,1.8751665591259061,5738000
2016-01-19,1.7059574127197266,1.852974804456476,1.7059574127197266,1.852974804456476,13364200
2016-01-20,1.644931674003601,1.661575149412288,1.5728099472326251,1.644931674003601,12696100
2016-01-21,1.7447926998138428,1.7947231272156978,1.6393838874726716,1.6477056915082748,19709900
2016-01-22,1.7226009368896484,1.8751662892293353,1.7226009368896484,1.8307835667234786,26399700
2016-01-26,1.6532537937164307,1.7309233604633019,1.6255146627354056,1.6920885770898664,13040400
2016-01-27,1.8141405582427979,1.8834884393140687,1.6366100197361086,1.6588013205156216,21493300
2016-01-28,1.8085923194885254,2.041601188933915,1.728148806422009,1.8585227348251565,25596800
2016-01-29,1.922323226928711,1.9334188773834051,1.778079638747098,1.8335580232911564,29053400
2016-02-01,1.8252366781234741,1.952836822697816,1.8169150043259328,1.8890367504106451,17751700
2016-02-02,1.6698967218399048,1.816914265982357,1.6698967218399048,1.7697576927240126,13664300
2016-02-03,1.7142797708511353,1.7531146839800777,1.6449318817545109,1.6920884675035117,15966400
2016-02-04,1.8502013683319092,1.94174054425492,1.6809925124396472,1.7475665427376592,27839800
2016-02-05,1.7725316286087036,1.8918100569593852,1.7725316286087036,1.8335578320138368,14089800
2016-02-10,1.6976362466812134,1.7226015283964247,1.6698971182590885,1.6754449439435135,11824000
2016-02-11,1.6393836736679077,1.6782185777418435,1.6033228802714967,1.6338358491245697,12812600
2016-02-12,1.7503405809402466,1.7808536870171217,1.6809926967559077,1.7115058028327828,14200200
2016-02-15,1.7836275100708008,1.8307840918572675,1.783627510070801,1.8085927903743633,3822100
2016-02-16,1.7447926998138428,1.8474275333862833,1.7447926998138426,1.7864014554506826,13694000
2016-02-17,1.8807140588760376,1.9334183171281951,1.7780791235052158,1.7780791235052158,24782600
2016-02-18,1.8307836055755615,1.961157665564337,1.825235781678415,1.8862619768175817,14730400
2016-02-19,1.7697575092315674,1.8169140776006123,1.7503400598235626,1.8113662538084043,10001500
2016-02-22,2.0554707050323486,2.058244683161027,1.8446532612634048,1.8612967332238037,22126000
2016-02-23,1.963932752609253,2.1497851690306926,1.9500632502359545,2.0138633315109167,20439100
2016-02-24,1.950062870979309,1.983349828926201,1.8696191908684008,1.894584475463876,14172300
2016-02-25,1.9361929893493652,2.0249583313648793,1.9001320567551945,1.930645163740308,13320200
2016-02-26,1.9112268686294556,2.0388269338708946,1.9056790454568078,2.0083138402860623,10907400
2016-02-29,2.038827896118164,2.0748888298949986,1.9694800075952972,1.9833496382081106,17867800
2016-03-01,2.099853992462158,2.1275931198369,1.999993001642494,2.1054018179371066,21920700
2016-03-02,2.24687123298645,2.2579668822920635,2.047149280944263,2.0721144257466064,19386300
2016-03-03,2.52703595161438,2.5963838123950924,2.2829314499213393,2.3023490308278833,50863300
2016-03-04,2.7683677673339844,2.9153854912692223,2.5270371309373494,2.5270371309373494,52918800
2016-03-07,2.748950481414795,2.8848722904408732,2.682376566529518,2.829394028036476,22803500
2016-03-08,2.6768276691436768,2.918158488905188,2.5991581290194588,2.7461755389612965,35828200
2016-03-09,2.651862859725952,2.7988802808389237,2.60747999745569,2.7628193540487325,28823300
2016-03-10,2.721210241317749,2.757270897027141,2.560322956915124,2.726757932757232,31324900
2016-03-11,2.7988808155059814,2.8432634217134534,2.654637080790499,2.7184372756196393,14230000
2016-03-14,2.646314859390259,2.8266192258465197,2.6407671670355706,2.8182975550439147,16408600
2016-03-15,2.4715576171875,2.54367945300886,2.416079383686871,2.4937489105877515,26944700
2016-03-16,2.662958860397339,2.6879238765069395,2.432723905904163,2.471558551768776,21836600
2016-03-17,2.895967721939087,2.956993938197806,2.779463512050553,2.9181592897486954,36588400
2016-03-18,2.8571324348449707,2.9375759573469806,2.729532337303043,2.92648030819295,27464600
2016-03-21,2.8432629108428955,2.909836808192267,2.782236706002062,2.8266193042349763,10381000
2016-03-22,2.9070634841918945,2.9375767257529346,2.7323070304387187,2.7739156595149583,21415900
2016-03-23,2.751723527908325,2.865453993421004,2.73507992255814,2.8293930689465467,14058300
2016-03-24,2.771141290664673,2.8238458289267863,2.596384596946021,2.6796021079369754,14529800
2016-03-28,2.94867205619812,2.9764110510430544,2.7711413781175716,2.898741495119582,12959100
2016-03-29,2.94867205619812,3.034663284120955,2.8377152831948336,2.9126111248126407,14787100
2016-03-30,2.9680886268615723,3.131749633773588,2.948671308936796,3.0235668670331584,20811100
2016-03-31,2.94867205619812,3.0235676332747445,2.907063167118944,2.94867205619812,24100
2016-04-01,2.9209327697753906,2.92093276977539,2.92093276977539,2.92093276977539,63500
2016-04-04,2.662958860397339,2.898741508067809,2.640767558605793,2.818297972938159,25100
2016-04-05,2.723984718322754,2.793332600272243,2.6047065412576322,2.6407674716163076,48700
2016-04-06,2.699019432067871,2.8182978733901614,2.6934717390865326,2.707341368351641,64400
2016-04-07,2.7572715282440186,2.7905587426656995,2.69901929981782,2.7711411568295254,29500
2016-04-08,2.909836530685425,2.959767081206226,2.8793235634455607,2.8848712554250238,17219200
2016-04-11,2.8904199600219727,2.981959149974163,2.8737763506937584,2.940350523465421,227200
2016-04-12,3.1483936309814453,3.195550207147208,2.9264803780615862,2.945897698409436,30000
2016-04-13,3.281541585922241,3.3481154857206574,3.1594894362918122,3.2482546360230335,140600
2016-04-14,3.181680679321289,3.359211075608658,3.137298080249447,3.3148284765368157,16036300
2016-04-15,3.3148274421691895,3.398044921732067,3.1317491458555033,3.214966625418381,16220900
2016-04-18,3.264899253845215,3.4119167275424576,3.076272881488662,3.29541223456238,15257500
2016-04-19,3.4285595417022705,3.4618464967237057,3.2732204182689055,3.306507373290341,16100
2016-04-20,3.423011302947998,3.4979068736822008,3.3370198177660435,3.356437403508449,22798700
2016-04-22,3.578350305557251,3.6643417884302307,3.367532962992712,3.367532962992712,17158500
2016-04-25,3.4285595417022705,3.6338294944795924,3.3924986076270813,3.5506119746554026,8756900
2016-04-26,3.5450632572174072,3.5894458544061782,3.436880742705065,3.4618457552178885,9609100
2016-04-27,3.7170464992523193,3.7364640867787444,3.5811247092732703,3.60054203225851,19030200
2016-04-28,3.7642033100128174,3.8751600905405152,3.683759769787307,3.733690334251831,13095600
2016-04-29,3.680986166000366,3.8390992721717256,3.6366032937297375,3.8141339891886252,11832800
2016-05-02,3.680986166000366,3.7531077712900687,3.561707709321644,3.697629511628294,7876000
2016-05-03,3.556159734725952,3.6615685598690306,3.5200987999763824,3.6615685598690306,8180300
2016-05-04,3.5949933528900146,3.689306492159868,3.550610761360934,3.5783497487960534,9468600
2016-05-05,3.506228446960449,3.755880676314334,3.425784927320541,3.7253677083616563,8752100
2016-05-06,3.5866715908050537,3.6421498287885865,3.403593273188842,3.425784568382255,6254900
2016-05-09,3.3481156826019287,3.589446281968167,3.2288375045844036,3.586672567719334,14992000
2016-05-10,3.564481496810913,3.564481496810913,3.403594420170569,3.4479770255139472,8368300
2016-05-11,3.5811245441436768,3.7004029845042274,3.484037669153075,3.619959452864621,8727600
2016-05-12,3.5256450176239014,3.703175624621635,3.4951320561494326,3.622732122060693,8719800
2016-05-13,3.361984968185425,3.594993871893321,3.303732742258451,3.5450633169441574,12468200
2016-05-16,3.478489875793457,3.583898691974009,3.3952723614886864,3.3952723614886864,7985200
2016-05-17,3.43965482711792,3.5450636390656887,3.3924982463902027,3.511776687588684,9704800
2016-05-18,3.331472873687744,3.4784903341211866,3.331472873687744,3.3841771564517713,11337000
2016-05-19,3.1927759647369385,3.3037324497544427,3.084593193439026,3.3009584714937232,9408400
2016-05-20,3.142845869064331,3.370306828540606,3.1428458690643306,3.262124306126849,11506700
2016-05-23,3.0624022483825684,3.1151065186876474,3.0069239994979697,3.0235673418927704,10352100
2016-05-24,3.0762722492218018,3.1900027393412924,3.029115665824766,3.134524483739247,9698200
2016-05-25,3.079045534133911,3.1678107230899015,3.048532302024442,3.087367204463253,10917500
2016-05-27,2.909836530685425,3.051306247466944,2.901514860445667,3.0096976317270276,6963100
2016-05-30,2.934802770614624,3.02911594613635,2.8432635742649994,2.8987418350009517,2647000
2016-05-31,2.823845386505127,3.0374366912252713,2.8238453865051274,2.9403498307310727,18808400
2016-06-01,2.8876450061798096,2.9181582355567905,2.760044926211716,2.8155231643410814,10780400
2016-06-02,2.9680886268615723,2.981958253039748,2.829392894162049,2.8793234425870344,8740700
2016-06-03,2.9986026287078857,3.048532925435584,2.959767718327512,2.993054670993039,8140300
2016-06-06,2.99582839012146,3.0624022896807643,2.9791847829610534,3.0457586825203578,8077800
2016-06-07,3.087367534637451,3.128976155275065,2.9625414081834522,2.9819587292088507,13049700
2016-06-08,3.3425679206848145,3.364759221465266,3.120654648339131,3.120654648339131,13273700
2016-06-09,3.259350299835205,3.334246135832453,3.2232893711559183,3.3176025285415656,6550100
2016-06-10,3.059628486633301,3.19832425094449,3.059628486633301,3.15948960624371,10598400
2016-06-13,3.001376152038574,3.0873676393585403,2.9680892014911846,3.018019759582853,8768400
2016-06-14,2.9070634841918945,3.0485332463170485,2.8571331822086496,2.9930549860349918,12015200
2016-06-15,2.9514455795288086,3.048532443313794,2.882097706307615,2.9015150261563836,18401100
2016-06-16,2.987506628036499,2.9875066280364995,2.8599065254877125,2.9237064444915295,11684400
2016-06-17,3.1594889163970947,3.190001882648495,3.054080126790732,3.054080126790732,14227500
2016-06-20,3.2538013458251953,3.320375490054012,3.217740692733484,3.251027632577351,13260500
2016-06-21,3.312054395675659,3.3286980020841854,3.153941325229828,3.2454804991238513,8962500
2016-06-22,3.2316102981567383,3.4008192525637857,3.2316102981567383,3.33147138981758,10140100
2016-06-23,3.3425679206848145,3.348115613609341,3.281541711267988,3.3065069907812883,9435200
2016-06-24,3.1705856323242188,3.220515933501883,3.0624028281137323,3.106785435623304,15420500
2016-06-27,2.99582839012146,3.195550353340534,2.9486718117983295,3.1705850748705044,19702800
2016-06-28,3.120654821395874,3.167811404304707,3.0679505452548663,3.1151068636225117,10626500
2016-06-29,3.2094202041625977,3.270446420285947,3.1372986009708597,3.1844549219057185,9054800
2016-06-30,3.1927759647369385,3.2038716132386886,3.120654117204997,3.176132359713749,9797100
2016-07-01,3.345341682434082,3.3675329817751742,3.16781102316419,3.2038719507287534,9532100
2016-07-04,3.3342463970184326,3.4202376252241202,3.325924460450514,3.3592114130986364,2096200
2016-07-05,3.145620107650757,3.2870898566181834,3.112333154577454,3.2510289246534754,7323100
2016-07-06,3.2427077293395996,3.2565773624263685,3.0540816187997897,3.0929162739932443,8514500
2016-07-07,3.3203768730163574,3.500681271737402,3.2732202891278637,3.303733263891692,19077100
2016-07-08,3.411914825439453,3.4618451056373303,3.364758258639555,3.3924972444070205,8401600
2016-07-11,3.5755765438079834,3.575576543807983,3.439654507240739,3.467393763162499,8959600
2016-07-12,3.686532974243164,3.739237242127732,3.636602420269571,3.647698069536909,10939400
2016-07-13,3.603315591812134,3.656020125983462,3.4868111383757974,3.6227331770789597,11526200
2016-07-14,3.6948554515838623,3.7142730404460997,3.597768565437491,3.7031773887567656,11253400
2016-07-15,3.667116165161133,3.739237763178162,3.633829212720692,3.7031770964402386,10908600
2016-07-18,3.789168357849121,3.8252292894493225,3.6310552662138553,3.647698610311681,12433100
2016-07-19,3.8363242149353027,3.8696111613777733,3.7614286515750286,3.8030372684928326,8463500
2016-07-20,3.7863943576812744,3.8501945484737874,3.7558813839794887,3.8307772256218495,7650600
2016-07-21,3.8280038833618164,3.8696125148328644,3.766977661268549,3.766977661268549,5610400
2016-07-22,3.814133882522583,3.844646858347931,3.7614296034531267,3.8418731438483187,5327100
2016-07-25,3.8169071674346924,3.911220321341309,3.7836202186219725,3.877933107987435,7808000
2016-07-26,3.8113598823547363,3.839099143526709,3.766977276112541,3.7947165372845135,8019300
2016-07-27,3.7725253105163574,3.869612197500822,3.7669773523531966,3.8446469148490094,12297400
2016-07-28,3.7004027366638184,3.758654963573112,3.656020137978862,3.7392373782425774,6354400
2016-07-29,3.8862555027008057,3.927864127496868,3.7642030780943014,3.7642030780943014,14208800
2016-08-01,3.6587939262390137,3.9389594167996655,3.6587939262390137,3.8945768172140496,10835900
2016-08-02,3.5977683067321777,3.761429355787355,3.583898676982535,3.65879425436471,10422800
2016-08-03,3.758654832839966,3.764202525212049,3.561706859619831,3.6199590845030016,11324100
2016-08-04,3.7642033100128174,3.808585916407416,3.7198207036182187,3.758655616484093,11109500
2016-08-05,3.6782121658325195,3.7947166427261254,3.6698902285249706,3.7891686845210932,7594600
2016-08-08,3.814133882522583,3.8640644470924266,3.711499038883283,3.711499038883283,8091000
2016-08-09,3.7947163581848145,3.880707587585229,3.7364641241059706,3.8141336813640327,14873300
2016-08-10,3.6504733562469482,3.8280040726890188,3.642151682449407,3.8252300932427583,8104700
2016-08-11,3.7947163581848145,3.8113597024695194,3.650472630164368,3.6615682812012342,8627600
2016-08-12,3.858515501022339,3.944506977480694,3.7725242891051174,3.7725242891051174,9601500
2016-08-15,4.0277252197265625,4.033272912871411,3.8751598223960992,3.8890294520699924,11999800
2016-08-16,4.066559791564941,4.122038044712524,3.9639249571066175,4.058238119728098,9273300
2016-08-17,4.135908126831055,4.1553254514227405,3.9999863256068435,4.033273281138821,10734400
2016-08-18,4.2108025550842285,4.271828487374494,4.141454688311648,4.158098028194042,11293600
2016-08-19,4.177516460418701,4.23576869093689,4.141455530617806,4.180290174602485,5372800
2016-08-22,4.013855934143066,4.141456061907362,3.99998630328019,4.133134124664913,7997000
2016-08-23,4.141455173492432,4.208029069903522,4.01940276553095,4.038820350390046,9546800
2016-08-24,4.061012268066406,4.1747427579024485,4.052690331340948,4.0915252424361865,8019000
2016-08-25,4.119265079498291,4.141456384792538,4.055464878371412,4.077656183665659,6818700
2016-08-26,4.149777889251709,4.205256150229429,4.094299628273989,4.144229930883329,9549900
2016-08-29,4.213576793670654,4.277376976611632,4.110941969804964,4.147002896764447,9682700
2016-08-30,4.2108025550842285,4.318985057943138,4.2108025550842285,4.257959125652873,9105200
2016-08-31,4.088751792907715,4.28292584444169,4.05269085605207,4.24409119285963,12896300
2016-09-01,4.124811172485352,4.196933018967815,4.061011260663951,4.102619875804766,11314800
2016-09-02,4.335629463195801,4.349499092020383,4.196933704032305,4.202481396837438,12646400
2016-09-05,4.460455894470215,4.477099238549664,4.38833403134944,4.38833403134944,3585700
2016-09-06,4.438263893127441,4.438263893127441,4.357820370646152,4.438263893127441,13737800
2016-09-08,4.546446800231934,4.563090672212841,4.427168627654919,4.452133642002783,9276500
2016-09-09,4.299569129943848,4.479873536028237,4.299569129943848,4.452134274534699,9089800
2016-09-12,4.4465861320495605,4.4660034532548165,4.271829183037612,4.282924832946495,9557000
2016-09-13,4.108168125152588,4.404976937823346,4.094298497603055,4.3522724060433475,13450900
2016-09-14,4.144229412078857,4.238542576204789,4.097073094557074,4.160873020559214,9956400
2016-09-15,4.241315841674805,4.318985384256773,4.1664202774631915,4.205254916483606,9303600
2016-09-16,4.133133411407471,4.2329945247541225,4.130359697346521,4.216350917682628,12051100
2016-09-19,4.130359649658203,4.249637818218978,4.1164900213489535,4.213576890431391,5894000
2016-09-20,4.174742221832275,4.288472697064418,4.166420550716575,4.219124820504218,12004300
2016-09-21,4.255186080932617,4.269055710237874,4.1608729191062865,4.2024815424808795,13962700
2016-09-22,4.310664653778076,4.371690868529092,4.288473351057924,4.341177628882987,9765100
2016-09-23,4.152551174163818,4.299568607309987,4.105394594081641,4.280151285349504,12389800
2016-09-26,4.077655792236328,4.149777659789997,4.0665601406543175,4.133134050146381,6602400
2016-09-27,4.063786506652832,4.08320409697587,3.9334126556303226,4.077656138443224,8197700
2016-09-28,4.252411365509033,4.274602662736727,4.055463404207404,4.10539395524028,10151000
2016-09-29,4.180289268493652,4.296793704276826,4.1553239944628135,4.23576777280268,9164700
2016-09-30,4.199707984924316,4.2856992136507195,4.166421032074625,4.22189928682411,10193800
2016-10-03,4.324533939361572,4.3411772828042805,4.210803455852089,4.241316428524505,9285200
2016-10-04,4.330081939697266,4.368916851388885,4.280151641283689,4.3328559186483515,12083100
2016-10-05,4.466003894805908,4.513160477716296,4.382786379991035,4.388334073223393,12881200
2016-10-06,4.660177230834961,4.685142509460482,4.479872852270228,4.493742745441254,12237900
2016-10-07,4.701786518096924,4.746169119371177,4.637986065818137,4.6879166245222565,12601400
2016-10-10,4.851579189300537,4.89041384534523,4.743396630843173,4.748944590015989,13174600
2016-10-11,4.737846851348877,4.854351303803452,4.654629612059454,4.846029368241588,9772800
2016-10-13,4.8543524742126465,4.879317757835191,4.6352128799886225,4.7267526059929095,11931600
2016-10-14,4.965307712554932,4.970855669499343,4.879316496245733,4.907055751885496,11309100
2016-10-17,5.106778144836426,5.106778144836427,4.918151815355934,4.965308397726057,10098400
2016-10-18,5.212188720703125,5.256571336954435,5.120648979466963,5.14561426724364,15007900
2016-10-19,5.267665863037109,5.3370137556980755,5.228831212453347,5.289857167525321,11147000
2016-10-20,5.259341716766357,5.259341716766357,5.1261939457530294,5.20663772141663,11076700
2016-10-21,5.3592047691345215,5.367526706271559,5.198317688061954,5.270439556002402,11443700
2016-10-24,5.375846862792969,5.470160012059712,5.289855648725861,5.414682031308986,16685500
2016-10-25,5.262115955352783,5.423002985564137,5.201090022887179,5.400811689296441,10268700
2016-10-26,5.328691482543945,5.373074617807851,5.192769684977784,5.214960988068537,12865400
2016-10-27,5.339786052703857,5.423003286048154,5.287081522741928,5.331464117736521,10520000
2016-10-28,5.30649995803833,5.392491716874073,5.2704392904263955,5.300952529308909,10468300
2016-10-31,5.1705780029296875,5.35088292254501,5.087360754709048,5.306499790533993,13079400
2016-11-01,4.973630428314209,5.217734752262062,4.912603950515462,5.192769471177552,12893400
2016-11-03,4.76281213760376,5.001368999987488,4.762812137603759,4.912603274413276,11947500
2016-11-04,4.757265090942383,4.868221607790832,4.7239784004290515,4.8266129801079645,11199000
2016-11-07,5.081813335418701,5.104004639233884,4.926474208712419,4.990274141045768,9740800
2016-11-08,5.015238285064697,5.145612099237058,4.951438367219645,5.07626422442749,6710600
2016-11-09,5.062394618988037,5.120646577082655,4.732298602538384,4.790551089715274,25509800
2016-11-10,4.809969425201416,5.231604699930307,4.754490904654104,5.112326251111257,18725500
2016-11-11,4.529804229736328,4.954213514135971,4.452134401161826,4.674047970339368,33572100
2016-11-14,4.51315975189209,4.540899007216306,4.382785675134103,4.438263921241392,15507300
2016-11-16,4.701786518096924,4.760038483863503,4.5686381851918245,4.712881903874317,10265700
2016-11-17,4.565864086151123,4.832160215861188,4.554768700666131,4.773907722547416,8449200
2016-11-18,4.554769039154053,4.626890901954387,4.490969112897654,4.5658644254636,7774100
2016-11-21,4.787777900695801,4.790551879502721,4.629664812277867,4.674047415023871,11782700
2016-11-22,4.9070563316345215,4.915377738951985,4.743395286014549,4.882091051517417,7489300
2016-11-23,4.9375691413879395,4.99027368150145,4.812743267328406,4.868221257216298,9087400
2016-11-24,4.87099552154541,4.984726015925667,4.87099552154541,4.959760733834157,4136200
2016-11-25,4.876544952392578,4.915379612227104,4.746171073603411,4.746171073603411,4984600
2016-11-28,4.890411853790283,4.9458903647605394,4.829385914988834,4.8377078503590605,6853900
2016-11-29,4.632438659667969,4.895960289861273,4.61302080857039,4.895960289861273,7668400
2016-11-30,5.123420715332031,5.159481905919911,4.920925051232452,4.9403423712033305,18539400
2016-12-01,5.051297664642334,5.309271778087333,5.001367651885831,5.123419499622389,25129700
2016-12-02,5.173351764678955,5.189995107808271,4.873768942939565,4.9514387593469396,15807800
2016-12-05,4.998595237731934,5.2482474959374965,4.959760065774746,5.198316938479918,11138000
2016-12-06,5.162255764007568,5.176125126782775,4.962533553918024,5.0429773394445965,15923400
2016-12-07,5.081813335418701,5.203865770943417,5.045752665124935,5.178900488016034,12857100
2016-12-08,5.092907905578613,5.137290501476627,4.981950886751305,5.126194587960985,9855800
2016-12-09,5.04575252532959,5.178900344531755,5.029108651117517,5.134517738131033,10113300
2016-12-12,5.090134620666504,5.195543168014304,5.062395362180552,5.104003985368306,8661700
2016-12-13,5.056848049163818,5.151161222586892,4.981952200430952,5.087361290295524,9080900
2016-12-14,4.879317283630371,5.090134919797396,4.879317283630371,5.062395659681297,14056800
2016-12-15,4.834934711456299,4.907056576608193,4.721204220392798,4.882091295244753,10392100
2016-12-16,4.776681423187256,4.89041189547155,4.771133995308782,4.8820904891126915,13490300
2016-12-19,4.62411642074585,4.823838114361368,4.610247057095082,4.81551670780383,4786700
2016-12-20,4.615793704986572,4.7017854381511786,4.55476777452201,4.646306934759963,7497700
2016-12-21,4.590829372406006,4.676821123197371,4.538125365371421,4.654629823108512,6856700
2016-12-22,4.535351753234863,4.643534283775182,4.490969149470509,4.635212347163476,10540400
2016-12-23,4.596377372741699,4.640759973335038,4.518708086244521,4.5353514291964405,5448100
2016-12-26,4.6407599449157715,4.668499202387322,4.618568644754998,4.646307902226548,1117400
2016-12-27,4.629664421081543,4.704559726210464,4.58528182208577,4.687916383857628,3989900
2016-12-28,4.710108280181885,4.7433954981877555,4.599151768632951,4.632438986638822,4227600
2016-12-29,4.699012279510498,4.746168856891764,4.613020531350224,4.718429600358847,4372300
2017-01-02,4.5852813720703125,4.657403220630734,4.582507393770035,4.6324379450105,1781200
2017-01-03,4.876544952392578,4.9403449018586025,4.651857874791652,4.657405834505887,10110500
2017-01-04,4.818291664123535,4.926474203983404,4.773908527453356,4.882091596395642,6254000
2017-01-05,4.926473140716553,4.976403695747019,4.882090542707761,4.884864521218598,6139800
2017-01-06,4.851579189300537,4.956988297254,4.812744533255843,4.92924903047243,4240600
2017-01-09,4.8044209480285645,4.893186148043878,4.7739077121174285,4.876542805311588,5174300
2017-01-10,4.88486385345459,4.9569856976303495,4.8598985793521265,4.887637831586223,6200000
2017-01-11,5.006916046142578,5.018011959399075,4.854350942441606,4.9347947263044105,5919300
2017-01-12,5.090134620666504,5.228830384013916,5.0762647268823535,5.206639083041624,7868900
2017-01-13,5.05407190322876,5.109550403486206,5.0152372704978605,5.0845851312785735,4126100
2017-01-16,5.062394618988037,5.109551192766559,5.026333958607883,5.109551192766559,2255400
2017-01-17,5.040203094482422,5.09845504995591,5.034655138032876,5.081811709689521,5241300
2017-01-18,5.001369953155518,5.048526538914299,4.976404670748963,5.040204601751312,3714600
2017-01-19,4.973630428314209,5.045752292660305,4.932021802867485,5.045752292660305,3799500
2017-01-20,4.945889472961426,5.0623939017260815,4.945889472961426,5.029106695329524,6395100
2017-01-23,4.987500190734863,5.012465473806413,4.879317650146427,4.9209262789048696,4884400
2017-01-24,4.918152809143066,5.0818138910811985,4.918152809143067,4.993048666114579,7706200
2017-01-26,4.823838710784912,4.940343178735921,4.812743324308917,4.918151876701556,10499600
2017-01-27,4.737846851348877,4.857125282324073,4.710107595224968,4.857125282324073,8488000
2017-01-30,4.477099418640137,4.735073643119232,4.477099418640137,4.735073643119232,7232800
2017-01-31,4.490969181060791,4.629664951070604,4.4798732655004665,4.521481890686935,8176800
2017-02-01,4.47155237197876,4.6324394625230205,4.441039129762326,4.571412978090153,7537900
2017-02-02,4.410524845123291,4.563090491064304,4.396655481438795,4.499290042501613,9084300
2017-02-03,4.532576560974121,4.532576560974121,4.391106850941399,4.432715464696381,11630000
2017-02-06,4.4299421310424805,4.5797335237648,4.413298525388384,4.538124906441264,8355600
2017-02-07,4.374465465545654,4.488195974190014,4.368917506811181,4.479874036088305,5886100
2017-02-08,4.466003894805908,4.466003894805908,4.271829605390809,4.404977682002843,16409000
2017-02-09,4.427167892456055,4.5270287268875915,4.4132982659830615,4.490968068415378,7296500
2017-02-10,4.535351753234863,4.56031703398761,4.45213397436492,4.45213397436492,9503800
2017-02-13,4.593602657318115,4.646307185475493,4.563089954980473,4.576959317035561,8043800
2017-02-14,4.662951469421387,4.71565600824483,4.599151544524899,4.610247459680299,10816300
2017-02-15,4.676820755004883,4.72675130854451,4.640759564523025,4.707333459548432,12253600
2017-02-16,4.707334518432617,4.729525821766209,4.662951911765434,4.685143215099026,9962800
2017-02-17,4.637985706329346,4.71010756008045,4.629664299911877,4.668498940746201,5547600
2017-02-20,4.737846851348877,4.773907513952346,4.654629612059454,4.6629510185390135,2138200
2017-02-21,4.760037899017334,4.834933727871372,4.723977238318506,4.793325110424332,9437100
2017-02-22,4.60469913482666,4.7517162953329795,4.571411921097838,4.7517162953329795,8723300
2017-02-23,4.5714111328125,4.710106862781925,4.521480585370352,4.676820183875307,8718500
2017-02-24,4.427167892456055,4.535350661496061,4.410524287780238,4.515933343158542,8976700
2017-03-01,4.55754280090332,4.5963774447603925,4.521481606679746,4.540899457690624,6731600
2017-03-02,4.396655559539795,4.560316593519174,4.377237973862492,4.560316593519174,10399800
2017-03-03,4.424394607543945,4.452133600295437,4.382785986146127,4.435490257552774,5551400
2017-03-06,4.4049763679504395,4.468776540607991,4.366141468744056,4.402202389891174,5906400
2017-03-07,4.4049763679504395,4.4881938579406295,4.393880720254488,4.4077503460097045,6756600
2017-03-08,4.133133411407471,4.424394551099939,4.127585718744412,4.424394551099939,12830400
2017-03-09,4.108168125152588,4.138681094128648,4.002759326133734,4.088750540766784,9841900
2017-03-10,4.1026201248168945,4.224672263968175,4.058237528761883,4.174741975676858,10410900
2017-03-13,4.141455173492432,4.149776844408531,4.066559341624093,4.1331332380351835,5685800
2017-03-14,3.9861161708831787,4.099846653475,3.9112205969129534,4.085977024357203,9045500
2017-03-15,4.091524600982666,4.094298579456258,3.961150522676443,4.0471420035697765,15990400
2017-03-16,3.988889455795288,4.119263523559687,3.9639241806339007,4.0942982483982995,6937100
2017-03-17,3.8418731689453125,4.038821184929233,3.805812234802769,4.033273226811363,41683900
2017-03-20,3.9334123134613037,3.9500556585289854,3.786394599629982,3.786394599629982,9613900
2017-03-21,3.800264596939087,3.9445083456649055,3.739238375205762,3.9445083456649055,10733100
2017-03-22,3.9250903129577637,3.9583775316376135,3.8141337991622493,3.830777408502174,14386800
2017-03-23,3.922316789627075,4.0055340467577345,3.8723862237157127,3.900125485786738,10482500
2017-03-24,3.9306373596191406,3.991663560328646,3.880706807716715,3.9722459765104055,10118900
2017-03-27,4.002758979797363,4.005532693434362,3.7974890918156405,3.889028519905708,6017700
2017-03-28,4.072107315063477,4.074881029019294,3.9972114828922543,4.0138550893329095,12531500
2017-03-29,4.205256462097168,4.213578135725669,4.055465014077971,4.0637866877064726,7603600
2017-03-30,4.188613414764404,4.2385437246518896,4.15810016837295,4.2385437246518896,6181200
2017-03-31,4.202481746673584,4.255186287686162,4.152551449106265,4.18306442342747,5528100
2017-04-03,4.24963903427124,4.2635086665493445,4.194160769700056,4.205256422614292,6573600
2017-04-04,4.280150890350342,4.299568210518873,4.196933388206264,4.230220336155666,4447400
2017-04-05,4.252411365509033,4.36891580822499,4.2080287710536455,4.3300809058059615,11486700
2017-04-06,4.238542556762695,4.313438397768984,4.171968652229005,4.2302208848312794,8197800
2017-04-07,4.26350736618042,4.305116250324032,4.227446439072418,4.266281344698225,6677000
2017-04-10,4.335629463195801,4.341177156000934,4.260733626267753,4.299568534068352,9009300
2017-04-11,4.230220317840576,4.346724767429641,4.188611699219258,4.341176810524854,9582200
2017-04-12,4.213576793670654,4.269055305633644,4.199707430221057,4.216350772177034,11315100
2017-04-13,4.024950981140137,4.213577033092404,4.024950981140137,4.1886120187398905,5412100
2017-04-17,4.063786506652832,4.063786506652832,3.972247307193954,4.061012791927732,8161100
2017-04-18,4.011082172393799,4.080430065924437,3.980569194475157,4.0443691295435595,7723400
2017-04-19,3.8973517417907715,4.058238836609813,3.869612478046292,4.044369204737572,8012000
2017-04-20,3.9583773612976074,3.994438028323462,3.9056728211068648,3.952829403575978,7316200
2017-04-24,3.991663932800293,4.041594224820698,3.952829026081169,4.027724860923517,4884800
2017-04-25,4.072107315063477,4.080428986013229,3.933411564708902,3.9750201839988146,6962300
2017-04-26,3.999985933303833,4.149777350777379,3.9999859333038326,4.030498906746917,8417200
2017-04-27,3.9389595985412598,4.041594430953806,3.877933389024739,4.00830747972875,5193900
2017-04-28,3.9833412170410156,4.061011015270866,3.925089000639182,3.9361846483090024,5386100
2017-05-02,3.9833412170410156,4.077654354505042,3.9472802959788225,3.991663151199212,9332900
2017-05-03,4.008306980133057,4.052689576234613,3.961150405639868,4.005533001741425,10387800
2017-05-04,3.900125741958618,4.008308289150711,3.8890300893096543,3.966699657852402,14736100
2017-05-05,4.108168125152588,4.108168125152588,3.908446176246279,3.908446176246279,9508300
2017-05-08,4.083203315734863,4.174742497679511,4.0554640574614425,4.080429336999287,6774400
2017-05-09,4.127585411071777,4.147002730756844,4.052689581644567,4.116489762031577,6352400
2017-05-10,4.257959365844727,4.299567982438973,4.160872241069974,4.177515846432352,7284300
2017-05-11,4.24963903427124,4.307891278206292,4.230221707806634,4.280152278191316,4441700
2017-05-12,4.418846130371094,4.482646040460732,4.366141603779456,4.4660027006726155,14946600
2017-05-15,4.490969181060791,4.538125764027423,4.477099286610385,4.496516609758579,7591100
2017-05-16,4.490969181060791,4.53257780624726,4.424395010404779,4.53257780624726,7979200
2017-05-17,4.466003894805908,4.513160477716296,4.438264635020555,4.466003894805908,5608900
2017-05-18,3.9583773612976074,4.124812124828727,3.578350722683885,3.578350722683885,54590500
2017-05-19,3.997211456298828,4.147002855103561,3.997211456298828,4.080428958866157,19265200
2017-05-22,3.969473123550415,4.008307770526464,3.891803300515932,3.9556034933984576,14132700
2017-05-23,3.999985933303833,4.019403255991143,3.950055372632257,3.9639250022122705,6753100
2017-05-24,4.108168125152588,4.1553244355551735,4.0166286891421255,4.058237571790725,10423900
2017-05-25,4.011082172393799,4.208030200602462,4.008308193162681,4.105395349922063,6965000
2017-05-26,4.036046504974365,4.069333454277395,3.9334116784880693,3.9389593711013284,9425500
2017-05-29,4.036046504974365,4.036046504974365,4.036046504974365,4.036046504974365,0
2017-05-30,3.9306373596191406,4.019402550075778,3.925089402945033,3.988889581991592,5677500
2017-05-31,3.7780725955963135,3.9278640107682845,3.778072595596314,3.916768360182997,16530600
2017-06-01,3.7558810710906982,3.8834811775046405,3.7558810710906987,3.836324599185934,11511500
2017-06-02,3.8113598823547363,3.8252295129407226,3.7309163424054574,3.7558816245519924,4401100
2017-06-05,3.877934217453003,3.8834821761129543,3.7752993631149656,3.7752993631149656,4157700
2017-06-06,3.880706548690796,3.902897844823751,3.814132660291932,3.875158856928116,10808800
2017-06-07,3.7947163581848145,3.9278641706272066,3.7891684003957873,3.9112208263425017,7594800
2017-06-08,3.800264596939087,3.847421186750126,3.7614299450061557,3.794716902894908,9705100
2017-06-09,3.822453737258911,3.8723842780832802,3.80026244456832,3.8085841131920226,6994900
2017-06-12,3.822453737258911,3.864062609459577,3.786392820501431,3.8557406762947988,9117800
2017-06-13,3.8474197387695312,3.8585153872232563,3.7863935400034827,3.8363240903158067,4019300
2017-06-14,3.7558810710906982,3.877933220271305,3.7392374639318535,3.844646270494776,13814100
2017-06-15,3.7558810710906982,3.7558810710906987,3.7558810710906987,3.7558810710906987,0
2017-06-16,3.7420129776000977,3.7586565915864996,3.642152087305496,3.733691302877532,30966400
2017-06-19,3.6976287364959717,3.7503332705321357,3.686533086889593,3.7309156853151078,7993700
2017-06-20,3.608863353729248,3.6671155772970785,3.553385108555395,3.6504719714743525,11466300
2017-06-21,3.5450632572174072,3.672663356405697,3.5090023308662444,3.6060894606225404,6008600
2017-06-22,3.619960308074951,3.625508002322193,3.5561601047136353,3.5866733489677913,7988000
2017-06-23,3.5755765438079834,3.639376462070421,3.553385244887035,3.633828769610759,8229000
2017-06-26,3.6310551166534424,3.661568089270106,3.600541879495605,3.628281137904335,5813200
2017-06-27,3.603315591812134,3.705950417069639,3.5838982710864626,3.656020125983462,5791500
2017-06-28,3.5728020668029785,3.6310542844779605,3.536741144952645,3.6088629886533115,5407400
2017-06-29,3.608863353729248,3.64215030083356,3.581124098871751,3.6199590027640185,4015900
2017-06-30,3.661567211151123,3.689306462907411,3.603314994095807,3.636601937478686,4807300
2017-07-03,3.68375825881958,3.705949552914673,3.625506045684689,3.675436589669194,4417000
2017-07-04,3.6948554515838623,3.7031773887567656,3.6726641482051945,3.6948554515838627,1354500
2017-07-05,3.6227335929870605,3.7087248213939645,3.608863963215926,3.6671161966217447,6795700
2017-07-06,3.5866715908050537,3.6671151020164525,3.556158361508281,3.65047149835084,7878600
2017-07-07,3.517324686050415,3.589446282819568,3.475715797813911,3.5811246109887382,7605100
2017-07-10,3.522871971130371,3.539515577405824,3.459072053580289,3.5062286293960656,4673200
2017-07-11,3.62550687789917,3.6643417837504604,3.4979067752919635,3.533967702609343,6839300
2017-07-12,3.766976833343506,3.7780724835998765,3.6615680236374035,3.717046274919255,15287300
2017-07-13,3.758654832839966,3.800263451524597,3.722593906527418,3.772524460581892,5431600
2017-07-14,3.7780725955963135,3.7919422249632175,3.742011665058835,3.76420296622941,4525900
2017-07-17,3.730915069580078,3.7836195949181017,3.71981942180488,3.7669759909847493,3897700
2017-07-18,3.7725253105163574,3.7725253105163574,3.717046787049571,3.7558817005680805,9052600
2017-07-19,3.8390986919403076,3.8390986919403076,3.7669768330097066,3.794716090918759,6786500
2017-07-20,3.7808468341827393,3.866838065992401,3.76697720386277,3.8529687002136264,5053200
2017-07-21,3.686532974243164,3.76975047601877,3.678211303427947,3.76975047601877,3761100
2017-07-24,3.725367784500122,3.7642024236806564,3.708724178750508,3.7198198277365377,4341600
2017-07-25,3.819681167602539,3.836324509832576,3.730915705724772,3.7586549621630407,5246500
2017-07-26,3.7558810710906982,3.8390985778026017,3.753107092474031,3.8335506205692664,4481300
2017-07-27,3.7752981185913086,3.80026339524885,3.7475591280593723,3.786393767712311,4030800
2017-07-28,3.7836203575134277,3.8085853716335336,3.7447854502024356,3.758655078852159,4538800
2017-07-31,3.8280038833618164,3.8363255567477803,3.7614299671916487,3.8058125779717606,8528000
2017-08-01,3.7947163581848145,3.8307772901899257,3.761429405074216,3.8058120092216803,5387500
2017-08-02,3.89180326461792,3.9361858690618434,3.7891684257060487,3.803038055730072,7903200
2017-08-03,3.8335506916046143,3.93341180732578,3.8252290201415726,3.911220507063558,4969400
2017-08-04,3.8557422161102295,3.8668378668866445,3.8085856341751696,3.8557422161102295,4133000
2017-08-07,3.889028787612915,3.897350458178985,3.8307765645681475,3.8307765645681475,6314700
2017-08-08,3.8557422161102295,3.936185750374535,3.8557422161102295,3.883481475321858,6333000
2017-08-09,3.8751590251922607,3.886254673740525,3.828002452726857,3.855741441826953,4277600
2017-08-10,3.7780725955963135,3.9084466883793256,3.7586552732073546,3.877933450863902,5219600
2017-08-11,3.7475602626800537,3.780847220121104,3.7059513674728244,3.758655915160404,7153100
2017-08-14,3.7725253105163574,3.811359959493661,3.717046787049571,3.7447860487829643,5935300
2017-08-15,3.7780725955963135,3.822455197937464,3.7586552732073546,3.7752986168146974,5549900
2017-08-16,3.766976833343506,3.8446463851380983,3.7642028546441213,3.7947160912550166,8927500
2017-08-17,3.7725253105163574,3.8252295903603573,3.7531077214865,3.7669773523531966,4924600
2017-08-18,3.8945765495300293,3.9028982202450733,3.7780721013548506,3.79471570732608,9210700
2017-08-21,3.8280038833618164,3.9112214108451395,3.8141342513577245,3.9112214108451395,6257700
2017-08-22,3.969473123550415,3.98334248916118,3.9028989517292594,3.925090254155914,9845400
2017-08-23,3.9722461700439453,4.002759404155914,3.911220230902303,3.9944374687392967,5510400
2017-08-24,3.9944379329681396,4.011081541194527,3.9583772668031267,3.9888902399201296,4298000
2017-08-25,4.016629219055176,4.044368477813877,3.999985875432897,3.999985875432897,3046700
2017-08-28,3.9944379329681396,4.058238122537918,3.961150981056543,4.049916450695314,7853800
2017-08-29,3.9666998386383057,3.983343186099674,3.941734552905015,3.97502151236899,10289400
2017-08-30,3.850194215774536,3.9777943217923215,3.84187254449153,3.955603022010199,13100800
2017-08-31,3.8751590251922607,3.9389589382094967,3.844645793278689,3.883480695468177,35994400
2017-09-01,4.049915790557861,4.083202737043677,3.922315696758336,3.936185059388241,17270300
2017-09-04,4.083203315734863,4.083203315734863,4.022177106258041,4.047142385795885,3216800
2017-09-05,4.119265079498291,4.202482342081105,4.085977857015695,4.163647690086785,10838400
2017-09-06,4.299569129943848,4.318986454264603,4.171969003247737,4.202481979257667,12104300
2017-09-07,4.299569129943848,4.299569129943848,4.299569129943848,4.299569129943848,0
2017-09-08,4.213576793670654,4.374464108005713,4.188611780736689,4.330081245527092,7245800
2017-09-11,4.305116653442383,4.313438325233861,4.2329947924731,4.26628174418019,7500100
2017-09-12,4.271829128265381,4.355046633785596,4.271829128265381,4.302342363529449,5009900
2017-09-13,4.349499225616455,4.36891654784258,4.266281714654076,4.294020708614085,7089700
2017-09-14,4.341176986694336,4.421620513290206,4.321759665821898,4.327307622951826,5416500
2017-09-15,4.3217597007751465,4.399429249434223,4.3106640509667065,4.357820628787864,18402800
2017-09-18,4.363368034362793,4.393881267734455,4.307889788970416,4.3328550655322715,5663600
2017-09-19,4.377237796783447,4.391107424694386,4.3189855711904235,4.368916125853344,4561900
2017-09-20,4.543673038482666,4.543673038482666,4.341177348122163,4.396655865875727,11331300
2017-09-21,4.488194465637207,4.557542339261806,4.452133275066335,4.527029105560651,8251600
2017-09-22,4.4937424659729,4.524255170886904,4.3938813576812334,4.466003210438293,4764800
2017-09-25,4.527028560638428,4.560315768767632,4.485419947288589,4.518707155417794,6297700
2017-09-26,4.477099418640137,4.560317200549543,4.477099418640137,4.529803960941188,11194400
2017-09-27,4.4049763679504395,4.521480536487376,4.363367490684791,4.513159131391797,8642000
2017-09-28,4.413299560546875,4.474325511663142,4.3716909334638565,4.4354908635966455,6340400
2017-09-29,4.385559558868408,4.463229101741335,4.385559558868408,4.457681144979842,5518500
2017-10-02,4.410524845123291,4.410524845123291,4.332855297417259,4.374464182094214,5372300
2017-10-03,4.615793704986572,4.621341661142138,4.449359252977364,4.466002592361841,13086000
2017-10-04,4.524256229400635,4.6102479945851345,4.504838904708141,4.576960774339132,8733400
2017-10-05,4.596377372741699,4.6574038453692905,4.563090686837861,4.57418607244503,8763600
2017-10-06,4.540898323059082,4.549219728044996,4.485419820769351,4.535350367013668,7050700
2017-10-09,4.5714111328125,4.5714111328125,4.493741862642245,4.510385202095553,3544800
2017-10-10,4.637985706329346,4.649081620329039,4.588055680577628,4.6268903214119526,6147600
2017-10-11,4.615793704986572,4.654628868993311,4.5852810042954015,4.646306934759963,5839700
2017-10-12,4.615793704986572,4.615793704986572,4.615793704986572,4.615793704986572,0
2017-10-13,4.599152088165283,4.674047937070197,4.588056700780713,4.6324393084838285,10298600
2017-10-16,4.615793704986572,4.66295027414444,4.5852810042954015,4.6046983217576605,5418400
2017-10-17,4.607473850250244,4.635212582197715,4.571412652186696,4.62134321622398,4527100
2017-10-18,4.607473850250244,4.646308498242621,4.593603955194111,4.624117195235206,6516900
2017-10-19,4.57696008682251,4.590829451210249,4.532577485882939,4.57696008682251,4941400
2017-10-20,4.590829372406006,4.632438523019653,4.588055922841935,4.590829372406006,5061000
2017-10-23,4.57696008682251,4.613020751680034,4.571412129434479,4.613020751680034,5471700
2017-10-24,4.674046516418457,4.6851419004306445,4.576959393171104,4.576959393171104,8450900
2017-10-25,4.721202850341797,4.729524255659889,4.6546289623859005,4.676820258371199,8929600
2017-10-26,4.743395805358887,4.779456475541601,4.707334606093757,4.721204501612044,6116300
2017-10-27,4.826611518859863,4.8848640032459665,4.721202992036684,4.748942245121388,7860900
2017-10-30,4.812742233276367,4.890411508248092,4.760037704486801,4.787776958011954,14336400
2017-10-31,4.832160949707031,4.868221619362591,4.793326300988365,4.832160949707031,7163100
2017-11-01,4.865447998046875,4.932021905969814,4.865447998046875,4.89873468746715,9374200
2017-11-02,4.865447998046875,4.865447998046875,4.865447998046875,4.865447998046875,0
2017-11-03,4.912604808807373,4.937570094253623,4.832161522766937,4.898735440929444,8713400
2017-11-06,5.020788192749023,5.031883581906636,4.909831655760386,4.937570393195668,7585900
2017-11-07,4.79055118560791,5.009690188789481,4.787777207202792,4.990272869035931,14368300
2017-11-08,4.920926094055176,4.920926094055176,4.790552254420771,4.80164764143444,8413500
2017-11-09,4.8543524742126465,4.932022304269724,4.8543524742126465,4.873769799456308,6174700
2017-11-10,4.862674236297607,4.8848655399298755,4.804421733586398,4.843256382672263,5812300
2017-11-13,4.8488030433654785,4.8848642327948495,4.790551085324253,4.862672935100726,7117400
2017-11-14,4.4521331787109375,4.848803091911872,4.438263815919101,4.848803091911872,17832300
2017-11-15,4.4521331787109375,4.4521331787109375,4.4521331787109375,4.4521331787109375,0
2017-11-16,4.535351753234863,4.582508335869787,4.45213397436492,4.518708409093823,9141600
2017-11-17,4.582508563995361,4.613021274925852,4.518708634043322,4.571412647960712,4917300
2017-11-20,4.582508563995361,4.582508563995361,4.582508563995361,4.582508563995361,0
2017-11-21,4.538125991821289,4.668499831705049,4.518708667698432,4.610247859336476,8117300
2017-11-22,4.57696008682251,4.643533988231866,4.549220828964693,4.565864172046448,7984500
2017-11-23,4.615793704986572,4.621341661142138,4.535350457059751,4.576959070062053,1826100
2017-11-24,4.590829372406006,4.649081865815715,4.571412050963545,4.643533908522919,3473900
2017-11-27,4.527028560638428,4.576959108291123,4.493741881591447,4.549219856363822,4618300
2017-11-28,4.515934467315674,4.576960415722317,4.513160488422321,4.532577811593417,6567000
2017-11-29,4.413299560546875,4.5603172739281,4.382786584988741,4.51593466782856,11070700
2017-11-30,4.424394607543945,4.454907578932935,4.3384033861108104,4.410524978897619,20700400
2017-12-01,4.468777656555176,4.524255644347838,4.391107838746631,4.421620811394948,5903600
2017-12-04,4.463230609893799,4.557543790379056,4.41330004033308,4.471552547848071,9104900
2017-12-05,4.416072845458984,4.5575425785714,4.388333588736141,4.452133508841059,7054300
2017-12-06,4.438263893127441,4.5020638096114,4.363368062951167,4.410524637978938,8097500
2017-12-07,4.399430274963379,4.468778433107976,4.299569403409356,4.385560907875679,10844500
2017-12-08,4.407751083374023,4.515933864913073,4.407751083374023,4.4770986946689195,7945000
2017-12-11,4.4299421310424805,4.466003056175408,4.421620195944863,4.424394174310735,4930700
2017-12-12,4.490969181060791,4.490969181060791,4.391108057347366,4.432716682533835,8759900
2017-12-13,4.421621799468994,4.57418722588583,4.3911088200021196,4.543673981877723,15472400
2017-12-14,4.385559558868408,4.460455123360588,4.355046325762475,4.396655207850254,9545800
2017-12-15,4.3162126541137695,4.454908165206108,4.3162126541137695,4.385560541930538,17398800
2017-12-18,4.393881797790527,4.4465863356771544,4.363368560737899,4.377238189894442,12158900
2017-12-19,4.37169075012207,4.396656031141357,4.335629818043233,4.388334094440803,8028400
2017-12-20,4.427167892456055,4.438263540726226,4.374463629308025,4.382785299375372,3848600
2017-12-21,4.618568420410156,4.618568420410156,4.435490070706136,4.438264049226779,5998700
2017-12-22,4.601924896240234,4.643533514238548,4.56031627824192,4.613020280801386,3666900
2017-12-25,4.601924896240234,4.601924896240234,4.601924896240234,4.601924896240234,0
2017-12-26,4.632438659667969,4.654629960411429,4.576960143268145,4.576960143268145,4180900
2017-12-27,4.649081230163574,4.710107164793498,4.640759295362208,4.660176614149808,4113900
2017-12-28,4.690691947937012,4.696239906957334,4.649083313449575,4.649083313449575,4767200
2017-12-29,4.690691947937012,4.690691947937012,4.690691947937012,4.690691947937012,0
2018-01-02,4.80719518661499,4.80719518661499,4.710108045442351,4.712882024228124,4488000
2018-01-03,4.868220329284668,4.901507540138422,4.773907182461678,4.7822291174456835,9771700
2018-01-04,4.909830093383789,4.965308079682986,4.890412242642619,4.901508157351859,6816500
2018-01-05,4.948664665222168,4.95143864385941,4.882090765175335,4.907056043828188,4646500
2018-01-08,5.026334285736084,5.026334285736084,4.884864555193264,4.89318596170135,4763400
2018-01-09,5.026334285736084,5.06794290552343,4.9958210509869545,5.009690414555301,6570100
2018-01-10,4.9320220947265625,5.02356128775926,4.926474136583391,4.9930480470542244,4720000
2018-01-11,5.05407190322876,5.067941792834215,4.940341453874965,4.9625327481615065,10075000
2018-01-12,5.092907905578613,5.106777268390889,4.998594757024767,5.020786054973773,5516100
2018-01-15,5.120647430419922,5.145612710644352,5.0790388064066585,5.0790388064066585,2308600
2018-01-16,5.212188720703125,5.251023377652392,5.112327569596418,5.117875528898461,7189900
2018-01-17,5.40081262588501,5.40081262588501,5.231604160906174,5.248247503722612,6517400
2018-01-18,5.392491340637207,5.453517285062045,5.306499587801152,5.400812747691938,8160700
2018-01-19,5.356431007385254,5.442422774042559,5.331465724043769,5.409135553226436,4134700
2018-01-22,5.41190767288208,5.428551013030366,5.328689913976165,5.328689913976165,7741500
2018-01-23,5.36475133895874,5.414681890695346,5.309272830566452,5.3813946798435195,7126300
2018-01-24,5.722586154937744,5.8113518753763,5.40913400682559,5.414681963555926,24306600
2018-01-25,5.722586154937744,5.722586154937743,5.722586154937743,5.722586154937743,0
2018-01-26,6.022170543670654,6.038814418292988,5.683753029252768,5.833544726359278,16923900
2018-01-29,6.022170543670654,6.085971004891436,5.869605396542837,5.94172726599237,11910900
2018-01-30,5.875152111053467,5.988882584818673,5.775291000788484,5.972239242801943,19950900
2018-01-31,5.908437728881836,6.005524843110492,5.908437728881837,5.961142253020056,9513700
2018-02-01,6.138674259185791,6.149770174224365,5.883474033204446,5.908439312958887,12612400
2018-02-02,5.975013256072998,6.135900307390014,5.941726042763617,6.033265218011534,6797200
2018-02-05,5.7059431076049805,5.966691267450634,5.7059431076049805,5.900117370505801,8990500
2018-02-06,5.99165678024292,5.994430758859848,5.561699618100888,5.572795532568599,17301800
2018-02-07,5.81967306137085,6.058229900933677,5.786386380411818,5.988882031673064,10548700
2018-02-08,5.6449174880981445,5.886247812086489,5.62272618785689,5.827995847359071,7259400
2018-02-09,5.5727949142456055,5.766969163227606,5.456290470672858,5.653238168881739,12824000
2018-02-14,5.653238773345947,5.711491265902015,5.581117445925781,5.631047473582283,10315000
2018-02-15,5.750326633453369,5.766970507186995,5.650466036463549,5.733683288802131,8292900
2018-02-16,5.747551918029785,5.8390910955057205,5.717039211592686,5.825221731587249,7112100
2018-02-19,5.908437728881836,5.9195336409455495,5.77528995861053,5.786385870674243,2960300
2018-02-20,6.013847351074219,6.061003923680848,5.833542995489671,5.891794952136664,17774300
2018-02-21,5.947275638580322,6.110936713526227,5.947275638580322,6.013849554460994,11055800
2018-02-22,6.124804496765137,6.1747350530318545,5.966691421308742,5.966691421308742,8351500
2018-02-23,6.2829179763793945,6.3134312136346,6.135900805783982,6.158092106765309,13093400
2018-02-26,6.429935455322266,6.463222141110374,6.3411702544442,6.374456940232308,15717800
2018-02-27,6.413292407989502,6.549214194233387,6.407744450408359,6.429935751650577,9822200
2018-02-28,6.421614170074463,6.5103793799476355,6.335622939145124,6.435484064793636,35275100
2018-03-01,6.316205024719238,6.457674763125549,6.241309187489603,6.393874311550858,9470600
2018-03-02,6.429935455322266,6.435483412647727,6.160865344943006,6.2246657960211556,8601300
2018-03-05,6.613015174865723,6.646301867501734,6.410519452568933,6.429936778120346,8732400
2018-03-06,6.568631649017334,6.751710020224543,6.546440347328048,6.687910094003139,12387700
2018-03-07,6.4798665046691895,6.576953119818404,6.37168344494491,6.563083754534907,10075800
2018-03-08,6.488186836242676,6.5270220049445316,6.3883262587805945,6.524248026531379,5668000
2018-03-09,6.657397270202637,6.662945228240915,6.443805647470526,6.510379556682665,6779600
2018-03-12,6.629654884338379,6.715646077071862,6.615785524862129,6.682359402696001,4869800
2018-03-13,6.565857887268066,6.6934577439299074,6.540892605906857,6.68513633619776,5363100
2018-03-14,6.54921293258667,6.640752098711924,6.521473679107024,6.629656185687164,6314800
2018-03-15,6.413292407989502,6.554761622732174,6.382779170375568,6.49096169779609,19425600
2018-03-16,6.482640743255615,6.535344756710271,6.393875003004968,6.449353524526323,23034500
2018-03-19,6.266273498535156,6.427160533795105,6.266273498535156,6.366134599414522,6900300
2018-03-20,6.34949254989624,6.418840438922044,6.305109943246318,6.305109943246318,6251100
2018-03-21,6.590822696685791,6.618561954998876,6.338396451293176,6.357813773387631,9461600
2018-03-22,6.55476188659668,6.635205687514492,6.482640551467963,6.563083823303398,9483300
2018-03-23,6.5769524574279785,6.679587549069132,6.493735215943393,6.513152537017642,8201900
2018-03-26,6.632431507110596,6.712875305584423,6.5519882377191285,6.679588088851235,5625200
2018-03-27,6.468769550323486,6.690683062797786,6.429934910500455,6.65739585074784,6956200
2018-03-28,6.3883280754089355,6.479867272744551,6.341171487140138,6.432710684475753,4414700
2018-03-29,6.4798665046691895,6.515927171855702,6.3855533393107775,6.3855533393107775,7814800
2018-04-02,6.307883262634277,6.493735606950746,6.257952703104129,6.4271617039379985,5529100
2018-04-03,6.324525833129883,6.404969620114872,6.282917214967638,6.37723036497928,5171000
2018-04-04,6.302334785461426,6.327300063168019,6.1525436483041736,6.183056883074967,10413300
2018-04-05,6.4743170738220215,6.637978086524878,6.45767373345221,6.46599513909599,15275400
2018-04-06,6.540892601013184,6.5408926010131845,6.416066194300527,6.449353412451363,7985600
2018-04-09,6.35226583480835,6.607466059699802,6.338396470151714,6.607466059699802,7319000
2018-04-10,6.601917266845703,6.6490738414266986,6.427160860505707,6.441030223407414,6176700
2018-04-11,6.754485130310059,6.7794504150269805,6.529798096940219,6.574180707751978,6073300
2018-04-12,6.7655792236328125,6.793318482351863,6.718422642535133,6.754483837594605,5049700
2018-04-13,6.5825018882751465,6.7628063045790014,6.554762625209376,6.740614999942872,9964500
2018-04-16,6.34949254989624,6.585275478400455,6.343945120876804,6.5769535412476925,10164100
2018-04-17,6.465996742248535,6.482640615827211,6.3300749491836426,6.391101427474023,4877000
2018-04-18,6.67681360244751,6.712874795257211,6.460448561918587,6.565857103575969,8855200
2018-04-19,6.760032653808594,6.8377019531886,6.687910783611144,6.74338877901366,7321400
2018-04-20,6.776675224304199,6.8071884621885985,6.643527415670683,6.7184227273505615,6119400
2018-04-23,6.754485130310059,6.7600330889321425,6.607467401319571,6.726745866282095,6499400
2018-04-24,6.7322916984558105,6.837700233568994,6.662943824831212,6.796091615210693,6614900
2018-04-25,6.51870059967041,6.640753014360482,6.465996063700236,6.640753014360482,8134900
2018-04-26,6.782223224639893,6.7822232246398935,6.585274960182302,6.613014219426206,9213900
2018-04-27,6.801641464233398,6.8793107656871575,6.779450159663405,6.7822241388699585,5077500
2018-04-30,6.832151889801025,6.870987056607557,6.760030570908016,6.79331725207675,4790200
2018-05-02,6.8155083656311035,6.876534827933709,6.687908542784282,6.699003926514237,8108700
2018-05-03,6.743386745452881,6.809960637309082,6.629656280729922,6.768352021034239,9913500
2018-05-04,6.626883506774902,6.771127229885361,6.626883506774903,6.718422690848395,19501100
2018-05-07,6.862666130065918,7.004135868524005,6.687909705548477,6.690683684233813,11243000
2018-05-08,6.862666130065918,7.009683825894676,6.743387692008176,6.962527246408647,12919400
2018-05-09,7.550596237182617,7.5949788336666275,6.973621953808191,6.984717867470335,29151400
2018-05-10,7.999971866607666,8.127571718028483,7.608849846790138,7.669875793676307,21112100
2018-05-11,8.030482292175293,8.280134479018209,7.986099704695761,8.011064447206094,16246200
2018-05-14,8.363353729248047,8.479858181944575,8.113701481779,8.113701481779,16238400
2018-05-15,8.574172019958496,8.588041384615245,8.299554472912556,8.393867634009021,19165600
2018-05-16,8.77389144897461,8.821048017273561,8.574169792751983,8.599135065915087,11056100
2018-05-17,8.379997253417969,8.80718043228186,8.299553990734104,8.776667196910921,24012700
2018-05-18,8.363353729248047,8.543658100804452,8.108153524726236,8.185823336218023,17025000
2018-05-21,8.083189964294434,8.546433894967455,8.055451231302301,8.477086004322286,15208700
2018-05-22,7.897017478942871,8.094303726833871,7.82199290721316,8.074853029716929,19145800
2018-05-23,7.544123649597168,7.877565795542813,7.544123649597168,7.777533045760783,12677400
2018-05-24,6.446544170379639,6.785543273945879,6.390970303569324,6.641051644232397,36314700
2018-05-25,6.3993072509765625,6.782765278442284,6.363184074553606,6.61604418954738,25349700
2018-05-28,5.499014377593994,6.196463403329933,5.482341896586487,6.196463403329933,15956400
2018-05-29,6.179790496826172,6.293716449470647,5.7046359914053175,5.8352338924878,31627200
2018-05-30,6.165897846221924,6.415979215124064,5.890808287430396,5.971389820413741,28854800
2018-06-01,5.246152877807617,6.3548477781465795,4.793227815933172,6.279823215568752,29903500
2018-06-04,5.551809310913086,5.726866662063348,5.51290791287605,5.529579864893094,21244500
2018-06-05,5.385087013244629,5.651840836651621,5.3656363185153895,5.549029340236335,13077400
2018-06-06,5.354522228240967,5.423989302722584,5.226702535599101,5.33507153218479,17411200
2018-06-07,5.257269382476807,5.332293966733242,5.0683188132347485,5.2767200828414005,28799700
2018-06-08,5.00162935256958,5.332292774831583,4.965506707108489,5.221145561883936,22116000
2018-06-11,5.109997272491455,5.165571138018176,4.976620631217315,5.084989086003596,13162700
2018-06-12,5.068317890167236,5.162793157581955,5.023859003147574,5.096104827052461,13626400
2018-06-13,4.998851299285889,5.082212118051695,4.829351444788027,5.0766546241356165,13600500
2018-06-14,4.996072769165039,5.076654844470191,4.934941923410374,5.057204144911516,13317300
2018-06-15,4.946056365966797,4.993294006169492,4.787671492931824,4.987737042021737,24184400
2018-06-18,4.782113075256348,4.898817779689833,4.782113075256348,4.87381012087496,10624100
2018-06-19,4.959948539733887,5.0905464309456185,4.695973481123852,4.7182029206916285,23686200
2018-06-20,5.162793159484863,5.251710933556963,5.05720343527218,5.096104828930789,15730900
2018-06-21,4.904375076293945,5.207251546381586,4.871031179215349,5.146120715076367,12297300
2018-06-22,4.934940338134766,5.043308789430961,4.87658772821183,4.921046607204713,7242200
2018-06-25,5.026638031005859,5.0599819331398646,4.879367628270654,4.965507190432335,9538100
2018-06-26,5.146121501922607,5.148900248769311,4.962728449974312,5.087768878125366,8778700
2018-06-27,5.285054683685303,5.390644394309429,5.104440412096006,5.165571241405587,12358300
2018-06-28,5.254487991333008,5.3572994658027495,5.1989141354047845,5.318397554656365,13651200
2018-06-29,5.396200656890869,5.4267663295739546,5.276717241847771,5.279495987545465,9621500
2018-07-02,5.468448638916016,5.476784349346467,5.307285034028895,5.307285034028895,15302800
2018-07-03,5.487898826599121,5.61571798791123,5.465669384197375,5.518464508648414,7983900
2018-07-04,5.75465202331543,5.779660211779181,5.390644712331069,5.418431647289871,5247000
2018-07-05,5.582374095916748,5.832455455730535,5.479562593442075,5.7824390777694346,13216100
2018-07-06,5.618496417999268,5.665734046691288,5.521242944214241,5.582373774877927,4644900
2018-07-10,5.610161781311035,5.768546646029963,5.551809155893029,5.712972767535841,7551000
2018-07-11,5.562923908233643,5.754652667943999,5.515686272509694,5.535136970162186,12037900
2018-07-12,5.724086761474609,5.743537456573188,5.5768163800269965,5.5823738729099315,8098000
2018-07-13,5.718528747558594,5.74631567944982,5.660176667579498,5.726864986123455,7731900
2018-07-16,5.6629557609558105,5.721308379965245,5.557366039403503,5.704636430244717,7373400
2018-07-17,5.8519062995910645,5.865800032704782,5.6268331230661035,5.6268331230661035,6790900
2018-07-18,5.737981796264648,5.876915982760121,5.696301646314379,5.835235832809851,7857300
2018-07-19,5.804667949676514,5.804667949676515,5.64628312169461,5.682406293334632,6164500
2018-07-20,5.951938629150391,6.051971380393961,5.893586014261078,5.9963975119271575,22732100
2018-07-23,5.9797258377075195,6.015848482873909,5.8935862846330975,5.9880615473657635,3942800
2018-07-24,6.085315704345703,6.1714547295191,6.004734172407164,6.024184868737441,6127500
2018-07-25,6.163119316101074,6.165898062852159,6.051972096016423,6.146447365586314,6600900
2018-07-26,6.007513046264648,6.138110960099542,5.990840566206949,6.115881516681013,6512800
2018-07-27,6.140889644622803,6.17145479776909,6.018627442062459,6.018627442062459,4496400
2018-07-30,6.12977409362793,6.22147060460725,6.049192568217829,6.168676013128511,7925900
2018-07-31,6.09643030166626,6.140889184723759,5.968610615382177,6.076979606577565,4794700
2018-08-01,6.132552146911621,6.132552146911621,6.024183699818093,6.060306338852062,5106600
2018-08-02,6.23536491394043,6.315946446812082,6.101987724717992,6.121438951265235,7508100
2018-08-03,6.452102184295654,6.6243807754833055,6.418758282770146,6.46043842467291,12428900
2018-08-06,6.474329948425293,6.568805194882282,6.440986055553192,6.454879255917964,3632200
2018-08-07,6.44932222366333,6.568805663290324,6.368740701816631,6.557691208204282,11463100
2018-08-08,6.318726062774658,6.52434857320891,6.310389821678963,6.4604389814506575,8715500
2018-08-09,6.324282169342041,6.38263425423452,6.2075774695653925,6.349290357150728,7934000
2018-08-10,6.157559394836426,6.277042808065189,6.121436761298018,6.232583937560283,11170000
2018-08-13,6.224247932434082,6.254813605791541,6.079756332915355,6.129772696594265,9073100
2018-08-14,6.199184417724609,6.327289499813987,6.15741104448578,6.305010332008127,5415900
2018-08-15,5.954115390777588,6.129564371278705,5.954115390777588,6.115639553918117,12041600
2018-08-16,5.929050922393799,6.026521973900924,5.881707612585742,6.001457837462694,6005200
2018-08-17,5.834364414215088,5.923481109396542,5.812085240419724,5.923481109396542,10101800
2018-08-20,5.848288059234619,5.856642947685941,5.753601448162347,5.809299642149805,7563300
2018-08-21,5.750816822052002,5.892846746976174,5.703473513743945,5.81765434004384,13751100
2018-08-22,5.920696258544922,5.9401904695883445,5.7062588747124465,5.7062588747124465,10219000
2018-08-23,5.839933395385742,5.968039034012869,5.8148692602451595,5.968039034012869,7816200
2018-08-24,5.873353004455566,5.981963913433982,5.828794655583529,5.931835638158585,6490400
2018-08-27,5.973608016967773,5.976392448275121,5.851072323530507,5.923479754599015,6135300
2018-08-28,5.915125370025635,6.023736260273424,5.906770481861448,5.945759428783657,6832200
2018-08-29,6.174123287200928,6.2270365356388515,5.956900897174856,5.956900897174856,13284700
2018-08-30,6.037661552429199,6.263238238968312,5.99867313359407,6.151842377169823,10760400
2018-08-31,6.149056911468506,6.20197014068801,6.054370303887214,6.054370303887214,20461500
2018-09-03,6.057154655456543,6.121207197893768,5.981962263285572,6.121207197893768,3712800
2018-09-04,5.993104457855225,6.118424629328462,5.993104457855225,6.076651238837383,8424300
2018-09-05,6.051585674285889,6.098928980682575,5.901201397669996,5.99310304759564,10034300
2018-09-06,6.104498863220215,6.1713363780406825,6.0014573625528165,6.135132923371102,7753400
2018-09-10,6.1824750900268555,6.307795208027719,6.151841035521704,6.210323651019991,10485200
2018-09-11,6.009812831878662,6.126778626912265,5.976393805650175,6.0571561425155345,17508000
2018-09-12,6.171334266662598,6.22981740410771,6.046013637263908,6.082217610724493,9124200
2018-09-13,6.085005283355713,6.210325437404606,6.065511072582156,6.185261300359347,6516900
2018-09-14,6.126779556274414,6.171337910553121,6.026522993558585,6.096145488516248,7665400
2018-09-17,6.257667541503906,6.279946711116548,6.085004109800258,6.112853204610386,7409400
2018-09-18,6.4832444190979,6.49438373777897,6.238173033987028,6.243742958916202,9100900
2018-09-19,6.447041034698486,6.538942679823238,6.371848634729873,6.405267656219476,7331900
2018-09-20,6.402482509613037,6.550082342588839,6.369064020260565,6.530588135270345,4790500
2018-09-21,6.4804606437683105,6.5417282356808055,6.424762446627952,6.486030569717821,13891000
2018-09-24,6.447041034698486,6.600210797357956,6.441471109253998,6.488814413177496,5677400
2018-09-25,6.4804606437683105,6.516664100085381,6.332860793170521,6.332860793170521,6895600
2018-09-26,6.505524158477783,6.569576707251871,6.430331758867859,6.522233403554214,7427400
2018-09-27,6.823002815246582,6.823002815246583,6.538942978721099,6.538942978721099,15870600
2018-09-28,6.747811794281006,6.939970020848783,6.703253441914196,6.750596757701114,10978900
2018-10-01,6.733885288238525,6.842496169927119,6.644768612886111,6.775658663412809,5627200
2018-10-02,7.187824249267578,7.232382591263107,6.970602464833711,7.004020955741689,25549500
2018-10-03,7.374413013458252,7.9369627838675765,7.302005569934316,7.797717822747092,27707500
2018-10-04,7.452391624450684,7.602775931302046,7.218460008301932,7.324285962665672,13310900
2018-10-05,7.424540042877197,7.636192412127933,7.3744117802681695,7.547075736901788,12503200
2018-10-08,8.129120826721191,8.321278487021491,7.892404291013543,8.27950510570305,32960200
2018-10-09,8.27950382232666,8.301782990988238,7.978734779806717,8.0762063418926,15117100
2018-10-10,7.973167419433594,8.226593774842941,7.903544928574777,8.173680533060553,10296000
2018-10-11,7.825568199157715,8.134691702125856,7.764300066305817,8.053929887699436,14530900
2018-10-15,8.006585121154785,8.092916846774965,7.897974223401094,8.020509404546717,14763100
2018-10-16,8.298998832702637,8.298998832702637,8.109626146317165,8.11241057788956,8910300
2018-10-17,8.243303298950195,8.276721798218034,8.156971556134563,8.221024122379145,8829200
2018-10-18,7.97873592376709,8.21545245672166,7.964811640548674,8.187603359107472,7257700
2018-10-19,8.059499740600586,8.126337268498856,7.989877249309371,8.126337268498856,6340100
2018-10-22,8.27672004699707,8.285074935635006,8.087347351800107,8.131905695514376,6796800
2018-10-23,8.120765686035156,8.19317312595674,8.009369828916313,8.143044857458925,9725500
2018-10-24,7.886837482452393,8.28507830619223,7.8868374824523935,8.14583329264278,11009100
2018-10-25,8.051142692565918,8.15975357989369,7.861769482020963,8.020508634631495,11470200
2018-10-26,8.35469913482666,8.35469913482666,7.942534104991138,8.120767516557317,18104900
2018-10-29,8.053927421569824,8.296213853015386,7.959240819044184,8.112410041918269,26013500
2018-10-30,8.49951457977295,8.49951457977295,8.045575600883888,8.13747727587715,22191400
2018-10-31,8.443814277648926,8.633187507973497,8.287860071395842,8.569134953945296,14667100
2018-11-01,8.290645599365234,8.51622230089505,8.221023114717244,8.460524100705696,10702100
2018-11-05,8.535714149475098,8.535714149475098,8.290643305051972,8.326846753332099,9032400
2018-11-06,8.315709114074707,8.616478204000613,8.226592425382195,8.343557680908093,10465900
2018-11-07,8.131905555725098,8.454953807688952,8.056713152808335,8.452168844857514,12060400
2018-11-08,7.864552021026611,8.335199939701598,7.86455202102661,8.271147412102788,9405400
2018-11-09,7.833920955657959,7.936962456353211,7.611129239529511,7.828351561137761,8957100
2018-11-12,7.794931888580322,7.967595852574843,7.778222644057403,7.845060153326386,8284100
2018-11-13,7.435681343078613,7.797718039588556,7.3632738975411485,7.794933076547417,10117700
2018-11-14,7.572140693664551,7.616699036135041,7.3437790557089535,7.435680703451507,11583900
2018-11-16,7.811641216278076,7.825566029509863,7.599989366928042,7.658471988969609,10893700
2018-11-19,7.806071758270264,7.936961814513855,7.666826814155986,7.75037356815363,8079500
2018-11-21,7.6250529289245605,7.658471949330564,7.435680250548235,7.535936249411629,12110400
2018-11-22,7.639030456542969,7.694932832089669,7.560767237402501,7.694932832089669,4362200
2018-11-23,7.460142135620117,7.563560815524817,7.278460253068371,7.560765644024088,18829500
2018-11-26,7.574740409851074,7.661388581388061,7.448960376068047,7.597101245509792,19455500
2018-11-27,7.8318915367126465,7.884998196676916,7.538404922077053,7.5635609328493745,14957300
2018-11-28,7.734062671661377,7.9297204149160585,7.594307293086452,7.843071696349992,19562600
2018-11-29,7.78437614440918,7.823507487105184,7.571947865399546,7.599899052950074,9197300
2018-11-30,7.862637042999268,7.924129748260987,7.6865455077598845,7.689340679192185,11760000
2018-12-03,8.086246490478516,8.212026014445186,8.024753781178635,8.105812158665033,21530900
2018-12-04,7.943697452545166,8.217617925671826,7.8905902479595245,8.105813705326717,13819400
2018-12-05,7.991213321685791,8.016369334783924,7.815121229998865,7.940901295489526,4388900
2018-12-06,7.65859842300415,7.854256262923396,7.560769503044527,7.831895412629031,11518400
2018-12-07,7.78437614440918,7.988418907216288,7.602694225017583,7.672571927331625,13693900
2018-12-10,7.398648738861084,7.784373839997999,7.398648738861084,7.784373839997999,12041300
2018-12-11,7.351132392883301,7.585921461736746,7.278460068207917,7.571946137712504,11871900
2018-12-12,7.376288890838623,7.530020130902438,7.3427478977107,7.518839444443481,10773000
2018-12-13,7.415420055389404,7.43778089305716,7.284049667607476,7.325976171593963,5283600
2018-12-14,7.359519004821777,7.451757543262404,7.292436479876278,7.295231651722905,6460800
2018-12-17,7.28125524520874,7.440576829744294,7.270075091787082,7.381879291626041,6880500
2018-12-18,7.035285949707031,7.278460548910023,7.035285949707031,7.278460548910023,9639000
2018-12-19,6.920687198638916,7.208583503193141,6.831243831471454,7.099573932973841,30190000
2018-12-20,6.752980709075928,6.962613803603842,6.716644540599215,6.906711431813254,12955700
2018-12-21,6.758570194244385,6.945842422889164,6.669126837242304,6.747389508056894,18462300
2018-12-26,6.884948253631592,6.884948253631591,6.534818662754771,6.616048984280765,12851100
2018-12-27,6.845733165740967,6.968978383659221,6.761701752518195,6.879345303625837,10534700
2018-12-28,7.114631652832031,7.18185645574203,6.93816661197519,6.9409677122116795,9543500
2019-01-02,7.464763164520264,7.548794591317826,7.030602662626712,7.117434656154345,14725300
2019-01-03,7.618819713592529,7.683243426730617,7.3611243267848465,7.464762381093018,12766200
2019-01-04,7.70565128326416,7.719656251712446,7.5824055307491,7.630023171430694,10848500
2019-01-07,7.9549455642700195,8.151018382542086,7.716857294726924,7.71965839604572,16164400
2019-01-08,7.912928104400635,8.058582130472825,7.873713764402474,8.02496945743489,12562900
2019-01-09,8.072587966918945,8.117404512949646,7.985755975766384,7.985755975766384,9306000
2019-01-10,8.033373832702637,8.061384308267877,7.9409396373161165,8.047378803357566,7677100
2019-01-11,7.982955455780029,8.008164831538716,7.912929530729327,8.008164831538716,6481900
2019-01-14,7.9549455642700195,8.038977001067526,7.873715763046756,7.921333416955376,6240300
2019-01-15,7.929737567901611,8.038978401340994,7.887722109312099,7.940941975128437,6349600
2019-01-16,7.994161605834961,7.994161605834961,7.868114699517946,7.926936232962202,6432700
2019-01-17,8.061384201049805,8.12300681906943,7.91292905650729,7.954944502168642,6419300
2019-01-18,8.165021896362305,8.207037340128114,8.08099100883069,8.120205351778063,8168500
2019-01-21,8.20423698425293,8.20703755088793,8.047378539924544,8.103399489221163,3904200
2019-01-22,8.080989837646484,8.179026215061782,8.0305710987326,8.170622913824376,6692600
2019-01-23,8.165021896362305,8.226645045857154,8.092194877849074,8.123006452596497,6083000
2019-01-24,8.251853942871094,8.251853942871094,8.114603207332596,8.165021953909056,7013000
2019-01-28,7.960546493530273,8.32468105863911,7.932536019078356,8.24065016953872,17030300
2019-01-29,8.134211540222168,8.235048506892706,8.041776808203126,8.041776808203126,7315000
2019-01-30,8.246251106262207,8.319078114963004,8.193031266393302,8.235046704498108,8684300
2019-01-31,8.277063369750977,8.394706934439306,8.271461702293712,8.319079348340306,12127100
2019-02-01,8.408712387084961,8.41711515534694,8.207037400711771,8.254655046465956,7368400
2019-02-04,8.503945350646973,8.548761883293567,8.338684186166953,8.349888052200996,10513600
2019-02-05,8.557167053222656,8.604784699318802,8.431120720089584,8.503947739663417,5306500
2019-02-06,8.405911445617676,8.537559982019776,8.383503172735288,8.475937365157053,8922400
2019-02-07,8.25745677947998,8.568372051104815,8.170624783841255,8.436723507119947,9480800
2019-02-08,8.198637008666992,8.291071226126531,8.08939618130171,8.167825424761975,8255700
2019-02-11,8.09499454498291,8.201434220210732,8.055780208980693,8.193030919243716,4533600
2019-02-12,8.386303901672363,8.414314375096849,8.263058139157835,8.263058139157835,9929300
2019-02-13,8.585177421569824,8.6327950670781,8.41711511187854,8.46753385821146,11301000
2019-02-14,8.764444351196289,8.778449321410335,8.559968259985789,8.590779835563131,8430200
2019-02-15,8.697218894958496,8.806459691501018,8.652402349699384,8.71122439926157,6468200
2019-02-18,8.596384048461914,8.677613856366634,8.568373567225445,8.629996198541283,4272700
2019-02-19,8.756040573120117,8.823265388157342,8.621590943045668,8.643999214724742,7505000
2019-02-20,8.756040573120117,8.890490203194567,8.646800315466544,8.781249945540994,11134900
2019-02-21,8.803658485412598,8.854077231790296,8.68321382112262,8.809260687066866,6083800
2019-02-22,8.753239631652832,8.90449586893036,8.677611513014067,8.879286496050772,7140300
2019-02-25,8.54316234588623,8.739235138018557,8.529157375414798,8.714025763765676,8856200
2019-02-26,8.545965194702148,8.708425342972804,8.501148638920967,8.5571690665197,7813200
2019-02-27,8.590778350830078,8.708421896764134,8.520752443351599,8.607584419033437,9759400
2019-02-28,8.36389446258545,8.753238332660501,8.198633280124398,8.739233365030353,31044900
2019-03-01,8.179028511047363,8.4227184385318,8.179028511047363,8.380702989060907,7335200
2019-03-06,8.25745677947998,8.25745677947998,8.08099168714897,8.08099168714897,5745700
2019-03-07,8.1846284866333,8.305073141996255,8.167822417171474,8.305073141996255,6467900
2019-03-08,8.123005867004395,8.156618540147097,7.994158444177221,8.080990426267505,9769300
2019-03-11,8.582377433776855,8.60758681021267,8.128609726443035,8.229446697930872,13660500
2019-03-12,8.439523696899414,8.643999790631455,8.439523696899414,8.579575537788424,8376100
2019-03-13,8.66640853881836,8.753240535337394,8.433922491570014,8.47873904037051,13096900
2019-03-14,8.764444351196289,8.820464766307841,8.68321402803979,8.68321402803979,10495200
2019-03-15,8.856878280639648,8.89889372428937,8.739234717867213,8.761642990097421,16994400
2019-03-18,9.036145210266113,9.097768368361018,8.862481209329664,8.86808341174837,12435700
2019-03-19,9.178996086120605,9.313445700340342,9.069755841348979,9.100567411620062,12154000
2019-03-20,9.235015869140625,9.439491365270865,9.145382804220805,9.156586135952969,13165500
2019-03-21,9.050149917602539,9.223813892960614,8.898893680108072,9.159390177400534,18752500
2019-03-22,8.618789672851562,8.935306570877438,8.618789672851562,8.868081757161907,19675400
2019-03-25,8.585177421569824,8.728030358094648,8.509549302070443,8.573973552526594,12697200
2019-03-26,8.943709373474121,8.943709373474121,8.67761069990374,8.683212900964342,13688800
2019-03-27,8.529157638549805,8.809261330663029,8.529157638549805,8.781250854600627,12303600
2019-03-28,8.672008514404297,8.730830557135588,8.419915343033065,8.489941253650368,12778500
2019-03-29,8.725231170654297,8.842874759811107,8.669210744642537,8.77564992804371,8924800
2019-04-01,8.646801948547363,8.848476431748349,8.607587065011147,8.800858778655074,12610500
2019-04-02,8.683213233947754,8.756040247762469,8.545962508231476,8.68601433458547,7775800
2019-04-03,8.50114631652832,8.75604060824609,8.50114631652832,8.71962683271193,12462600
2019-04-04,8.781251907348633,8.798057981298726,8.47313770223447,8.593582389763634,9882000
2019-04-05,8.977322578430176,9.00813415367066,8.702821104895154,8.809260800677542,9874800
2019-04-08,9.1705961227417,9.257427590767218,9.01373765727588,9.01373765727588,7057300
2019-04-09,9.089365005493164,9.176196466036252,9.00253247643929,9.150987091053565,7178800
2019-04-10,9.038944244384766,9.243419765522017,9.027739842771904,9.223812596954785,5678100
2019-04-11,8.921303749084473,9.041747902073165,8.845675615104826,9.01653852407995,9038500
2019-04-12,8.159420013427734,8.548764494312023,8.125807870804358,8.484340775737738,23981400
2019-04-15,8.153817176818848,8.347088304832512,8.092194033751912,8.347088304832512,12480500
2019-04-16,8.4451265335083,8.50674969005462,8.100599107247277,8.17902833637195,11329300
2019-04-17,8.453530311584473,8.576776097341854,8.293871277486845,8.50114796510968,17100300
2019-04-18,8.615988731384277,8.736433391862779,8.537559513472491,8.585177157516194,15988400
2019-04-22,8.646801948547363,8.744837821749304,8.585178789099926,8.629995340922367,8916500
2019-04-23,8.716825485229492,8.82046353252976,8.669207845204824,8.73923375499079,6239100
2019-04-24,8.565570831298828,8.764444729301134,8.459131664016255,8.7168270805616,7463400
2019-04-25,8.587980270385742,8.694419986365538,8.489943858590285,8.498347162774627,7715700
2019-04-26,8.51235294342041,8.59358328881241,8.414317056575603,8.559970603140252,5777900
2019-04-29,8.473136901855469,8.621592054781908,8.473136901855469,8.621592054781908,5420200
2019-04-30,8.391904830932617,8.593579794448468,8.358292693183508,8.506747815298752,16535600
2019-05-02,8.265860557556152,8.349891456969319,8.209839601777087,8.31908041212072,7027500
2019-05-03,8.279865264892578,8.408713245366512,8.279865264892578,8.36109559475197,5504000
2019-05-06,8.274263381958008,8.274263381958008,8.142614303778892,8.190231953156475,5508800
2019-05-07,8.1846284866333,8.22384336105132,8.052979963047568,8.193031788491874,13512800
2019-05-08,8.46473503112793,8.534760967787921,8.15662133722836,8.201437893950315,11682600
2019-05-09,8.223843574523926,8.349889900142493,8.184628699087975,8.333083830244417,11778000
2019-05-10,8.221043586730957,8.24065075997553,8.066986233334992,8.226645788873807,6826500
2019-05-13,7.9857563972473145,8.137012114520225,7.954944819879238,8.041776815614712,10034900
2019-05-14,7.988558292388916,8.075390296755732,7.954945610622964,8.036175946575,5663500
2019-05-15,7.93253755569458,7.95214473133243,7.85410885314318,7.87371602878103,10486800
2019-05-16,7.781279563903809,8.041775508778082,7.7812795639038095,7.890519816085127,10619100
2019-05-17,7.719654560089111,7.893319015771041,7.683241329549691,7.711251794563575,13530200
2019-05-20,7.862510681152344,7.873715085463314,7.677642284064564,7.742066006086432,5375900
2019-05-21,8.066985130310059,8.066985130310059,7.845703518478051,7.91292833223418,8207800
2019-05-22,8.08665943145752,8.123199540000032,7.9376870649943045,8.08665943145752,6361400
2019-05-23,7.946122169494629,8.02201380686531,7.805582338563844,8.002337780196797,6864700
2019-05-24,7.962987422943115,8.075419189272676,7.946122792022918,8.030446482740851,4567400
2019-05-27,8.078228950500488,8.128823372489009,8.01639162146834,8.024823667721842,3226900
2019-05-28,8.187849044799805,8.187849044799805,8.005147400136822,8.041688050739515,15362400
2019-05-29,8.12320327758789,8.187851480356027,8.010771504052654,8.11196036829286,6393100
2019-05-30,8.109149932861328,8.246878929690634,8.064177221085107,8.13725801175072,10128600
2019-05-31,7.934878826141357,8.145688575206432,7.932067965153125,8.044500260214699,10748300
2019-06-03,8.109149932861328,8.213149127799962,8.002339340305042,8.010771924806964,11261400
2019-06-04,8.156933784484863,8.235635764720367,8.089474714518563,8.235635764720367,6336100
2019-06-05,8.041688919067383,8.19909337219148,7.937689213180194,8.173796160924784,6527000
2019-06-06,8.168174743652344,8.258120148789153,8.016392006513204,8.151310114218418,5877100
2019-06-07,8.390228271484375,8.407092901601308,8.199094009769404,8.289039418548938,11928500
2019-06-10,8.249688148498535,8.390227978843939,8.207526306618295,8.348066136963698,11783800
2019-06-11,8.418334007263184,8.460495838902014,8.26655077002326,8.286226255713597,13726700
2019-06-12,8.294661521911621,8.401471565717875,8.227202462226048,8.362120581597194,8331300
2019-06-13,8.40709114074707,8.485793625003492,8.376172211911188,8.432388348682462,7409900
2019-06-14,8.485794067382812,8.485794067382812,8.33401081185773,8.33401081185773,15266400
2019-06-17,8.474549293518066,8.586981019140373,8.409901118299835,8.488603594293828,5831200
2019-06-18,8.603849411010742,8.63476781209446,8.508282274314977,8.55606584266286,7063300
2019-06-19,8.668498992919922,8.668498992919922,8.542012898852036,8.572931840983529,8281000
2019-06-21,8.93552303314209,9.00298155399322,8.744388770340793,8.744388770340793,15423400
2019-06-24,8.898980140686035,8.994547248086295,8.879304654359533,8.960817460014583,8733700
2019-06-25,8.629143714904785,8.865250615787117,8.595413927871547,8.854007174737111,15188900
2019-06-26,8.586983680725098,8.69098339423401,8.502659994400949,8.519524624442393,67560800
2019-06-27,8.401470184326172,8.542010002925764,8.314335646907146,8.50546988598129,40733300
2019-06-28,8.43801212310791,8.55887647129865,8.350877036295037,8.463309337199783,15244600
2019-07-01,8.409902572631836,8.615090574390484,8.376172781053842,8.556064109275058,19745200
2019-07-02,8.283417701721191,8.432390120179795,8.207526598088437,8.393039137843038,19670800
2019-07-03,8.367741584777832,8.398659982736715,8.269363596814163,8.32276888218591,7998500
2019-07-04,8.477363586425781,8.533579740059011,8.432390877965986,8.432390877965986,6386500
2019-07-05,8.440821647644043,8.516712741785419,8.381794645404243,8.438010786954829,9364700
2019-07-08,8.603849411010742,8.603849411010742,8.435201491187808,8.454876983545708,8645300
2019-07-10,8.634766578674316,8.707847351362375,8.601037321197909,8.660063789840063,22198500
2019-07-11,8.797792434692383,8.825900505651024,8.637577127180048,8.66568519813869,13559200
2019-07-12,8.854010581970215,8.901794152587431,8.780929795372296,8.820280781956951,10042900
2019-07-15,8.705035209655762,8.884926522155162,8.702224349260183,8.884926522155162,6454700
2019-07-16,8.601037979125977,8.755631582638241,8.544821830875922,8.68255080435994,7615500
2019-07-17,8.544821739196777,8.634767146538284,8.502659896520061,8.631956285544247,6462900
2019-07-18,8.452064514160156,8.572928842638344,8.407091815579927,8.572928842638344,8938700
2019-07-19,8.44925308227539,8.485793732474544,8.38741575993728,8.457685663732923,7528900
2019-07-22,8.46049690246582,8.522334227568518,8.40709162308081,8.488604972464081,4522800
2019-07-23,8.50265884399414,8.539198960159561,8.421145493608192,8.471739913004043,8954300
2019-07-24,8.432389259338379,8.570118219573548,8.418335491686229,8.51390261284808,7511900
2019-07-25,8.28060531616211,8.488604705948607,8.241254341070148,8.463307497356109,5954300
2019-07-26,8.022011756896973,8.260928979532174,7.985471109967204,8.260928979532174,12630300
2019-07-29,8.120390892028809,8.128823474505015,7.9686081602752665,8.022013443724145,6187400
2019-07-30,8.066986083984375,8.165363531548646,8.027634568841787,8.064175223180127,6561600
2019-07-31,8.092280387878418,8.1541176950056,7.999523623012616,8.151306835211178,8380000
2019-08-01,7.968608856201172,8.207526686057049,7.830879880429414,8.162553981156757,11699000
2019-08-02,8.210336685180664,8.359309099323932,8.1203912789496,8.204715499378905,13359900
2019-08-05,7.870230674743652,8.061364934051847,7.8505551838355,8.036067721136533,12218900
2019-08-06,8.002336502075195,8.07260640631718,7.934877458336908,7.9854718751698295,11442100
2019-08-07,7.926445484161377,7.960174738275164,7.718446093953432,7.875851066873867,19222700
2019-08-08,8.114768981933594,8.114768981933594,7.965796588190197,8.0866609123062,8060900
2019-08-09,8.044500350952148,8.193472232190294,8.033256906872404,8.106337685039971,5596000
2019-08-12,7.828069686889648,7.971420397027268,7.808394193832578,7.957366090474378,6704100
2019-08-13,7.915832996368408,8.006429538725856,7.726147953918281,7.788432570543931,10398800
2019-08-14,7.672355651855469,7.819574411816023,7.62988884725004,7.785600644134849,14788200
2019-08-15,7.502488136291504,7.700667284191438,7.448696560719567,7.680848937405655,12140300
2019-08-16,7.468514919281006,7.661031696608052,7.42321691755638,7.646876273567147,10977200
2019-08-19,7.570435523986816,7.64970729523086,7.502488522918249,7.581760294162293,9940300
2019-08-20,7.49965763092041,7.604409599262408,7.451528435735403,7.576098212683913,6659300
2019-08-21,7.8988471031188965,8.057390121749236,7.55911206319674,7.612903107020987,18364100
2019-08-22,7.822406768798828,8.000768143003024,7.794095919555477,7.929989939904973,10511800
2019-08-23,7.576098442077637,7.833731041752613,7.542124669155807,7.711992453775356,9293400
2019-08-26,7.477007865905762,7.669524626980861,7.454358866955441,7.6129018596076925,11515000
2019-08-27,7.618565082550049,7.723317051716964,7.485502266576478,7.576098272345274,14794100
2019-08-28,7.672355651855469,7.743133839529421,7.587421502649893,7.587421502649893,6301800
2019-08-29,7.961129665374756,7.961129665374755,7.728976788920891,7.757288168000108,7953000
2019-08-30,8.003596305847168,8.023414108812633,7.859208761391403,7.975284927327378,12237200
2019-09-02,7.918663024902344,8.029077359046433,7.918663024902344,7.941312022163623,4351000
2019-09-03,7.958299160003662,7.997934770137014,7.816742792390617,7.830898213154046,10024600
2019-09-04,8.159310340881348,8.204608343079576,8.074376721758368,8.08003910703184,7007700
2019-09-05,8.210270881652832,8.329178274642079,8.193284265510023,8.215933267032034,6892700
2019-09-06,8.264062881469727,8.332009889478334,8.153648520960274,8.221596068963699,4868600
2019-09-09,8.428266525268555,8.465070944420534,8.281047768671225,8.3489947624866,6406900
2019-09-10,8.49338150024414,8.578315099248721,8.394291941409028,8.476394888442156,8020800
2019-09-11,8.343332290649414,8.572653999869368,8.34050109843741,8.550005002168042,10159900
2019-09-12,8.4452543258667,8.487721135471496,8.281048932731975,8.36598255194157,9017300
2019-09-13,8.397124290466309,8.533018283597162,8.397124290466309,8.46790247938797,3886200
2019-09-16,8.776496887207031,8.861430512053044,8.637771678627976,8.818963699630038,14069800
2019-09-17,8.64060115814209,8.69722338348041,8.490551208005856,8.660418964010237,7505900
2019-09-18,8.499046325683594,8.592473527425174,8.499046325683594,8.550006715723512,5019500
2019-09-19,8.561330795288086,8.711380769972138,8.558499602558786,8.691562960861845,5682300
2019-09-20,8.583978652954102,8.617952421182467,8.516031656492098,8.612290036478619,16955900
2019-09-23,8.620783805847168,8.671743649334442,8.521694231298229,8.544343230624152,5755700
2019-09-24,8.510371208190918,8.637772193041995,8.49055339721294,8.612291996071779,4512500
2019-09-25,8.521696090698242,8.530189129801897,8.368814906894146,8.479229275195388,4482800
2019-09-26,8.592473983764648,8.623616026002566,8.49338439120166,8.524526973434416,4575900
2019-09-27,8.61229133605957,8.739692311147135,8.558499753245398,8.578317562704617,7041300
2019-09-30,8.535850524902344,8.617953493338364,8.535850524902344,8.617953493338364,5343800
2019-10-01,8.487722396850586,8.609460998472354,8.448086773995076,8.538682791947593,8273200
2019-10-02,8.18195915222168,8.428267505957507,8.1536477665057,8.38580069738092,8743500
2019-10-03,8.244245529174805,8.244245529174805,7.995105945988273,8.215934139267947,7548800
2019-10-04,8.167805671691895,8.281050701491084,8.043235868915339,8.241415076060091,9287600
2019-10-07,8.040401458740234,8.181957824351839,7.9413118948131745,8.10551725732285,6953300
2019-10-08,7.989443302154541,8.133830900024149,7.98378145635178,8.023417076945261,7389000
2019-10-09,8.19045352935791,8.23858272777426,8.04323474126145,8.074377322588154,7416300
2019-10-10,8.230088233947754,8.315022389939935,8.164972425683414,8.19611500354669,5545300
2019-10-11,8.351825714111328,8.439590511095002,8.28954110657367,8.295202950899139,7652900
2019-10-14,8.399955749511719,8.4169423641937,8.255568174728019,8.351826557917153,4020900
2019-10-15,8.513198852539062,8.57831464432232,8.397122688057733,8.408447455321582,7182300
2019-10-16,8.63210678100586,8.637769165013108,8.44242123672029,8.541510796868511,8608200
2019-10-17,8.550005912780762,8.651926143294322,8.484889564958918,8.575486105407842,6084200
2019-10-18,8.479228019714355,8.654757641801561,8.470734441873448,8.581148253831362,7788700
2019-10-21,8.592473983764648,8.592473983764648,8.484890812412319,8.496215584131441,5505500
2019-10-22,8.855768203735352,8.903897399298932,8.58681083911626,8.58681083911626,11808100
2019-10-23,8.898235321044922,8.957688749384022,8.813301157710024,8.835950159933702,7546900
2019-10-24,8.722705841064453,8.983169657305012,8.67174544701817,8.926547417249582,11793000
2019-10-25,8.977505683898926,9.138879876514743,8.926545838858212,8.971843838890907,13449200
2019-10-28,9.045454025268555,9.096414414818543,8.935039667911978,8.974675826447971,5260500
2019-10-29,9.127555847167969,9.189839919903974,8.963349928160612,9.00581673411315,9232900
2019-10-30,9.237970352172852,9.237970352172852,9.017142188457383,9.102076346807076,9577600
2019-10-31,9.25778865814209,9.277606467490632,9.068102522962276,9.172855035221259,11836000
2019-11-01,9.269113540649414,9.487109446104594,9.141712564741463,9.286099617444059,15926600
2019-11-04,9.334227561950684,9.47295220241028,9.20965726277457,9.34272059871654,20806700
2019-11-05,9.215322494506836,9.427657119172846,9.172856217567483,9.334230445914471,17111400
2019-11-06,9.175684928894043,9.526745242577434,8.725535576665495,9.320071967915494,19047600
2019-11-07,9.470122337341309,9.518250989667672,9.138879836076459,9.257787760629574,13000600
2019-11-08,9.317242622375488,9.4814485721298,9.280437654328889,9.322905008228018,15833800
2019-11-11,9.382355690002441,9.41349826306954,9.215319136270205,9.226643904656305,7051900
2019-11-12,9.262990951538086,9.48231774036174,9.262990951538086,9.302868351946447,9427300
2019-11-13,9.22880744934082,9.300017380009878,9.143354663276103,9.262987911820321,8492000
2019-11-14,9.032266616821289,9.26013815926869,8.998086157098484,9.257290240365633,8008700
2019-11-18,9.029420852661133,9.18608250756772,9.02087546404689,9.18608250756772,9177300
2019-11-19,8.901243209838867,9.129114818695234,8.867062196866026,9.072147188125527,4934600
2019-11-21,9.137660026550293,9.137660026550293,8.88984865290081,8.93827143385458,14518600
2019-11-22,9.177538871765137,9.277232368959694,9.049360742102401,9.11487376691277,8514800
2019-11-25,9.120569229125977,9.197476094576448,9.07499491107134,9.157598702100822,6650800
2019-11-26,8.941119194030762,9.140507227769243,8.86706079702186,9.120568533053131,14839500
2019-11-27,8.958209991455078,9.04081323309442,8.887000056843476,8.949664603717759,5967700
2019-11-28,8.998086929321289,9.000935391757416,8.824334523738196,8.97245131068481,5085300
2019-11-29,8.886999130249023,9.015176673212387,8.847121201588054,8.998086442808333,5221800
2019-12-02,8.875605583190918,9.006632136184352,8.844273040309925,8.963905743787128,6783200
2019-12-03,8.849970817565918,8.91263590936429,8.736035027871651,8.909787446710846,5238300
2019-12-04,8.958209991455078,8.958209991455078,8.852819049182886,8.901241826450322,7010400
2019-12-05,9.074994087219238,9.186081409481522,8.924028832812827,8.975300071791935,7744700
2019-12-06,9.134811401367188,9.277231287371137,9.086388618394293,9.114872704252834,7020100
2019-12-09,9.180384635925293,9.211717180993762,9.060751924095944,9.143355165700976,6847500
2019-12-10,9.237353324890137,9.243050250369137,9.092084984907897,9.15759854133898,4887400
2019-12-11,9.240202903747559,9.288626235726484,9.166145032375685,9.27438446276008,7466200
2019-12-12,9.36268138885498,9.394013932230948,9.223110533096799,9.288623538984133,5286800
2019-12-13,8.924029350280762,9.371228214369397,8.889848341216448,9.371228214369397,36155200
2019-12-16,8.855667114257812,9.043661289730856,8.810092801615175,8.966754433413158,17089900
2019-12-17,8.978150367736816,9.012330838510378,8.858517633451777,8.858517633451777,10286000
2019-12-18,9.21456527709961,9.228808133551215,8.932574539227053,8.93827092120352,25128000
2019-12-19,9.200322151184082,9.231654692235663,9.134809150156789,9.15474784235739,12399600
2019-12-20,9.09493350982666,9.203172921512822,9.037965341224606,9.200323915465127,21019800
2019-12-23,9.22880744934082,9.22880744934082,9.066448351052898,9.1034772759538,8071300
2019-12-26,9.31141185760498,9.31141185760498,9.225960142383565,9.228809148618202,5414500
2019-12-27,9.163293838500977,9.391166497879329,9.163293838500977,9.345592183319132,5796000
2019-12-30,9.114872932434082,9.282928445588936,9.08923730884851,9.223112352748444,5199500
2020-01-02,9.342742919921875,9.342742919921875,9.143354891750732,9.203172060806212,6660800
2020-01-03,9.112025260925293,9.465226552541788,9.112025260925293,9.399713528038712,20340400
2020-01-06,9.408255577087402,9.433891195277448,9.052206471390578,9.114871014028108,17549700
2020-01-07,9.280078887939453,9.408255896666292,9.231655569012394,9.396863133310514,5480400
2020-01-08,9.12911319732666,9.328501227130413,9.055055345067903,9.314259457839578,10030200
2020-01-09,9.180384635925293,9.21741410614961,9.06644884925179,9.143355165700976,15411600
2020-01-10,9.143357276916504,9.203174461576088,9.106328341430833,9.188931602109088,3867200
2020-01-13,9.140507698059082,9.188929934410343,9.0835395302631,9.157598474371104,6666500
2020-01-14,9.066449165344238,9.154749335183611,8.958210300052947,9.103478093570846,6752000
2020-01-15,8.864212036132812,9.02087365970416,8.858515111529476,9.000934966881111,7113300
2020-01-16,8.892694473266602,8.924027011423028,8.810091249884065,8.886998092656077,6655700
2020-01-17,9.072144508361816,9.072144508361816,8.91548234817084,8.91548234817084,13844600
2020-01-20,9.109174728393555,9.154749043198292,8.978148709152109,9.02941994912961,5121200
2020-01-21,8.835728645324707,9.069297139386496,8.835728645324707,9.035116132390018,7708800
2020-01-22,8.835728645324707,8.889847803410172,8.787305868998091,8.858515802226133,11883700
2020-01-23,8.89554500579834,8.901241931023481,8.599311956843998,8.773063829901266,14887900
2020-01-24,8.86136531829834,8.921181408543005,8.696158275298977,8.86136531829834,24097600
2020-01-27,8.488224029541016,8.636340824640548,8.408469250094104,8.610705204592987,12017100
2020-01-28,8.687610626220703,8.798697932506911,8.579371782055757,8.599310473615988,16360100
2020-01-29,8.647734642028809,8.807244743602931,8.633492329118548,8.716096114132004,14561200
2020-01-30,8.827183723449707,8.827183723449707,8.47967942654748,8.493921196628973,13531800
2020-01-31,8.644889831542969,8.755977202729238,8.567982939203743,8.69616109310245,12101800
2020-02-03,8.548041343688965,8.718945309964058,8.548041343688965,8.647735369290164,8801500
2020-02-04,8.758821487426758,8.89839288658461,8.667672862939071,8.690460019060993,18750100
2020-02-05,8.681914329528809,8.946815349779262,8.681914329528809,8.90693796377636,33161700
2020-02-06,8.915482521057129,9.112022069007882,8.701852742981108,8.801546748074308,91900100
2020-02-07,8.961058616638184,9.083539800744584,8.807245428270857,8.844274358138762,60858300
2020-02-10,8.995238304138184,9.020873922310846,8.790153902045523,8.961057298811749,137410600
2020-02-11,9.117718696594238,9.188928624544006,8.992389614570465,9.046509311933105,45207900
2020-02-12,9.27153491973877,9.308564396570873,9.131964031535366,9.217415750966898,38797800
2020-02-13,9.09493350982666,9.26868593510308,9.032268415706655,9.157598603946665,17443900
2020-02-14,9.006632804870605,9.149052131376724,8.96960333448229,9.129113436531641,13541400
2020-02-17,9.029420852661133,9.094933868837433,8.972452681810331,9.069298246283447,8665500
2020-02-18,9.097780227661133,9.129112225423041,8.852817910259475,8.924027835709854,13297300
2020-02-19,9.277229309082031,9.300017007540582,9.08638668080073,9.112022298277967,11667500
2020-02-20,9.043662071228027,9.39971175907165,9.012329524845402,9.362682287294238,23046400
2020-02-21,8.787304878234863,8.975299037297573,8.704701104225295,8.975299037297573,18867600
2020-02-26,7.912847995758057,8.200536191916552,7.8815154512066465,8.177748491669217,38080200
2020-02-27,7.642251014709473,7.9869074192506915,7.488437821271869,7.807458059736618,40110500
2020-02-28,7.733400344848633,7.733400344848633,7.383047526515555,7.579587137675807,38536600
2020-03-02,8.003995895385742,8.055267129700216,7.713459263129476,7.733397955743188,26816900
2020-03-03,7.83309268951416,8.220474901829782,7.719156904506234,7.986906406741366,35873100
2020-03-04,8.038177490234375,8.08944873178308,7.864425613449957,8.0666615736824,25863400
2020-03-05,7.636554718017578,7.969817298423579,7.465650733116513,7.890062503881529,27389300
2020-03-06,6.853244304656982,7.314684943536937,6.7563987451795695,7.314684943536937,56848700
2020-03-09,4.819488525390625,5.551526585887826,4.682765577661924,5.411955175503691,109454100
2020-03-10,5.229657173156738,5.625584190428185,4.870759078598077,5.540132495990295,83066000
2020-03-11,4.662827014923096,5.141357345577788,4.452045390382469,4.978998772623142,56828900
2020-03-12,3.680129289627075,3.9450303223073515,3.3126860531565305,3.876668581469507,51350100
2020-03-13,4.517557621002197,4.517557621002197,3.739945357172801,4.4150154250510285,59680500
2020-03-16,3.739945411682129,4.178598552666365,3.731400296472732,3.9849074636245962,39799500
2020-03-17,3.7257044315338135,4.019089339178531,3.7029172700649653,3.8909114880051607,53299000
2020-03-18,3.1474790573120117,3.475044636747547,2.99081715215593,3.3326247723591695,73690700
2020-03-19,3.546255111694336,3.717159083774891,2.9908176098990933,3.1332374960847647,68539000
2020-03-20,3.4807426929473877,3.83679246963386,3.375351991645523,3.7456435420839163,38966200
2020-03-23,3.3098371028900146,3.5149217518893905,3.2528692202913803,3.5035281753696634,29323500
2020-03-24,3.836792230606079,3.9165472995547606,3.5491039637713993,3.6003752153463258,33763400
2020-03-25,4.144418239593506,4.283989645930113,3.7655814100259493,3.8310944193350065,40007400
2020-03-26,4.158660411834717,4.366593296604277,3.964969297089323,4.115934286829165,39215400
2020-03-27,3.7114620208740234,3.9450308103110134,3.711462020874024,3.788368886963419,50173700
2020-03-30,3.8282461166381836,3.8795173585129707,3.5604968714301513,3.674432662658175,47594300
2020-03-31,4.0276336669921875,4.201385795311416,3.853881267028638,3.8681233071043204,46418700
2020-04-01,4.047573566436768,4.127328634328473,3.8197016722446366,3.8738213863330233,28742500
2020-04-02,4.395076751708984,4.745429459795596,4.249808436414594,4.3836831743316385,57104700
2020-04-03,4.363743782043457,4.6656736887417045,4.2184757526462136,4.657128846102454,38437600
2020-04-06,4.600161075592041,4.600161075592041,4.383683108665255,4.5716769967532045,38566600
2020-04-07,4.716945648193359,4.939120827125406,4.682765185766062,4.839426815683257,34378000
2020-04-08,4.9846954345703125,5.087237914505281,4.711249545795311,4.736884622490366,29341000
2020-04-09,4.802398204803467,5.354986910909934,4.751126964521927,5.135660723344787,44119700
2020-04-13,4.927727222442627,4.953362842181919,4.739733039880268,4.867911138576732,24196800
2020-04-14,4.893546104431152,5.038814415779892,4.830881023091338,4.964756029016499,19421300
2020-04-15,4.734037399291992,4.796701955528366,4.617252589255712,4.657130528032283,38442400
2020-04-16,4.5944647789001465,4.836578667176923,4.51755819015857,4.819488434854059,22075700
2020-04-17,4.7568230628967285,4.773913292257053,4.537496370166292,4.614403217220642,24906500
2020-04-20,4.7140984535217285,4.847973506682362,4.497620412851454,4.551739855107923,37175900
2020-04-22,4.885000705718994,4.887849167889939,4.6571291649294,4.671370932495522,19763600
2020-04-23,4.939119815826416,5.0929329518328785,4.867909899846553,5.013178193640099,19498900
2020-04-24,4.57737398147583,4.913484920966688,4.420712360731472,4.87075907378992,39716700
2020-04-27,4.785306453704834,4.819487454687668,4.548889810357641,4.662825846463745,25446600
2020-04-28,5.132811546325684,5.132811546325684,4.873607461680996,4.981846309096594,24004700
2020-04-29,5.411955833435059,5.497407550331685,5.2268100846331915,5.272384406083228,26938000
2020-04-30,5.312262058258057,5.463227344912552,5.249597499058028,5.335049220084321,23209200
2020-05-04,5.141357421875,5.215415824254662,5.0530572488906325,5.112873880665589,17952300
2020-05-05,5.317957878112793,5.451832358077834,5.275232026488943,5.275232026488943,18728700
2020-05-06,5.110024452209473,5.360683153189125,5.098630603247905,5.340744460795003,19890500
2020-05-07,5.2125678062438965,5.33504899973461,5.17269041051716,5.278081369166239,32296200
2020-05-08,5.568617343902588,5.597101429855571,5.298019885571123,5.326503971524106,21161300
2020-05-11,5.4205002784729,5.648371846039785,5.40910642845022,5.5201937497279925,23059300
2020-05-12,5.3749260902404785,5.574313580686739,5.374926090240478,5.520193878394908,20641000
2020-05-13,5.164144039154053,5.448983767681415,5.129963575972423,5.400560992100216,20723300
2020-05-14,5.038814544677734,5.1128729333356135,4.870759074894204,5.1128729333356135,33197200
2020-05-15,5.04166316986084,5.354986421546307,5.04166316986084,5.1271148669953055,34890800
2020-05-18,5.531587600708008,5.55437475746864,5.278080413834891,5.340744959104462,25804600
2020-05-19,5.497406482696533,5.654068657633801,5.477467788845473,5.55152618264131,18126400
2020-05-20,5.662614345550537,5.7537635276208885,5.599949792210366,5.599949792210366,14715100
2020-05-21,5.682552814483643,5.816427291614962,5.599949032242487,5.719581740230206,19480400
2020-05-22,5.560070514678955,5.631280432510534,5.43189244526669,5.59140250908863,14356600
2020-05-25,5.793641567230225,5.827822038939924,5.7566120890411145,5.827822038939924,6791800
2020-05-26,5.853456497192383,5.9588474410748296,5.7509145592212585,5.93890874600513,20457400
2020-05-27,5.881941795349121,5.916122810593814,5.676857333747379,5.870548485793427,17549200
2020-05-28,5.856305122375488,5.955999143780007,5.7850951846992205,5.836366426752327,14941700
2020-05-29,5.936059951782227,5.936059951782227,5.71388476922667,5.787943163411856,40906600
2020-06-01,5.9673919677734375,6.02435958213877,5.827820035850128,5.887636655715634,16933500
2020-06-02,6.226597309112549,6.226597309112549,6.010119026955517,6.069935115600746,16405100
2020-06-03,6.283564567565918,6.377561660861415,6.255080484657559,6.369016816290993,18771700
2020-06-04,6.312047958374023,6.4430745080702625,6.141144022951754,6.272170572647993,24417700
2020-06-05,6.508589267730713,6.787732129721777,6.497195415426369,6.551315127294442,26623200
2020-06-08,6.6510090827941895,6.66525085471666,6.480105103280681,6.645312156709693,19812000
2020-06-09,6.463014125823975,6.534224063833044,6.408894420816242,6.505739979971674,18562600
2020-06-10,6.272172927856445,6.517134802099497,6.232294983867565,6.517134802099497,26428300
2020-06-12,6.0499958992004395,6.200961154159571,5.896182724988644,5.995876197492271,26514800
2020-06-15,6.07278299331665,6.203809552417366,5.72527871620375,5.862001657039448,21227100
2020-06-16,6.323442459106445,6.482952561733492,6.249384061350286,6.317745533904735,22219100
2020-06-17,6.33768367767334,6.480103535598583,6.266473748710718,6.357622370856691,13697000
2020-06-18,6.437378883361816,6.4658629688987865,6.249384679422054,6.283565147435423,10305800
2020-06-19,6.346229553222656,6.611130052991401,6.306351620497777,6.548465506264711,24275800
2020-06-22,6.229445457458496,6.411742720267445,6.2123546816036335,6.406045794982491,8866000
2020-06-23,6.411742687225342,6.5712527913611565,6.26647435293982,6.312048668407196,13268400
2020-06-24,6.240839004516602,6.388955807883962,6.14969036961014,6.380410419628211,10911200
2020-06-25,6.371865749359131,6.371865749359131,6.146842075386683,6.220900479100828,11952600
2020-06-26,6.232292652130127,6.386106357206462,6.186718341727206,6.29495773640062,14021000
2020-06-29,6.425984859466553,6.440227173497386,6.249384511794048,6.289261904502924,10418000
2020-06-30,6.363320827484131,6.445924082456783,6.223749398311267,6.314898042400584,20251000
2020-07-01,6.369016647338867,6.545616978766332,6.340532565186112,6.408894036379518,17833100
2020-07-02,6.448772430419922,6.514285992567732,6.400349646200461,6.47725651701174,13406400
2020-07-03,6.408895015716553,6.482953423315039,6.403198089757724,6.423136787324862,3200700
2020-07-06,6.594040393829346,6.702279807831083,6.511437145206819,6.545617612468302,15354300
2020-07-07,6.48295259475708,6.565555837447888,6.480104132141716,6.539920217198298,9997800
2020-07-08,6.642462253570557,6.679491721802966,6.537071860300034,6.551313629134865,11690600
2020-07-09,6.451619625091553,6.705127348304302,6.448771162663471,6.679491729740219,11527200
2020-07-10,6.551313400268555,6.602584635544664,6.43737762370422,6.48864885898033,8368200
2020-07-13,6.508589267730713,6.648160698726246,6.508589267730713,6.599737913010344,11151500
2020-07-14,6.7336106300354,6.784881865214535,6.420287380898267,6.505739077337733,16374800
2020-07-15,6.893121242523193,6.893121242523193,6.74500446200549,6.827607695913178,12116700
2020-07-16,6.730762004852295,6.8617885519495,6.656704159483997,6.830456010478481,12401500
2020-07-17,6.736459732055664,6.8190635173080985,6.69943080495923,6.75070204500713,13702100
2020-07-20,6.693734169006348,6.759247181547757,6.642462926743083,6.733611560416125,11887100
2020-07-21,6.833305358886719,6.972876767547843,6.784882580919497,6.807669738592972,24583500
2020-07-22,6.762096405029297,6.856093511990834,6.710825156997774,6.80482226395931,15724100
2020-07-23,6.6843719482421875,6.839755807170519,6.68149440839152,6.790838727378408,15366800
2020-07-24,6.71314811706543,6.816737376706546,6.6325786319184825,6.695883423403482,11202000
2020-07-27,6.839757919311523,6.862777696390833,6.621069762640695,6.744801270255024,10020200
2020-07-28,6.730412483215332,6.871408663735366,6.707392709841341,6.787962191067656,9507300
2020-07-29,6.857021808624268,6.86853197022788,6.747678017563513,6.7764523239031185,9032300
2020-07-30,6.710270404815674,6.802349500434427,6.626823930224193,6.776452186187315,13691300
2020-07-31,6.53186559677124,6.842632738140167,6.500213210065057,6.747676126856177,25323500
2020-08-03,6.428277492523193,6.6412105203056555,6.425399952424621,6.6095581280560145,16561200
2020-08-04,6.4196457862854,6.52323504924489,6.313179531652354,6.367851154805655,16586800
2020-08-05,6.8340020179748535,6.868531953868737,6.531867411450903,6.546254564586439,44277000
2020-08-06,6.857021808624268,6.954855986916122,6.802349638676533,6.842634655454465,17470300
2020-08-07,6.707393169403076,6.7965952775693905,6.649844006442421,6.77933003472994,16420700
2020-08-10,6.934713840484619,6.943345912961582,6.661353536129909,6.736167940993669,16654100
2020-08-11,6.816737651824951,7.081465343609456,6.816737651824951,6.983631160852047,15138500
2020-08-12,6.92032527923584,6.972119903006912,6.819614120608368,6.905938127670387,14834600
2020-08-13,6.716026782989502,6.957734730102349,6.675742308082297,6.934714951750402,11957400
2020-08-14,6.690128326416016,6.773575351777566,6.664231011568273,6.70451547962711,12297300
2020-08-17,6.693005084991455,6.733289548344521,6.560640985805502,6.68149492469935,11937500
2020-08-18,6.793717861175537,6.877164341084695,6.72178099453483,6.776452618020757,13219200
2020-08-19,6.7649431228637695,6.914571939809199,6.721781111892712,6.790840439213354,17315000
2020-08-20,6.693005084991455,6.776451551770613,6.59229337777414,6.667107773168869,19591900
2020-08-21,6.64121150970459,6.678618438889556,6.569274643027185,6.661353744560705,12868800
2020-08-24,6.773575782775879,6.825369866932274,6.713148528007961,6.727535682134501,15004200
2020-08-25,6.741922378540039,6.834001468406069,6.690127753281731,6.816736776264856,8217700
2020-08-26,6.549131870269775,6.7534322914130795,6.505969863575316,6.710270284718619,13088700
2020-08-27,6.517479419708252,6.629701294747863,6.4973371866801575,6.5663965065627785,11909800
2020-08-28,6.649843692779541,6.64984369277954,6.494459807562063,6.54625443596789,12865800
2020-08-31,6.422524929046631,6.61243825929431,6.422524929046631,6.592296019546051,19268400
2020-09-01,6.721779823303223,6.739044514614993,6.497336640911648,6.51747887224782,16551800
2020-09-02,6.7045159339904785,6.793718046215558,6.59804967580987,6.741923413009964,15584800
2020-09-03,6.7045159339904785,6.816737822214183,6.618191911204323,6.649844309015464,25692800
2020-09-04,6.71314811706543,6.759187666053767,6.592294163762367,6.704515495817098,39603600
2020-09-08,6.480072498321533,6.586538744066579,6.379360784277933,6.583661203798512,25332200
2020-09-09,6.623946189880371,6.6412108825789264,6.531867097041826,6.5491317897403825,16878600
2020-09-10,6.373606204986572,6.5807847299032165,6.373606204986571,6.5663970274313765,23363000
2020-09-11,6.341953754425049,6.4282777657122,6.281526507456301,6.347708286032095,32838100
2020-09-14,6.278650283813477,6.37648447649905,6.192326254424932,6.350587157915528,17258800
2020-09-15,6.293035984039307,6.379359985939644,6.244118903273217,6.379359985939644,11694700
2020-09-16,6.316057205200195,6.413891389203855,6.2527524103538585,6.35346413492642,15243600
2020-09-17,6.457053184509277,6.457053184509277,6.24412012903173,6.249874661142681,19604800
2020-09-18,6.313178062438965,6.445541602008018,6.270016062528822,6.3851149119007395,28690200
2020-09-21,6.123265743255615,6.261384383242248,6.077226196593404,6.223976908557521,18287300
2020-09-22,6.120387077331543,6.241241002301227,6.0858571492682385,6.13477422720441,16150700
2020-09-23,5.97075891494751,6.177936858030277,5.97075891494751,6.120387703813496,20264800
2020-09-24,6.013921737670898,6.10600083603821,5.91608755844695,5.9793923502005155,19709300
2020-09-25,5.950617790222168,6.002412422834255,5.870048300732839,5.953495330793367,10833600
2020-09-28,5.806743144989014,6.05420610699722,5.806743144989014,5.996656402258446,20936100
2020-09-29,5.642726898193359,5.835517685272671,5.631216738327309,5.7981102145426355,17702700
2020-09-30,5.688767910003662,5.82688657107927,5.683012828583485,5.683012828583485,22725300
2020-10-01,5.740561008453369,5.7808454699415135,5.5362600634035815,5.697398458190785,30235400
2020-10-02,5.518996715545654,5.697399844548237,5.518996715545654,5.697399844548237,23539800
2020-10-05,5.789478778839111,5.826885704839707,5.573668197178382,5.611075123178978,23219600
2020-10-06,5.752071857452393,5.982270162673701,5.752071857452393,5.907455754639382,16227900
2020-10-07,5.729051113128662,5.789478356984631,5.642727106288307,5.780845736766736,13911100
2020-10-08,5.924720287322998,5.936229900410564,5.743439078889964,5.806743871793125,25522600
2020-10-09,5.729051113128662,5.890189515353495,5.723296032983399,5.881557443970251,19644400
2020-10-13,5.792357444763184,5.803867609219808,5.688768708827801,5.749195425720536,14042000
2020-10-14,5.757826805114746,5.8873128342679095,5.757826805114747,5.789479201697283,13848200
2020-10-15,5.694522857666016,5.708910012043748,5.599565662967852,5.6542378375058,15960200
2020-10-16,5.553525447845459,5.697399169798291,5.553525447845459,5.697399169798291,13771800
2020-10-19,5.61395263671875,5.734806583826448,5.544893316776449,5.588055323136051,16348400
2020-10-20,5.806743144989014,5.84127252876455,5.619707427839987,5.628339499366541,19118100
2020-10-21,5.803866386413574,5.844150855854601,5.697399582960487,5.800988845905681,15932500
2020-10-22,5.9880242347717285,5.990901775109762,5.763581576752154,5.803866043815216,20037400
2020-10-23,5.895945072174072,6.062838568037173,5.878680379177116,5.999534327825202,20676500
2020-10-26,5.812499523162842,5.898823550712527,5.734807569067256,5.8383968411947045,11999300
2020-10-27,5.714663982391357,5.847027533206091,5.6916442105612015,5.8124981498781825,15695700
2020-10-28,5.363610744476318,5.593808967343715,5.363610744476318,5.576543730165341,31146900
2020-10-29,5.562158584594727,5.593810981986992,5.1046400624462756,5.331960827654827,23623300
2020-10-30,5.467201232910156,5.631217182083913,5.449936540585201,5.495976086008197,19693000
2020-11-03,5.683012008666992,5.731929096011438,5.593810454862895,5.6254623004377535,19668700
2020-11-04,5.70890998840332,5.792356471351182,5.559281168621577,5.76933669514128,17728100
2020-11-05,5.737685680389404,5.780847698456306,5.685891039175187,5.775092616358096,11439300
2020-11-06,5.717543125152588,5.749194977269689,5.6369736267453705,5.648483241469369,13781400
2020-11-09,6.301671028137207,6.468564579699082,6.045575892680591,6.045575892680591,40041000
2020-11-10,6.802350044250488,6.828247360567969,6.3304443670603785,6.35921922395033,53205100
2020-11-11,6.796594142913818,6.857020836259797,6.623945585185166,6.83687860514447,27960500
2020-11-12,6.517479419708252,6.767819934513105,6.477194953652062,6.71890284765858,19722100
2020-11-13,6.669986248016357,6.7563102669665405,6.511724814828051,6.531867598162173,23908600
2020-11-16,6.885796070098877,6.998017391884709,6.808104132477302,6.845511605629023,22384300
2020-11-17,6.963486194610596,7.110236862350644,6.776449975220667,6.805224820421773,22034300
2020-11-18,6.97212028503418,7.141891317215208,6.966365204558797,7.052689765185498,24001000
2020-11-19,7.035425186157227,7.092974345335948,6.926080850698679,6.992262630729821,13929500
2020-11-23,7.331805229187012,7.331805229187012,7.121749712812277,7.121749712812277,22774000
2020-11-24,7.723142147064209,7.8037116363319035,7.4785566875325875,7.490066849785721,23024600
2020-11-25,7.671347141265869,7.769181320317384,7.536106034381583,7.685734294547385,15680800
2020-11-26,7.553369045257568,7.605163663667156,7.469922038078879,7.599408584102847,11803100
2020-11-27,7.452658176422119,7.62530674069536,7.452658176422119,7.605164508816502,14340100
2020-11-30,7.351948261260986,7.5792690452428975,7.3490712692920415,7.397987816451157,33606700
2020-12-01,7.567758083343506,7.596532939509225,7.458414288515448,7.4756789826809875,12790700
2020-12-02,7.671347141265869,7.83824064397115,7.490066485279073,7.5648808897793325,16340300
2020-12-03,7.826730251312256,7.953338724312419,7.679978997356251,7.731773622144802,14481900
2020-12-04,8.085702896118164,8.14037506151453,7.970604033837392,7.9734810251640775,16206300
2020-12-07,7.904422283172607,8.123110411842104,7.843995581889636,8.056928629817506,14894400
2020-12-08,7.835361957550049,7.982113204663524,7.812342186365658,7.861259268736817,8495000
2020-12-09,7.843996524810791,7.918810936941219,7.757671949813479,7.835363902660628,18354800
2020-12-10,8.128865242004395,8.264106342255484,7.887157346653949,7.907299579794038,21953100
2020-12-11,8.059805870056152,8.114478037396314,7.964849236694128,8.074193022539765,13098800
2020-12-14,8.025276184082031,8.220944537388672,7.999378869742346,8.189292142343566,15227000
2020-12-15,8.128865242004395,8.177782329130906,8.016643915175505,8.025275987187149,11595600
2020-12-16,8.21806526184082,8.295757188455692,8.036784648574043,8.137496344315403,19478300
2020-12-17,8.321657180786133,8.356187120027922,8.209435838711157,8.238210147772088,9853700
2020-12-18,8.235332489013672,8.356186443320697,8.215189705933566,8.284249578824484,9994200
2020-12-21,7.9303202629089355,8.054051765059599,7.875648637781471,7.956217579583947,12692700
2020-12-22,8.01088809967041,8.082824953619438,7.938951245721384,7.987868328360108,8388700
2020-12-23,8.183536529541016,8.32165515521931,8.04829489500072,8.04829489500072,5874900
2020-12-28,8.243965148925781,8.382083806879871,8.23821006763567,8.287127160932089,7255700
2020-12-29,8.24972152709961,8.327413490225256,8.174907105071378,8.287128463696304,7363400
2020-12-30,8.301513671875,8.370572990933589,8.272738818391918,8.301513671875,20928700
2021-01-04,8.48854923248291,8.55760855020905,8.347553056854371,8.384959981476362,16486300
2021-01-05,8.747523307800293,8.802195482833822,8.321657167875914,8.477040522135992,20245000
2021-01-06,8.848235130310059,8.99210887226632,8.77342071863263,8.776298259331929,23213000
2021-01-07,9.107206344604492,9.135981198303092,8.897150845623674,8.897150845623674,16348700
2021-01-08,9.089941024780273,9.30575158937841,8.928802623554033,9.17338749103087,17349000
2021-01-11,9.003617286682129,9.092818835699534,8.91441518883006,8.954700201962648,12810900
2021-01-12,8.971964836120605,9.199285017409153,8.937434903491699,9.11583854921084,16516300
2021-01-13,8.557610511779785,9.000741921473532,8.485673637388057,8.969089521114036,23270300
2021-01-14,8.592138290405273,8.643932914744608,8.425244805775561,8.566240978235607,16531800
2021-01-15,8.29000473022461,8.494305726051445,8.243965177414148,8.482795563431448,20426200
2021-01-18,8.275616645812988,8.482794610178464,8.272739105481353,8.313023572454853,10070500
2021-01-19,8.379203796386719,8.413733174018345,8.169147795650314,8.396468485202533,11002100
2021-01-20,8.238208770751953,8.508691511624573,8.22669915881837,8.445387273903183,9105100
2021-01-21,8.082826614379883,8.324534537218575,8.065561919558476,8.209435657017949,9540100
2021-01-22,7.979237079620361,8.031031711178649,7.815221112242279,7.910177753820892,19675600
2021-01-26,7.941828727722168,8.183536599131925,7.915931416582934,8.013765581145675,19726900
2021-01-27,8.051175117492676,8.249721051079112,7.795080011783162,7.855506724837617,16528600
2021-01-28,8.229578971862793,8.333167703212961,8.010890796380487,8.010890796380487,13571100
2021-01-29,7.864137649536133,8.163395255763069,7.864137649536132,8.123110240257322,17428900
2021-02-01,8.088580131530762,8.149006826138505,7.907298950038241,8.002255576446585,16133200
2021-02-02,8.367694854736328,8.57775033718326,8.255473537863105,8.313022691895812,22197200
2021-02-03,8.430999755859375,8.511569236481161,8.364817976510059,8.445387457131847,18113900
2021-02-04,8.422368049621582,8.474162678781983,8.272739242899247,8.425245590001015,9732200
2021-02-05,8.54034423828125,8.836723754782494,8.34755342856461,8.433877442357561,29591900
2021-02-08,8.186413764953613,8.58638247607991,8.100089215490248,8.393591695763389,30213000
2021-02-09,7.973483085632324,8.272740753729689,7.964851011752276,8.166273935585679,23255400
2021-02-10,8.07131576538086,8.140375636461624,7.872770419736459,8.051173531663432,14690800
2021-02-11,8.146129608154297,8.249718858817,8.088580451324203,8.143252067987591,19893800
2021-02-12,8.20080280303955,8.226700118955929,8.02239913215281,8.146130630678895,10835200
2021-02-17,8.54034423828125,8.546099318890032,8.137497925856316,8.209434786962008,16008200
2021-02-18,8.468406677246094,8.905782888339072,8.405101893451137,8.776296329517253,26443000
2021-02-19,7.797956943511963,8.192170690121342,7.751917389876339,8.128866441081053,66820000
2021-02-22,6.200959205627441,6.552011552180919,6.143410027502272,6.4743195854353255,132375800
2021-02-23,6.756310939788818,6.839757975407438,6.5059709306025235,6.618192276180189,135100700
2021-02-24,6.842634677886963,7.023915333060457,6.739045418453701,6.917449082051573,59529900
2021-02-25,6.600926399230957,7.14189134264551,6.534744071197758,7.04981225005024,58890700
2021-02-26,6.373606204986572,6.638333893286383,6.318934033263043,6.5807847299032165,47419800
2021-03-01,6.3333210945129395,6.589416135401108,6.327566014106881,6.520356817032433,40852500
2021-03-02,6.304546356201172,6.3966254490373045,5.967881829997383,6.301668815945707,52848600
2021-03-03,6.034063816070557,6.298791491460233,5.927597567144701,6.244119871237639,55664000
2021-03-04,6.293035984039307,6.367849826307802,6.0225532698718345,6.0772254304538444,47489800
2021-03-05,6.3477091789245605,6.560642245708213,6.270017777371635,6.373606495720455,43166600
2021-03-08,6.042695999145508,6.327565887530779,6.005289074923764,6.24411941865089,40592700
2021-03-09,6.154918670654297,6.301669957253299,5.979393073958646,6.082981797743106,33864000
2021-03-10,6.41389274597168,6.41389274597168,6.177939308921891,6.24124411715946,33131800
2021-03-11,6.603803634643555,6.661352790441755,6.457052381780959,6.474317073636953,39160900
2021-03-12,6.53186559677124,6.641209357193736,6.471438362953488,6.563517434642864,19890600
2021-03-15,6.693005084991455,6.693005084991455,6.514601442306383,6.5433762942019955,17028300
2021-03-16,6.592292308807373,6.681493841268195,6.549130312380172,6.658474073251384,15310200
2021-03-17,6.802350044250488,6.836879982285378,6.51748011359294,6.583661900255506,25962600
2021-03-18,6.60955810546875,6.767819517341465,6.549131410109195,6.733289585111252,26139300
2021-03-19,6.767819404602051,6.7965942561754495,6.55488638109433,6.612435535406484,37789800
2021-03-22,6.64121150970459,6.707393295327465,6.552009948698335,6.684373519944085,18776800
2021-03-23,6.488704681396484,6.690128112932636,6.488704681396484,6.563519083143206,15989200
2021-03-24,6.482950687408447,6.7102709029892615,6.482950687408447,6.5520100142495075,22253300
2021-03-25,6.606682300567627,6.652722405244828,6.324689883824208,6.439788773430216,23611500
2021-03-26,6.7045159339904785,6.84263513881698,6.606681748787635,6.675741625618261,21935500
2021-03-29,6.805227279663086,6.808104820106521,6.644088856673771,6.644088856673771,16628800
2021-03-30,6.785083293914795,6.854142600226331,6.721779067004531,6.721779067004531,15046700
2021-03-31,6.888674259185791,6.940468889146053,6.773575386404496,6.787962539689139,16817600
2021-04-01,6.796594142913818,6.9577325406710635,6.753431591855678,6.943344840706805,17294200
2021-04-05,6.868531227111816,6.891550998993787,6.770697059404778,6.84838844648477,13356000
2021-04-06,6.816737651824951,6.946223682767589,6.78796279533723,6.877164356497901,15745800
2021-04-07,6.848389148712158,6.923203552208625,6.782207366369607,6.7879624471388835,22334400
2021-04-08,6.733290672302246,6.851267090816338,6.678618499457872,6.839757477437636,21325900
2021-04-09,6.762065410614014,6.796595347815069,6.644088994165399,6.658476147845578,21537900
2021-04-12,6.831124782562256,6.972120975157311,6.787962772393931,6.790840312916451,13987300
2021-04-13,6.831124782562256,6.888674495343181,6.770698078093549,6.834002323084776,17292200
2021-04-14,6.940468788146973,7.029670344650058,6.810982215130632,6.865654384719166,26209700
2021-04-15,6.819324493408203,7.0246184518157575,6.8014730175648195,6.994865613751329,15755200
2021-04-16,6.738993167877197,6.881806134331661,6.673537366790972,6.786597490028686,38648600
2021-04-19,7.078174591064453,7.226938237946968,6.688413427640703,6.73899309028029,53749800
2021-04-20,6.902632236480713,7.143629143432437,6.875854739320723,7.084123468079532,32032000
2021-04-22,6.905608177185059,7.003792728365926,6.875855901965942,6.994866705307227,17247700
2021-04-23,6.923459529876709,6.96511316500223,6.846102373580586,6.950237028882606,16676900
2021-04-26,6.9323859214782715,7.0156937704767435,6.896682962970564,6.947262627096727,11732500
2021-04-27,6.765771865844727,7.0335463671469185,6.7300689016649065,6.947263730805365,22021900
2021-04-28,7.006768703460693,7.027596094169266,6.822302068520306,6.8312275256213235,19082500
2021-04-29,6.86693000793457,7.110902301240429,6.801474206739039,7.04842184112037,18139100
2021-04-30,6.8728814125061035,6.965114725587402,6.777672758036589,6.81040037833027,27333100
2021-05-03,6.8461012840271,6.920483087763828,6.774694820538414,6.893705593019555,15331500
2021-05-04,6.688412666320801,6.920484133337376,6.688412666320801,6.860978454362394,15023900
2021-05-05,6.962138652801514,7.012718316110911,6.74791920274963,6.771721363866506,21290700
2021-05-06,6.863954544067383,6.974039891937353,6.843127724399942,6.917509547491245,12919700
2021-05-07,7.119827747344971,7.119827747344971,6.855028655463284,6.90858308801589,21358800
2021-05-10,7.209085464477539,7.277516598942982,7.14958035222037,7.203134783005356,21003500
2021-05-11,7.304295539855957,7.319172246472889,7.093051413290502,7.113878235065876,18213400
2021-05-12,7.212061882019043,7.399504403961591,7.209086540838715,7.2477654086946774,18141800
2021-05-13,7.289418697357178,7.313220858159221,7.125778912779165,7.2418143757530915,15503000
2021-05-14,7.628598213195801,7.6553757100586335,7.447106983611037,7.497686636853256,21194500
2021-05-17,7.71785831451416,7.71785831451416,7.601822281718084,7.622649669391023,11417200
2021-05-18,7.616697311401367,7.75058422634037,7.583969134032912,7.7208319569015895,14226100
2021-05-19,7.592897891998291,7.61372471510713,7.461985702829116,7.494713891993502,13930700
2021-05-20,7.488762378692627,7.610748529795635,7.441158054725029,7.583971026627823,12138100
2021-05-21,7.5631422996521,7.595870476939295,7.509587306814204,7.521488668550697,17829100
2021-05-24,7.640500545501709,7.6613273640427355,7.52446508935128,7.640500545501709,14621400
2021-05-25,7.50363826751709,7.6821547602014135,7.476860765240027,7.646451802157521,19370700
2021-05-26,7.57206916809082,7.578019282136583,7.444132352551208,7.521489510028374,10711300
2021-05-27,7.512563705444336,7.616698365354083,7.456033364209631,7.54826722819474,20444900
2021-05-28,7.946954727172852,7.96183143419444,7.586946929575631,7.586946929575631,47632100
2021-05-31,7.929102420806885,7.991583448816516,7.8606712780963806,7.9469538998860845,20413800
2021-06-01,8.101667404174805,8.176049221475319,7.964805132736209,8.09274194929121,29437700
2021-06-02,8.503331184387207,8.506306525826288,8.10761985280314,8.119521218559461,44727900
2021-06-04,8.607465744018555,8.714575764369037,8.434899915391858,8.50630640646273,42167500
2021-06-07,8.54498291015625,8.666969044315874,8.473576434122927,8.616389386189574,39270400
2021-06-08,8.750277519226074,8.794906499053608,8.461676253352303,8.476552390798725,51187500
2021-06-09,8.780031204223633,8.90796804149868,8.71755017247819,8.759204382804592,26326900
2021-06-10,8.797883033752441,8.890116346908822,8.744328023697657,8.80978439931499,18571600
2021-06-11,8.717549324035645,8.836560693398695,8.649118183893679,8.800857169092126,15355500
2021-06-14,8.705649375915527,8.922844181437618,8.663995733072476,8.80978405051148,17589000
2021-06-15,8.7681303024292,8.800858490667473,8.652094824112925,8.75920484562847,11804900
2021-06-16,8.797883033752441,8.863339409369775,8.663996076103826,8.803833716533715,27586600
2021-06-17,8.527132987976074,8.821684968134328,8.440850359843251,8.774080642097942,17692600
2021-06-18,8.550933837890625,8.556884519603454,8.363491903842473,8.47060133723217,20238900
2021-06-21,8.729451179504395,8.762179364670915,8.565811388648386,8.577712185761841,9180700
2021-06-22,8.73837661743164,8.800857074939378,8.598538430172546,8.72349991267628,14020000
2021-06-23,8.759203910827637,8.89011551483286,8.68482208548855,8.771104707787979,11843000
2021-06-24,8.89309024810791,8.928793771525207,8.75622797123282,8.863337973996458,13328500
2021-06-25,8.750277519226074,8.973422985852013,8.717549335858024,8.902016504630303,18279900
2021-06-28,8.711599349975586,8.794906628886585,8.634242185638033,8.774079809158835,11154700
2021-06-29,8.830609321594238,8.854411480109793,8.62829069046791,8.72349932453013,18376200
2021-06-30,9.012100219726562,9.071605326228264,8.768127410358643,8.806806268698505,38599800
2021-07-01,8.854412078857422,9.175741524290268,8.797881735752235,9.086483565693246,14822500
2021-07-02,8.934747695922852,8.958549864343198,8.750280465048817,8.958549864343198,10708800
2021-07-05,8.833585739135742,8.919868361464172,8.693747544258752,8.839535853873768,9676800
2021-07-06,8.503331184387207,8.82168534102024,8.503331184387207,8.750278848947366,26086000
2021-07-07,8.547958374023438,8.625315532712257,8.414071442340976,8.625315532712257,15385400
2021-07-08,8.37836742401123,8.494402871430276,8.330763108788638,8.36051594767481,13636300
2021-07-12,8.464651107788086,8.509280085050332,8.330763608513118,8.449774403708515,12806700
2021-07-13,8.4973783493042,8.533081870041872,8.342664606076175,8.428947216002552,8356500
2021-07-14,8.440849304199219,8.625315902648047,8.387294302233991,8.58663760538886,15431200
2021-07-15,8.241507530212402,8.446800985852542,8.208779341274832,8.414073364403334,14057500
2021-07-16,8.083816528320312,8.31886279338248,8.030261525081565,8.30101131479899,13025200
2021-07-19,7.988607883453369,8.01241004405352,7.833893555808252,7.866621739441562,15763200
2021-07-20,8.11952018737793,8.202827467138723,7.845795052117575,7.923151649755946,13316700
2021-07-21,8.250431060791016,8.330763559887103,8.107618107390127,8.170098561694928,12603000
2021-07-22,8.262333869934082,8.315888878703863,8.149273169756029,8.253407845976342,6989400
2021-07-23,8.15224838256836,8.306962723800387,8.113570081004514,8.301012041255696,7828900
2021-07-26,8.315888404846191,8.342665907705241,8.12249520253344,8.13439656713226,10639300
2021-07-27,8.280183792114258,8.327788109286892,8.190925839287624,8.303985950700575,7616200
2021-07-28,8.431922912597656,8.46167575322021,8.238530299783408,8.339689617407151,12508600
2021-07-29,8.39919376373291,8.455724097655695,8.330762635424795,8.425971260460114,6722500
2021-07-30,8.182000160217285,8.405145619132302,8.176049478449038,8.339689822146333,16455300
2021-08-02,8.104643821716309,8.396220448074864,8.104643821716309,8.22365463171079,18167000
2021-08-03,8.241507530212402,8.241507530212402,7.932078824773016,8.122496140435183,14480700
2021-08-04,7.943979263305664,8.208778382919753,7.86662209597708,8.190926903532633,21499300
2021-08-05,8.708622932434082,8.896064854301597,8.491428171424113,8.646141913486106,56764100
2021-08-06,8.661019325256348,8.74432660068375,8.568785459621363,8.708623644782936,14207700
2021-08-09,8.5806884765625,8.613416665351147,8.434900148985998,8.568787110643589,16383300
2021-08-10,8.583662986755371,8.774080283110063,8.57771230437221,8.643168108122058,13708300
2021-08-11,8.717549324035645,8.806807851057933,8.512255903609745,8.571761020803002,13417700
2021-08-12,8.765152931213379,8.85143611022844,8.67589497894586,8.7502767949982,14101100
2021-08-13,8.90201473236084,8.940693022514179,8.738374983075563,8.768127252045137,14005900
2021-08-16,8.73242473602295,8.860361541904053,8.607463270684217,8.860361541904053,14341000
2021-08-17,8.735546112060547,8.955902470371722,8.606480433754014,8.628515949500578,20573000
2021-08-18,8.631664276123047,8.839428575514098,8.622220225996983,8.760729959065282,15096100
2021-08-19,8.549817085266113,8.631663713084812,8.452230975353448,8.502598038561453,13268300
2021-08-20,8.546670913696289,8.549818930879184,8.376682188780217,8.499451856798652,12420500
2021-08-23,8.833133697509766,8.836281714630227,8.593889800160467,8.663144975964897,21931900
2021-08-24,8.933867454528809,8.933867454528809,8.829985295769967,8.886648400624399,9774200
2021-08-25,8.955902099609375,8.96219753211722,8.845723925015017,8.908682453052688,9107100
2021-08-26,8.883500099182129,9.018861823017101,8.864612598309732,8.86776061519227,17813300
2021-08-27,9.154224395751953,9.163668447275342,8.930720580171034,8.943312048446003,10210800
2021-08-30,9.040895462036133,9.210884735831709,9.022007965088637,9.091262520844593,15703900
2021-08-31,8.789060592651367,9.059783997144294,8.72924948226794,9.037747882481018,30637100
2021-09-01,8.741843223571777,8.852021416318019,8.534078906015026,8.845725382350153,18159400
2021-09-02,8.590741157531738,8.88979553622502,8.590741157531738,8.68832727264868,15610800
2021-09-03,8.593890190124512,8.647405282754978,8.493156039390199,8.61592631096768,34286600
2021-09-06,8.615924835205078,8.682031385142947,8.508894668276607,8.549817684844413,7621100
2021-09-08,8.137436866760254,8.581297004908743,8.112253334114339,8.575000971641568,26766100
2021-09-09,8.21298599243164,8.354643713435474,7.895043574507336,8.241317536632407,40726600
2021-09-10,8.20669174194336,8.420752077744321,8.194100275355375,8.389272510640156,16917300
2021-09-13,8.461674690246582,8.521485804843463,8.288537980083179,8.38612409306131,8394200
2021-09-14,8.398715019226074,8.461673541454905,8.301128919496634,8.357791409375775,12296700
2021-09-15,8.490004539489746,8.593886664874466,8.379826982583722,8.420749989374151,12428700
2021-09-16,8.411307334899902,8.480562496911162,8.26020614574893,8.45852698187949,9982400
2021-09-17,8.027259826660156,8.40501347043684,8.027259826660156,8.376681917132444,31723100
2021-09-20,7.942264556884766,7.9454125737238455,7.7124647314372945,7.819494902274739,20098700
2021-09-21,8.068181991577148,8.13428914241231,7.920228807018912,8.020962941222205,11818300
2021-09-22,8.329459190368652,8.417601834865476,8.165766565478327,8.165766565478327,12562500
2021-09-23,8.675737380981445,8.675737380981445,8.329463265831189,8.329463265831189,14710700
2021-09-24,8.675737380981445,8.763880068604964,8.546671667218076,8.60963081558101,12849300
2021-09-27,8.811095237731934,8.933864862346061,8.609627012637432,8.716657157324553,19582400
2021-09-28,8.735546112060547,9.075524098891398,8.69147508056742,8.795357226531769,16663600
2021-09-29,8.867758750915527,8.937013306503422,8.672585948189349,8.817391692229295,27541000
2021-09-30,8.86146354675293,8.94645819138889,8.779616918631943,8.918126643176903,19250400
2021-10-01,9.028305053710938,9.056636602657866,8.779617146381849,8.81109671192541,10554300
2021-10-04,9.24866008758545,9.267548185686486,8.933865657640881,8.943309706691398,20216400
2021-10-05,9.402912139892578,9.484758182919304,9.283289891611297,9.286437908715842,15317400
2021-10-06,9.173110961914062,9.365135786992747,9.129039926816459,9.308472684482785,14920700
2021-10-07,9.191997528076172,9.2864356162075,9.056635828111276,9.16366598155223,11538500
2021-10-08,9.377727508544922,9.516236642435553,9.248661224019651,9.270697341178561,17070200
2021-10-11,9.371432304382324,9.601232142712986,9.349396785696213,9.491053948859578,14617900
2021-10-13,9.538272857666016,9.594935962235661,9.299029572363045,9.333656558160062,17118700
2021-10-14,9.52253246307373,9.724000726355536,9.456425914342931,9.563455478894301,15841300
2021-10-15,9.49420166015625,9.56345623100011,9.443834590374744,9.509941144304408,10692300
2021-10-18,9.506793975830078,9.585492599469655,9.321065176006847,9.412355267208875,13503600
2021-10-19,9.091263771057129,9.4406858149625,9.034601272422526,9.380874699243837,28178500
2021-10-20,9.2864351272583,9.361985713870018,9.066078799323773,9.157369466743779,17058200
2021-10-21,8.959050178527832,9.185702577417047,8.789061479783712,9.062932928300583,33786700
2021-10-22,8.782764434814453,8.92757018414013,8.442786476061077,8.845723560681742,43723800
2021-10-25,9.321064949035645,9.37143201890469,8.927571840419454,8.943311324594967,38562900
2021-10-26,9.214034080505371,9.406058294739445,9.163667014435175,9.19199856415251,15450300
2021-10-27,9.2266263961792,9.31791708709954,9.151075790119007,9.254957948504625,16128000
2021-10-28,9.314769744873047,9.365136819228344,9.069229807073812,9.13848498462951,20121300
2021-10-29,8.710363388061523,9.254957700765146,8.644256234264155,9.254957700765146,33651200
2021-11-01,9.034600257873535,9.157369891762821,8.842575466058832,8.886646493522122,33225700
2021-11-03,8.650551795959473,8.965346262482797,8.650551795959473,8.924423246020794,20517700
2021-11-04,8.395566940307617,8.751284359489032,8.354643931185846,8.704065318064623,16393400
2021-11-05,8.40186595916748,8.581298740615663,8.367238369616814,8.49630407558561,17509000
2021-11-08,8.540372848510742,8.685178602375997,8.360940114713392,8.367236147582043,18249300
2021-11-09,8.672587394714355,8.789061612617516,8.53407826043624,8.53407826043624,16727500
2021-11-10,8.600183486938477,8.776468194606482,8.537224962982688,8.625367016605335,15039700
2021-11-11,8.600183486938477,8.729249151533962,8.55926047638835,8.729249151533962,10208400
2021-11-12,8.75758171081543,8.767025760691803,8.474266819174796,8.568704916247414,12622800
2021-11-16,8.88979434967041,8.971640970929617,8.682030080482699,8.864610820084708,13741500
2021-11-17,8.6851806640625,8.933868017180137,8.653701092669374,8.905537063391497,15206200
2021-11-18,8.678881645202637,8.754432230312048,8.508892978812131,8.707213189671501,18571600
2021-11-19,8.559259414672852,8.619069914948376,8.423897734345633,8.559259414672852,14335200
2021-11-22,8.637957572937012,8.877201363196988,8.600181984823287,8.634809557225651,15649900
2021-11-23,9.04404354095459,9.094410600112175,8.67258602935037,8.688326110601306,19705200
2021-11-24,9.220328330993652,9.220328330993652,8.940160904676745,8.97793649713636,50040000
2021-11-25,9.601231575012207,9.664190710755184,9.286437097142954,9.349396232885931,13080500
2021-11-26,9.182554244995117,9.415502068848529,9.044044517149953,9.239217342769173,30868900
2021-11-29,9.49420166015625,9.607527867376053,9.258105795396881,9.446982607288943,16259300
2021-11-30,9.487906455993652,9.531978096223419,9.305325661964291,9.44383541618677,38459400
2021-12-01,9.554012298583984,9.840475218669912,9.544568248317937,9.588639282047218,25686900
2021-12-02,10.407361030578613,10.435565233678775,9.483672202276114,9.776291061605766,49179200
2021-12-03,10.601265907287598,10.622418893626335,10.315698238170055,10.389734026576292,32302000
2021-12-06,10.699981689453125,10.823375350934402,10.604792235815454,10.604792235815454,20230300
2021-12-07,10.996124267578125,11.045481454484175,10.745811378751927,10.826898377937935,33244600
2021-12-08,10.957344055175781,11.25701415329861,10.957344055175781,11.03138051350791,22771400
2021-12-09,10.957344055175781,11.027854903831019,10.71760797667752,10.84100162560354,12741700
2021-12-10,11.101890563964844,11.288743840075735,11.027854778912648,11.027854778912648,9888400
2021-12-13,11.09131145477295,11.253486102524688,10.943239915110826,11.07015847374138,20982700
2021-12-14,10.936190605163574,11.211181423871013,10.904460791860215,11.211181423871013,13373800
2021-12-15,10.900935173034668,10.960869190063084,10.735235560046108,10.918562548214272,18062800
2021-12-16,11.126568794250488,11.295794689070622,10.97144600995715,10.999650213686962,26042200
2021-12-17,10.855104446411133,11.101891080508786,10.777542375671926,10.996125476244265,24320600
2021-12-20,10.647099494934082,10.717609682369625,10.379159168819667,10.551910035832632,28386300
2021-12-21,10.696455001831055,10.869205841524966,10.675302016189693,10.756389021515986,10847300
2021-12-22,10.65414810180664,10.752863153160414,10.576586708026635,10.703505963704163,10066300
2021-12-23,10.731709480285645,10.8163220878345,10.64004565399741,10.699979668399669,6243500
2021-12-27,10.94324016571045,11.010224719251216,10.66119749825249,10.73170833322727,17868100
2021-12-28,10.950291633605957,11.094838252282479,10.929138650308255,11.020802474519915,8078000
2021-12-29,10.911513328552246,11.049008754509451,10.841002474376513,10.93266631582843,11460950
2021-12-30,10.823372840881348,10.974970002607908,10.77048937505263,10.911511054007608,34157000
2022-01-03,11.112468719482422,11.165351525467324,10.844528407058705,10.872732615080078,15578500
2022-01-04,11.253490447998047,11.348679235617302,11.027856770024401,11.130096778190683,17337100
2022-01-05,10.791644096374512,11.302846051980561,10.774016048543215,11.281692394583006,29552100
2022-01-06,10.781068801879883,11.080738933243921,10.738762153505574,10.837477218084718,30193600
2022-01-07,10.869205474853516,10.925613882955075,10.763439877773411,10.844526880364242,16889100
2022-01-10,10.830423355102539,10.95029137839789,10.71408094101484,10.823372809128436,17334600
2022-01-11,11.278168678283691,11.313424107423348,10.80574767615988,10.876258534439193,30661100
2022-01-12,11.651871681213379,11.722382521749257,11.33457491612556,11.345151071497094,25548000
2022-01-13,11.933916091918945,12.145448655951165,11.574313288341283,11.581363163414602,32479700
2022-01-14,12.184229850769043,12.24768948631076,11.85282923296614,12.011478321820434,28261000
2022-01-17,12.145445823669434,12.318195965217436,12.08198620374663,12.134868323760713,7079200
2022-01-18,12.187752723693848,12.314671973276617,11.919813131705483,12.173650285988543,14950100
2022-01-19,12.074939727783203,12.39223795201388,12.074939727783203,12.272369883402614,19605900
2022-01-20,12.152497291564941,12.28294147080422,11.993848238499654,12.163073446808493,18238900
2022-01-21,12.194805145263672,12.275892152742683,12.05378344406728,12.074937102711523,16277600
2022-01-24,12.21595573425293,12.367553554236268,11.764687210749893,12.145444901372867,25099100
2022-01-25,12.621392250061035,12.698954310428677,12.029103331521194,12.12076782920703,21039200
2022-01-26,12.991576194763184,13.185481401008497,12.691906713101421,12.691906713101421,22400800
2022-01-27,13.040933609008789,13.277143429038606,12.88933573993069,13.104391899781222,27254700
2022-01-28,12.653124809265137,13.326500871287397,12.505053219917029,12.991575309103158,24342500
2022-01-31,12.434540748596191,12.751837546670602,12.349927462180144,12.70953157590386,22445000
2022-02-01,12.80119514465332,12.854077268020575,12.244160966650826,12.395758807758721,19064200
2022-02-02,12.572036743164062,12.910487214701853,12.48037357812023,12.906962277342815,11735200
2022-02-03,12.438065528869629,12.50857637584632,12.226534332822103,12.50505143869463,16656900
2022-02-04,12.660174369812012,12.896385508132198,12.385183542852968,12.519152674258237,25527800
2022-02-07,12.50857925415039,12.674279580941938,12.455697115411263,12.64254975974532,20018000
2022-02-08,12.328777313232422,12.44511908948236,12.134872111344528,12.420440490129863,16102100
2022-02-09,12.339351654052734,12.656649805967131,12.244162208478416,12.349927810822349,10506700
2022-02-10,12.550882339477539,12.72715878438527,12.356978519055541,12.4063357084485,14021700
2022-02-11,13.114968299865723,13.136120613384229,12.54383297186187,12.628444915701092,26448100
2022-02-14,12.77651596069336,13.181950933959472,12.691902684382551,13.114966376171784,13473300
2022-02-15,12.512099266052246,12.709527970208187,12.318194153210259,12.691900599463146,14294900
2022-02-16,12.78709602355957,13.065613184796213,12.603768322931,12.603768322931,18446000
2022-02-17,12.727158546447754,12.896385113892082,12.617868013373002,12.741260984548534,10212000
2022-02-18,12.646073341369629,12.75536523485443,12.466271937128399,12.656650843889262,14031600
2022-02-21,12.988049507141113,13.072662798911274,12.649599029825762,12.649599029825762,6224000
2022-02-22,12.78709602355957,13.270093202304704,12.621395701958535,13.12202160461402,21847400
2022-02-23,12.790619850158691,12.973947534859692,12.706007900224504,12.85760576747951,19561500
2022-02-24,12.5896635055542,13.273616979747324,12.318197616142221,13.04445706099307,23081700
2022-02-25,12.82235050201416,12.86113154195878,12.413389131032062,12.550884567284601,20527100
2022-03-02,13.227785110473633,13.425215220737154,13.097340912649436,13.386434186142303,16218600
2022-03-03,13.122018814086914,13.358228601565747,12.942216089547554,13.252463005009814,15435300
2022-03-04,13.033880233764648,13.255987576948941,12.794144170904545,13.097339858926587,18097200
2022-03-07,12.036155700683594,13.220733650993855,11.902185223119735,13.185478899210901,31859200
2022-03-08,12.230059623718262,12.529730395816292,11.824624595419868,12.099615427212047,37221100
2022-03-09,12.226532936096191,12.381655705818071,11.962118298801519,12.300568711766925,18729100
2022-03-10,12.568511009216309,12.889334083859987,12.268840247151475,12.7588885468386,26817700
2022-03-11,12.27236557006836,12.737735238789229,12.198328447180884,12.60023983824203,24275700
2022-03-14,12.117242813110352,12.392234990008992,11.891609171981017,12.27236695004871,20240500
2022-03-15,11.891609191894531,11.990323573833274,11.542582572963923,11.902185348564371,19469500
2022-03-16,11.90218734741211,12.018530469849313,11.694181047049714,11.92686729192412,20123900
2022-03-17,11.588414192199707,12.099616199074383,11.281693526027968,11.997375528722912,33975100
2022-03-18,11.690653800964355,11.828149213146123,11.503801199269395,11.539055950383805,34149500
2022-03-21,12.081989288330078,12.177178742516558,11.69418025147227,11.711808974193366,12200800
2022-03-22,12.004426002502441,12.205381048355093,11.85635442971947,12.159550139569461,15178400
2022-03-23,12.120770454406738,12.353455341023707,11.96212136242182,12.057310817612771,11845600
2022-03-24,12.328777313232422,12.395761890777369,12.004427894069508,12.106668574177162,15222400
2022-03-25,12.339351654052734,12.452168475870609,12.15955026455631,12.282943243143798,13764200
2022-03-28,12.015002250671387,12.258263242673864,11.863404411560692,12.254736960899692,18674900
2022-03-29,12.163073539733887,12.311145093804479,11.951542363952353,12.036154296311999,21261100
2022-03-30,12.378132820129395,12.40986263565769,12.145447954549427,12.268840934446905,9334000
2022-03-31,12.423964500427246,12.543832537450438,12.194804582773848,12.205380739166834,17115000
2022-04-01,12.420437812805176,12.614341628012752,12.349926967761736,12.508576032888847,15174000
2022-04-04,12.293519020080566,12.33935127280381,12.117242573326225,12.32877511636097,15451000
2022-04-05,12.27941608428955,12.512100905302535,12.258262429694785,12.304094675542265,11994100
2022-04-06,12.318194389343262,12.466267265180875,12.166596577241942,12.311143171933642,15020900
2022-04-07,12.93516731262207,12.96337219429942,12.325250867618546,12.339353308457222,15668500
2022-04-08,13.076188087463379,13.132596501863997,12.829400770129666,12.889335466926832,14064700
2022-04-11,12.903435707092285,13.012727591139747,12.822348700818075,12.938691804308851,7072800
2022-04-12,12.917536735534668,13.171375228247364,12.864654612807822,13.065609637911223,11454600
2022-04-13,13.234837532043457,13.301822105684336,13.047983561558532,13.07618844196483,21697400
2022-04-14,13.303841590881348,13.456979919986493,13.05882143266139,13.204302699267743,36376800
2022-04-18,13.062647819519043,13.338296197892223,13.001392786595577,13.200472008705633,20888700
2022-04-19,13.288532257080078,13.426356510880343,13.150708003279815,13.185164066729882,14946200
2022-04-20,13.445494651794434,13.468465841094563,13.166018420602413,13.265558780467517,10192200
2022-04-22,12.775518417358398,13.28470221812635,12.714263366030398,13.20047597488699,15533100
2022-04-25,12.687463760375977,12.817630920723861,12.411815312477973,12.59940971961646,13116200
2022-04-26,12.668323516845703,12.928657872173497,12.61089626241561,12.660666452225973,13847200
2022-04-27,12.706605911254883,12.917171512877115,12.641523060161157,12.82528820849327,7241600
2022-04-28,12.798490524291992,12.940142566783663,12.748720335143563,12.748720335143563,6915000
2022-04-29,12.802316665649414,13.399554476651234,12.802316665649416,13.028194928101815,17172000
2022-05-02,12.572608947753906,12.863570021237134,12.308446862863793,12.825286169085643,15992700
2022-05-03,12.65683650970459,12.794659268244915,12.522840092173425,12.675978437798898,11244200
2022-05-04,13.254072189331055,13.254072189331055,12.649178820934262,12.787003033095296,20809800
2022-05-05,13.166017532348633,13.399552829620243,12.767859040621145,13.208130646339953,24557500
2022-05-06,13.66372013092041,13.740289325538708,13.146880623009755,13.476127137563292,17397400
2022-05-09,13.116247177124023,13.598631890263832,13.06264920020523,13.529719788386716,25131000
2022-05-10,13.280872344970703,13.399554640399614,13.074137469021274,13.24641628890654,17456300
2022-05-11,13.950847625732422,14.11164301259087,13.388067422816103,13.41103714919924,25063600
2022-05-12,14.004448890686035,14.069531737852099,13.667545408857707,13.98147770086746,28681700
2022-05-13,14.023589134216309,14.237981038362847,14.012102810468948,14.058045184587762,19959600
2022-05-16,14.417923927307129,14.502150185322643,14.015937491167783,14.065707685489304,21906600
2022-05-17,14.429407119750977,14.563403556530517,14.234157088444865,14.54808942768102,17808600
2022-05-18,14.103986740112305,14.563400279160126,13.989133720459193,14.360491768656404,16176800
2022-05-19,14.22266960144043,14.318380698461064,13.958506038984797,14.107815116667316,9932100
2022-05-20,14.421746253967285,14.505972480003026,14.149927110496899,14.356663414165359,14632500
2022-05-23,14.953906059265137,15.038130852583837,14.483007519560568,14.525119186002016,18272800
2022-05-24,14.554292678833008,14.727759466996478,14.26659142812874,14.385056079374088,18318600
2022-05-25,14.850451469421387,14.930839565086275,14.427361665575084,14.566982075544932,18592200
2022-05-26,14.896991729736328,15.06199649637255,14.786989089965358,14.837759414939688,11256100
2022-05-27,14.27505111694336,14.871607693570207,14.23697296890507,14.871607693570207,20720200
2022-05-30,13.966197967529297,14.385057711022048,13.560032019509665,14.385057711022048,12468200
2022-05-31,14.071968078613281,14.283513009292108,13.923887272721997,14.15658637367676,28056100
2022-06-01,14.059276580810547,14.181973033902727,13.953504110343456,13.995814066906181,7669200
2022-06-02,13.928117752075195,14.097354345736575,13.85619324884296,14.04658401322207,9524900
2022-06-03,14.2835111618042,14.346975278383033,13.826575009898992,13.92388547174955,13929600
2022-06-06,14.27505111694336,14.431593897118749,14.122738524790197,14.338513621034135,9285200
2022-06-07,14.325821876525879,14.65160123872097,14.194663448433948,14.194663448433948,10982800
2022-06-08,14.270821571350098,14.48236651301961,14.198897065883179,14.275053374000988,7258500
2022-06-09,14.101584434509277,14.334283512044237,14.05504429621037,14.27505119564911,11378500
2022-06-10,13.923885345458984,14.029657796157991,13.69118627671307,14.008503628810093,14670200
2022-06-13,13.712340354919434,13.873114930845423,13.416177172095615,13.725032532453762,21250400
2022-06-14,13.835036277770996,14.084659315217376,13.695415874167004,13.792726330939736,14558700
2022-06-15,13.653109550476074,14.038121246521618,13.517720928611247,14.00427328407557,20159500
2022-06-17,12.663079261779785,13.289252042255685,12.20191126355609,13.158094415516237,37348400
2022-06-20,12.773083686828613,12.98039763092605,12.0876777270335,12.180758016981668,10868300
2022-06-21,12.637693405151367,13.018474085572356,12.54038213227128,12.967702951592319,23224300
2022-06-22,12.578460693359375,12.828083762403141,12.286529286088385,12.421917905167074,13553800
2022-06-23,12.311915397644043,12.77731441676761,12.184987952257677,12.595385643266406,14734000
2022-06-24,12.231523513793945,12.553071791868014,12.197676369100863,12.485377502481851,15527600
2022-06-27,13.056551933288574,13.13270822901292,12.354222905799277,12.354222905799277,17707400
2022-06-28,13.24694538116455,13.475414328969888,13.153865887788298,13.407720005245343,12443600
2022-06-29,13.06501293182373,13.496564730182579,13.00154962194267,13.365407115497748,10631700
2022-06-30,12.921163558959961,13.010012034282811,12.73923480627436,12.845007261837637,19935200
2022-07-01,13.162325859069824,13.289252494820175,12.692695854229765,12.946549932710335,13968700
2022-07-04,13.47541332244873,13.593878783608123,13.166557892652374,13.183481068829469,5781000
2022-07-05,12.900010108947754,13.327330976787087,12.625001853362411,13.327330976787087,17539000
2022-07-06,12.705387115478516,13.039627641294361,12.38806976220764,13.022704468749389,11767100
2022-07-07,13.081937789916992,13.204633422994954,12.950780166425426,12.980396325893217,10338500
2022-07-08,13.200403213500977,13.365407991401298,13.098860942660973,13.17078624710108,4878800
2022-07-11,13.191941261291504,13.242711589878665,12.955011178265167,13.022705487701264,10408500
2022-07-12,12.933857917785645,13.111555705370666,12.849240423256544,13.111555705370666,9506400
2022-07-13,12.988856315612793,13.120013918901947,12.828081750437976,12.861928899899038,8369200
2022-07-14,12.574228286743164,12.840775306743039,12.51076497954596,12.828082322511705,11563000
2022-07-15,12.823850631713867,12.878852753417839,12.578458598752292,12.624998731428006,5827800
2022-07-18,13.25117015838623,13.285017304363759,12.997316160064964,12.997316160064964,13368200
2022-07-19,13.399255752563477,13.45848807408489,13.132709498737263,13.251174141780089,11651400
2022-07-20,13.513490676879883,13.513490676879883,13.301945741830954,13.310406925928199,16825300
2022-07-21,13.365406036376953,13.492332645891041,12.946547256604818,13.462716490803068,17144600
2022-07-22,13.509260177612305,13.585416486144348,13.306177226180129,13.348485569160228,11108300
2022-07-25,14.093120574951172,14.13542890563259,13.682722988712094,13.77157145151869,14075100
2022-07-26,14.296208381652832,14.473905368349143,14.118509780996606,14.1650499291199,10807900
2022-07-27,14.389283180236816,14.414669148895948,14.046581480115695,14.385052992440036,11672500
2022-07-28,14.693912506103516,14.86737930612644,14.351209095051427,14.47813736030327,19301100
2022-07-29,15.63740062713623,15.815099205196264,14.998535657303538,15.260850915053414,49607100
2022-08-01,15.442778587341309,15.637399519173938,15.273542012033182,15.628937529012571,21493500
2022-08-02,15.451241493225098,15.743172908275442,15.366623200556106,15.438549314210642,14991800
2022-08-03,15.366621971130371,15.658553362824382,15.34969799115866,15.582398680870801,12927700
2022-08-04,15.603551864624023,15.675476354027648,15.16776828461812,15.425853314048931,11361700
2022-08-05,15.874333381652832,15.950489693441158,15.52316798685556,15.527399789710412,14332200
2022-08-08,16.64012336730957,16.669739525542987,15.916638549717293,15.916638549717293,24523600
2022-08-09,16.86012840270996,16.96590085596149,16.686661643935835,16.813589879005313,16911500
2022-08-10,16.8008975982666,17.02936650518966,16.614738644825422,17.02936650518966,15755100
2022-08-11,16.483577728271484,17.139366575890623,16.441269395119072,16.999747785320096,31853400
2022-08-12,17.839994430541992,17.85022401896475,16.039627841120826,16.336279076550102,52964400
2022-08-15,17.77861785888672,18.03946749999963,17.0932510063529,17.33364146951684,29426900
2022-08-16,17.983203887939453,18.100841222413816,17.74281344948196,17.804190977020724,12902900
2022-08-17,18.581621170043945,18.607194163025632,17.809303904774566,17.875795247402397,19005700
2022-08-18,18.82712745666504,19.041942962323695,18.6532283539961,18.7197177527412,14964500
2022-08-19,18.059926986694336,18.69414590519809,17.937173867996556,18.56627896747294,21653900
2022-08-22,18.346345901489258,18.469099008297295,17.471736600425725,17.937172130619867,19298900
2022-08-23,19.036827087402344,19.08797307338873,18.356574157436473,18.412835912678077,19895400
2022-08-24,19.164695739746094,19.399970418349767,18.82201135908902,19.13912079334156,16000400
2022-08-25,18.970335006713867,19.5892103881059,18.57139086847673,19.369279144951008,19357900
2022-08-26,19.15958023071289,19.15958023071289,18.602080340552632,19.031713301328377,12463200
2022-08-29,19.573869705200195,19.824487793167986,19.185153148829443,19.241414909706354,21428300
2022-08-30,18.469097137451172,19.343706349920268,18.38726239156683,19.28233077828057,22463400
2022-08-31,19.011255264282227,19.159581379524603,18.126416294017638,18.41283893540692,36015200
2022-09-01,19.35393524169922,19.384624001963612,18.74528946299508,19.128890186376196,26204000
2022-09-02,19.0726318359375,19.798915065196475,19.011254304463446,19.61478637296335,21607500
2022-09-05,19.031709671020508,19.415310386002027,18.960104516399017,19.333475644849734,12457600
2022-09-06,18.361692428588867,18.65322888084242,18.075269795193027,18.494673180929524,28334900
2022-09-08,18.177562713623047,18.689030418894866,18.00877743435801,18.474212968111583,14310900
2022-09-09,18.146875381469727,18.64299971909884,18.131531973450556,18.525362371731084,9017600
2022-09-12,18.070152282714844,18.668568472570676,18.065036513808256,18.361688675377042,15413700
2022-09-13,17.52288246154785,18.059925104911162,17.43593388947992,17.79907548651851,25361200
2022-09-14,17.73769760131836,17.998545234678552,17.49219337253989,17.553568941960965,11926000
2022-09-15,17.69678497314453,17.839997282865966,17.568918024057954,17.574033794634506,9164700
2022-09-16,17.59960174560547,17.686552260610988,17.389900087302358,17.476848651213633,34954800
2022-09-19,17.80930519104004,17.916712939977167,17.297837490088643,17.338755842690087,24596800
2022-09-20,17.77861785888672,18.09572926381201,17.671210101296506,17.998549144101688,21181600
2022-09-21,17.742813110351562,18.04457911948556,17.63029154753666,17.92694178725968,16168700
2022-09-22,18.10595703125,18.187791783718367,17.773502251856648,17.95763093268408,27515600
2022-09-23,16.827287673950195,17.804190877566263,16.74545292211671,17.75304293823634,48903800
2022-09-26,16.612470626831055,16.98584181291224,16.597127220213636,16.776140134398304,18230500
2022-09-27,16.81194305419922,16.909123167642488,16.74545365679479,16.832402230828798,17568400
2022-09-28,16.694303512573242,16.87843217575657,16.31070278130605,16.811940836030544,17529400
2022-09-29,16.70965003967285,16.81705974732878,16.392540588879765,16.525523293179646,24350900
2022-09-30,16.919353485107422,17.236462932154055,16.571555271793866,16.627815083308054,28412400
2022-10-03,18.417951583862305,18.515131698545716,18.013893571291412,18.08549873931424,46548300
2022-10-04,18.0548095703125,18.832240714925636,17.978090585329518,18.822011126709015,26112400
2022-10-05,18.694143295288086,18.816896396848172,18.054808695920542,18.15710262203822,24446100
2022-10-06,19.24652671813965,19.29767269872203,18.719713752889465,18.90384240473659,23327000
2022-10-07,19.14934730529785,19.645471529206237,19.02148039819521,19.19537946989857,18217500
2022-10-10,18.97545051574707,19.33859405842494,18.862928950707953,19.23118436070913,12316500
2022-10-11,18.79132080078125,19.067511826628074,18.56627380426906,18.750402455563002,20992200
2022-10-13,19.379514694213867,19.701739955591023,18.458873041373973,18.54070781160208,24490200
2022-10-14,19.001028060913086,19.394856519076722,18.975453112042096,19.359053931970937,19191500
2022-10-17,18.87827491760254,19.23118696912328,18.64811403570003,18.995912268109453,26406000
2022-10-18,19.30278968811035,19.30278968811035,18.745289879693093,19.052169684782097,18698100
2022-10-19,20.018844604492188,20.090449767236187,19.261872675193068,19.333477837937068,21303100
2022-10-20,20.555889129638672,20.607037077682993,20.16717447997541,20.284811833835274,27337800
2022-10-21,21.2565975189209,21.52256094709924,20.525198579204055,20.678638493243078,32623200
2022-10-24,19.15446662902832,20.77581837546759,19.108434455884595,20.637721856036418,33545600
2022-10-25,18.8680419921875,19.292561093869207,18.67879950101453,19.134005414127667,24141600
2022-10-26,18.525360107421875,18.888501694183546,17.998547067050872,18.69414342828664,25746100
2022-10-27,18.581621170043945,18.86292799503112,18.40772208623644,18.70437231679377,25148100
2022-10-28,18.30031394958496,18.525360989580317,18.024122870373017,18.377034886146006,27032800
2022-10-31,17.01141357421875,17.717239493860276,16.632928597072137,17.036988518186035,55281200
2022-11-01,17.067676544189453,17.33875575100447,16.919352394529646,17.154627067460513,34269700
2022-11-03,17.113706588745117,17.313178654102416,16.735221631681064,16.934693697038362,24872100
2022-11-04,16.218639373779297,17.55868607614368,16.06008466897498,17.492194732629276,29167600
2022-11-07,15.66625690460205,16.31582118750848,15.57419352817242,16.05497251542289,27442700
2022-11-08,15.66625690460205,15.804353432567478,15.338917853614953,15.5383899658668,19140100
2022-11-09,15.37472152709961,15.947565882364522,15.344033732787306,15.609997218286994,15928500
2022-11-10,15.18547534942627,15.466782176854768,14.791645010588644,14.991117089108956,39818600
2022-11-11,15.702057838439941,15.93733249806596,14.975773708979164,15.144558000833921,34866200
2022-11-14,16.136802673339844,16.37719307391412,15.835036705993398,15.891298455157088,19816400
2022-11-16,15.957791328430176,16.35673547753529,15.794120858322257,16.23909815026312,25165000
2022-11-17,15.835042953491211,16.0038282675742,15.584423843274621,15.95779608656019,30514800
2022-11-18,15.543502807617188,16.05497049829808,15.364489896316636,15.937333163572802,27497600
2022-11-21,15.487241744995117,16.00382422030834,15.103640983920197,15.824810336697274,33579600
2022-11-22,15.561365127563477,15.561365127563477,14.681510355972263,15.365841601241662,44857900
2022-11-23,15.567117691040039,15.762641239247513,15.227826892495134,15.302586476910559,17851100
2022-11-24,16.17093849182129,16.3377079080371,15.492356991613619,15.584367930944465,13776300
2022-11-25,15.808647155761719,16.147937963756082,15.65337825782726,16.147937963756082,13019700
2022-11-28,16.19969367980957,16.314707917884558,15.653377694238966,15.745388645956131,12320700
2022-11-29,16.895524978637695,17.229064920043463,16.25144837992302,16.331957680548115,24509100
2022-11-30,17.476348876953125,17.528105181566303,16.964537750064142,16.993290765134926,29533500
2022-12-01,16.820772171020508,17.568361606545153,16.820772171020508,17.378588836182292,12067600
2022-12-02,17.039297103881836,17.510854691489975,16.68850569558466,16.815020503855756,18444400
2022-12-05,16.809267044067383,17.476347013673696,16.774763210289702,17.079550183087644,12452000
2022-12-06,16.780515670776367,17.252072133597547,16.653999773141372,16.964537598037587,10532200
2022-12-07,16.527484893798828,17.016293821298607,16.51598324918537,16.77476476870208,13339200
2022-12-08,16.17093849182129,16.855269715987333,16.07317673167515,16.527480607514082,13407800
2022-12-09,16.136436462402344,16.51023110761358,15.986918384946424,16.239949061937757,10363900
2022-12-12,15.699381828308105,16.147936002235213,15.30258504426252,16.10193053030861,18581300
2022-12-13,15.48660659790039,15.935159665294586,15.457852493030925,15.7913924315181,22207900
2022-12-14,13.968428611755371,15.158821443112732,13.577381458161076,15.084061847765875,69775500
2022-12-15,14.324972152709961,14.629759190992614,13.634888747746624,13.68664505796174,24269200
2022-12-16,14.365224838256836,14.405479496911216,13.98567934686243,14.296217165379954,28123600
2022-12-19,14.693014144897461,14.744770448400544,14.19845549577285,14.319219472708578,12963900
2022-12-20,15.04955768585205,15.147319472146522,14.61825588105712,14.681513830088017,15549900
2022-12-21,15.446354866027832,15.446354866027832,14.900038835725706,15.273833494789562,20946900
2022-12-22,15.624627113342285,15.940914671957042,15.34284339277379,15.584372452812104,14139200
2022-12-23,16.423969268798828,16.446972553799878,15.710883886621273,15.751138538516111,12490700
2022-12-26,16.372215270996094,16.469977052249973,16.17094198328854,16.366464448939144,3655300
2022-12-27,16.481477737426758,16.53323403607085,16.107683100330487,16.50448102431617,15571400
2022-12-28,16.38946533203125,16.67699981154057,16.314706849975902,16.498728741364747,9698400
2022-12-29,16.124937057495117,16.52173392133827,16.090432123968345,16.492980906923155,31388400
2023-01-02,15.04955768585205,15.699385255792572,14.92879261014372,15.44060483102994,14365400
2023-01-03,14.836779594421387,15.26808133957151,14.652757691987796,15.158819020537226,28657500
2023-01-04,15.084062576293945,15.469358926019995,14.549248125510013,14.802278842443148,24517300
2023-01-05,15.572868347167969,15.72238641755267,15.210575362785201,15.279583027973793,20367800
2023-01-06,15.475106239318848,15.946662629715266,15.423349943118554,15.613122663567285,14109900
2023-01-09,15.578618049621582,15.705132824616932,15.296834393820362,15.43485081113992,12703400
2023-01-10,15.670634269714355,15.693637562106383,15.222079939785996,15.567121647664937,8949300
2023-01-11,15.871905326843262,16.004170939493154,15.636127114082287,15.670630948500275,9587400
2023-01-12,15.958168029785156,16.004173515366098,15.647630179470806,15.92366418981377,13092100
2023-01-13,15.923663139343262,16.02142492686067,15.728139564308448,15.84315272224484,7763200
2023-01-16,15.526859283447266,15.894903004357023,15.383092067859792,15.797141253883268,8501500
2023-01-17,16.61949348449707,16.63099512746862,15.613122758484273,15.613122758484273,21291000
2023-01-18,16.406719207763672,16.95303410773741,16.331959622416925,16.843771785856916,13955300
2023-01-19,16.964536666870117,16.987539954943745,16.280204202679762,16.30320749075339,13175800
2023-01-20,17.15430450439453,17.2175624316646,16.613739454553443,16.935778814422125,14077700
2023-01-23,17.55110740661621,17.95365507747831,17.050796857985553,17.18306247426065,12311000
2023-01-24,17.418842315673828,18.10892452804545,17.257822584358525,17.70062602283272,13961700
2023-01-25,17.493602752685547,17.522355770071506,16.884029789873313,17.413093426519016,13845800
2023-01-26,17.004791259765625,17.579860297143465,16.630996604841457,17.49360016090822,18648100
2023-01-27,16.61949348449707,17.016291392159232,16.50448034535269,17.010540570673456,11009000
2023-01-30,16.671249389648438,16.861022106795872,16.481476672501003,16.815016632846707,8885900
2023-01-31,16.941532135009766,16.987538707779382,16.521732030200614,16.671250101130667,13732300
2023-02-01,16.607990264892578,17.177309472510153,16.44122084506505,16.941530201404575,13730800
2023-02-02,15.820145606994629,16.659745676433637,15.733885491167687,16.561983919334597,17308900
2023-02-03,16.00992202758789,16.349212846101736,15.751140523007116,15.814398467872891,13867500
2023-02-06,16.590744018554688,16.68850581098569,16.015674909397557,16.015674909397557,9973700
2023-02-07,16.50448226928711,16.82076980987523,16.34346253948639,16.648249532619378,9641500
2023-02-08,16.8380184173584,16.87827306636861,16.521729852401027,16.625242433774098,7466400
2023-02-09,16.8380184173584,16.999037013399246,16.723004194309006,16.826516775682077,11087500
2023-02-10,17.298076629638672,17.395838410032148,16.832271015696655,16.832271015696655,22158500
2023-02-13,17.384336471557617,17.453345237607646,17.033545109969918,17.252070858223615,11668100
2023-02-14,17.28082275390625,17.50510040642905,17.240568100002864,17.384335347861843,9956000
2023-02-15,17.355581283569336,17.482096059137398,17.08529817201181,17.154306929412474,13372000
2023-02-16,17.33833122253418,17.5281039606111,17.252071086473244,17.252071086473244,10013900
2023-02-17,17.07379913330078,17.326828706767436,17.07379913330078,17.32107898192886,9980100
2023-02-22,16.64824867248535,16.92428154057631,16.64824867248535,16.728757984797603,9615800
2023-02-23,17.269323348999023,17.436092797171373,16.64824884107641,16.64824884107641,15815200
2023-02-24,17.010541915893555,17.34983273238665,16.94728397140453,17.269323418933077,14924500
2023-02-27,17.292325973510742,17.493600358234776,16.884027478858325,16.930032958493207,16604500
2023-02-28,16.533233642578125,17.66611917034885,16.533233642578125,17.275073174249545,28691200
2023-03-01,16.533233642578125,16.602242404746864,15.745388635079903,16.56198665364848,25407100
2023-03-02,16.078927993774414,16.780512844358196,15.975416499767796,16.642496422159017,16485500
2023-03-03,16.66550064086914,16.69425475119895,15.969667623745012,16.073180227218025,14009500
2023-03-06,16.912778854370117,16.947282686540422,16.527482588421048,16.67700065696844,12267300
2023-03-07,16.400970458984375,16.81501980257762,16.24570154381545,16.740261304639187,11875100
2023-03-08,16.654001235961914,16.89553031092151,16.389469966502848,16.441226275198282,16672600
2023-03-09,16.44697380065918,17.10255211689107,16.418219692227993,16.579239408871388,14771700
2023-03-10,16.331960678100586,16.63674766718255,16.23419889645974,16.268703828938033,13388000
2023-03-13,15.814396858215332,16.153687642194694,15.733887552476846,16.067427515066743,10204000
2023-03-14,15.532613754272461,16.142186584509336,15.446353624017906,15.889155918486512,9466300
2023-03-15,15.153070449829102,15.348594024422294,14.779275767879959,15.296837719567788,19501500
2023-03-16,15.095561981201172,15.256581703869214,14.934542258533126,15.164570747160939,9928600
2023-03-17,15.158819198608398,15.164570020234136,14.779273746166322,14.951794007510149,25338900
2023-03-20,14.802278518676758,15.325591312504427,14.756273034500389,15.239331166780893,11113900
2023-03-21,15.130066871643066,15.268083316337313,14.911541108424814,14.917291930727558,7613700
2023-03-22,14.99779987335205,15.210575891604671,14.923041383989135,15.135816305384656,7306500
2023-03-23,14.704513549804688,15.26808088338324,14.62400424410976,15.055305976373207,16280300
2023-03-24,14.756272315979004,14.917292051184454,14.520494083948613,14.70451601169358,11495300
2023-03-27,14.980548858642578,15.049557629769778,14.727519257176327,14.951795843839616,10084900
2023-03-28,15.239330291748047,15.239330291748047,14.917291921004708,14.957546580240475,10928600
2023-03-29,15.400350570678711,15.446356053841944,15.130067397344645,15.279585491839455,10947700
2023-03-30,15.572868347167969,15.687882584958373,15.31408686056809,15.618873822912718,10036200
2023-03-31,15.2335786819458,15.699384295512498,15.130066079629392,15.578620324048117,17018900
2023-04-03,15.958168029785156,15.969669675394716,15.480860705561367,15.664882647885147,12237600
2023-04-04,15.73388957977295,16.096182599134252,15.664880811064661,16.078930132742887,6970600
2023-04-05,15.756892204284668,15.871906456338905,15.233579441466564,15.687884530537884,16004500
2023-04-06,15.572868347167969,15.797144904316488,15.521112049847993,15.745388606996514,6967800
2023-04-10,15.986919403076172,15.99842104750306,15.624626378486642,15.641878845126975,8275300
2023-04-11,16.688505172729492,16.723009010839274,16.096183618082517,16.337712678565463,18090400
2023-04-12,16.70000648498535,16.9070306063765,16.469977977217294,16.820770464392087,16571100
2023-04-13,16.895524978637695,16.953032092022887,16.74025719841172,16.80351403596417,9817100
2023-04-14,17.148557662963867,17.154308484673393,16.809266860101552,16.85527233692066,8774000
2023-04-17,17.223316192626953,17.34408015055347,17.0737981279153,17.09680031648639,10787100
2023-04-18,17.660369873046875,17.792636587214936,17.148558773191635,17.275074665277852,15977600
2023-04-19,17.096803665161133,17.574110962712265,17.050798182151045,17.54535794715242,18339300
2023-04-20,17.148557662963867,17.338330391949818,16.90702863544929,17.160059306382916,7714700
2023-04-24,17.4130916595459,17.47059768848246,17.039295890315092,17.108304660639035,13865600
2023-04-25,17.321081161499023,17.574110766805248,17.125557586671434,17.4245926744749,15626100
2023-04-26,17.07379913330078,17.38433582686698,17.062297489909454,17.28082323005922,20280800
2023-04-27,16.61949348449707,17.30957670679152,16.52748253443875,17.148556995760938,29553800
2023-04-28,17.067567825317383,17.34274815349512,16.55560527564834,17.03557062369369,34127900
2023-05-02,16.306020736694336,17.029169134661558,16.210027921380643,16.958773833811243,22026800
2023-05-03,16.2164306640625,16.478811645033236,16.13323597998001,16.203631294109023,13186900
2023-05-04,16.453208923339844,16.70919137799948,16.165230492769957,16.39561421371771,11043100
2023-05-05,17.14436149597168,17.182758379082095,16.5684021462409,16.638797449122418,10892400
2023-05-08,17.42593765258789,17.5923257485967,17.265949239573427,17.406739824219578,8232300
2023-05-09,17.560331344604492,17.66912353156617,17.278751351183402,17.381143854133814,8120900
2023-05-10,17.592329025268555,17.76511683645443,17.342747445076707,17.483536835330963,9515100
2023-05-11,18.01469612121582,18.20668296049772,17.16995744609688,17.38754179824749,20295300
2023-05-12,18.648250579833984,19.083419294689424,17.944302480571768,17.944302480571768,20210400
2023-05-15,18.277076721191406,18.533057948538527,18.07869142257423,18.379469212130253,18048800
2023-05-16,18.686649322509766,19.192212132278677,18.27707810708313,18.27707810708313,31615500
2023-05-17,18.571456909179688,18.96822752481057,18.43706599570709,18.897833446910475,24810700
2023-05-18,18.654651641845703,18.673850693842684,18.28987819820748,18.513862255712592,22533900
2023-05-19,18.744247436523438,18.923433719794698,18.667452443253605,18.878637148976882,13250200
2023-05-22,18.46266746520996,18.92983344856716,18.398671840771232,18.737847795865985,10456900
2023-05-23,18.84663963317871,19.025825913464953,18.47546648322365,18.55865993898298,10496500
2023-05-24,19.051422119140625,19.16021429797707,18.693047164964792,18.750643096149666,7177400
2023-05-25,18.910633087158203,19.192213082845033,18.763444015559493,19.192213082845033,10559200
2023-05-26,19.224212646484375,19.230611110312747,18.92983326516434,19.121818916005452,9729700
2023-05-29,19.102619171142578,19.224210722165456,18.949030421720728,19.12181700193601,3604000
2023-05-30,18.92343521118164,19.166618358522598,18.795445173131498,19.06422583983644,17077200
2023-05-31,18.69304847717285,18.92983190206728,18.52026189210385,18.69304847717285,18194000
2023-06-01,19.237010955810547,19.29460689566808,18.718648717707765,18.75704560407445,13359200
2023-06-02,19.46739387512207,19.672178887726872,19.34580231615736,19.627382318796442,10518400
2023-06-05,19.5889835357666,19.812966358713133,19.448192937783254,19.60818136595354,8046600
2023-06-06,19.985754013061523,20.07534836222278,19.403396236280088,19.576184030432337,17378600
2023-06-07,20.606510162353516,20.638507359936934,20.241735518582345,20.382526117425027,20698700
2023-06-09,21.598438262939453,21.62403699788696,20.664106408422985,20.73450170891377,18802700
2023-06-12,21.873619079589844,22.020808147186067,21.483246906681263,21.598438775448706,23844900
2023-06-13,21.88282012939453,22.20801343877695,21.672799611943802,22.20801343877695,24903100
2023-06-14,22.82451820373535,22.82451820373535,21.916686232157197,21.997986469186248,35323000
2023-06-15,22.485780715942383,23.305541516851076,22.404483042542157,22.797426535388393,19891200
2023-06-16,22.62127685546875,22.810972273900877,22.24865974737439,22.43835516580652,20498000
2023-06-19,23.18359375,23.1971437929885,22.55353096527026,22.621278595806306,5688000
2023-06-20,23.244564056396484,23.30553794821169,22.668698948273732,23.08874246273674,20070700
2023-06-21,24.1727237701416,24.28789525960902,23.468137037049843,23.52911093865214,17000700
2023-06-22,23.77300262451172,24.04399827236516,23.549430827371722,23.942374258318612,13677800
2023-06-23,22.966798782348633,23.623959084425024,22.641602911630752,23.59008526834381,11854700
2023-06-26,23.413936614990234,23.529108090516452,22.89904537836229,22.89904537836229,12866400
2023-06-27,23.210691452026367,23.590084905761575,22.993895931150956,23.447813329763296,12744300
2023-06-28,23.38006019592285,23.65782958389854,23.18359105643235,23.23101490917897,10147400
2023-06-29,23.63750457763672,23.684928427902868,23.366511516745312,23.474909257983075,11087400
2023-06-30,22.4248046875,23.678156406854765,22.404480917179534,23.678156406854765,19972200
2023-07-03,22.81097412109375,22.926148194758596,22.62805500102529,22.634828730343717,10255400
2023-07-04,22.86517333984375,23.05486876572724,22.716125456988813,22.804199440894582,3080800
2023-07-05,22.8583984375,23.142941561719805,22.57385272887398,22.844848395717218,14131000
2023-07-06,22.567079544067383,22.83129890418398,22.30963391280232,22.682251025387426,12623600
2023-07-07,22.44512939453125,22.94646797794497,22.404479272468244,22.668698604862772,8279200
2023-07-10,22.44512939453125,22.64837483603427,22.208007559106054,22.24865768116906,6997700
2023-07-11,22.268980026245117,22.53997565386056,22.187682371722822,22.411254152166435,9533900
2023-07-12,22.201236724853516,22.722901729499764,22.187686682399626,22.268984352716625,12229800
2023-07-13,22.52642822265625,22.614502199491334,22.208008710995205,22.22155875238569,9831700
2023-07-14,22.05218505859375,22.485776005098145,21.9641110899582,22.377378268472047,13967700
2023-07-17,22.0589656829834,22.140263355243697,21.300180086069126,21.67957223842466,13877200
2023-07-18,21.869264602661133,22.208007871398294,21.81506702355433,22.025086196151502,8430200
2023-07-19,21.9912166595459,22.086064379718376,21.679573412005883,21.781197446137277,11137300
2023-07-20,22.16058349609375,22.255431195590603,21.842166588412315,21.991211865733376,12374600
2023-07-21,22.567079544067383,22.68902733864524,22.119938492083996,22.241886286661853,16480100
2023-07-24,23.034543991088867,23.061644074865292,22.628053072067438,22.628053072067438,13992100
2023-07-25,23.447813034057617,23.495236892125636,22.899047925033692,23.37328909012032,9578200
2023-07-26,23.34619140625,23.54266317240683,23.048098184237592,23.407165313526026,15795200
2023-07-27,22.031862258911133,23.156489794986886,22.018312218186605,23.10228963208877,16105600
2023-07-28,22.404481887817383,22.479005828095985,22.018314728561275,22.15381256684907,7999800
2023-07-31,23.583311080932617,23.59686112398328,22.69580264416262,22.69580264416262,17508000
2023-08-01,23.0887451171875,23.52233613798619,22.6009539265858,23.515559824557645,19080800
2023-08-02,22.926145553588867,23.041317029579115,22.539978416765084,22.95324563655345,11669400
2023-08-03,23.251338958740234,23.393610518691187,23.07519358704946,23.244565230154738,8498200
2023-08-04,22.2757625579834,23.05487068220266,21.84894522985929,22.783877563328964,39809800
2023-08-07,22.4248046875,22.58740260328232,22.24188558580341,22.27575939780625,10236000
2023-08-08,22.411258697509766,22.57385403953116,22.031865258782574,22.160586786583373,8588100
2023-08-09,22.668699264526367,22.783873321520137,22.32995599069517,22.43158000660696,13213200
2023-08-10,22.661928176879883,22.797426019082526,22.35028494889827,22.492556520228174,13768900
2023-08-11,22.67547607421875,23.05486689520441,22.40448041545231,22.641599678568344,10395400
2023-08-14,22.783876419067383,22.85840036294701,22.54675454450435,22.62805480204927,7868900
2023-08-15,22.736448287963867,23.92882341272444,22.70934820720873,23.806875633732275,15951900
2023-08-16,23.407161712646484,23.684931117638,22.817749089255962,22.817749089255962,22993600
2023-08-17,23.231016159057617,23.806878735909862,23.231016159057617,23.51555929084636,11944300
2023-08-18,23.366514205932617,23.447811875115764,23.081968487182152,23.258116452219657,7771500
2023-08-21,23.13616943359375,23.74590584956333,22.9329213771975,23.441036349375345,9985600
2023-08-22,23.48621940612793,23.514263295039008,23.226820119731553,23.324971056507888,7482700
2023-08-23,24.82528305053711,24.832292685192904,23.885834216334743,23.885834216334743,26164500
2023-08-24,24.762184143066406,25.12674663459751,24.586913868738694,24.762184143066406,8234700
2023-08-25,24.56588363647461,25.01457513541094,24.341537887006446,24.832292542460372,13843300
2023-08-28,24.818275451660156,24.853328976639087,24.44670059852844,24.55186384787775,7399600
2023-08-29,24.909414291381836,24.9584897616479,24.6780588850436,24.888382711099965,7751700
2023-08-30,24.888378143310547,25.05663877792212,24.84631231605464,25.014572950666214,5861700
2023-08-31,24.215347290039062,25.06365497025,23.934913717110323,24.993547914224195,19146600
2023-09-01,25.02158546447754,25.105717128672314,24.31349467451854,24.474743019273316,30483500
2023-09-04,24.678058624267578,25.09870627193527,24.635992789735802,25.00055533244031,5697600
2023-09-05,25.81380271911621,25.939997515577375,24.537835487708325,24.579901311332655,24924500
2023-09-06,25.94000816345215,26.26250492038191,25.750715891059567,25.785769421262728,12259900
2023-09-08,25.7366886138916,26.059185304030596,25.589462212881934,25.806798334190756,12383900
2023-09-11,25.561420440673828,25.94000493839044,25.51935727942482,25.736690744311602,13441700
2023-09-12,25.84185218811035,26.00310053524508,25.680603840975625,25.701635420128554,6035300
2023-09-13,25.50533676147461,25.932996754188505,25.50533676147461,25.8418554423611,10236100
2023-09-14,26.255495071411133,26.311580184399258,25.547401464744077,25.547401464744077,11054400
2023-09-15,25.869895935058594,26.325597085490855,25.869895935058594,26.22043651588913,20324600
2023-09-18,26.192392349243164,26.704181270887986,26.03114400470403,26.08722910634651,11039300
2023-09-19,26.192392349243164,26.556954870362564,26.122282629174606,26.24146781608497,13151300
2023-09-20,26.227447509765625,26.437771334279606,26.024133320490012,26.192393984748715,8157200
2023-09-21,25.84886360168457,26.311577095775146,25.813810075880188,25.975058434110416,14641100
2023-09-22,26.038158416748047,26.26951652380321,25.91196357188393,26.024136470161718,7402600
2023-09-25,26.20641326904297,26.2905422554249,26.003099100408743,26.059184199859274,3931400
2023-09-26,25.48430061340332,26.07320892983956,25.48430061340332,25.925982519333637,12779600
2023-09-27,26.430761337280273,26.43076133728027,25.80679950751693,25.80679950751693,15546800
2023-09-28,26.29755401611328,26.486846256586123,26.157339918944487,26.388695318802977,8603100
2023-09-29,26.563968658447266,26.563968658447262,26.26951581135863,26.346635178285496,10250400
2023-10-02,26.059185028076172,26.690159132024988,25.92598057253691,26.514888844751688,8319100
2023-10-03,25.750707626342773,26.094238530668168,25.603481242094205,25.89092437656563,9893500
2023-10-04,24.972509384155273,25.645549309119374,24.76218557765937,25.589461534367242,20881700
2023-10-05,24.87436294555664,25.112730682482567,24.727136521858714,24.94447267666002,8110600
2023-10-06,25.498323440551758,25.69462800243056,24.61496227254138,24.61496227254138,11740500
2023-10-09,26.54293441772461,26.68315119132776,25.97505768811748,26.010111212915138,11557100
2023-10-10,26.816354751586914,26.816354751586914,26.34663165142087,26.570977411860238,9200100
2023-10-11,26.72521209716797,26.79532181526236,26.192391611712033,26.739234040786844,10203300
2023-10-13,27.566516876220703,27.68570208953318,27.16690074374955,27.18793232722289,14724500
2023-10-16,27.839933395385742,27.980150168179318,27.244015454028652,27.657653462842838,11164900
2023-10-17,28.47090721130371,28.569058148816964,27.727760196055197,27.783847974298467,12072200
2023-10-18,29.136932373046875,29.305190344540172,28.66720663093593,28.674218939821955,28701300
2023-10-19,28.92660140991211,29.094862029716733,28.716277640965195,29.08785239633029,17767100
2023-10-20,28.611125946044922,29.347260702326793,28.337702019962947,29.179000030461935,11112900
2023-10-23,26.886465072631836,27.82591406176772,26.802336070826268,27.783850898071307,20856700
2023-10-24,27.30010223388672,27.45434096086643,26.830379091776024,27.20195128923151,16461100
2023-10-25,27.377220153808594,27.5384685078701,27.152874385165404,27.419285988333883,9381200
2023-10-26,27.173904418945312,27.3211334941998,26.69717169351545,27.27906766206818,9503400
2023-10-27,26.97760772705078,27.78385228057834,26.732230345236072,27.559506481658353,13358800
2023-10-30,26.76026725769043,27.251024616753845,26.521902224809935,27.11080784639109,8454300
2023-10-31,26.528911590576172,26.809345128455302,26.24146841773565,26.760266986075894,6514700
2023-11-01,26.837385177612305,27.15287222542687,26.5709762700465,26.63407367960941,13428200
2023-11-03,27.061731338500977,27.335155233691903,26.67613724062318,27.335155233691903,9668700
2023-11-06,26.99162483215332,27.461347928631284,26.942549364593305,27.279068002610146,10596200
2023-11-07,26.395709991455078,26.90749898029537,26.171364206604885,26.634077722159994,15189300
2023-11-08,25.771743774414062,26.276523094992996,25.575441893927827,26.24847920509138,11870400
2023-11-09,26.31859016418457,26.507882418279454,25.91196176477792,25.9820714928201,14926800
2023-11-10,26.23445701599121,26.46581509390762,26.073208662176377,26.199403491146686,6068100
2023-11-13,26.823366165161133,26.830378474996824,26.234457836355087,26.241470146190778,9389000
2023-11-14,27.1318416595459,27.145863603795625,26.71119135529127,26.865430067625873,13648600
2023-11-16,26.584997177124023,27.32814419393394,26.444783080046182,26.984615911915775,17294000
2023-11-17,27.706727981567383,27.93808337548858,26.746247533665155,26.746247533665155,15523200
2023-11-20,27.61558723449707,27.96612782427116,27.138851818451304,27.706728536673822,16363300
2023-11-21,27.342166900634766,27.496405621014464,27.019670189306805,27.328144955653656,13422400
2023-11-22,27.386667251586914,27.386667251586914,26.61644168824265,27.175946784785676,16123400
2023-11-23,27.510196685791016,27.510196685791016,27.168679891927848,27.38666821427527,2804600
2023-11-24,27.430267333984375,27.982504609031665,27.132349309576245,27.3939364084462,11929600
2023-11-27,27.248615264892578,27.510202414935147,26.89256547247409,27.26314819232522,9476000
2023-11-28,27.502933502197266,27.677325852775596,27.2486142116376,27.2486142116376,7718000
2023-11-29,27.139616012573242,27.82264964986571,26.994292301710434,27.720921943512902,8632000
2023-11-30,27.393938064575195,27.764517962463465,27.00882246934655,27.292210358169477,15990200
2023-12-01,27.030624389648438,27.408472152228548,27.030624389648438,27.321274595721597,7137500
2023-12-04,26.500181198120117,27.030620449458166,26.442049502255873,26.921624905648617,10965100
2023-12-05,26.303993225097656,26.652775115731217,26.260394449316433,26.594643414689585,13115200
2023-12-06,25.679092407226562,26.325792363946395,25.650026555450523,26.194998802826408,11245700
2023-12-07,25.75901985168457,26.260393277369033,25.4756347514337,25.831681702871784,9572000
2023-12-08,26.638242721557617,26.747238277247682,25.773554440364624,25.940678926383164,9789800
2023-12-11,26.558311462402344,26.761769636323088,26.449318684964194,26.59464238821506,5073100
2023-12-12,26.151397705078125,26.667304000225506,25.94067447854019,26.514712465920784,5063800
2023-12-13,26.500181198120117,26.53651212209936,26.086002566638744,26.216796110461473,13523200
2023-12-14,27.117815017700195,27.241343484547983,26.6164416180601,26.812631932320606,14065900
2023-12-15,26.90709114074707,27.59738976226586,26.805363448035788,27.154145296705213,11963000
2023-12-18,27.459331512451172,27.808113365766143,27.146880582463883,27.248608276530113,9104000
2023-12-19,27.640987396240234,27.67731831759014,27.263139716083693,27.582855704583096,10195200
2023-12-20,27.69185447692871,28.018838351036585,27.575593851898347,27.742718327137496,12856700
2023-12-21,27.69185447692871,27.84444602755507,27.46659830323841,27.706387401541498,5735600
2023-12-22,28.06243324279785,28.06243324279785,27.691853381384426,27.793581077777453,7445200
2023-12-26,28.48387908935547,28.51294493678325,28.08423338877473,28.08423338877473,4738700
2023-12-27,28.44028663635254,28.578348056369567,28.29496013880048,28.498418344122317,5073800
2023-12-28,28.324020385742188,28.46207900655713,28.21502761305834,28.360351309970135,11746400
2024-01-02,28.600135803222656,28.796326088772158,28.33854875582333,28.33854875582333,6743900
2024-01-03,29.573827743530273,29.73368438400398,28.585610961523304,28.614676813199317,9800500
2024-01-04,29.09425163269043,29.995270839673488,29.094251632690433,29.639223866096547,10680600
2024-01-05,29.34857177734375,29.588360897713123,29.050653725045926,29.27590991946514,6858500
2024-01-08,28.80359649658203,29.057918516138795,28.34581907887739,28.91985712007681,9800700
2024-01-09,28.64373779296875,29.123315994845818,28.578343789300398,29.007052596665698,12493100
2024-01-10,28.360353469848633,28.796332909403034,28.258625765514218,28.694605205068623,12142400
2024-01-11,28.651004791259766,28.80359633903605,28.338553847600572,28.491145395376858,8502900
2024-01-12,28.80359649658203,29.11604744195023,28.781798495886733,28.992521742180987,5163800
2024-01-15,29.09425163269043,29.094251632690433,28.5638123247998,28.60014325265245,2358000
2024-01-16,28.7745361328125,29.246846564970944,28.76727105515315,29.065189132890378,11899500
2024-01-17,28.534744262695312,28.752732584792064,28.44028164010036,28.592873188380892,13086900
2024-01-18,28.324020385742188,28.687335171765362,28.21502761305834,28.658269323634265,10013300
2024-01-19,28.30222511291504,28.672805010745886,28.040637998271094,28.41121789610194,5920700
2024-01-22,28.36762046813965,28.520212020067806,28.047901667674584,28.200495991474714,6141100
2024-01-23,28.78179931640625,28.948923794202425,28.23682710851228,28.469348362130614,8809700
2024-01-24,28.512948989868164,29.1087850874762,28.403953432456284,28.84719796718542,10532200
2024-01-25,29.835407257080078,29.900804020739365,28.7672610412689,28.796326885533354,13127900
2024-01-26,30.489377975463867,30.765498005245583,29.65375558146552,29.711884509283145,10461500
2024-01-29,30.780033111572266,30.925359599223725,30.213262858790994,30.54751184007881,9031900
2024-01-30,30.6419734954834,31.05615497970153,30.60564256441089,30.65650642228687,7717800
2024-01-31,30.63470458984375,31.19420972843503,30.518443961816473,30.641969666401447,13596100
2024-02-01,31.216007232666016,31.819111136611248,30.72189887845391,30.95442013080408,18007300
2024-02-02,30.758235931396484,31.448531915430745,30.714637152373072,31.245076490399367,11798300
2024-02-05,30.758235931396484,31.1142829252014,30.532979730917262,30.67103837334966,11064600
2024-02-06,31.22327423095703,31.513924402546092,30.82362574073024,30.82362574073024,12996300
2024-02-07,31.521194458007812,31.57205831089456,31.063417010155028,31.208743492062336,11727300
2024-02-08,31.412193298339844,31.69557836296151,31.266866842364948,31.513920985960787,8013000
2024-02-09,31.056150436401367,31.63745356413793,30.89629103682183,31.412197389446032,12000000
2024-02-14,30.74370002746582,30.998019284123707,30.57657554853749,30.903556657991345,5693300
2024-02-15,31.615652084350586,31.615652084350586,30.547508477225268,30.787294799361682,9115100
2024-02-16,32.189693450927734,32.19696129979135,31.41946778371554,31.463063789408498,13005700
2024-02-19,32.327754974365234,32.33502005138223,32.06616785179832,32.18242848717559,3734700
2024-02-20,31.681049346923828,32.3059512443655,31.47759394659284,32.276885395211956,17427300
2024-02-21,31.760982513427734,32.00077163731381,31.557527090886023,31.681052805465704,7858600
2024-02-22,31.78277587890625,31.935367410237987,31.237803748260113,31.899036489235897,9570500
2024-02-23,31.695581436157227,31.77551113328696,31.230538949444437,31.73191236070569,13303800
2024-02-26,32.02983474731445,32.18242630115617,31.564789465521773,31.681050093001943,6699800
2024-02-27,31.949899673461914,32.247817654523594,31.76097445315653,32.247817654523594,8188500
2024-02-28,30.22779083251953,32.182426268104436,29.973471576377854,31.840909462538182,17368700
2024-02-29,29.95167350769043,30.80909667200244,29.602891626391443,30.336786315232064,18875500
2024-03-01,29.94440460205078,30.416714942144967,29.92260660144923,30.067933073160663,9662900
2024-03-04,29.828142166137695,30.402180169978983,29.70461647440745,30.017067399441483,8429000
2024-03-05,29.646484375,29.929869449207782,29.3703643764945,29.849942528995907,10137400
2024-03-06,30.155132293701172,30.155132293701175,29.719155586155622,29.80635037329027,19565300
2024-03-07,29.980737686157227,30.322254503493596,29.879009980194585,30.024336462372112,7828400
2024-03-08,26.87076187133789,27.58285853600594,25.773552411459544,26.725435399148676,81532400
2024-03-11,26.354860305786133,27.590131385508684,26.26039766595877,26.667311307476908,47244600
2024-03-12,27.15414810180664,27.430268133312495,26.732704363913303,26.88529591874337,27981900
2024-03-13,26.885299682617188,27.510201686307337,26.841700901474013,27.226816538557713,20288500
2024-03-14,26.703638076782227,27.299474133208292,26.58737745045207,27.030621954545794,16708500
2024-03-15,26.645505905151367,26.885295001882902,26.48564927920227,26.63824082882856,19056600
2024-03-18,26.87076187133789,26.94342649336845,26.049669659559953,26.848963870664676,13273300
2024-03-19,26.572843551635742,27.241344207433908,26.311256459013496,26.870761568928437,15143000
2024-03-20,27.125080108642578,27.175943951036174,26.34031893136161,26.67456783048283,13966700
2024-03-21,26.572843551635742,27.393935754172926,26.449317853381835,27.125083585365342,16440400
2024-03-22,26.783565521240234,26.856227367124582,26.28945720798578,26.594640286946138,8901300
2024-03-25,27.117815017700195,27.277674408254345,26.812631932320606,26.812631932320606,8036500
2024-03-26,26.819896697998047,27.205009474198828,26.739967003645784,27.10328178024932,8979800
2024-03-27,27.146879196166992,27.154144271712816,26.63097290439279,26.819895359172204,5149800
2024-03-28,27.81538200378418,27.851715703636614,26.93616079604896,27.103285282256074,10673600
2024-04-01,28.01883888244629,28.120566584793245,27.65552407585173,27.85171440403743,7829200
2024-04-02,28.78179931640625,28.839928243874837,28.091500632032826,28.16416248433656,12953900
2024-04-03,28.556543350219727,28.934391083108718,28.382153794653735,28.89806015668847,11549700
2024-04-04,28.42574691772461,29.668285541639587,28.120563840466996,28.571073380554214,35243500
2024-04-05,28.36762046813965,28.701869421469514,27.713652714344718,28.353087543402875,14912300
2024-04-08,28.7745361328125,28.876266623150464,28.018843321980402,28.26589754048487,11438000
2024-04-09,28.91986083984375,29.057922253663644,28.45481828604935,29.01432347479332,9100900
2024-04-10,29.79181480407715,29.835413579713155,28.847196840273504,28.847196840273504,15627500
2024-04-11,29.522960662841797,29.893540529662328,29.522960662841797,29.733681134785456,7219900
2024-04-12,29.283172607421875,30.10426483944751,29.043386278487787,29.791813886690992,10318000
2024-04-15,29.711883544921875,29.813611244204928,29.137845502542437,29.210510124795988,13367800
2024-04-16,29.857210159301758,30.060665558833758,29.406700586678642,29.530226287288237,10944200
2024-04-17,29.900815963745117,30.13333726699164,29.79182039015406,29.9298790477465,10628800
2024-04-18,29.828142166137695,30.496642786630876,29.682815703259028,30.009799551768097,10453300
2024-04-19,31.04161262512207,31.107009389939606,29.806341940719456,29.937135470354526,18589200
2024-04-22,31.79731559753418,31.869980233274543,31.027089861793332,31.2087472933356,13007200
2024-04-23,31.579320907592773,31.848175848162235,31.346799663550776,31.64471768072158,14932800
2024-04-24,31.441267013549805,31.94264050169007,31.397668234283234,31.60839150959656,13343200
2024-04-25,32.153358459472656,32.298684927788145,31.368597193692132,31.441261813785793,8283500
2024-04-26,32.6382942199707,32.77257771528525,32.123542718487194,32.24290550922975,8957200
2024-04-29,33.22764587402344,33.22764587402344,32.526387059435585,32.57860809722407,10042900
2024-04-30,33.018760681152344,33.19780628180512,32.66067232568005,33.11574383341565,12677300
2024-05-02,33.14558410644531,33.3246268551354,32.83225502748788,33.18288444193632,12134000
2024-05-03,32.64515686035156,33.47663588451403,32.287700472153354,33.4300099782731,17852300
2024-05-06,32.80834197998047,33.095860955312716,32.567445940777894,32.65292527611839,7648200
2024-05-07,33.6009635925293,33.6009635925293,32.831652559609715,32.87827845880475,8771400
2024-05-08,33.95842361450195,34.113840331036236,33.14248955810613,33.34452921457157,6622700
2024-05-09,34.55677795410156,34.673338274691666,33.6864454791926,33.803008764110174,8733200
2024-05-10,34.29256820678711,34.78989932372829,34.2226308331968,34.580087202957365,9667900
2024-05-13,34.30033493041992,34.66556373673486,34.16823266007531,34.44798213177807,5067100
2024-05-14,33.36007308959961,33.79523932790528,32.932679317944974,33.58542719323973,10972300
2024-05-15,31.09876823425293,31.331891838377945,30.16627085342541,31.005519385468414,32787700
2024-05-16,30.531497955322266,31.215326759530864,30.166269119116627,31.10653594814892,21712000
2024-05-17,29.972003936767578,30.523730551320064,29.816587195735497,30.453793166072018,17885500
2024-05-20,30.07301902770996,30.337226543385043,29.925371820395345,29.97977018815616,12221100
2024-05-21,29.847667694091797,30.290603428130687,29.8476676940918,30.104105731865594,8906200
2024-05-22,30.127418518066406,30.228439837144546,29.70002473411245,29.847668997128526,13541000
2024-05-23,29.870981216430664,30.515959624099256,29.82435827132628,30.15850321143667,15076100
2024-05-24,29.769962310791016,30.158502655918046,29.731105904816246,30.15073018899206,8994300
2024-05-27,30.07301902770996,30.12741443114361,29.832122980841543,29.847664948155035,3062300
2024-05-28,30.601438522338867,30.82678967043453,30.321688998548286,30.500417202230583,16265200
2024-05-29,30.67137908935547,30.79571189458583,30.236212788885247,30.453794456956405,10862200
2024-05-31,31.62718963623047,31.844771314970853,30.85010882435418,30.85010882435418,16515400
2024-06-03,31.277498245239258,31.798140892531194,31.254186772771746,31.627185153890068,9488300
2024-06-04,31.09876823425293,31.17647511418545,30.52372724403893,31.02883085658268,11004300
2024-06-05,31.044374465942383,31.386288905772023,31.03660199894193,31.18424922867442,7000700
2024-06-06,31.036602020263672,31.417372866701935,31.03660202026367,31.075458426637407,8871600
2024-06-07,29.987539291381836,31.052138841436268,29.971997324274756,31.005515904442152,18477400
2024-06-10,30.539270401000977,30.826789425129984,30.135188088110915,30.18181399648085,7384200
2024-06-11,30.515958786010742,30.842331250088506,30.37608402588383,30.71799845934542,17979200
2024-06-12,29.943775177001953,30.813909033906256,29.680341776500022,30.773995251433405,19764000
2024-06-13,29.552616119384766,30.16729811988885,29.313130377101384,29.919827793901046,10516900
2024-06-14,29.241287231445312,29.632446605168386,28.79424490196364,29.600517402883558,12412500
2024-06-17,29.25724983215332,29.313129735956338,28.929951947638614,29.129523902714077,20157600
2024-06-18,30.23914909362793,30.23914909362793,29.329101296949258,29.376996626104813,12133500
2024-06-19,30.047555923461914,30.342921592370136,29.94377764430029,30.183266449323522,5181600
2024-06-20,30.65425682067871,30.885757999138466,30.326958900897644,30.50258016953332,9845500
2024-06-21,30.58241081237793,30.893742608860727,30.534512441678,30.646272261417803,16702200
2024-06-24,31.1651611328125,31.1651611328125,30.502580697394002,30.81391249900925,8306400
2024-06-25,31.05339813232422,31.252970091927263,30.877773833401083,31.173139480950187,6615000
2024-06-26,31.213054656982422,31.316832933271424,30.813910719961026,30.813910719961026,6959500
2024-06-27,31.843704223632812,31.99538087538726,31.53237242615515,31.53237242615515,7832700
2024-06-28,32.234867095947266,32.31469466993998,31.851689259374073,31.851689259374073,7502200
2024-07-01,32.62602615356445,32.87349650289062,32.25083290518657,32.34662660208872,6075800
2024-07-02,32.713836669921875,33.152894391024,32.665938301260596,32.769716577413426,7729900
2024-07-03,32.0352897644043,33.097010938240636,32.0352897644043,32.7776976503827,11636300
2024-07-04,31.604219436645508,32.274781423179576,31.516407276647616,32.17898772373951,6219800
2024-07-05,32.15503692626953,32.28276287357959,31.660099261096388,31.763877544919186,21835400
2024-07-08,32.90542221069336,33.017182009072684,31.875630276667692,32.20292813416118,13644300
2024-07-09,32.641990661621094,32.985254690859385,32.641990661621094,32.92139324449438,8823000
2024-07-10,32.54619598388672,32.84156163548698,32.41048546597753,32.84156163548698,9802400
2024-07-11,32.8176155090332,32.95332298806161,32.6020774141999,32.65795732265002,6295200
2024-07-12,32.634010314941406,32.95332364888444,32.61804419146026,32.88946220018651,4707000
2024-07-15,33.09701156616211,33.33649729790568,32.681901543367644,32.72979990780688,9383600
2024-07-16,32.92937469482422,33.12096512385743,32.713836604121816,33.06508217125172,6624000
2024-07-17,33.168861389160156,33.264655083783936,32.86551113675378,32.86551113675378,5024400
2024-07-18,33.20877456665039,33.36843275158389,32.96928881186344,33.01718718091147,7096100
2024-07-19,33.29658508300781,33.416329477125224,32.80962901326245,33.2087729333519,5499400
2024-07-22,32.78568649291992,33.36843634219132,32.76972036818588,33.168864350856175,6091300
2024-07-23,32.32267761230469,32.793667583477024,32.32267761230469,32.73778463024919,7938000
2024-07-24,32.64997863769531,32.969291993147,32.37057602579484,32.37057602579484,9144600
2024-07-25,32.514259338378906,32.63400371766675,32.186961486248336,32.48232709787201,6905700
2024-07-26,32.61005783081055,32.873494286059966,32.34662442078764,32.45040269514892,6957100
2024-07-29,31.787822723388672,32.72980265312101,31.452543279870323,32.72980265312101,7725400
2024-07-30,31.556316375732422,31.787820573107346,31.404642787052133,31.660094644422276,5542000
2024-07-31,32.41048812866211,32.41048812866211,31.931516597786008,31.931516597786008,8469400
2024-08-01,31.811767578125,32.7856796675631,31.811767578125,32.68190140100996,7799600
2024-08-02,30.845842361450195,31.891600552239485,30.821894700170592,31.86764984573337,8653800
2024-08-05,30.590389251708984,30.662235277865104,29.81604908594042,30.255109826464693,9875300
2024-08-06,31.229019165039062,31.47648948947721,30.430731332275705,30.77399534398206,6295300
2024-08-07,31.181127548217773,31.59623763599539,31.01348476905007,31.54035467945497,5453200
2024-08-08,31.69202995300293,31.69202995300293,31.053400247812334,31.332799792199893,5094500
2024-08-09,31.420604705810547,31.763868664214876,30.590384757798866,31.252965017815672,8716600
2024-08-12,32.29872512817383,32.4823309651089,31.747907617368604,31.771855277986873,6756000
2024-08-13,32.13108825683594,32.530232210337005,31.92353474091513,32.530232210337005,6945100
2024-08-14,32.713836669921875,32.713836669921875,32.099154642288276,32.099154642288276,10860000
2024-08-15,33.04912185668945,33.152897096083095,32.68190709077709,32.88946366001801,6086600
2024-08-16,33.176841735839844,33.22473705442087,32.681901112176696,32.937352962029685,8366100
2024-08-19,32.92139434814453,33.312553713963084,32.92139434814453,33.22474155769416,9357100
2024-08-20,32.80165100097656,33.08105055698439,32.386540914031535,32.97727531916821,7499700
2024-08-21,32.514259338378906,33.1848211628935,32.46636097761856,33.02516300558506,7868600
2024-08-22,32.598838806152344,32.82009827498888,32.262852900006706,32.81190486920722,6460400
2024-08-23,32.279239654541016,33.04135448558248,32.279239654541016,32.86106831555441,6372100
2024-08-26,35.172000885009766,35.335897141095785,33.024968995859986,33.090528748718825,26481400
2024-08-27,34.688507080078125,35.10643950677492,34.59836399512806,34.84420678295327,8170200
2024-08-28,35.47520446777344,35.66368403847729,34.4180770648139,34.450856936082545,11347800
2024-08-29,35.05726623535156,35.72104451035717,35.04907283119312,35.42603194368801,8584600
2024-08-30,35.18838882446289,35.52437472362717,34.77045636494084,35.090052326821386,36947400
2024-09-02,35.04087829589844,35.434230491224945,34.754062243119236,35.07365816651907,5276000
2024-09-03,34.67211151123047,34.836004592447345,34.409878830011294,34.74586464820212,9984700
2024-09-04,34.54099655151367,34.901565721089966,34.48363334558245,34.786839309227524,8903000
2024-09-05,34.33613586425781,34.89338125843355,34.25418617331369,34.59017209103191,5671500
2024-09-06,33.70513153076172,34.47543973716055,33.62318185387214,34.4262699310268,8287800
2024-09-09,34.15584182739258,34.43446446050324,33.696933041663144,33.86082925985654,15994900
2024-09-10,33.426509857177734,34.11487153284079,33.11510732802857,33.983755172050714,8984700
2024-09-11,33.57401657104492,33.819859359823795,33.16427754772657,33.63957318922431,8315700
2024-09-12,33.1806640625,33.590403043569815,32.975794571965096,33.44289676029985,6583300
2024-09-13,33.08232879638672,33.73791062689285,33.03316211288673,33.459291084230905,6627900
2024-09-16,33.410118103027344,33.852636968883175,33.3199750237537,33.434701442443625,5244000
2024-09-17,33.20524597167969,33.352752248600126,32.86106361684526,33.352752248600126,5309200
2024-09-18,32.63161849975586,33.04135755989952,32.336605876282675,32.9430210607621,16947900
2024-09-19,32.53327560424805,33.016767725200566,32.410352659948465,32.943014583832884,8486400
2024-09-20,32.53327560424805,32.74633849816561,32.3775727913272,32.49230233150163,16400900
2024-09-23,32.94301986694336,33.328172443799446,32.541474227087335,32.55786416402644,8280000
2024-09-24,33.18886184692383,33.5166543254659,33.024965607652796,33.36914802272804,9218500
2024-09-25,33.213443756103516,33.78707900577925,33.213443756103516,33.57401609215943,9236200
2024-09-26,32.51688766479492,33.08232636592901,32.320211567061904,33.02496315535282,18792500
2024-09-27,32.385772705078125,32.607032152297684,32.230073001950586,32.54147240820567,8526600
2024-09-30,32.180904388427734,32.52508367950467,32.00881474288927,32.484110400956574,8219700
2024-10-01,33.04135513305664,33.35275767119079,31.926864471153976,32.156320453702634,11968600
2024-10-02,33.426509857177734,33.89361208787117,33.28719696542918,33.52484634625514,6233500
2024-10-03,33.87722396850586,34.00014693098919,33.18066885059578,33.31178521841629,8549700
2024-10-04,33.893611907958984,34.073898075361086,33.64776912354014,33.967365055890696,5845300
2024-10-07,34.46723937988281,34.46723937988281,33.92638412575329,34.0902771943514,7007900
2024-10-08,33.721519470214844,33.893609092406436,33.56581665637072,33.58220659077854,7578700
2024-10-09,33.45928955078125,33.68054586851246,33.328170064628516,33.55762603933519,7448600
2024-10-10,34.01653289794922,34.11487251592108,33.7215234222158,33.7215234222158,5128200
2024-10-11,33.959171295166016,34.04931438622041,33.77888823911808,33.91819801543061,4518500
2024-10-14,33.90180587768555,34.090285453082465,33.705132897297744,33.79527598250076,5507400
2024-10-15,33.51665496826172,33.664161273828505,33.28719897845737,33.49206849996004,6837800
2024-10-16,33.41831588745117,33.80347159444248,33.377342607700385,33.63957534937846,18678900
2024-10-17,33.262611389160156,33.34455793687375,33.07413182857055,33.25441798481296,5131800
2024-10-18,33.08232879638672,33.42651121119041,32.85287593722476,33.35275805987967,5814000
2024-10-21,32.475914001464844,33.3855350812471,32.475914001464844,33.3855350812471,5830700
2024-10-22,32.320213317871094,32.664395726033355,32.221876826707884,32.41035640396265,5602900
2024-10-23,31.86130714416504,32.26284963409951,31.803943931317256,32.06617665463873,5052900
2024-10-24,31.967838287353516,32.05798137565218,31.73019202172884,31.959644882081257,7272300
2024-10-25,32.28743362426758,32.467716653933444,31.951447777907052,31.967834586554527,7829100
2024-10-28,32.22187423706055,32.27104404172076,31.525319197706658,31.697408824926733,5792000
2024-10-29,32.139930725097656,32.451330139183696,32.04978763773458,32.38577351950375,4782500
2024-10-30,31.86130714416504,32.4349423987035,31.836720677186957,32.213682952264634,7560600
2024-10-31,32.008811950683594,32.05797863022807,31.64004622379751,31.83671919409642,11105200
2024-11-01,31.386005401611328,32.213679895993415,31.345032128616058,32.15631668858797,8818300
2024-11-04,31.418790817260742,31.894086494825572,31.328647725120625,31.79574999706404,6140100
2024-11-05,31.26308822631836,31.51712441600725,30.927102357648682,31.426981332158697,7774600
2024-11-06,31.23030662536621,31.336839639111716,30.82876103574726,31.00085378904706,7658400
2024-11-07,31.451566696166992,31.812135892858763,31.14016417907926,31.148357583659767,11429700
2024-11-08,32.025203704833984,32.23007321740003,31.517125062906494,31.549904935171625,13215800
2024-11-11,32.074371337890625,32.18909776815852,31.631852427376646,31.795748667499687,6025500
2024-11-12,32.385772705078125,32.68078530137087,32.05798023673938,32.08256670380421,8009500
2024-11-13,32.72175979614258,32.89384944169746,32.17270786015124,32.41855378358481,10346100
2024-11-14,33.19705581665039,33.328172185084604,32.63161706391426,32.63161706391426,9511600
2024-11-18,34.049312591552734,34.11487233652255,33.18886125821847,33.197054663309345,10094100
2024-11-19,33.614990234375,34.172235562575125,33.50026380669745,33.95097611231384,5127800
2024-11-21,33.67235565185547,34.032924894733405,33.41012290684226,33.705135526497344,9886900
2024-11-22,35.434226989746094,35.87674269515474,34.22959343498983,34.31153997738323,19316700
2024-11-25,35.09004592895508,35.802990877473334,34.95073617653464,35.33588869126548,13020900
2024-11-26,34.909767150878906,35.3195062166219,34.80323724454964,35.21297631029264,7271100
2024-11-27,34.79503631591797,35.139218713202695,34.59836333980721,34.91795927053264,7842500
2024-11-28,34.21320724487305,35.04907519819841,34.106674227256725,34.63933618927778,5203000
2024-11-29,34.926151275634766,35.221163854038494,34.2132062951994,34.2132062951994,16837800
2024-12-02,35.01629638671875,35.30311557727782,34.73767372718001,34.83601021699937,9768300
2024-12-03,35.05726623535156,35.29491559473064,34.786840133278396,35.09824263432476,7008600
2024-12-04,34.721282958984375,35.55715091756614,34.5737766647605,34.999905611844966,8402200
2024-12-05,35.23755645751953,35.37686622672617,34.74587087365284,34.9097639842346,7170000
2024-12-06,34.50822448730469,35.106443145913026,34.385301517619546,34.94254689501983,10903900
2024-12-09,35.41783905029297,35.50798212763743,34.71308749221122,34.786840634942116,7898700
2024-12-10,35.721046447753906,35.86855273908876,35.45061720495317,35.565346751816236,6150700
2024-12-11,35.97508239746094,36.05702894008249,35.27033087709878,35.762016384948545,13170400
2024-12-12,35.05910110473633,35.84914167573079,34.923180320511854,35.636765247842106,10504500
2024-12-13,34.88920211791992,35.42439166657599,34.48993336441061,35.39890428956841,7936900
2024-12-16,34.54939270019531,35.05060115563358,34.481433934353035,34.93167088495447,7761300
2024-12-17,35.08457946777344,35.2969558607268,34.67681718217578,34.67681718217578,15439900
2024-12-18,34.30303955078125,35.178029345949334,34.15012827231987,34.95715929962007,18052600
2024-12-19,33.98871994018555,34.82123833650177,33.60644498668948,34.57488091801242,13522100
2024-12-20,33.74237060546875,34.11615198190469,33.62344031481219,34.05668683657642,21313100
2024-12-23,33.997215270996094,33.997215270996094,33.563965590442145,33.84430400028373,9074300
2024-12-26,34.5396614074707,34.5396614074707,33.87138020808741,34.11758854138594,8614500
2024-12-27,34.15275955200195,34.61000596114622,34.14396783547503,34.61000596114622,9594400
2024-12-30,34.65397644042969,34.84742777635027,34.31104242081572,34.31104242081572,7914800
2025-01-02,35.63002014160156,35.885023555831346,34.689148713975754,34.77707930644398,11081500
2025-01-03,35.50690841674805,35.80587706361,35.137592627407344,35.60363406048815,16515700
2025-01-06,35.17277526855469,35.6827821200306,35.06725788196345,35.568469661193376,9440100
2025-01-07,36.15761184692383,36.43020206138462,35.260705679766666,35.50691738630252,12535000
2025-01-08,35.814674377441406,36.254334023647665,35.56846604895371,36.052090988913214,7930200
2025-01-09,35.80588150024414,36.17519398100923,35.761912853578664,35.823468288042974,3171600
2025-01-10,35.98174285888672,36.720371178640185,35.964159425332156,36.122437162017675,10357700
2025-01-13,36.00812911987305,36.60606656393001,35.9905423298317,36.30709784190152,5703800
2025-01-14,36.15761184692383,36.192785427048555,35.630021562401836,35.94657707484992,5705900
2025-01-15,36.632442474365234,36.632442474365234,36.078470367522954,36.35106056232976,8106600
2025-01-16,36.60606384277344,36.65002913743999,36.254334776767124,36.51812989910337,6450900
2025-01-17,36.57967758178711,36.869854529483135,36.39502135380049,36.57967758178711,5264200
2025-01-20,36.84347915649414,36.93140974271825,36.49175010292399,36.55330218414824,3191500
2025-01-21,36.53571701049805,36.71158154505433,36.078470562386514,36.66761624999951,6313900
2025-01-22,36.16640090942383,36.817095261920535,36.16640090942383,36.570886950633856,4959900
2025-01-23,35.83226013183594,36.60606202604449,35.744329546866766,36.175194109287226,5706400
2025-01-24,35.72674560546875,35.928988650480626,35.40139503562014,35.83226298670602,4553600
2025-01-27,36.1224365234375,36.19278031942262,35.550877667250965,35.700360330179805,7749000
2025-01-28,36.03450393676758,36.34226769946123,35.568465788588206,36.131229594918814,10420200
2025-01-29,35.67398452758789,36.21036984923425,35.577258865738614,36.096057398472645,5538800
2025-01-30,36.377437591552734,36.49175003690676,35.55087867779611,35.858639083360586,8276500
2025-01-31,36.62364959716797,37.28313906155152,36.15760809472118,36.38623298746947,8665700
2025-02-03,36.175193786621094,36.71157907142442,36.11364170682433,36.62364848723954,8342300
2025-02-04,35.717952728271484,36.17519921417681,35.44536586379868,35.96416443873575,8210900
2025-02-05,35.35742950439453,35.73553708517764,35.225533617309736,35.73553708517764,7432900
2025-02-06,35.14639663696289,35.61243483424535,35.032084178527434,35.37501819949658,6065800
2025-02-07,34.90897750854492,35.39260246137331,34.57483522932257,35.21673792734381,8882300
2025-02-10,35.19915008544922,35.43656669613567,35.04966741631528,35.17277158015191,5350200
2025-02-11,35.392601013183594,35.48932667065886,34.94414965637818,35.48932667065886,6814000
2025-02-12,34.57483673095703,35.23432624645749,34.45173255809089,35.00570469032567,13940300
2025-02-13,34.67155838012695,34.78587082211911,34.31982933753727,34.46931535465575,4389900
2025-02-14,35.920196533203125,36.104856158478384,34.80346383505252,34.8913944342599,9946200
2025-02-17,36.324684143066406,36.5884792814619,35.964163337913895,36.0520939326,3941000
2025-02-18,37.00175476074219,37.098477058274604,36.227952900126276,36.280709907082745,15844000
2025-02-19,37.15123748779297,37.42382765680306,36.52692163919275,36.6764042982928,10749600
2025-02-20,37.371070861816406,37.42383122824146,37.01934179432334,37.15124103321749,9136600
2025-02-21,37.160030364990234,37.51175940990429,37.03692620557135,37.51175940990429,7482100
2025-02-24,36.91382598876953,37.22158977452454,36.6939961508033,37.16003433390383,6694900
2025-02-25,36.59727478027344,37.177625486437805,36.44779208299569,37.01055599753841,11078400
2025-02-26,36.53571701049805,36.92261965738927,36.36864754755493,36.92261965738927,6480000
2025-02-27,34.504493713378906,35.24312212174901,33.16792786231218,34.99691041606751,48084000
2025-02-28,34.33741760253906,34.81225082416479,33.92413981720131,34.38138289617029,20950000
2025-03-05,32.754642486572266,33.59878817246055,32.6930904066223,33.59878817246055,11318400
2025-03-06,32.50843811035156,33.264653303572125,32.35016035575483,32.974476302032386,8828100
2025-03-07,32.90412902832031,33.15034073147036,32.46446934581895,32.50843799753883,9512700
2025-03-10,32.842567443847656,32.92170629798636,32.262216964942546,32.8601542285825,8816300
2025-03-11,32.165496826171875,33.07998621303622,31.92808024791765,33.02722920964846,7496600
2025-03-12,32.27981185913086,32.561193776905796,32.03360351966205,32.253433352569786,7368400
2025-03-13,32.50843811035156,32.86016384497093,32.08636521620601,32.2622264063471,6799500
2025-03-14,33.774658203125,33.99448805431804,32.47326588658269,32.71947424653095,8459200
2025-03-17,34.5572509765625,34.88259820807451,33.73069196660268,33.78344898264735,9473100
2025-03-18,34.5836296081543,34.82983793826153,34.381383217752585,34.68914698472355,6025200
2025-03-19,34.750701904296875,34.96173667466426,34.495698481960524,34.81225399184879,7237600
2025-03-20,34.90897750854492,35.35742888370001,34.46931785063966,34.71552618567877,15920900
2025-03-21,35.47174072265625,35.82346978465362,34.90897690693001,35.01449428379444,22722900
2025-03-24,35.38380432128906,35.6036341103384,35.15517946224938,35.43656132388562,6505100
2025-03-25,35.72674560546875,36.42140533247927,35.26070407585809,35.61243315243175,12410500
2025-03-26,36.104854583740234,36.45658031956635,35.81467758120492,35.99933384408892,6787500
2025-03-27,36.47416305541992,36.6939928737537,36.02571170192722,36.386232469821145,10847700
2025-03-28,36.113643646240234,36.720372760107345,35.82347001937751,36.395025555947036,6023900
2025-03-31,35.89381408691406,36.430199404517076,35.81467521457367,35.88502236969268,11318300
2025-04-01,36.078468322753906,37.10727360572427,35.87622529458671,35.93777737470991,7306800
2025-04-02,35.89381408691406,36.14002242115663,35.54208501999298,35.94657445325332,5378700
2025-04-03,34.627593994140625,35.09363213657587,34.231899649461255,34.88259403463459,11761500
2025-04-04,33.17671585083008,33.63396227645525,32.11274033287717,33.458097750547594,22917700
2025-04-07,31.33014678955078,33.036024979959,31.233421132353463,32.71067778657089,28421800
2025-04-08,30.327722549438477,32.11273956185143,30.011167081272546,31.778597306083306,18081300
2025-04-09,31.277385711669922,31.646701543965722,29.413229825536007,29.633059639845936,29549700
2025-04-10,29.246158599853516,31.03997078657069,29.175814799729267,30.96083191497032,16049900
2025-04-11,29.826509475708008,30.151860036518787,28.788915772746616,29.509957340789622,19003500
2025-04-14,29.888063430786133,30.714622336128244,29.54512609821522,30.556344599352993,14919400
2025-04-15,29.33409309387207,30.09909996415246,29.22857571453543,30.072721457902553,9799200
2025-04-16,29.079090118408203,29.66823581667394,28.91202065244419,29.53633657478752,16459800
2025-04-17,29.84212875366211,30.112033191143507,29.221356097805362,29.401291245467135,14425100
2025-04-22,29.68018913269043,29.968083979054907,29.194365292458894,29.68018913269043,9723500
2025-04-23,29.46426773071289,30.20199873979392,29.23934965643264,30.094039025093082,15792500
2025-04-24,29.24834442138672,29.680190137531113,28.74453013918059,29.64420242252285,12407100
2025-04-25,29.392292022705078,29.554233309219494,28.969448380786258,29.239349380984475,10241800
2025-04-28,29.20336151123047,29.671191510687922,29.158378583431702,29.41928436943291,9107500
2025-04-29,29.284334182739258,29.57222905896824,28.942457730225726,29.194368320909316,10594100
2025-04-30,28.834495544433594,29.284331679079912,28.663559048779835,29.13138904064929,13204700
2025-05-02,29.41028594970703,29.662196524866836,28.70854266114046,29.01443137728081,22134800
2025-05-05,28.58258819580078,29.32931438916092,28.573591267255775,29.221354678598182,16917100
2025-05-06,29.032424926757812,29.36530270985498,28.933460426707395,29.014431069296155,9743200
2025-05-07,29.221357345581055,29.365304783461646,28.888479538977993,29.185369628116497,9591900
2025-05-08,29.71617317199707,29.968083734493174,29.293329550337184,29.527242824107933,11773200
2025-05-09,29.86911964416504,30.121026778106263,29.53624186974595,30.121026778106263,5555100
2025-05-12,30.678823471069336,31.083676684729834,30.570863758085668,30.58885761557918,8806600
2025-05-13,30.8587589263916,31.110669501873293,30.32795213688089,30.84076506871595,13202400
2025-05-14,30.660831451416016,30.813774084192872,30.255978258804898,30.588856025184164,7751900
2025-05-15,30.759794235229492,30.858758735845775,30.363939664741764,30.444910307793503,6386300
2025-05-16,30.72380828857422,31.038692198961197,30.36393802072291,30.75979256977757,9855500
2025-05-19,30.642841339111328,30.777790131819632,30.43591711137648,30.624847480354692,5297400
2025-05-20,30.741804122924805,31.155656033373873,30.615850536605542,30.678827329765173,6481800
2025-05-21,30.48089599609375,31.020697959226258,30.30995607658595,30.750796977660006,7894100
2025-05-22,30.0760440826416,30.390928002486902,29.707178591403967,30.390928002486902,10888600
2025-05-23,30.12102508544922,30.193000509374784,29.69817804982931,30.031059237519376,7083300
2025-05-26,30.130027770996094,30.390930137780288,30.076046195810967,30.36394106617651,2558300
2025-05-27,30.41792106628418,30.669828206815577,30.291964064041093,30.390928564100538,11891600
2025-05-28,30.040054321289062,30.633837838231827,30.040054321289062,30.633837838231827,6204000
2025-05-29,30.00406837463379,30.148015798361833,29.6891844577216,30.022062231596955,7118800
2025-05-30,29.608213424682617,29.995072764316564,29.608213424682617,29.995072764316564,15545300
2025-06-02,29.698179244995117,30.318955289415566,29.62620725015024,30.318955289415566,16262500
2025-06-03,29.891695022583008,29.91944848354489,28.772258962934806,28.957288506174887,12989200
2025-06-04,29.02204704284668,30.159982913656595,29.02204704284668,29.919444714207117,6208700
2025-06-05,28.864774703979492,29.38285989704065,28.81851599458784,29.151571643850396,7227900
2025-06-06,29.207077026367188,29.466120475887138,28.883273155614535,28.95728531767893,9612200
2025-06-09,28.901779174804688,29.123815680492296,28.531718331992,28.77225832096757,9477200
2025-06-10,29.956453323364258,30.067470688505708,29.077557320479947,29.151569485437317,12033700
2025-06-11,30.835350036621094,30.992624346763176,29.99345744993648,29.99345744993648,15665100
2025-06-12,31.686491012573242,31.788258409690975,30.437535844187092,30.446785821571112,10820700
2025-06-13,32.36185073852539,33.10197241489727,32.21382640325101,32.94469810268385,21208800
2025-06-16,32.306339263916016,33.07421790508875,32.20457540410254,32.51912754772367,12002600
2025-06-17,33.259246826171875,33.47203156561006,32.47286475867093,32.47286475867093,12307300
2025-06-18,33.07421875,33.55529871895597,32.87993747287697,33.361017441832935,7821800
2025-06-20,33.22224426269531,33.55529990910688,32.90769209988202,32.98170603427509,23960500
2025-06-23,32.287841796875,33.786588700510976,32.139817454900815,33.58305390685446,13582300
2025-06-24,31.612476348876953,32.20457723400288,31.36268814429431,31.640233338747286,17817000
2025-06-25,31.427448272705078,31.825264341664276,31.41819476644356,31.538465643593188,9869200
2025-06-26,31.658735275268555,31.7790026185082,31.482953955000923,31.677238757885064,6070400
2025-06-27,31.27016830444336,31.612473900113756,31.22391136381412,31.501456536767908,6193600
2025-06-30,31.53846549987793,31.806760713381994,31.075889005910334,31.168402893032425,11438600
2025-07-01,31.667987823486328,31.890026103735927,31.362689158469205,31.575473932069922,4328800
2025-07-02,32.33409881591797,32.56538707135489,31.760504930604426,31.853018821107717,8946600
2025-07-03,32.482120513916016,32.75041571538428,32.23232879487781,32.31559270122388,6871900
2025-07-04,32.519126892089844,32.58388731483749,32.30633861257232,32.42660948160867,2765700
2025-07-07,32.29709243774414,32.685658549145764,32.27858895346989,32.51913071985632,9363200
2025-07-08,33.11122512817383,33.12972861078738,32.334096504296895,32.556131237302615,19238300
2025-07-09,32.63014221191406,33.21298950931842,32.52837483134748,33.21298950931842,10288600
2025-07-10,32.68565368652344,32.93544186411802,32.167566791456295,32.204573754499286,10264600
2025-07-11,32.8151741027832,33.16672965960151,32.685653262989284,32.71340672032278,6286500
2025-07-14,32.46361541748047,33.120473129787534,32.29708761306765,32.842927965492265,7061200
2025-07-15,32.09355926513672,32.583892800288,32.05655582389313,32.519132366638026,6347900
2025-07-16,31.816009521484375,32.08430472513112,31.621728248158846,32.05655126584988,5767600
2025-07-17,31.593978881835938,31.880774076038485,31.464454486994097,31.81601364320701,7868200
2025-07-18,31.12214469909668,31.723495528765895,30.613311282011118,31.501457267743568,17222400
2025-07-21,31.20541000366211,31.473705218405186,30.881607868060872,31.159153059887448,5642500
2025-07-22,31.529212951660156,31.964032420689158,31.09438995345287,31.27016773632176,11698600
2025-07-23,32.232330322265625,32.39885814284899,31.42744820889844,31.42744820889844,4535600
2025-07-24,32.26934051513672,32.371107918909885,32.01029525211985,32.232333544823035,7159200
2025-07-25,32.4173583984375,32.56538272097555,32.26008057057806,32.33409449643621,4859800
2025-07-28,32.39885711669922,32.963200987559965,31.954784118934644,32.48212102435373,12200100
2025-07-29,32.92618942260742,33.12047067026901,32.38034911071679,32.56538038289934,8502400
2025-07-30,33.29625701904297,33.42577787046967,32.713409658444284,32.90769093558434,10603400
2025-07-31,33.11122512817383,33.26849943662135,32.842929924044995,32.842929924044995,9052500
2025-08-01,32.6393928527832,33.462778360792896,32.33409423404148,33.462778360792896,5713900
2025-08-04,32.52837371826172,32.64864457565015,32.31558898853018,32.54687719856594,4631800
2025-08-05,32.787418365478516,32.90768923380301,32.408105807696636,32.56538363999457,6160100
2025-08-06,32.71340560913086,33.54604106345705,32.52837433177679,33.17598203792699,10981300
2025-08-07,32.944698333740234,33.32401091611478,32.77817051424131,32.93544482755776,7068400
2025-08-08,30.32651138305664,32.315591559268725,30.32651138305664,32.13056027068509,34670100
2025-08-11,30.465286254882812,30.863102296955795,30.40977580860111,30.530046677622288,8155500
2025-08-12,30.622560501098633,31.05738350653848,30.419029256806695,30.594807042599356,6510700
2025-08-13,30.47453498840332,30.659566272617273,30.22474328409122,30.4467815309836,8981900
2025-08-14,30.187742233276367,30.4097769685155,29.956453992048154,30.280256118096258,7398900
2025-08-15,30.159984588623047,30.178488071020343,29.789925528212372,30.09522416482172,8749600
2025-08-18,30.400524139404297,30.62255885381123,30.030461576488534,30.23399633901002,9347900
2025-08-19,29.984209060668945,30.409778600362905,29.919448631984157,30.076722950453313,10939200
2025-08-20,30.233999252319336,30.372773609079406,30.076721412712693,30.09522489555927,6860200
2025-08-21,30.20624542236328,30.391273190203933,29.937950218144508,30.233998881703688,9574800
2025-08-22,31.19043731689453,31.19043731689453,30.36864304752659,30.453656496311797,14179900
2025-08-25,31.228219985961914,31.49270465361071,31.15265087901463,31.247112262698735,7161500
2025-08-26,31.067636489868164,31.1148653786062,30.718138389206803,31.067636489868164,11908700
2025-08-27,31.247112274169922,31.35101439126056,30.992071943129233,31.020408556578193,8777400
2025-08-28,31.624950408935547,31.785532976905262,31.332125492834148,31.483263723080345,9971400
2025-08-29,31.879989624023438,31.99333968930878,31.53993582483381,31.5871647184249,11106800
2025-09-01,31.738296508789062,32.16336371985914,31.653283066575046,32.16336371985914,3439500
2025-09-02,31.9838924407959,32.0689058828555,31.47381178843827,31.47381178843827,5112300
2025-09-03,31.64383888244629,32.0500138190548,31.36990627806691,31.64383888244629,8603900
2025-09-04,31.79497528076172,32.11613679282329,31.473813768700147,31.473813768700147,7736200
2025-09-05,31.077085494995117,31.766637383542626,30.71813944228088,31.757189443471184,14906300
2025-09-08,31.351015090942383,31.5682708733442,31.07708608037783,31.313234139945035,7155700
2025-09-09,31.691068649291992,31.936664647372986,31.398247363631416,31.483260808608158,12015300
2025-09-10,32.503421783447266,32.56009862018985,31.596614015568573,31.70996408571997,12417000
2025-09-11,32.16336441040039,32.456189296165185,32.05001435279253,32.36172791204749,7470200
2025-09-12,31.879989624023438,32.61677045337856,31.832760730432348,32.14447431080043,5744600
2025-09-15,32.342838287353516,32.39006717635667,31.709959644044748,31.936663355926477,5569800
2025-09-16,32.28616714477539,32.48453067552431,32.02168243711016,32.39951721901279,6493300
2025-09-17,32.53175735473633,32.578989852170864,32.13503032028847,32.2578283276177,12977900
2025-09-18,32.28616714477539,32.54120751430996,31.77608640570625,32.53175957284541,8971000
2025-09-19,31.813867568969727,32.33339259071356,31.53049061195796,32.238934806154134,15727600
2025-09-22,32.15392303466797,32.21059626702418,31.502152035901947,31.64384232345987,6264100
2025-09-23,33.004051208496094,33.15518582111466,32.20114925458498,32.28616269939126,11811300
2025-09-24,33.84474182128906,33.85418615825932,33.070172866390166,33.334661144892266,10875100
2025-09-25,33.24964904785156,34.02421443084316,33.183527876376694,33.797510697691024,9525200
2025-09-26,33.04183578491211,33.778616571511044,32.91903778603449,33.36299728736123,7818900
2025-09-29,32.41840744018555,33.32521518317434,32.22004392203181,33.16463622181189,12887100
2025-09-30,31.908327102661133,32.51286560498108,31.492707783149594,32.35228664176084,23647500
2025-10-01,31.87054443359375,32.021679051040145,31.66273298335489,31.89888104832323,9510100
2025-10-02,31.473814010620117,31.870544636020195,31.313235055021813,31.870544636020195,9953500
2025-10-03,31.23766326904297,31.77608052621527,31.20932665656018,31.55882475606971,7076300
2025-10-06,31.05819320678711,31.492704763246614,30.944839545971565,31.464368149709408,9766600
2025-10-07,31.09597396850586,31.09597396850586,30.500883467832757,30.935395021657563,10257000
2025-10-08,30.78426170349121,31.284894445068854,30.67091164193907,31.237665553033253,7646200
2025-10-09,30.368642807006836,31.010965836444836,30.302521636623528,30.76536982930667,7071900
2025-10-10,30.141939163208008,30.321410397139076,29.981358405392417,30.321410397139076,13162700
2025-10-13,30.425315856933594,30.49143702692588,30.141938899347576,30.406423579316723,4739600
2025-10-14,30.406423568725586,30.859827421371985,30.141938888848564,30.198613920012676,12550900
2025-10-15,29.98135757446289,30.567005557814113,29.86800751424441,30.415870943078325,25664800
2025-10-16,29.745208740234375,30.00024907159396,29.65074915806416,29.886897212656365,8110200
2025-10-17,29.88689613342285,30.113598041445027,29.60351919881178,29.716869251989564,11956600
2025-10-20,29.811330795288086,29.93412879626734,29.461832673013937,29.801884656623013,8129100
2025-10-21,29.499616622924805,30.00025118248618,29.24457627361995,29.990805043437835,11621900
2025-10-22,29.99080467224121,30.113600875016218,29.53740081353334,29.924683501387992,8759900
2025-10-23,30.20806121826172,30.850384268331098,30.12304776741919,30.614236194138932,12605800
2025-10-24,29.99080467224121,30.49143742393944,29.858562330534777,30.23639707779122,5149800
2025-10-27,30.1986141204834,30.255289152023742,29.754656403694973,30.217506398219104,8703900
2025-10-28,30.226951599121094,30.519776489937612,29.896343955672364,30.113599737891036,14156400
2025-10-29,30.170276641845703,30.321409454404467,29.934128581910052,30.321409454404467,9629100
2025-10-30,29.90578842163086,30.302519012913756,29.726315402082236,30.038030750947417,9673400
2025-10-31,29.764101028442383,30.094708665331886,29.527952973759408,29.9719106679634,8863300
2025-11-03,30.028589248657227,30.481993107677503,29.764102763395343,30.056925863804256,9576200
2025-11-04,30.311965942382812,30.311965942382812,29.707427469028996,29.85856208736745,9486300
2025-11-05,30.85982894897461,31.039303793489843,30.198615414884348,30.311967284490393,15054300
2025-11-06,30.888166427612305,31.23766454135694,30.755924092862085,30.925950981350475,12473000
2025-11-07,32.380619049072266,32.39006698881815,30.70869044404142,31.180986538004937,19737100
2025-11-10,32.66400146484375,32.900149525393516,32.11613623476824,32.427853404293984,9396800
2025-11-11,33.4480094909668,33.85418442320672,32.80568650990522,32.94737678053152,16377000
2025-11-12,32.44674301147461,33.46690439199269,32.097244880741655,33.344106388041396,17882500
2025-11-13,32.739566802978516,33.07962058496369,32.48452646648963,32.560095575078975,10467100
2025-11-14,32.994606018066406,33.32521184857477,32.711229077154485,32.82457913285259,7271400
2025-11-17,33.01350021362305,33.277984893404046,32.89070221086751,32.99460793601962,6983900
2025-11-18,33.01350021362305,33.174079168251936,32.6545541458249,32.77735214858044,9488000
2025-11-19,32.928489685058594,33.117408874506346,32.541206968190934,32.66400498183204,12348600
2025-11-21,32.64510726928711,32.862363039826356,32.465632447682296,32.64510726928711,12812000
2025-11-24,32.484527587890625,32.86236593721386,32.35228524662756,32.61676992915369,21154800
2025-11-25,32.172813415527344,32.4184058156967,32.012230858878034,32.27671553649633,7533800
2025-11-26,32.06890869140625,32.40896248942611,31.965002963863114,32.2294876497303,10854400
2025-11-27,32.32394790649414,32.32394790649414,32.050015289546415,32.1161364586947,3335600
2025-11-28,31.53049087524414,32.2011505198833,31.133760249448073,32.05001590132611,11126600
2025-12-01,31.728853225708008,32.106691559944906,31.360462831660403,31.643839780671374,9948900
2025-12-02,31.898881912231445,32.02167991827407,31.228222254358126,31.851653018625395,8138300
2025-12-03,32.29560852050781,32.43729880280807,32.00278722197649,32.10669294855221,8279700
2025-12-04,32.47508239746094,32.59787679493137,32.182257504261955,32.541203566355314,12159000
2025-12-05,31.020408630371094,32.805687348569464,31.020408630371094,32.578987233771805,21255300
2025-12-08,31.43602752685547,31.823310187973583,31.190435138260238,31.388798637125614,11933000
2025-12-09,31.634397506713867,31.700518679017115,31.095976584148833,31.28489576358682,8058000
2025-12-10,31.700515747070312,31.757188973326514,31.360461976199876,31.643838917480803,5773000
2025-12-11,31.05819320678711,31.653283711068593,30.99207203964472,31.653283711068593,11488400
2025-12-12,31.43602752685547,31.53993324626114,31.067637142295965,31.180987198314277,11353400
2025-12-15,31.379356384277344,31.653285404234243,31.247114042918795,31.615504451941483,14639700
2025-12-16,30.519777297973633,31.171544661885722,30.208060121754684,31.171544661885722,15354600
2025-12-17,30.727584838867188,30.81259828577563,30.548113607986473,30.699248224342202,17818500
2025-12-18,30.652019500732422,30.973181012669226,30.538669438676347,30.689804055862282,11595400
2025-12-19,30.86927604675293,30.954289496218703,30.652020254414534,30.699249147821387,24659300
2025-12-22,31.020408630371094,31.228220071713416,30.850381742606167,31.077085460737187,10828100
2025-12-23,31.148944854736328,31.3921439834795,30.97384118516731,31.372687607869143,7826500
2025-12-26,31.2462215423584,31.2656779170475,30.769551495247516,31.041935174508883,4335800
2025-12-29,31.450511932373047,31.57697280271764,31.22676547669616,31.411599182609756,6737700
2025-12-30,31.683979034423828,31.790987234141635,31.324045398856153,31.538058087367936,6450700
2026-01-02,31.42132568359375,31.7326202615263,31.061392023657508,31.722893929495196,15637900
2026-01-05,30.89601707458496,31.450512638387206,30.380434261419538,31.440782595265926,15270700
2026-01-06,30.302610397338867,31.158670495099912,30.253971314855264,31.071120517721837,12059600
2026-01-07,30.33179473876953,30.448529278063173,30.146962886848875,30.27342746912271,11359800
2026-01-08,31.090574264526367,31.10030245187366,30.370705099985013,30.370705099985013,9513700
2026-01-09,31.032207489013672,31.50887754383321,30.92520113741715,31.197582965621436,11315300
2026-01-12,31.080848693847656,31.460238732373615,30.983568673454265,31.03220775591993,7519300
2026-01-13,32.141197204589844,32.37466628613795,30.94465610115233,31.090575204850932,16182500
2026-01-14,33.30855178833008,34.02841907689164,32.17037802214372,32.335755346872034,32918900
2026-01-15,32.96807098388672,33.11399193525674,32.65677641782634,32.95834465222656,12136500
2026-01-16,33.055625915527344,33.38637688688029,33.02644320688347,33.036169539456665,10025300
2026-01-19,33.23072814941406,33.24045448156583,32.89025086024016,32.89025086024016,3146500
2026-01-20,33.512840270996094,33.756039396749436,33.0361683517129,33.25991110209508,7453300
2026-01-21,35.04985809326172,35.21523543448076,33.70740154205074,33.80467971152714,35463000
2026-01-22,35.29305648803711,36.0323839198869,34.80665822900276,34.98176189912906,28591400
2026-01-23,36.69388198852539,37.06354195463455,35.80863739865542,35.83782010363146,17951500
2026-01-26,36.82034683227539,37.42348334710834,36.625790496831705,37.06354596250422,14262600
2026-01-27,37.85150909423828,38.240629152164,36.868986328815495,36.98572086182365,16515300
2026-01-28,38.95077133178711,38.97022770638928,38.240630357965856,38.51301218054825,18425400
2026-01-29,39.203697204589844,40.137580930069895,38.96049808581333,39.52472182261839,20796200
2026-01-30,39.2912483215332,39.51499106142942,38.658932850763186,38.97022742026436,17280000
2026-02-02,38.51301193237305,38.63947651101024,38.016887371448675,38.16280461363867,14946400
2026-02-03,38.98968505859375,39.5344487174176,38.347635813395755,38.85349043296368,16026500
2026-02-04,38.76594161987305,39.01887080481889,38.35736884393277,38.727032577586634,12352900
2026-02-05,38.21144485473633,38.97995497074923,38.05579756511939,38.69784309865476,10896100
2026-02-06,37.812599182128906,38.4838311468456,37.65695188947017,38.34763651871056,7385600
2026-02-09,38.58110809326172,38.70757267421205,37.7542325729555,37.81259798652946,9529500
2026-02-10,38.77566909790039,38.90213368200531,38.11416718078502,38.43518809622163,7600800
2026-02-11,39.94302749633789,40.36133030779962,39.09669182984129,39.29125188113675,16009500
2026-02-12,38.707576751708984,39.82629059050365,38.39628214344226,39.82629059050365,10140200
2026-02-13,38.620018005371094,38.70756983022333,38.10443338749736,38.33790615741125,6709800
2026-02-18,39.04804992675781,39.08696267639354,38.62002081353695,38.62002081353695,10902300
2026-02-19,40.069488525390625,40.28350495370921,39.242612942944994,39.398260242379145,11518600
2026-02-20,39.82628631591797,40.09867185210935,39.300979040177275,39.680369071349354,9630200
2026-02-23,40.604530334472656,41.27575862968864,39.777651026068085,39.82629011222732,12927000
2026-02-24,41.52867889404297,41.606504390873205,40.818537934624814,40.85745068303993,10752600
2026-02-25,41.64542007446289,41.93725828629719,41.09092635870048,41.7329719091056,6607900
2026-02-26,41.5870475769043,41.908072181548434,40.99364115808252,41.43140029581365,8695700
2026-02-27,41.56759262084961,42.39447184497567,41.37303258511854,41.7816090312462,13279300
2026-03-02,43.49372863769531,43.77584050043096,42.7057658836789,43.77584050043096,16688900
2026-03-03,43.17271041870117,44.53462331453284,43.08515858382509,43.81475597081769,26054900
2026-03-04,42.86141586303711,43.58128320729943,42.21937031043257,43.32835774575639,10727900
2026-03-05,42.773860931396484,43.055969080521876,42.26800633400855,42.90032179755051,13405400
2026-03-06,44.53462219238281,45.72143509948211,43.51318661851538,43.93148940672499,25315100
2026-03-09,45.478233337402344,46.927701658395584,45.429594257835895,45.76034519418123,24620400
2026-03-10,45.390682220458984,45.68252041335067,44.563806722111856,44.73891038003167,13632000
2026-03-11,47.60866165161133,47.71566986547834,45.73116401992005,45.73116401992005,17598700
2026-03-12,48.299346923828125,48.951118786984104,47.200085857647764,48.71764970889877,22729300
2026-03-13,48.03668975830078,48.73710067913847,47.61838698776801,47.86158610036037,11663100
2026-03-16,48.756561279296875,49.233233214098654,48.056150297753,48.309075763964124,9216500
2026-03-17,49.3499641418457,50.37139968620761,49.05812594501716,49.15540410698534,16170000
2026-03-18,50.22548294067383,50.52704747231619,49.593163748846344,49.8071801604047,16908500
2026-03-19,50.1671142578125,51.76249989384331,50.06010605109169,50.536777959868736,18102600
2026-03-20,48.970577239990234,50.76052299526984,48.30907530580489,50.39085927653703,23607500
2026-03-23,49.301326751708984,49.544525875894244,47.48219834186203,47.48219834186203,27956200
2026-03-24,50.53677749633789,51.217735769377505,49.22350003170634,49.30132553076186,14302700
2026-03-25,50.81888961791992,50.81888961791992,49.632076727862234,50.0017404283747,13755000
2026-03-26,51.918148040771484,52.49209812282471,50.818890670287075,51.07181612687067,12658200
2026-03-27,52.82284927368164,53.13414385719587,51.92787827380926,52.375363773745455,13989200
2026-03-30,53.163330078125,54.61279478142917,52.90067457846252,53.27033457568456,17779800
2026-03-31,52.443458557128906,54.26258695193045,51.208006571174934,53.64972783591774,20490900
2026-04-01,50.5173225402832,51.76250087274826,49.7488124146856,51.36365445619779,28287800
2026-04-02,51.65549087524414,52.92985558200718,51.32473992827104,52.48237009813888,14827700
2026-04-06,52.248897552490234,52.482370338272915,51.3052874993068,51.57766932361657,9873500
2026-04-07,52.10298156738281,53.01740893603495,51.75277423570885,52.297537897491345,11500200
2026-04-08,49.79745101928711,49.88500285188054,47.37518983574223,48.0464180783425,38584900
2026-04-09,51.256649017333984,51.99597647538107,50.293582508438256,50.83834620286837,18429600
2026-04-10,52.53101348876953,52.53101348876953,50.92589770335407,51.37338693485718,12758500
2026-04-13,53.46489334106445,53.815100665587536,53.12441605940259,53.581631589854844,17585600
2026-04-14,51.091270446777344,53.35788426544829,50.73133679618368,53.202236980522066,19903800
2026-04-15,50.099021911621094,51.15937029080888,49.768270938913226,50.955083907616334,15626300
2026-04-16,52.200260162353516,52.492098370844,49.90445982329321,50.28384986542325,12770200
2026-04-17,49.427791595458984,50.04065071976564,47.92968409197219,49.88500342790494,20466700
2026-04-20,50.33249282836914,50.896712871889704,49.82663820018827,50.585418286997495,9311500
2026-04-22,51.26637649536133,51.46093653831723,50.614600908097685,51.237190076817235,14180100
2026-04-23,51.96891784667969,52.3334381138736,51.18076439401228,51.3482453584863,10415600
2026-04-24,51.46647262573242,51.73247136985468,50.60935219880616,51.55514012651058,8963300
2026-04-27,51.643802642822266,52.7275169330689,51.4664714036888,51.63395236884179,8445700
2026-04-28,52.0181770324707,52.58959063782892,51.72261995579431,51.9886224522667,8064700
2026-04-29,53.6634521484375,54.195453395569395,52.4221071359679,52.57973783108332,15662800
2026-04-30,53.91960144042969,53.91960144042969,52.80633252521596,53.31863323170181,21684800
2026-05-04,53.48611831665039,54.37278958674072,53.39745081382013,53.92945583080171,14382800
2026-05-05,52.747222900390625,53.397449991731115,52.53047928387305,53.02307567907682,8151400
2026-05-06,50.75713348388672,51.44676919521533,50.540389865357426,50.766983758268836,15684800
2026-05-07,49.80149459838867,50.10690571511381,48.353263758037365,49.71282709728861,15342700
2026-05-08,49.368011474609375,50.0280888421923,49.062600355723575,49.781790643862145,5742400
2026-05-11,50.057647705078125,50.33350048746483,49.00349170585771,49.81134950417219,9110500
2026-05-12,49.476383209228516,50.02808876740749,48.71778430852017,49.93942126581269,13872700
2026-05-13,48.25474166870117,49.65371736347692,48.067556394406836,49.45667805683372,11692100
2026-05-14,48.64881896972656,49.15126561781207,48.087259403778965,48.17592690146606,7969300
2026-05-15,49.70297622680664,49.76208538802279,48.71778345227415,49.19067553306428,9431900
2026-05-18,51.023136138916016,51.023136138916016,48.39266940220416,48.83600691493226,17232600
2026-05-19,50.9049072265625,50.97387417612718,50.04779059245703,50.47142377260145,17051600
2026-05-20,48.94437789916992,51.387655556966905,48.94437789916992,50.55024319232233,12384700
2026-05-21,49.55519485473633,50.50097899813567,49.08230278303666,49.55519485473633,12664900
2026-05-22,49.40742111206055,49.40742111206055,48.382819683805906,49.082305679586305,12674000
2026-05-25,47.96903610229492,48.52074542351876,47.673479013794115,48.313855837389426,5163100
2026-05-26,48.166072845458984,48.64881894556276,47.80155258102067,47.99859188225103,10356300
2026-05-27,47.38777160644531,47.82125883848454,46.84591632460852,46.92473355160192,10616700
2026-05-28,46.83606719970703,47.86066862649174,46.72769538903776,47.66362931238509,5799200
2026-05-29,46.03805923461914,46.885325646539144,46.03805923461914,46.46169244057914,23771100
2026-06-01,46.6390266418457,47.653774008847336,46.402578719580774,46.59961802843284,13682400
2026-06-02,46.470001220703125,46.959999084472656,46.279998779296875,46.849998474121094,7742600
2026-06-03,45.95000076293945,46.849998474121094,45.95000076293945,46.5,10466400
2026-06-05,45.709999084472656,46.220001220703125,45.4900016784668,45.79999923706055,9357800
2026-06-08,46.040000915527344,46.290000915527344,45.720001220703125,46.0,7395000
2026-06-09,46.119998931884766,46.43000030517578,45.52000045776367,45.79999923706055,11099400
2026-06-10,46.810001373291016,47.4900016784668,45.97999954223633,45.97999954223633,13382400
2026-06-11,46.79999923706055,47.56999969482422,46.2400016784668,46.77000045776367,11252000
2026-06-12,46.189998626708984,46.720001220703125,45.56999969482422,46.099998474121094,7362100
2026-06-15,43.7400016784668,44.970001220703125,43.7400016784668,44.970001220703125,12926500
2026-06-16,43.31999969482422,43.650001525878906,42.86000061035156,42.88999938964844,11675000
2026-06-17,43.06999969482422,43.650001525878906,42.810001373291016,43.130001068115234,16057100
2026-06-18,43.130001068115234,43.34000015258789,41.810001373291016,42.880001068115234,14463100
2026-06-19,43.34000015258789,43.349998474121094,42.79999923706055,43.119998931884766,12450300
2026-06-22,43.63999938964844,43.720001220703125,42.77000045776367,43.34000015258789,5521900
2026-06-23,43.97999954223633,44.310001373291016,43.27000045776367,43.279998779296875,7480300
2026-06-24,42.79999923706055,43.40999984741211,42.369998931884766,43.29999923706055,11473400
2026-06-25,42.75,42.939998626708984,42.09000015258789,42.79999923706055,6704400
2026-06-26,42.25,42.619998931884766,42.029998779296875,42.369998931884766,8624000
2026-06-29,42.310001373291016,42.619998931884766,42.02000045776367,42.5,7365900
2026-06-30,41.779998779296875,42.2599983215332,41.650001525878906,42.11000061035156,14698500
2026-07-01,41.56999969482422,41.83000183105469,41.31999969482422,41.349998474121094,8501500
2026-07-02,42.099998474121094,42.61000061035156,41.400001525878906,41.400001525878906,8107700
2026-07-03,42.38999938964844,42.5,41.91999816894531,42.15999984741211,6314400
2026-07-06,41.849998474121094,42.16999816894531,41.560001373291016,42.09000015258789,9305800
2026-07-07,42.959999084472656,43.290000915527344,42.08000183105469,42.119998931884766,9925400
2026-07-08,44.15999984741211,44.4900016784668,43.34000015258789,44.16999816894531,11262500
2026-07-09,43.529998779296875,44.63999938964844,43.2400016784668,44.220001220703125,10895400
2026-07-10,44.189998626708984,44.33000183105469,43.66999816894531,43.86000061035156,9670800
2026-07-13,45.709999084472656,45.970001220703125,44.7400016784668,45.029998779296875,11283300
2026-07-14,45.47999954223633,46.36000061035156,45.029998779296875,46.349998474121094,11393100
2026-07-15,45.529998779296875,45.72999954223633,44.959999084472656,45.52000045776367,8317200
2026-07-16,44.63999938964844,45.70000076293945,44.540000915527344,45.45000076293945,7938200
2026-07-17,45.810001373291016,45.97999954223633,45.029998779296875,45.029998779296875,11069200
2026-07-20,46.119998931884766,46.56999969482422,45.15999984741211,45.810001373291016,8057700
2026-07-21,46.779998779296875,46.970001220703125,46.20000076293945,46.349998474121094,6728700
2026-07-22,47.900001525878906,48.25,47.2599983215332,47.29999923706055,8272200
2026-07-23,48.70000076293945,49.060001373291016,48.279998779296875,48.810001373291016,11563900
2026-07-24,47.54999923706055,48.540000915527344,47.5,48.119998931884766,7647400
2026-07-27,46.04999923706055,46.720001220703125,46.0099983215332,46.220001220703125,6206800
2026-07-28,46.41999816894531,47.189998626708984,45.900001525878906,46.0,9858100
2026-07-29,47.5099983215332,47.939998626708984,47.209999084472656,47.52000045776367,9365700
2026-07-30,48.54999923706055,48.560001373291016,47.2599983215332,47.58000183105469,6674100
2026-07-31,49.040000915527344,49.43000030517578,48.560001373291016,48.959999084472656,7065500
2026-08-03,48.619998931884766,48.83000183105469,47.9900016784668,48.0,9073200
2026-08-04,48.150001525878906,48.650001525878906,47.209999084472656,48.560001373291016,16614700
2026-08-05,47.150001525878906,48.65999984741211,47.02000045776367,48.4900016784668,8497300
2026-08-06,47.310001373291016,47.75,47.119998931884766,47.27000045776367,6265900
2026-08-07,45.689998626708984,48.33000183105469,45.689998626708984,48.0,19561500
2026-08-10,47.209999084472656,47.470001220703125,45.810001373291016,45.810001373291016,9676300
2026-08-11,46.529998779296875,47.36000061035156,46.0099983215332,47.220001220703125,11541900
2026-08-12,46.31999969482422,46.779998779296875,45.900001525878906,46.31999969482422,19043800
2026-08-13,46.72999954223633,46.7400016784668,45.70000076293945,46.13999938964844,10459700
2026-08-14,46.83000183105469,47.27000045776367,46.52000045776367,46.599998474121094,9580800
2026-08-17,47.459999084472656,47.59000015258789,46.54999923706055,47.130001068115234,7069000
2026-08-18,47.529998779296875,48.29999923706055,47.20000076293945,47.79999923706055,7512200
2026-08-19,48.13999938964844,49.040000915527344,47.68000030517578,47.79999923706055,15386700
2026-08-20,49.40999984741211,49.97999954223633,48.459999084472656,48.70000076293945,9862500
2026-08-21,49.34000015258789,49.86000061035156,49.099998474121094,49.54999923706055,5982100
