Price,Close,High,Low,Open,Volume
Ticker,TAEE11.SA,TAEE11.SA,TAEE11.SA,TAEE11.SA,TAEE11.SA
Date,,,,,
2015-01-02,5.845369338989258,5.907388816689256,5.650006535139588,5.8918840951310605,344100
2015-01-05,5.8236613273620605,5.907387635083338,5.618995968101879,5.727530180234478,485100
2015-01-06,5.832963943481445,5.9352966234910465,5.770944477956683,5.860872909981073,634700
2015-01-07,5.84226655960083,5.938397106241008,5.8174586575173315,5.876377646765781,349000
2015-01-08,5.898087024688721,6.009722336359791,5.823663286418909,5.829864821007589,557700
2015-01-09,5.8577728271484375,5.88258073579856,5.739935408927153,5.860873889663102,596400
2015-01-12,5.792652130126953,5.8639747916096905,5.640703619872223,5.736834189325791,646500
2015-01-13,5.891881942749023,5.94769986631505,5.814357180344431,5.814357180344431,722600
2015-01-14,5.975611686706543,6.136863411599649,5.8236631506805585,5.8329657480804,1002400
2015-01-15,6.068639278411865,6.112052963042576,5.966306599305839,5.988013441621194,693800
2015-01-16,6.155466556549072,6.310516088998837,5.947700159407706,6.07794179032419,815400
2015-01-19,6.077942371368408,6.220587670954743,6.077942371368408,6.208184014735841,284800
2015-01-20,6.127558708190918,6.170972395905751,6.025226021815145,6.13065977038014,545200
2015-01-21,6.108951568603516,6.183375270200267,6.050032583039293,6.130658407635859,1562100
2015-01-22,6.0996479988098145,6.208182778582764,6.034526894359257,6.1306580203830805,1225300
2015-01-23,6.062436580657959,6.14306240981731,6.003518183226425,6.074840827359568,303900
2015-01-26,5.984912872314453,6.12135665284321,5.885681247008863,6.003519245659607,490900
2015-01-27,6.015923500061035,6.022125625124869,5.885681831056528,6.000418778868651,319700
2015-01-28,5.984912872314453,6.105851933189389,5.944600246334235,5.997317121211222,425700
2015-01-29,6.046931266784668,6.105850249866657,5.972507568323356,6.022123367297564,291600
2015-01-30,6.031426906585693,6.167870066066179,5.991113697878312,6.046931622878063,644100
2015-02-02,6.139962673187256,6.288810708393794,6.0314284484609395,6.1058521703306265,782900
2015-02-03,6.177175521850586,6.316720385655669,6.1554686744736244,6.211286619995658,543100
2015-02-04,6.1864776611328125,6.270203973754505,6.130659725073596,6.205083442663507,367600
2015-02-05,6.118255138397217,6.30431471782645,6.115154076402235,6.198880975865454,315600
2015-02-06,6.065537452697754,6.208183327971335,6.050032736272525,6.112052193440458,447100
2015-02-09,6.046931266784668,6.155466048840865,5.978709691061876,6.046931266784668,648800
2015-02-10,6.167871952056885,6.170973014556993,6.012822375854612,6.084145630422725,598400
2015-02-11,6.124456405639648,6.2298901328515655,6.105850627739609,6.108951689300785,387800
2015-02-12,6.254698276519775,6.3043140804893625,6.146163483536165,6.158567730262082,788300
2015-02-13,6.205080509185791,6.310514207127393,6.189575205684466,6.304312085726863,1102300
2015-02-18,6.282607555389404,6.468667125343628,6.257799652159979,6.270203308041157,304700
2015-02-19,6.419050693511963,6.5709991599220725,6.350828522677253,6.350828522677253,592500
2015-02-20,6.4066481590271,6.468668223361735,6.35393128178281,6.422152879377174,248800
2015-02-23,6.372535228729248,6.508978976079135,6.372535228729248,6.3818384131395804,444600
2015-02-24,6.450062274932861,6.539991315007348,6.388042797971649,6.468668650341711,655700
2015-02-25,6.574102401733398,6.57720287282959,6.388042788199962,6.412850697239939,511600
2015-02-26,6.626816749572754,6.660927241798511,6.518281967205209,6.564796704943592,503900
2015-02-27,6.462467193603516,6.611314663466023,6.366336609917388,6.583405688933394,712300
2015-03-02,6.49657678604126,6.52138469192703,6.406647757538384,6.459364631479038,573900
2015-03-03,6.465564250946045,6.56169477507739,6.465564250946045,6.496574269156224,627800
2015-03-04,6.422152519226074,6.4903747044617415,6.33222408159788,6.456263611843908,283700
2015-03-05,6.403543472290039,6.52138140953673,6.363230867316277,6.450058198480329,265700
2015-03-06,6.248497009277344,6.434556595389252,6.174073293126004,6.372536536196243,640700
2015-03-09,6.217485427856445,6.217485427856445,6.10274911589371,6.1740717521372455,428800
2015-03-10,6.1709723472595215,6.267102908499047,6.090346505376744,6.115154411227819,478300
2015-03-11,6.1709723472595215,6.226790283291224,6.130659722051698,6.174073409424297,332000
2015-03-12,6.378737926483154,6.422151608042891,6.205082608777157,6.205082608777157,552800
2015-03-13,6.279507637023926,6.313618731976021,6.177174943634816,6.313618731976021,303600
2015-03-16,6.310513973236084,6.3570286990823455,6.201979218616922,6.217483930076733,356200
2015-03-17,6.409748554229736,6.415950678311084,6.2174868479777246,6.245395814876679,653100
2015-03-18,6.527587413787842,6.580304297330793,6.279508309742918,6.279508309742918,1216800
2015-03-19,6.543092250823975,6.592708068018679,6.462466400015781,6.518284342226623,1234200
2015-03-20,6.698141574859619,6.915210619034701,6.567899911767701,6.574102036549977,2582600
2015-03-23,6.654726028442383,6.803574037599771,6.64232237270172,6.67333239925397,277100
2015-03-24,6.800473690032959,6.871796344567014,6.660928851625353,6.722948911243649,1545600
2015-03-25,6.614415645599365,6.791172087836478,6.614415645599365,6.704344693877061,377900
2015-03-26,6.667129993438721,6.6702310551093875,6.471767839922989,6.5927062877438205,468800
2015-03-27,6.605108737945557,6.7167445718549565,6.561695065410536,6.648523001947505,202100
2015-03-30,6.636119842529297,6.729149916486466,6.623716187548556,6.695038830222135,914800
2015-03-31,6.527587413787842,6.65472802854427,6.481072655712824,6.633021180873744,1153400
2015-04-01,6.527587413787842,6.592708548266659,6.4562647453083315,6.5741027633300995,1664400
2015-04-02,6.512080669403076,6.546191757417026,6.47176804931418,6.47176804931418,3749500
2015-04-06,6.502777576446533,6.753958260261498,6.450060708524918,6.558595506183192,3373000
2015-04-07,6.512080669403076,6.536888572104025,6.456262740459178,6.496575952015129,542900
2015-04-08,6.512080669403076,6.574100721888975,6.443859084842231,6.536888572104025,1092200
2015-04-09,6.499675750732422,6.536887896672384,6.419050518885328,6.453161011907715,834800
2015-04-10,6.543092250823975,6.543092250823975,6.4655674625238495,6.4655674625238495,598800
2015-04-13,6.5089802742004395,6.574101395126229,6.474869182693258,6.499677087934722,818000
2015-04-14,6.493476390838623,6.546193270194003,6.481072140888091,6.518284299272497,916200
2015-04-15,6.530688285827637,6.552395132864329,6.474870341180587,6.496577779684501,936400
2015-04-16,6.539990425109863,6.633019923626747,6.490374613705242,6.490374613705242,2453300
2015-04-17,6.530688285827637,6.539991473757886,6.4810724664674195,6.539991473757886,2954500
2015-04-20,6.512080669403076,6.555494351262972,6.496575952015129,6.496575952015129,1630000
2015-04-22,6.51518440246582,6.536891252295797,6.465568576720931,6.51518440246582,1473100
2015-04-23,6.444309234619141,6.521448640689981,6.347885896597537,6.476450551641219,746200
2015-04-24,6.572875499725342,6.572875499725342,6.444310212135382,6.4893083080097576,7239500
2015-04-27,6.489307403564453,6.556803618401664,6.447523507007916,6.52466230098386,1047700
2015-04-28,6.5182366371154785,6.524664412243236,6.48930950338364,6.5118082489428835,1081300
2015-04-29,6.524662494659424,6.650013575005266,6.453952084677027,6.518234721420775,2629900
2015-04-30,6.425025939941406,6.646800396202225,6.315745808627075,6.617873266557563,1242000
2015-05-04,6.524662494659424,6.524662494659424,6.380027481552978,6.380027481552978,880300
2015-05-05,6.396098613739014,6.582517547362039,6.3478869368277495,6.553590418606334,990500
2015-05-06,6.51501989364624,6.540732823230092,6.392883018339494,6.444308877507198,1311100
2015-05-07,6.476451873779297,6.50859319736288,6.396098871342718,6.441096969577638,426800
2015-05-08,6.476451873779297,6.505379003700046,6.373600128747637,6.453953131184216,941200
2015-05-11,6.421811580657959,6.492522612651911,6.408955419505708,6.492522612651911,292100
2015-05-12,6.392886161804199,6.505380513940203,6.380029997213031,6.4250274928494715,890100
2015-05-13,6.267533779144287,6.412169419265504,6.219322103452121,6.408955225813397,856600
2015-05-14,6.344672203063965,6.380027715876015,6.293246336998082,6.325387656550429,1109300
2015-05-15,6.399311065673828,6.460379500098597,6.302887738093301,6.363955559473504,475000
2015-05-18,6.396098613739014,6.486094193539511,6.3446727432943675,6.425025742494719,1064300
2015-05-19,6.344672203063965,6.473236868228673,6.325387656550429,6.437881968461304,609500
2015-05-20,6.235393524169922,6.373600801025904,6.216108973203569,6.3607446380632755,687300
2015-05-21,6.434666633605957,6.492520875927132,6.245033556239694,6.264318099331895,788100
2015-05-22,6.5568060874938965,6.646801687544403,6.351102559429733,6.415384605427349,1532400
2015-05-25,6.412168979644775,6.556803996805044,6.380027660372047,6.531091063995795,351400
2015-05-26,6.338242053985596,6.450736334613694,6.331814282298326,6.450736334613694,436100
2015-05-27,6.524662494659424,6.553589619889644,6.3221732310925365,6.373599095269672,1175900
2015-05-28,6.495736122131348,6.560018766323933,6.428239897469389,6.521449670244165,590900
2015-05-29,6.630728721618652,6.6307287216186515,6.453952381996629,6.453952381996629,1012100
2015-06-01,6.6082305908203125,6.7271533013243445,6.569661493877472,6.653228687979949,675900
2015-06-02,6.7303690910339355,6.810722110606301,6.608232157978802,6.707870343640855,710800
2015-06-03,6.74965238571167,6.817148615307295,6.669299381119864,6.752866579460715,1033400
2015-06-05,6.820363521575928,6.839648686084908,6.717511763040714,6.717511763040714,395400
2015-06-08,6.813935279846191,6.964998713219654,6.781793954243702,6.842862411583951,860700
2015-06-09,6.923213481903076,6.95535418546757,6.794648215466603,6.801076601397352,1272600
2015-06-10,6.79786491394043,6.997140659928893,6.775366167935007,6.939286391317892,728200
2015-06-11,6.878216743469238,6.891073517854226,6.768936613375818,6.801077936293543,498700
2015-06-12,6.778578281402588,6.900714556390127,6.778578281402588,6.833218339091801,745000
2015-06-15,6.662873268127441,6.8075089709849035,6.630731932709673,6.749654689841918,584700
2015-06-16,6.666086673736572,6.736797112847851,6.627517566237661,6.71108417016694,666100
2015-06-17,6.630728721618652,6.723938487886592,6.6307287216186515,6.704653941192934,416200
2015-06-18,6.765722751617432,6.791435688603804,6.698226521919996,6.707869103181676,250300
2015-06-19,6.820363521575928,6.820363521575928,6.701441405661401,6.788222806817302,361200
2015-06-22,6.855719089508057,6.865361671827308,6.813935792214318,6.826791955595144,287100
2015-06-23,6.794649600982666,6.984282733296001,6.637157791832476,6.878216795988945,324400
2015-06-24,6.772150039672852,6.820361712064582,6.711081594352835,6.788221005833212,775700
2015-06-25,6.8267903327941895,6.849289073146076,6.633943023564924,6.839647106163665,514000
2015-06-26,6.923213481903076,6.936069640719949,6.749650740040612,6.759293318936734,632700
2015-06-29,6.781792163848877,6.894286467236665,6.733580494695434,6.839646412050861,408000
2015-06-30,6.605014801025391,6.855716322746735,6.605014801025391,6.797862078269149,855000
2015-07-01,6.762507438659668,6.881429511867389,6.659655104015524,6.669297682807211,927200
2015-07-02,6.746438980102539,6.8525049340328845,6.669300160248182,6.7528673683516125,1476300
2015-07-03,6.7689361572265625,6.839647185489389,6.762508383511972,6.807505864737623,124700
2015-07-06,6.900716304779053,6.99071189702307,6.746438672113437,6.746438672113437,422200
2015-07-07,6.942499160766602,6.942499160766602,6.813934486372626,6.826790647289662,223200
2015-07-08,6.8717875480651855,6.90714306042089,6.807505522834881,6.891072707374482,172000
2015-07-10,6.810721397399902,6.9071447655715055,6.746438743255617,6.894288602569543,347500
2015-07-13,6.807507038116455,6.852504527098117,6.752866967333804,6.852504527098117,150500
2015-07-14,6.846076488494873,6.910359144358001,6.801078997217589,6.849290682592514,240800
2015-07-15,6.79786491394043,6.8653617650015475,6.759295810229663,6.8653617650015475,205300
2015-07-16,6.775364875793457,6.881430810337323,6.775364875793456,6.78500745640462,153000
2015-07-17,6.688582897186279,6.839646914828206,6.688582897186279,6.781792662373398,205300
2015-07-20,6.897501468658447,6.9039298560155835,6.736795462998617,6.830005240542803,244600
2015-07-21,6.823576927185059,6.87500280051032,6.740009729770318,6.87500280051032,346500
2015-07-22,6.765722751617432,6.791435688603804,6.672513584933625,6.791435688603804,359200
2015-07-23,6.5407328605651855,6.79464796502452,6.531090282024476,6.778577613834606,375200
2015-07-24,6.527877330780029,6.595374167313693,6.444310139999869,6.5535902654012546,426800
2015-07-27,6.675727367401123,6.73679520582843,6.508592980764339,6.508592980764339,482100
2015-07-28,6.524662494659424,6.730366564412622,6.479665016765595,6.678940700235486,577500
2015-07-29,6.492522716522217,6.5985886531653,6.396098747636395,6.479665942119543,474000
2015-07-30,6.605014801025391,6.662869045502977,6.408953944016963,6.408953944016963,342000
2015-07-31,6.817151069641113,6.817151069641113,6.5825203588912435,6.5825203588912435,965900
2015-08-03,6.6178741455078125,6.842862825282568,6.572876654770795,6.788222752368403,493700
2015-08-04,6.723941802978516,6.797866445955034,6.57609190398049,6.592162878352552,398700
2015-08-05,6.57930326461792,6.707868552031013,6.486094105592625,6.67894142366754,504200
2015-08-06,6.4378814697265625,6.550375159878009,6.415382118651641,6.482878945787141,168300
2015-08-07,6.354314804077148,6.498949822979013,6.354314804077148,6.498949822979013,255200
2015-08-10,6.4057416915893555,6.5053792466797,6.299675748933237,6.376814560588161,328900
2015-08-11,6.412168979644775,6.48609358484078,6.315745021826588,6.360743114026279,677000
2015-08-12,6.360744476318359,6.515022106215765,6.3607444763183585,6.492523361819661,446900
2015-08-13,6.3286027908325195,6.415383569569514,6.158254201006621,6.405741601401387,786400
2015-08-14,6.290032863616943,6.399312994774953,6.2225366365724515,6.273962508523898,356100
2015-08-17,6.251462459564209,6.318958672501388,6.245034073652681,6.261104425386879,478700
2015-08-18,6.344672203063965,6.376813522616312,6.187180411606613,6.251463050711307,680800
2015-08-19,6.293246269226074,6.386456033619637,6.212893277732869,6.363956681044013,681500
2015-08-20,6.171110153198242,6.380027813932389,6.171110153198242,6.2932464337206895,603600
2015-08-21,6.106827735900879,6.273962115803633,6.04575928688935,6.267533728950902,732600
2015-08-24,5.881838321685791,6.06504364446487,5.795057562842116,5.849697617766831,1095300
2015-08-25,5.868982791900635,6.126112129085177,5.756488476990636,5.958978366437573,1078300
2015-08-26,5.875410556793213,5.968619701766468,5.785414991780558,5.846483432790739,396300
2015-08-27,5.984692096710205,6.071472876407454,5.852912604188177,5.955764965796196,839000
2015-08-28,5.881838321685791,6.003975203538511,5.823984686804885,6.003975203538511,503900
2015-08-31,5.946121692657471,5.997547560955796,5.7532743800163955,5.852911923213813,1280000
2015-09-01,5.7050628662109375,6.016832278203546,5.7050628662109375,5.868983055932224,1635300
2015-09-02,5.721132755279541,5.804699940088122,5.714704981867092,5.743632107879472,624300
2015-09-03,5.801486492156982,5.920409204712668,5.698634747808687,5.756489007265792,769800
2015-09-04,5.643993377685547,5.7886289929035115,5.6279230262367115,5.721132168120257,745800
2015-09-08,5.560429096221924,5.7050647867374655,5.499361238488634,5.692208008449448,696400
2015-09-09,5.640780925750732,5.72113393388419,5.570070499289419,5.570070499289419,928600
2015-09-10,5.656849384307861,5.672919733583512,5.51542798111292,5.518642173576955,819400
2015-09-11,5.743632793426514,5.891482021319256,5.643994630582537,5.695420502288251,864700
2015-09-14,5.9268388748168945,5.994335116762753,5.746847670204836,5.791845777880294,810000
2015-09-15,6.084331512451172,6.155041957954672,5.8336298388651855,5.958980982180662,692700
2015-09-16,6.228964328765869,6.270748232329218,6.106828037750545,6.132540973387705,601500
2015-09-17,6.241820812225342,6.392884225423203,6.171110395779586,6.232178231918992,876500
2015-09-18,6.336182117462158,6.440662183289137,6.235073081384743,6.245184242126714,984400
2015-09-21,6.258666038513184,6.444033488175369,6.258666038513184,6.4238111638106945,505600
2015-09-22,6.326070308685303,6.403587263382586,6.235071809083044,6.268775028510041,728800
2015-09-23,6.329441547393799,6.484475477669145,6.329441547393799,6.420439416416683,922000
2015-09-24,6.2552947998046875,6.420439902626774,6.157556150019834,6.319330865906502,1544400
2015-09-25,6.019374370574951,6.3294429422949925,6.019374370574951,6.265406866930073,869800
2015-09-28,6.147447109222412,6.167668794973003,5.999153247101218,6.0530781709933255,440700
2015-09-29,6.292367458343506,6.302478617615319,6.107000704875312,6.1474440562916,649300
2015-09-30,6.427181720733643,6.521550641750947,6.2283333590856795,6.3698864191937945,961300
2015-10-01,6.3227009773254395,6.501327620105413,6.221591302175519,6.46762439505544,485100
2015-10-02,6.538402557373047,6.673214855320129,6.275518737085173,6.356406115853422,820600
2015-10-05,6.690067291259766,6.973173459395031,6.6260312039150335,6.649623277453673,1355100
2015-10-06,6.79117488861084,6.8922845797789,6.659732997211577,6.706917134055281,1159500
2015-10-07,6.831618785858154,7.1046137263169555,6.814766849511536,6.973171836991541,1058600
2015-10-08,6.899023532867432,6.976541142369502,6.777692824165421,6.777692824165421,534900
2015-10-09,7.087764739990234,7.094504873887265,6.9765444952410975,7.027099035066005,802600
2015-10-13,7.027096748352051,7.229315484682774,7.027096748352051,7.04731842913443,507700
2015-10-14,7.060801029205322,7.377609765683245,7.057430641433974,7.104614784561379,985600
2015-10-15,6.929356575012207,7.145056833307895,6.878802057993185,7.081020768904835,1132500
2015-10-16,7.060801029205322,7.060801029205322,6.80802773187581,7.00350572276387,2739900
2015-10-19,6.834989547729492,7.134946959946863,6.831619160275449,7.057429977010907,780700
2015-10-20,6.673214435577393,6.801286592698236,6.592327061896929,6.656363140457351,1217300
2015-10-21,6.605808734893799,6.8922852571026585,6.605808734893799,6.676584947114727,614100
2015-10-22,6.706914901733398,6.7439885071057155,6.639509106225611,6.639509106225611,479000
2015-10-23,6.713659286499023,6.868693278136712,6.679956049192984,6.754103299833429,459500
2015-10-26,6.690067291259766,6.787805973467816,6.561995116570302,6.7136593647984055,239200
2015-10-27,6.740622043609619,6.841731117129438,6.642882715416089,6.642882715416089,681500
2015-10-28,6.676584720611572,6.686695883229705,6.659733425750379,6.67995510815095,17000
2015-10-29,6.491216659545898,6.646250599578106,6.487846272653602,6.487846272653602,400200
2015-10-30,6.706914901733398,6.710285287934103,6.494585713772483,6.494585713772483,876600
2015-11-03,6.757471084594727,6.936097740510123,6.612548299043289,6.706916564719983,1144600
2015-11-04,6.858581066131592,6.990022952102332,6.75747137913934,6.75747137913934,854200
2015-11-05,6.888915538787842,6.976543697791462,6.808028155746603,6.861953077774095,385300
2015-11-06,6.639508247375488,6.902391908670925,6.595693875269346,6.872059079623704,702000
2015-11-09,6.437292098999023,6.7170277976551525,6.4372920989990225,6.642880567732774,750100
2015-11-10,6.555253028869629,6.582215482422983,6.393477664713906,6.440662440558975,601200
2015-11-11,6.5148115158081055,6.686697463935266,6.504700350799739,6.561995666842126,635000
2015-11-12,6.555253028869629,6.59569638778186,6.457513732966471,6.4878465735684445,486500
2015-11-13,6.622657299041748,6.673211807326633,6.555251502273716,6.561991631965705,611600
2015-11-16,6.497957229614258,6.619287939755257,6.4642540045834895,6.609177422230911,673700
2015-11-17,6.538402557373047,6.690066794335855,6.514810485586776,6.538402557373047,555200
2015-11-18,6.5316596031188965,6.703545466731963,6.51143792588075,6.548511536513626,471100
2015-11-19,6.403589248657227,6.673213801992747,6.403589248657227,6.578845529743136,928000
2015-11-23,6.447401523590088,6.595695315441454,6.410328557753868,6.440661393424272,552100
2015-11-24,6.3227009773254395,6.504697364058416,6.315960203748335,6.420439622851258,266400
2015-11-25,6.177778720855713,6.356405397212814,6.1676675585894225,6.319331778405421,738400
2015-11-26,6.235074043273926,6.292369343979599,6.150816285932386,6.221592493538156,247600
2015-11-27,6.019374370574951,6.248555572650939,6.012633595729029,6.201370791565154,685600
2015-11-30,5.938485145568848,6.080038158929424,5.786820973098419,6.05307506796982,3917800
2015-12-01,5.928375244140625,5.9991514444180725,5.793562974920054,5.972188990573958,2477300
2015-12-02,5.972187042236328,6.016001417211476,5.82389391588994,5.9283733100965765,1302400
2015-12-03,6.066557884216309,6.1811484734561315,5.992411297052261,5.992411297052261,510200
2015-12-04,6.066557884216309,6.107001886292084,5.830635931584766,6.069928271292257,876100
2015-12-07,6.069928169250488,6.150815529206633,6.002521714535904,6.113741914830052,470200
2015-12-08,5.840746879577637,6.086779341619225,5.840746879577637,6.086779341619225,398700
2015-12-09,5.796934127807617,5.921635252246905,5.796934127807617,5.857599174844311,753700
2015-12-10,5.796934127807617,5.999152236934646,5.780082190156571,5.874451112495358,721200
2015-12-11,5.729527950286865,5.8946730905372,5.702565491528357,5.813785714261672,628900
2015-12-14,5.732898712158203,5.790194021114024,5.695825087882153,5.769972336434254,376000
2015-12-15,5.635158061981201,5.823895883932002,5.631787674856835,5.780081494150861,577200
2015-12-16,5.729527950286865,5.786823255503163,5.577863717997924,5.64189979861278,644600
2015-12-17,5.682344913482666,5.850860474211467,5.658752837834369,5.74301061819877,831600
2015-12-18,5.628418445587158,5.68571374627286,5.554271207737619,5.648640127348091,548300
2015-12-21,5.549386501312256,5.621546049101849,5.429121352956072,5.587184390887477,867200
2015-12-22,5.621549129486084,5.704016761153072,5.566570708374758,5.597496152174189,703400
2015-12-23,5.71088981628418,5.752123308670532,5.604368540931258,5.635293987918295,525100
2015-12-28,5.704014778137207,5.817407814182236,5.676525577138238,5.752120716036841,372000
2015-12-29,5.704014778137207,5.762429412184297,5.618110943091148,5.745248251938536,511200
2015-12-30,5.755558013916016,5.755558013916016,5.635292491501582,5.704015834422507,652100
2016-01-04,5.549386501312256,5.724630368350847,5.549386501312256,5.714321674268301,593000
2016-01-05,5.463484287261963,5.618111466919899,5.384452908945378,5.5871860309883115,1151500
2016-01-06,5.480666160583496,5.511591930075971,5.3913260682188,5.470357789217482,1264200
2016-01-07,5.298548698425293,5.501281806408301,5.236697830851593,5.439430938834601,969700
2016-01-08,5.52533483505249,5.52533483505249,5.2779316898076685,5.301984987286545,1662800
2016-01-11,5.583748817443848,5.600929320878305,5.477227926585888,5.48410039011735,863700
2016-01-12,5.559695720672607,5.704014174492825,5.542514562245094,5.600929190110281,2777000
2016-01-13,5.583748817443848,5.652472141970065,5.501281221248904,5.583748817443848,1087900
2016-01-14,5.6249847412109375,5.7040161309017785,5.422251262293297,5.580314369372181,3857000
2016-01-15,5.3775811195373535,5.60093100845212,5.30198596409687,5.58031426704006,1034900
2016-01-18,5.36039924621582,5.442866846262928,5.308856750413543,5.394760582386892,375000
2016-01-19,5.411942005157471,5.446303672777012,5.343218997615535,5.398197403649084,1228000
2016-01-20,5.18859338760376,5.418815763612363,5.18859338760376,5.374145716119939,573200
2016-01-21,5.2916765213012695,5.343219022975211,5.171411339456375,5.171411339456375,1508600
2016-01-22,5.326037883758545,5.38445251902199,5.1989002445666745,5.32947411587925,1736800
2016-01-26,5.401634216308594,5.401634216308594,5.229826515145954,5.322602503371244,985100
2016-01-27,5.659343719482422,5.659343719482422,5.360398777382382,5.394760110548129,755600
2016-01-28,5.769300937652588,5.83458736978203,5.525333745008741,5.666215959132063,1359900
2016-01-29,5.975470542907715,5.978906774949294,5.762429399483813,5.844897002298961,2131200
2016-02-01,6.0923004150390625,6.112917809333572,5.87582301810121,5.934237657813696,719000
2016-02-02,5.848334789276123,6.071684688208282,5.77961144096111,6.051067945871547,544700
2016-02-03,5.824281215667725,5.972035285196012,5.817408750463334,5.858642230900973,544800
2016-02-04,6.08199405670166,6.092302101307733,5.862079711117694,5.865515944451216,700100
2016-02-05,6.133533000946045,6.226309285684009,6.013267519477662,6.0407567162080795,366300
2016-02-10,6.116353988647461,6.1713324013916875,6.027014559483875,6.027014559483875,323100
2016-02-11,6.078557014465332,6.119790498191472,5.9170573462537925,6.095737523452156,295800
2016-02-12,6.099173545837402,6.11291847686803,5.9823442536546,6.085428614806774,350600
2016-02-15,6.047630310058594,6.167895814014885,5.965162704447091,6.112917410273885,284300
2016-02-16,6.116353988647461,6.1232264540890835,5.947982517693968,6.030450136810309,1127500
2016-02-17,6.260674476623535,6.308781094616726,6.075122438461353,6.075122438461353,725500
2016-02-18,6.34657621383667,6.34657621383667,6.150715540336269,6.260672363677241,689700
2016-02-19,6.350012302398682,6.391246437913061,6.253800411855712,6.353448534974409,629300
2016-02-22,6.308778285980225,6.4118626329116255,6.267544153971087,6.404990168344387,546800
2016-02-23,6.387810230255127,6.398118928022522,6.195385793024222,6.308778846888156,553700
2016-02-24,6.209129333496094,6.339703534859804,6.071683323161353,6.339703534859804,548700
2016-02-25,6.315650463104248,6.3981187319271395,6.150715236247129,6.164460166182389,410400
2016-02-26,6.3981194496154785,6.453097864734878,6.257236523553313,6.353449077709464,803400
2016-02-29,6.480586528778076,6.518383776381164,6.226311216327923,6.408426955364271,1253500
2016-03-01,6.545874118804932,6.587108261546765,6.435917278685995,6.435917278685995,1531300
2016-03-02,6.219438552856445,6.545872772917566,6.212566087913434,6.501203061576646,871400
2016-03-03,6.288159370422363,6.367191383029743,6.2228729390170585,6.264106405652606,858700
2016-03-04,6.384375095367432,6.611161242087915,6.315651742557512,6.332832908457225,1032100
2016-03-07,6.253800392150879,6.504639470839477,6.0751202311421455,6.377501487515554,843800
2016-03-08,6.1678972244262695,6.336268706308831,6.130099317438242,6.216003174851453,1229400
2016-03-09,6.250362873077393,6.3053412720109305,6.123224915922202,6.212564978037755,793200
2016-03-10,6.250362873077393,6.319085544047209,6.154150347246594,6.250362873077393,1288300
2016-03-11,6.157588005065918,6.3156507747551425,6.064811689607792,6.250364320524044,1046800
2016-03-14,6.291596412658691,6.291596412658691,6.133533677863003,6.140406141652612,966800
2016-03-15,6.185076713562012,6.250363817937796,6.1369707710715975,6.2400551208065735,929500
2016-03-16,6.205694198608398,6.367193862778187,6.106046069268717,6.157588250333682,771700
2016-03-17,6.514947414398193,6.593979451404383,6.291597544219578,6.301906241758039,1776100
2016-03-18,6.504642486572266,6.789843367742564,6.504642486572266,6.556184688153471,1340600
2016-03-21,6.676445960998535,6.721115665486506,6.549308000634847,6.566489160356551,1040800
2016-03-22,6.642087936401367,6.7589172649472555,6.542439776991397,6.693630133019944,895000
2016-03-23,6.707372188568115,6.707372188568114,6.5286920386370975,6.614595881250743,1065200
2016-03-24,6.628342151641846,6.683320569605749,6.5493101023486,6.659266938276407,471100
2016-03-28,6.734862804412842,6.8310747088651675,6.66957568682416,6.679884386041671,211700
2016-03-29,6.8894877433776855,6.8894877433776855,6.6180319483037655,6.683319050569864,589400
2016-03-30,6.84481954574585,7.040680240387365,6.84481954574585,6.889489264276862,712000
2016-03-31,6.899796962738037,6.899796962738037,6.899796962738037,6.899796962738037,3300
2016-04-01,6.7417311668396,6.975388974991427,6.7417311668396,6.851687936650824,727800
2016-04-04,6.786404132843018,6.786404132843018,6.786404132843018,6.786404132843018,200
2016-04-05,6.700499534606934,6.700499534606934,6.700499534606934,6.700499534606934,200
2016-04-06,6.734862804412842,6.734862804412842,6.734862804412842,6.734862804412842,500
2016-04-07,6.710808277130127,6.934158132061116,6.63864871007576,6.755477985958608,601400
2016-04-08,6.837944030761719,7.112836651609885,6.7417321705498825,6.7417321705498825,451200
2016-04-11,6.855127811431885,6.855127811431885,6.855127811431885,6.855127811431885,100
2016-04-12,7.195306301116943,7.195306301116943,7.195306301116943,7.195306301116943,900
2016-04-13,7.092220783233643,7.092220783233642,7.092220783233642,7.092220783233642,1300
2016-04-14,7.112838268280029,7.250284282247012,7.064731671845866,7.205613918086311,632900
2016-04-15,7.215925216674805,7.425530873171131,7.095659665317985,7.184999770457493,859000
2016-04-18,7.112838268280029,7.322443193806819,7.0922208746392625,7.219358847180155,526000
2016-04-19,7.359947681427002,7.532699338452392,7.154804316448528,7.162002473771436,763800
2016-04-20,7.1620001792907715,7.392336334652862,7.086421610975445,7.266371367673473,840600
2016-04-22,7.197990417480469,7.464315980552783,7.090020835799805,7.090020835799805,542000
2016-04-25,7.097216606140137,7.251973472915085,7.06842467881831,7.205186848437254,442800
2016-04-26,7.2123870849609375,7.269970956235948,7.097218655957024,7.162000682754884,313900
2016-04-27,7.269970893859863,7.36354416903848,7.215985414355578,7.215985414355578,306200
2016-04-28,7.287967205047607,7.295165362097858,7.126012103687156,7.273570890947105,279500
2016-04-29,7.0396342277526855,7.262772226130568,7.0396342277526855,7.233980292770889,1075100
2016-05-02,7.097216606140137,7.205186848437254,7.057628135106185,7.111612913027897,426000
2016-05-03,7.17639684677124,7.338351223993891,7.018040860782397,7.018040860782397,672400
2016-05-04,7.115215301513672,7.266373161922828,7.028839479344728,7.111616223116547,290300
2016-05-05,7.108015537261963,7.273568987366161,7.079223603050195,7.197990417480469,376600
2016-05-06,6.8884782791137695,7.1152154166226325,6.8884782791137695,7.1152154166226325,958200
2016-05-09,6.910074234008789,7.028841102728276,6.866885969722533,6.877683207407641,484100
2016-05-10,7.018039226531982,7.032435533930346,6.946059062447603,6.97485099079061,440900
2016-05-11,7.0612287521362305,7.172797409038733,6.985649497396324,7.082822530724556,390200
2016-05-12,7.1655988693237305,7.345548616291085,7.1224113144656975,7.158400714696122,468600
2016-05-13,6.949661731719971,7.212388985919462,6.946062653009942,7.212388985919462,517400
2016-05-16,6.902873992919922,7.04323460820794,6.902873992919922,6.989249808978238,406900
2016-05-17,6.910074234008789,6.95686089106924,6.758916338688153,6.863286890494164,362000
2016-05-18,7.043236255645752,7.16200311631267,6.838093558716905,6.910073765495576,959500
2016-05-19,6.83809232711792,7.043234987098817,6.805701308546831,7.039635908762696,701100
2016-05-20,6.9964447021484375,7.072023248529685,6.852485075860125,6.852485075860125,427900
2016-05-23,6.902873992919922,6.98205165269322,6.8164981768616055,6.892076758492395,450600
2016-05-24,6.8884782791137695,7.007245122324213,6.881280808657095,6.964057553768066,783600
2016-05-25,6.822607040405273,7.031158151901258,6.796538240258466,6.982744767388835,361200
2016-05-27,6.87101936340332,6.930605379893816,6.796536487629526,6.796536487629526,365600
2016-05-30,6.8151535987854,6.926877859124133,6.803981669976232,6.818877811828792,118700
2016-05-31,7.019983291625977,7.124258448791065,6.811432266974566,6.811432266974566,1077900
2016-06-01,6.777917385101318,7.064674876451995,6.740675940284425,7.064674876451995,889800
2016-06-02,6.617778778076172,6.818881416480774,6.617778778076172,6.774192256978143,535700
2016-06-03,6.777917385101318,6.777917385101318,6.658744619622964,6.658744619622964,524200
2016-06-06,6.539569854736328,6.796534936143465,6.539569854736328,6.796534936143465,632600
2016-06-07,6.714605331420898,6.718329545930504,6.532123082377947,6.58426066486985,536600
2016-06-08,6.852397918701172,6.967845730617579,6.718329744009034,6.722053248307133,1155900
2016-06-09,6.658742427825928,6.893362955719438,6.658742427825928,6.8598457374489366,855900
2016-06-10,6.595433712005615,6.736951045986888,6.584261776911214,6.655020443901851,598000
2016-06-13,6.725778579711914,6.807709894300596,6.576813521807165,6.614054963863709,495300
2016-06-14,6.710882186889648,6.844950379004753,6.610330510062269,6.75557134748755,434700
2016-06-15,6.8151535987854,6.852395018898311,6.703430048767675,6.736947255837195,509200
2016-06-16,6.848674774169922,6.878467785458959,6.751847309900198,6.792812966793155,381000
2016-06-17,6.789091110229492,6.871022452479652,6.75557387209473,6.848677153508699,483700
2016-06-20,6.889639377593994,6.997639470953751,6.789087713497941,6.897087806857697,288700
2016-06-21,6.960397243499756,6.960397243499756,6.803983798354102,6.863569805045662,366300
2016-06-22,6.945501804351807,7.031156617664259,6.904536860340541,6.964122879194541,463700
2016-06-23,7.1130852699279785,7.1540501986407765,6.964120278424374,7.027430488603544,456900
2016-06-24,6.979018688201904,7.072121926908421,6.859846656308978,6.938053035868209,403300
2016-06-27,6.889639377593994,7.0237082630554,6.830053364126995,6.982742612426346,483300
2016-06-28,6.993915557861328,7.072121937538106,6.915708467863209,6.949225690673639,418100
2016-06-29,7.083293914794922,7.157776072664385,7.001362617720856,7.072121271469929,333500
2016-06-30,7.150328159332275,7.332810400075488,7.008810855688965,7.008810855688965,795700
2016-07-01,7.3179144859313965,7.418466155113803,7.127983792027298,7.239708105670422,1002600
2016-07-04,7.429638862609863,7.645638351766892,7.310466118315164,7.321638762870672,547200
2016-07-05,7.5562567710876465,7.6307389119736735,7.355153499021038,7.418463709450773,1014400
2016-07-06,7.373775482177734,7.589774945909208,7.355155120431732,7.556258436830657,1002600
2016-07-07,7.2992939949035645,7.507845048951857,7.299293994903565,7.4184660257883035,793300
2016-07-08,7.429638862609863,7.489224879596536,7.33281140742618,7.411017788350682,971600
2016-07-11,7.6717071533203125,7.772258823459531,7.429638870272135,7.429638870272135,1279900
2016-07-12,7.653084754943848,7.798326267900884,7.6083956050503225,7.716394975894035,1736100
2016-07-13,7.746190071105957,7.891431623285171,7.656811036861052,7.723845490125086,1740300
2016-07-14,7.526463508605957,7.876531793521932,7.526463508605957,7.876531793521932,887800
2016-07-15,7.515293598175049,7.634465630958101,7.492949019608563,7.545086606370812,1732500
2016-07-18,7.675431728363037,7.7312935331769275,7.541362828552592,7.541362828552592,498500
2016-07-19,7.92867374420166,8.070190382962885,7.623294463141628,7.705225784291032,1236500
2016-07-20,8.118602752685547,8.193085633482124,7.932396261015499,7.98453456170166,2303900
2016-07-21,7.991981506347656,8.282463860893506,7.906326698964596,8.193084838799704,917700
2016-07-22,7.969635486602783,8.107428564686485,7.910049482653399,8.059014492526861,1255300
2016-07-25,8.040397644042969,8.144673551654073,7.977087398407926,8.029224997052724,1250900
2016-07-26,8.315979957580566,8.342048746706578,8.04411871337897,8.07018750250498,1137400
2016-07-27,8.688395500183105,8.688395500183105,8.315982489956104,8.315982489956104,2248100
2016-07-28,8.870878219604492,8.934188462822284,8.647430260581608,8.699568567557218,1863900
2016-07-29,9.64549732208252,9.764669377872279,8.855982097314625,8.88205089572845,1433200
2016-08-01,9.26935863494873,9.69763412050552,9.12411780334124,9.693909905551305,1283700
2016-08-02,8.829909324645996,9.157633067247817,8.625082518260772,9.071978272600994,1910600
2016-08-03,8.740532875061035,8.822464189861503,8.565499020360683,8.729360939640191,2148800
2016-08-04,8.014325141906738,8.848529886408086,7.95101492552256,8.826185313072841,3473900
2016-08-05,8.267565727233887,8.457495659628016,8.006876442647146,8.118600015857945,1476800
2016-08-08,8.744257926940918,9.135292041476617,8.256397047993728,8.349500307122966,1160900
2016-08-09,8.937910079956055,8.937910079956055,8.662324604395963,8.744255191079901,833100
2016-08-10,8.997496604919434,9.306599317783421,8.900669154943552,8.923013732531428,1012800
2016-08-11,8.937910079956055,9.109219682201001,8.792669268459576,9.109219682201001,482400
2016-08-12,8.695843696594238,9.001222243101891,8.688395266113215,8.92673935893452,682100
2016-08-15,8.59528923034668,8.770323027994003,8.502186010472768,8.69584087828759,799100
2016-08-16,8.747980117797852,8.885773221957946,8.572946286862738,8.599015079733784,742800
2016-08-17,8.844807624816895,9.083151687193343,8.565497910348993,8.785221609222782,1144700
2016-08-18,9.160188674926758,9.16782234020593,8.789964644723568,8.923550147177139,518500
2016-08-19,8.984615325927734,9.217436204544654,8.980798494739116,9.15636836149896,539300
2016-08-22,8.789960861206055,8.984614874120478,8.675458115263766,8.984614874120478,663100
2016-08-23,8.62584400177002,8.870115453236979,8.591493237909184,8.870115453236979,1019000
2016-08-24,8.56859016418457,8.679275356374204,8.431187153755676,8.675458525197167,652900
2016-08-25,8.709809303283691,8.728893459224706,8.538056267731246,8.572406292452845,553600
2016-08-26,8.54187297821045,8.866296372411155,8.503706119587207,8.625841814348375,815500
2016-08-29,8.721261978149414,8.763245675748086,8.553325003795836,8.610576029965877,233400
2016-08-30,8.633475303649902,8.74416050180654,8.633475303649902,8.65637556396056,242900
2016-08-31,8.85484790802002,8.881565004179189,8.492256873895156,8.694544603078727,804400
2016-09-01,8.435004234313965,8.534239663892498,8.087680594782165,8.534239663892498,1113500
2016-09-02,8.68309497833252,8.732712343609,8.454090130009998,8.454090130009998,518900
2016-09-05,8.49988842010498,8.805227625826156,8.492254757965428,8.740342953612144,181500
2016-09-06,8.881567001342773,8.927367539918547,8.457908015591459,8.541876154971337,785800
2016-09-08,8.664008140563965,9.015148575913361,8.62965739041128,8.912096325455309,910700
2016-09-09,8.396835327148438,8.713624994462325,8.396835327148438,8.671640584871056,841300
2016-09-12,8.583856582641602,8.583856582641602,8.316684957672479,8.400653057865158,604200
2016-09-13,8.400654792785645,8.652559873373733,8.247985157275629,8.583858355397664,758500
2016-09-14,8.47317123413086,8.576222759897151,8.377752642431124,8.415919496722154,465300
2016-09-15,8.587674140930176,8.675459079654118,8.457904784561672,8.457904784561672,624300
2016-09-16,8.622023582458496,8.698358743278586,8.484620584176753,8.595306494567279,1092300
2016-09-19,8.694544792175293,8.812863675447607,8.557141748384032,8.557141748384032,521400
2016-09-20,8.549507141113281,8.816679535017467,8.408288008781856,8.705993600175782,1422700
2016-09-21,8.47317123413086,8.629657666279536,8.442637313906387,8.553322501725317,714900
2016-09-22,8.415921211242676,8.698360940841239,8.415921211242676,8.587675002486906,372500
2016-09-23,8.320501327514648,8.50370558615017,8.30141789940013,8.454087508274633,734300
2016-09-26,8.225083351135254,8.354852710459628,8.209816753089772,8.339586112414148,339600
2016-09-27,8.328134536743164,8.385385545957275,8.091496837861886,8.255616203479383,828200
2016-09-28,8.209816932678223,8.396837312739997,8.194549606312597,8.328135800067061,743900
2016-09-29,8.144932746887207,8.347220465615653,8.144932746887207,8.255617957823963,446000
2016-09-30,8.007530212402344,8.129665926423971,7.938828691268609,8.129665926423971,999900
2016-10-03,7.976997375488281,8.072416006123277,7.938829777637007,8.007531308172025,400200
2016-10-04,7.984631061553955,8.015164994317615,7.919746363432882,8.015164994317615,447300
2016-10-05,7.942644119262695,8.068596643080424,7.938827287875958,7.973178042370443,522900
2016-10-06,7.961727142333984,8.015161318166225,7.946459818961317,7.957910311490818,887600
2016-10-07,7.9808149337768555,8.118218007341111,7.935014394579734,8.01516570216792,1033300
2016-10-10,8.110580444335938,8.141114365124581,7.992261592278202,7.992261592278202,748200
2016-10-11,8.125849723815918,8.16401658799516,8.053331371500068,8.110582395755204,565800
2016-10-13,8.167834281921387,8.366305199736694,8.095315921953034,8.144934015400034,792100
2016-10-14,8.034249305725098,8.26325419042699,8.034249305725098,8.206003151248131,747200
2016-10-17,8.015164375305176,8.091499565312136,7.86631155557656,8.080049068415194,961500
2016-10-18,7.831962585449219,8.011349376641345,7.831962585449219,8.011349376641345,1520600
2016-10-19,7.976997375488281,8.12585093430961,7.873945079685756,7.961730773139599,6294600
2016-10-20,8.167834281921387,8.194551380860688,7.858678135930923,7.980813861359929,6414300
2016-10-21,8.19073486328125,8.225085628376839,8.099133065688472,8.19073486328125,2600400
2016-10-24,8.129664421081543,8.274701100615985,8.018979223739501,8.232716683700309,2176800
2016-10-25,8.10676383972168,8.137297761363365,8.022795737203573,8.10676383972168,3139600
2016-10-26,8.05333137512207,8.156383655619424,8.05333137512207,8.129665831501159,2127200
2016-10-27,8.122032165527344,8.129665100888893,8.05714748304385,8.083864576774783,2294300
2016-10-28,7.919744968414307,8.278519161181034,7.877760545264702,8.129665628189823,3832400
2016-10-31,7.919744968414307,7.976995991263425,7.736541404102629,7.92737863225719,3306700
2016-11-01,7.824329853057861,8.003716665662557,7.797612745647223,7.946465617213107,3553700
2016-11-03,7.828143119812012,7.9426451645383365,7.801426024574952,7.824326287922967,1768900
2016-11-04,7.893027305603027,7.923561230793541,7.82432579192782,7.881576810661759,1992600
2016-11-07,7.976997375488281,7.999897643004494,7.843411147002013,7.927380007872091,1032600
2016-11-08,7.976997375488281,7.999897643004494,7.889212410020817,7.961730773139599,1329900
2016-11-09,7.747990608215332,7.927378055541407,7.747990608215332,7.847226046994689,1031400
2016-11-10,7.446469783782959,7.8281442941071315,7.3854019203700005,7.812876964260714,2538700
2016-11-11,7.122045993804932,7.4808202216990445,6.999910272305572,7.446469459029059,3090100
2016-11-14,7.118226051330566,7.320513706669427,7.0724255397731675,7.129676543212918,1626900
2016-11-16,7.091512680053711,7.1563973787404125,6.870141483590796,7.041895311875121,6462000
2016-11-17,7.2136454582214355,7.305247219800485,7.0915097761160375,7.137311020898606,1833500
2016-11-18,7.1945624351501465,7.2785305393192585,7.175478278757532,7.255630279634251,2769900
2016-11-21,7.3586835861206055,7.381583849060535,7.244180815448488,7.297615732956636,1509500
2016-11-22,7.198381423950195,7.538071501704275,7.183114094260132,7.4655531416491705,4154000
2016-11-23,7.25562858581543,7.2823456705418845,7.198377585975033,7.2823456705418845,1968200
2016-11-24,7.435637474060059,7.4592175097675515,7.294155760623464,7.309876284159006,930700
2016-11-25,7.435637474060059,7.478868164186978,7.34917684340204,7.415987569236452,1546500
2016-11-28,7.357036113739014,7.482798049101935,7.32952594805193,7.435637229641364,1414000
2016-11-29,7.211623668670654,7.451355602893208,7.2076935386544605,7.368825121340112,1800900
2016-11-30,7.290224552154541,7.427776114375434,7.160533250539575,7.235204227104467,13762100
2016-12-01,7.113375186920166,7.388477639146077,7.0426343207604996,7.349177824253747,1657700
2016-12-02,7.30987548828125,7.388475848613721,7.054423005408173,7.148743887564582,1965200
2016-12-05,7.3688249588012695,7.451355438533938,7.337384668960876,7.345244928819884,1383000
2016-12-06,7.270575523376465,7.3963367097914325,7.231274965222838,7.349176639683719,1778300
2016-12-07,7.23127555847168,7.368827148496113,7.172325091202883,7.286296644238969,1789400
2016-12-08,7.451356887817383,7.537818263891866,7.211624912255055,7.27450550416607,3019700
2016-12-09,7.604628086090088,7.643928638780136,7.404195942006967,7.427775973782718,2850300
2016-12-12,7.702879905700684,7.781480269777725,7.494587479184766,7.604628888407552,7658000
2016-12-13,7.663579940795898,7.753970703784338,7.624279380923933,7.7421810605398305,3081800
2016-12-14,7.663579940795898,7.698950369721085,7.584978821051967,7.6675100717426785,2096400
2016-12-15,7.65571928024292,7.738250526635948,7.592838687560514,7.706810230294745,3259400
2016-12-16,7.742177486419678,7.871868749409051,7.655716144696439,7.69108655729313,3636900
2016-12-19,7.867941856384277,8.021213207613908,7.805061263592849,7.805061263592849,2509300
2016-12-20,7.84043025970459,7.938681261707927,7.785409188857674,7.911170351486641,1662500
2016-12-21,7.993700981140137,7.993700981140137,7.993700981140137,7.993700981140137,1278000
2016-12-22,8.115534782409668,8.119464913490628,7.938683381341615,8.017283754173242,825900
2016-12-23,8.056586265563965,8.158767449615326,7.9661954776094674,8.131257274985352,884300
2016-12-26,7.930823802947998,8.084095180340679,7.836502897660508,8.072305535677195,296300
2016-12-27,7.9779839515686035,8.00156474029661,7.840433098634882,7.9583340438911945,453300
2016-12-28,8.076231956481934,8.09195247639747,7.907240864963801,7.981911085775657,991600
2016-12-29,8.150903701782227,8.194134386064173,8.03300278958965,8.076232724275878,819100
2017-01-02,8.41028881072998,8.41028881072998,8.095885784936613,8.139115732485736,572300
2017-01-03,8.426007270812988,8.445657174008561,8.276665307981903,8.422077140254721,1292700
2017-01-04,8.351335525512695,8.429936630296972,8.280594681125983,8.414216109501842,1173400
2017-01-05,8.390637397766113,8.433867337561487,8.233435913065192,8.335616315923936,1069600
2017-01-06,8.31989574432373,8.414216626098344,8.31989574432373,8.355266168688678,574100
2017-01-09,8.170553207397461,8.355264810480415,8.06837208135297,8.35133468067921,1170600
2017-01-10,8.3984956741333,8.3984956741333,8.115532318963737,8.209853187488381,2158300
2017-01-11,8.276664733886719,8.555697987402942,8.276664733886719,8.398496523955066,1361300
2017-01-12,8.481026649475098,8.500676550469679,8.339544963607947,8.484956779593148,1966000
2017-01-13,8.622509956359863,8.650020122762415,8.410287387661647,8.484958374751296,1846800
2017-01-16,8.60678768157959,8.701108554165083,8.418145936408605,8.661808752784541,1055100
2017-01-17,8.626442909240723,8.646092820357657,8.555702029866064,8.646092820357657,986600
2017-01-18,8.685391426086426,8.724691989019934,8.606790300219407,8.626440956484107,819400
2017-01-19,8.559629440307617,8.76006161827248,8.532118524057056,8.685390630498318,878700
2017-01-20,8.64609146118164,8.708972066386195,8.547840421850031,8.547840421850031,1044100
2017-01-23,8.528186798095703,8.646087694085901,8.46923560050499,8.646087694085901,2210200
2017-01-24,8.55176830291748,8.638228924922043,8.512467747607863,8.539977911445872,1904500
2017-01-26,8.587138175964355,8.638228369867004,8.575347785250347,8.583208045726353,1594000
2017-01-27,8.650019645690918,8.71683036738196,8.559628889754737,8.606788958245017,1364600
2017-01-30,8.508538246154785,8.661810348234148,8.390637321105245,8.650019955890874,988200
2017-01-31,8.433866500854492,8.547838034453152,8.355266141099719,8.5085374797779,1001500
2017-02-01,8.547837257385254,8.575347418278314,8.429936353673378,8.488886805529317,1509600
2017-02-02,8.618578910827637,8.681459498673146,8.457447310774054,8.539977801222884,1052400
2017-02-03,8.634299278259277,8.697179870439916,8.618579505012011,8.685390227903413,707000
2017-02-06,8.52425765991211,8.626438798134991,8.457446944520061,8.626438798134991,1061800
2017-02-07,8.469236373901367,8.579277769911132,8.449586472640476,8.543907347964982,748100
2017-02-08,8.363127708435059,8.516399071057169,8.237365763908672,8.469238248160293,1149500
2017-02-09,8.37884521484375,8.42600602497416,8.292384604132922,8.335614534690512,1408600
2017-02-10,8.37098503112793,8.426006101713785,8.268804649173457,8.37098503112793,1474000
2017-02-13,8.591069221496582,8.64608955149911,8.343476237293654,8.37098640229492,1680200
2017-02-14,8.429939270019531,8.681461684736991,8.410288612872277,8.642161120038407,1402100
2017-02-15,8.465307235717773,8.532117201756082,8.429936812758841,8.449586714582379,1371700
2017-02-16,8.579277992248535,8.630368186608296,8.44958669161685,8.465307212709517,1282800
2017-02-17,8.673599243164062,8.826870582432926,8.53604767606844,8.579278361337398,1696200
2017-02-20,8.697179794311523,8.803291073785957,8.697179794311523,8.763990516618117,740200
2017-02-21,8.665738105773926,8.771849368194585,8.58713775366636,8.76398910810513,982000
2017-02-22,8.720762252807617,8.803292764070225,8.677531556662867,8.69325208238675,1140700
2017-02-23,8.665738105773926,8.79542939886729,8.539976942725291,8.760059727656063,1287600
2017-02-24,8.650019645690918,8.705039975461503,8.543908367194128,8.606788958245017,674400
2017-03-01,8.968350410461426,8.968350410461426,8.65001740695549,8.65001740695549,1679500
2017-03-02,8.87796401977539,9.098046139126787,8.87796401977539,8.984075322704006,2221100
2017-03-03,8.988006591796875,9.039096809156808,8.862244615226194,8.866174747268655,1037600
2017-03-06,9.035163879394531,9.145205293721267,8.897612298885065,8.999793451560787,1294200
2017-03-07,9.094112396240234,9.137343076472648,8.999791525402317,8.999791525402317,900100
2017-03-08,8.850452423095703,9.133415102401896,8.791501958606391,9.133415102401896,2702400
2017-03-09,8.685391426086426,8.913333791585712,8.657881256911736,8.763991802357554,3612800
2017-03-10,9.01158332824707,9.01158332824707,8.693250245559419,8.693250245559419,1276000
2017-03-13,8.92512035369873,8.956561392864934,8.826869355091237,8.905470453815484,467000
2017-03-14,8.740411758422852,8.932983692109088,8.70111119551638,8.932983692109088,1102500
2017-03-15,8.8229398727417,8.881890321305226,8.681458196512738,8.79935909363979,1330100
2017-03-16,8.488887786865234,8.842591288485504,8.484957656341084,8.76792030771815,1823400
2017-03-17,8.484956741333008,8.575347484853578,8.481026611232679,8.496747131633997,1952400
2017-03-20,8.528186798095703,8.630367174836213,8.41028515250989,8.484956119754676,689500
2017-03-21,8.60678768157959,8.685388783531998,8.382775515489588,8.583207650832133,1136100
2017-03-22,8.591069221496582,8.693250369783975,8.543908403211718,8.614649255841126,1446800
2017-03-23,8.50460433959961,8.579275292097215,8.465304548428154,8.567484904988499,1347100
2017-03-24,8.630370140075684,8.64609066472666,8.473168641545284,8.473168641545284,715500
2017-03-27,8.665738105773926,8.665738105773926,8.539976942725291,8.61464791438379,618500
2017-03-28,8.815080642700195,8.819010773009579,8.669668819635861,8.669668819635861,688600
2017-03-29,8.940842628479004,9.019443742633614,8.803291053506326,8.830801218581705,927600
2017-03-30,8.960491180419922,8.991931471419457,8.90154072849525,8.940841279643587,731900
2017-03-31,9.019445419311523,9.16485653305437,8.925123764953671,8.952634684738998,1247000
2017-04-03,9.098044395446777,9.20808580883053,9.007653636022159,9.039093932760974,1255900
2017-04-04,9.105905532836914,9.160925870022748,9.039094802141598,9.141275963769486,837100
2017-04-05,9.031231880187988,9.137343141736922,9.01158197972144,9.12162262168716,2214200
2017-04-06,8.881893157958984,9.054815178621823,8.783642129108987,9.054815178621823,1010300
2017-04-07,8.830801010131836,8.968352581857628,8.767920420130748,8.82294149857852,979200
2017-04-10,8.93298053741455,8.995861116020187,8.779709220762765,8.858310318817622,1097900
2017-04-11,9.05481243133545,9.105902621014188,8.866169943485902,8.93298065281695,1247600
2017-04-12,9.113764762878418,9.310266801537141,8.968352924448814,9.04695403975062,2890700
2017-04-13,8.995861053466797,9.204153437146857,8.984071413557487,9.204153437146857,1338000
2017-04-17,9.046951293945312,9.156991922454885,9.046951293945312,9.109831867263802,803900
2017-04-18,9.160924911499023,9.219875373686595,9.070534152838363,9.153065399577597,891600
2017-04-19,9.294546127319336,9.31419678062276,9.15699455257847,9.274896223611687,1384700
2017-04-20,9.219871520996094,9.373143558151233,9.219871520996094,9.294542475015495,1224600
2017-04-24,8.885824203491211,9.353498609235846,8.84259350647773,9.219877136281395,2217500
2017-04-25,9.098044395446777,9.109834787822258,8.89368209184658,8.92905251937722,2349500
2017-04-26,9.05874252319336,9.176644181059647,8.984072297766641,9.125553237772214,1210700
2017-04-27,9.15699291229248,9.168783302162531,9.039092011974548,9.098042462133513,1094700
2017-04-28,9.043024063110352,9.263106140271287,9.043024063110352,9.188435154421828,1286400
2017-05-02,9.212016105651855,9.310267128430919,9.086254916429983,9.117695213735452,2074200
2017-05-03,9.062674522399902,9.263106707471362,9.062674522399902,9.251317063970355,1579400
2017-05-04,8.960491180419922,9.1530638060872,8.858310796868182,9.121622765491999,1751900
2017-05-05,9.043757438659668,9.043757438659668,8.878960142220441,9.043757438659668,1621200
2017-05-08,9.244733810424805,9.301005857856186,9.031702711843062,9.108072466677898,1823500
2017-05-09,9.48590087890625,9.606484056046293,9.248753299434908,9.272869781533087,3810900
2017-05-10,9.562270164489746,9.646678231019596,9.337180453778599,9.489919955093242,1941600
2017-05-11,9.61854362487793,9.646679651196713,9.49795966924844,9.562271572240366,1671500
2017-05-12,9.646675109863281,9.76725824207703,9.610500016869386,9.642655569902976,971300
2017-05-15,9.638640403747559,9.723049247919162,9.481882107406417,9.666776429588358,948600
2017-05-16,9.807454109191895,10.012446073070345,9.70294835701961,9.727065599816335,3123900
2017-05-17,9.71903133392334,9.903925687072244,9.670797591082698,9.819517595412787,2589800
2017-05-18,9.164344787597656,9.244734086312214,8.686030836858471,8.686030836858471,5010700
2017-05-19,9.405512809753418,9.598446225000332,9.301007018165695,9.325124270058492,2088100
2017-05-22,9.204540252685547,9.449726945509783,9.204540252685547,9.40551275063348,2684400
2017-05-23,9.314398765563965,9.417206700690194,9.244489338303637,9.285612669226587,1737500
2017-05-24,9.330850601196289,9.458332251045407,9.326738188702771,9.384310394887054,2136200
2017-05-25,9.265053749084473,9.458332433840274,9.223930407717015,9.396647813970338,1622800
2017-05-26,9.503569602966309,9.598152753142179,9.293841236687674,9.293841236687674,3006000
2017-05-29,9.503569602966309,9.503569602966309,9.503569602966309,9.503569602966309,0
2017-05-30,9.643387794494629,9.680398726039687,9.462445549647962,9.548803867011394,3555400
2017-05-31,9.334961891174316,9.80376587798758,9.334961891174316,9.688620695102573,23092600
2017-06-01,9.211589813232422,9.524125995627303,9.199253364371419,9.413093249705001,1994400
2017-06-02,9.186922073364258,9.310291347944354,8.952519981044446,9.297954891103975,1684500
2017-06-05,9.026538848876953,9.18691900921133,8.964853447798387,9.18691900921133,2067200
2017-06-06,9.211589813232422,9.281499232772886,8.907278452986352,9.026536021057463,3504400
2017-06-07,9.203369140625,9.277391004614254,9.075887477289378,9.277391004614254,1713600
2017-06-08,9.047101020812988,9.174582679212026,9.01009009025157,9.174582679212026,2528100
2017-06-09,8.985413551330566,9.108782757875694,8.857931933318962,9.092333896372079,2754000
2017-06-12,9.075886726379395,9.20748079175592,8.985416002523658,9.005977281102803,1776200
2017-06-13,8.985413551330566,9.170467361148258,8.94017780956162,9.092333896372079,1097300
2017-06-14,8.95662784576416,9.067659822748718,8.899054867086711,9.04709854888255,2023200
2017-06-15,8.95662784576416,8.95662784576416,8.95662784576416,8.95662784576416,0
2017-06-16,8.96485424041748,9.075887030940812,8.931955722969368,8.948405373874687,2502800
2017-06-19,8.866157531738281,8.997751584368082,8.866157531738281,8.993639956540521,1719100
2017-06-20,8.833258628845215,8.952516224005675,8.825033804828136,8.870269552559675,1361800
2017-06-21,8.85793399810791,8.997752098748327,8.820923070644648,8.845596760832667,2039600
2017-06-22,8.878493309020996,9.071771944008043,8.862043662964757,8.907279405257121,1529700
2017-06-23,8.882607460021973,8.919618386534092,8.788024329763202,8.882607460021973,1099800
2017-06-26,9.059438705444336,9.08822481188528,8.886721282436106,8.886721282436106,1543000
2017-06-27,8.940181732177734,9.178696211348525,8.940181732177734,9.084113059206905,2076700
2017-06-28,8.84148120880127,9.038872228936883,8.84148120880127,8.977187633189779,1717800
2017-06-29,9.010089874267578,9.026539524950572,8.841484876579482,8.903169497915673,5383600
2017-06-30,9.06355094909668,9.240379997410859,9.005977952927765,9.005977952927765,1997500
2017-07-03,9.162245750427246,9.228042782601454,9.104672759002943,9.104672759002943,1012400
2017-07-04,9.306178092956543,9.408986073933963,9.199258482979156,9.211594938704351,2037500
2017-07-05,9.129348754882812,9.363750819089681,9.129348754882812,9.334964710764293,1843300
2017-07-06,8.923731803894043,9.297952739119031,8.923731803894043,9.158133841962163,2811500
2017-07-07,9.09644889831543,9.347299794309208,8.98952852282525,8.98952852282525,3926000
2017-07-10,9.44188117980957,9.528240260449069,9.269164587255302,9.269164587255302,4317000
2017-07-11,9.425434112548828,9.520017250596332,9.25271670272349,9.470669867424814,1764900
2017-07-12,9.43776798248291,9.520013853205334,9.43776798248291,9.458329254072957,2874600
2017-07-13,9.589925765991211,9.651610381148027,9.454219298901238,9.458331711160017,1948500
2017-07-14,9.388423919677734,9.626938382022473,9.388423919677734,9.569366169017302,1948400
2017-07-17,9.306178092956543,9.470671490010535,9.285616810506118,9.429548140747038,1964400
2017-07-18,9.293839454650879,9.367861309069232,9.281502217460332,9.330850381860055,2078000
2017-07-19,9.26093864440918,9.376083025531246,9.232152549128664,9.326735657725294,2561400
2017-07-20,9.293839454650879,9.347299247084987,9.28561462985718,9.310288319875811,1020300
2017-07-21,9.36785888671875,9.388420159023775,9.27327499477375,9.35140924138492,3284700
2017-07-24,9.454221725463867,9.454221725463867,9.33907650575167,9.396649507789087,1558200
2017-07-25,9.618711471557617,9.618711471557617,9.39664670926023,9.462443733967783,1622800
2017-07-26,9.520015716552734,9.75441770975248,9.520015716552734,9.618711251354606,1998400
2017-07-27,9.63927173614502,9.63927173614502,9.52823898350126,9.573474723695886,956000
2017-07-28,9.557026863098145,9.651609988111106,9.54880203891552,9.626936299925639,793700
2017-07-31,9.548805236816406,9.618714697056623,9.445997253190363,9.55703006375353,1199800
2017-08-01,9.725631713867188,9.766755049897128,9.524128230119112,9.57347639022752,873200
2017-08-02,9.540578842163086,9.762643624180193,9.540578842163086,9.692734181175044,1386000
2017-08-03,9.622822761535645,9.721518287088148,9.548800921280689,9.58169942979819,611100
2017-08-04,9.766756057739258,9.820215851041079,9.655723274309544,9.65983568677314,1065800
2017-08-07,9.9353609085083,9.9353609085083,9.709183716699002,9.80376684895653,1091500
2017-08-08,9.766756057739258,9.947698284325185,9.758531232812063,9.947698284325185,1520100
2017-08-09,9.803767204284668,9.824328482698931,9.705071656043714,9.762643863093647,867000
2017-08-10,9.622822761535645,9.659833681663123,9.392533201913137,9.552913332890666,1259100
2017-08-11,9.528244018554688,9.668062939984809,9.466559384832616,9.663950526488314,1190200
2017-08-14,9.429544448852539,9.700957349619209,9.429544448852539,9.606374232398593,882400
2017-08-15,9.487117767333984,9.618711821537175,9.450106841544033,9.478892942855676,946300
2017-08-16,9.417208671569824,9.557027555352462,9.343186817289315,9.503567763017907,1363900
2017-08-17,9.4183988571167,9.439143911802185,9.318820378781659,9.434994742590467,1285900
2017-08-18,9.4183988571167,9.509678205655192,9.352013732475411,9.46818730491111,1302000
2017-08-21,9.335418701171875,9.497232372086081,9.281481074658224,9.497232372086081,833800
2017-08-22,9.501379013061523,9.509677350738944,9.36445960687623,9.4764847914023,1123900
2017-08-23,9.547019958496094,9.60095757562261,9.44329310209093,9.497230719217447,1109300
2017-08-24,9.4183988571167,9.584361668719918,9.4183988571167,9.547019937187555,1258300
2017-08-25,9.45988655090332,9.497228272900465,9.422544828906176,9.443290669667315,767500
2017-08-28,9.501379013061523,9.522124857255076,9.439143063226943,9.464037284886167,790900
2017-08-29,9.4183988571167,9.51797654407863,9.36031127952574,9.501379867231755,711000
2017-08-30,9.252432823181152,9.45988648102264,9.210942724711176,9.45988648102264,1107800
2017-08-31,9.335418701171875,9.372760439286424,9.23169182671441,9.29392779311424,1519000
2017-09-01,9.688089370727539,9.688089370727539,9.289777796731483,9.34786537939387,3895200
2017-09-04,9.522124290466309,9.654894519909963,9.464036721554967,9.621701962549048,1030600
2017-09-05,9.571914672851562,9.646598139909274,9.47648614999922,9.576063842285118,1189800
2017-09-06,9.45158863067627,9.617551393310949,9.45158863067627,9.584358840784013,1976400
2017-09-07,9.45158863067627,9.45158863067627,9.45158863067627,9.45158863067627,0
2017-09-08,9.542868614196777,9.54701778247205,9.472334336263014,9.48063267281356,1342700
2017-09-11,9.62585163116455,9.675640074105731,9.542869837765204,9.576062396850336,1031600
2017-09-12,9.559468269348145,9.679791021373667,9.488933969411397,9.646598456190091,1004400
2017-09-13,9.547019958496094,9.667342700412068,9.509678226880386,9.580212520890822,820600
2017-09-14,9.547019958496094,9.646597645680279,9.501379888438427,9.547019958496094,827100
2017-09-15,9.679790496826172,9.679790496826172,9.534572735252429,9.584361976016305,1390000
2017-09-18,9.667338371276855,9.820854398214586,9.646593325834916,9.688084208091553,953300
2017-09-19,9.405952453613281,9.69223883184318,9.3354181514805,9.69223883184318,1802300
2017-09-20,9.4183988571167,9.513827374866912,9.343715394051973,9.4183988571167,915200
2017-09-21,9.281476974487305,9.434992237698669,9.127960919903042,9.418396356630934,988000
2017-09-22,9.306373596191406,9.38935460571504,9.227540964476816,9.293926088644964,688600
2017-09-25,9.181900024414062,9.422546274553925,9.127962412905571,9.356161156678999,1143300
2017-09-26,9.003490447998047,9.25658341125535,9.003490447998047,9.252434242497293,1693400
2017-09-27,9.003490447998047,9.136260682763785,8.879017759375403,9.069875565380915,2576000
2017-09-28,9.044979095458984,9.09476832116035,8.924656386354433,9.040830718742358,953200
2017-09-29,9.231691360473633,9.335418229692438,9.094771924759739,9.094771924759739,1847200
2017-10-02,9.269033432006836,9.293927659935392,9.148709879501213,9.264884262123203,1143800
2017-10-03,9.273176193237305,9.35200878379897,9.17774772598369,9.256579525172663,1740200
2017-10-04,9.215091705322266,9.352011888187974,9.215091705322266,9.277328439851388,1216000
2017-10-05,9.509676933288574,9.59265872367402,9.235838132938806,9.285626574071673,2296000
2017-10-06,9.45988655090332,9.501377441052693,9.381054730129708,9.501377441052693,1571200
2017-10-09,9.31467342376709,9.501381318575579,9.256585837303204,9.459890411493728,1188700
2017-10-10,9.273176193237305,9.443288084036427,9.264877859204985,9.410095539279833,1399700
2017-10-11,9.339564323425293,9.41009860291843,9.273179212299159,9.327116818324289,1954500
2017-10-12,9.339564323425293,9.339564323425293,9.339564323425293,9.339564323425293,0
2017-10-13,9.32297134399414,9.501381697601937,9.26903371659733,9.36031308272011,2042900
2017-10-16,9.08647346496582,9.331268936390375,9.044982559553096,9.306374709692019,2569800
2017-10-17,9.15285587310791,9.177750883770493,8.978594755334642,9.123812485374525,4348600
2017-10-18,9.14870834350586,9.190199244002953,8.982745532890592,9.190199244002953,2556200
2017-10-19,9.003490447998047,9.12796234524767,8.970297889306613,9.12796234524767,1411600
2017-10-20,9.003490447998047,9.094769786556236,8.945402876758271,9.082322280282064,3271100
2017-10-23,8.93295669555664,9.061577769248787,8.920509188538793,9.061577769248787,790300
2017-10-24,8.870720863342285,8.995193572191617,8.800186565739608,8.95370266924184,1569200
2017-10-25,8.816783905029297,8.941255831845131,8.750398771877757,8.903914095525739,1501800
2017-10-26,8.592730522155762,8.866570091132903,8.580283808592895,8.83752591294936,2494800
2017-10-27,8.588586807250977,8.742102161258684,8.542946722418398,8.646673612402719,1863900
2017-10-30,8.505600929260254,8.60932776986099,8.459960866156575,8.588582718290038,1366700
2017-10-31,8.505600929260254,8.588582718290038,8.472408371922938,8.547091823775146,2095600
2017-11-01,8.443365097045898,8.617626223260226,8.439215928401152,8.547091939045545,1516200
2017-11-02,8.443365097045898,8.443365097045898,8.443365097045898,8.443365097045898,0
2017-11-03,8.57613468170166,8.638370623935394,8.464109510857174,8.464109510857174,2394300
2017-11-06,8.601033210754395,8.696461756095287,8.381132718566544,8.61762989239977,2106500
2017-11-07,8.418471336364746,8.617626693952353,8.36453293240995,8.559539121126186,1358700
2017-11-08,8.39772891998291,8.509754151119825,8.385281408287685,8.422623151999991,1955900
2017-11-09,8.410173416137695,8.571987053289092,8.281551548858966,8.323042448259423,2401700
2017-11-10,8.46410846710205,8.538791905122087,8.281549039872276,8.439214251552986,1598400
2017-11-13,8.435066223144531,8.601029001511348,8.360382775036227,8.406022835851958,2654000
2017-11-14,8.211018562316895,8.538795026201635,8.148781813636342,8.435068166898226,2099900
2017-11-15,8.211018562316895,8.211018562316895,8.211018562316895,8.211018562316895,0
2017-11-16,8.46410846710205,8.547090240762724,8.206866393225082,8.240058944414784,2015000
2017-11-17,8.57693099975586,8.686244924498027,8.45079997993415,8.513865489845005,2115400
2017-11-20,8.57693099975586,8.57693099975586,8.57693099975586,8.57693099975586,0
2017-11-21,8.64840316772461,8.829191502998162,8.597951093926236,8.614768184551943,1537400
2017-11-22,8.682040214538574,8.79135413631297,8.560113672277307,8.665223119915598,1740200
2017-11-23,8.703063011169434,8.875442449579209,8.585340135361166,8.606361705149096,2193900
2017-11-24,8.892257690429688,8.976345555886763,8.652608316374737,8.703061196033245,40190600
2017-11-27,9.073046684265137,9.081455631792386,8.858623333848547,8.89646279579979,2778900
2017-11-28,9.207590103149414,9.249634054691438,9.056233000288476,9.07725457509865,2319300
2017-11-29,9.123502731323242,9.232815879399203,9.073049830585248,9.207589829991031,2297600
2017-11-30,8.946915626525879,9.15293002820597,8.812374872643746,9.123499513954725,4628300
2017-12-01,8.837603569030762,8.951121978032074,8.774538053559434,8.883851186018248,911600
2017-12-04,8.883852005004883,9.018392799514073,8.841808858762473,8.841808858762473,993100
2017-12-05,8.883852005004883,9.009983849496946,8.83760438375391,8.976348851350052,1256300
2017-12-06,8.749309539794922,8.892258442001165,8.623178532870066,8.833397412359082,2653700
2017-12-07,8.618975639343262,8.745106669394307,8.5517056497265,8.745106669394307,1918500
2017-12-08,8.7409029006958,8.799763940483428,8.64420159000274,8.736698426150753,1986200
2017-12-11,8.669427871704102,8.824989410114872,8.61897498237645,8.74510600281337,1554100
2017-12-12,8.967937469482422,8.967937469482422,8.618974157616746,8.618974157616746,2363800
2017-12-13,8.787151336669922,9.039414219457713,8.719881341516057,8.955326324554584,2086300
2017-12-14,8.812376022338867,8.871237860442061,8.707266570916381,8.799763401397913,2383800
2017-12-15,8.745107650756836,8.917487118734137,8.711472652173986,8.829195548174768,1778800
2017-12-18,8.728290557861328,8.867035027342176,8.631590037115625,8.854421602145147,1352600
2017-12-19,8.56227970123291,8.78805073125913,8.528201009200643,8.753972039226865,1519100
2017-12-20,8.732673645019531,8.75823246233418,8.63469750156325,8.638957439865719,1489100
2017-12-21,8.758234977722168,8.817873318584839,8.69433750983395,8.796573620955176,609700
2017-12-22,8.856209754943848,8.881768573230069,8.741193853905573,8.856209754943848,776100
2017-12-25,8.856209754943848,8.856209754943848,8.856209754943848,8.856209754943848,0
2017-12-26,8.988263130187988,9.005302068764147,8.873247247923722,8.911585875345144,898100
2017-12-27,8.971223831176758,9.052161027867125,8.90306644843753,8.996783459079037,794300
2017-12-28,9.090499877929688,9.090499877929688,8.941405294880209,8.988263801338645,1498900
2017-12-29,9.090499877929688,9.090499877929688,9.090499877929688,9.090499877929688,0
2018-01-02,9.141619682312012,9.171439256008068,8.996785815432697,9.086242099019948,638700
2018-01-03,9.154397964477539,9.175697656402903,9.022343124540964,9.035122127196011,1001900
2018-01-04,9.009560585021973,9.171434944705538,9.001040710828116,9.167175007608611,1604100
2018-01-05,9.052162170410156,9.081980927559712,8.992524656111046,9.009563597696422,647000
2018-01-08,9.009560585021973,9.073458016476044,8.941403216470972,9.073458016476044,1939800
2018-01-09,8.843430519104004,9.009564067602268,8.834910641616853,9.009564067602268,2093200
2018-01-10,8.724153518676758,8.839169412050458,8.711374516635322,8.839169412050458,1476300
2018-01-11,8.660252571105957,8.75822867216254,8.630433828393066,8.741189738826517,1150200
2018-01-12,8.660252571105957,8.724149992990693,8.604875022139131,8.634693764852022,1025800
2018-01-15,8.753971099853516,8.809349476275958,8.694333598321673,8.741192099525277,580200
2018-01-16,8.70285415649414,8.796570353755673,8.668775465444485,8.73267290960008,773700
2018-01-17,8.732673645019531,8.779532153846514,8.685815136192549,8.753972524031713,1254700
2018-01-18,8.668776512145996,8.74971371784913,8.56654042665265,8.732673964016813,1096100
2018-01-19,8.660252571105957,8.702851123195716,8.587835276303307,8.702851123195716,3835300
2018-01-22,8.70711612701416,8.71563519239019,8.630438851127986,8.677297366947375,641400
2018-01-23,8.655997276306152,8.707115728725388,8.613398701373496,8.707115728725388,756000
2018-01-24,8.766753196716309,8.766753196716309,8.60913871410396,8.690075924769772,1146600
2018-01-25,8.766753196716309,8.766753196716309,8.766753196716309,8.766753196716309,0
2018-01-26,8.715633392333984,8.843429096583813,8.655995884517461,8.834909220467138,1935800
2018-01-29,8.715633392333984,8.783791588767292,8.673035636750814,8.707114328717415,814200
2018-01-30,8.668776512145996,8.728414025558735,8.57080036511073,8.715634210184499,961500
2018-01-31,8.583580017089844,8.711375742995795,8.583580017089844,8.694335987874904,2316100
2018-02-01,8.643216133117676,8.673034884439417,8.583577817974158,8.604877506418285,839500
2018-02-02,8.630437850952148,8.630437850952148,8.523941827340943,8.60487903278551,917000
2018-02-05,8.536721229553223,8.630437433295771,8.536721229553223,8.570799922959617,814100
2018-02-06,8.57931900024414,8.600618691468766,8.455784041141891,8.523941428060404,1165200
2018-02-07,8.58784008026123,8.604879835628935,8.536722439158629,8.575060263735452,769800
2018-02-08,8.425966262817383,8.664517144689292,8.362067994235414,8.592099811129932,2381500
2018-02-09,8.370585441589355,8.489861254147625,8.306688004058138,8.434482879120571,1690800
2018-02-14,8.685815811157227,8.711375442958238,8.455784812449641,8.455784812449641,2337700
2018-02-15,8.77527141571045,8.77527141571045,8.660255529527575,8.711373971997768,1517100
2018-02-16,8.79656982421875,8.79656982421875,8.664515005913296,8.732672383909662,1027000
2018-02-19,8.70285415649414,8.796570353755673,8.690074342662989,8.788050477868238,483500
2018-02-20,8.851949691772461,8.941405960764062,8.681555405597685,8.69007528240646,1277800
2018-02-21,8.945667266845703,8.945667266845703,8.826391410787654,8.890289684122504,1978400
2018-02-22,8.924365043640137,8.984002543096446,8.868986669145,8.903065356334318,870900
2018-02-23,8.949923515319824,8.966962452016075,8.839167583044334,8.941403640721719,2427800
2018-02-26,9.116055488586426,9.2140315926402,8.954181960693226,8.966960957961216,2042000
2018-02-27,9.022342681884766,9.16291739169458,8.97974411262419,9.120318822434003,1560300
2018-02-28,8.732673645019531,9.094760275727689,8.690075074495015,9.035121951993306,6490200
2018-03-01,8.71137523651123,8.873248838247049,8.651736909555764,8.677296540751048,2088900
2018-03-02,8.860469818115234,8.860469818115234,8.655997625197253,8.690076324016918,1204300
2018-03-05,8.762489318847656,8.915843793800708,8.719890763305157,8.873245238258209,834700
2018-03-06,8.71137523651123,8.822130388356676,8.71137523651123,8.775272689499047,731700
2018-03-07,8.71137523651123,8.79231163112904,8.660256786620858,8.707115297978683,1247100
2018-03-08,8.71137523651123,8.762492873901406,8.6730366022185,8.73267411667377,933100
2018-03-09,8.817870140075684,8.873247708950514,8.715633253306608,8.758231820710375,919800
2018-03-12,8.898808479309082,8.966965877128086,8.779533439375959,8.779533439375959,1345900
2018-03-13,8.817870140075684,8.945665029786888,8.809350264094912,8.851948831498678,799300
2018-03-14,8.77527141571045,8.886027363979133,8.660255529527575,8.830648983594752,1463600
2018-03-15,8.77527141571045,8.817869982352263,8.711373971997768,8.76675153988207,1129400
2018-03-16,8.860469818115234,8.860469818115234,8.715635145006598,8.771013538401219,3109500
2018-03-19,8.826388359069824,8.839168171818242,8.753971045162155,8.788049733324586,1486400
2018-03-20,8.681553840637207,8.847688158459771,8.668774840227798,8.82638847027738,2777100
2018-03-21,8.604878425598145,8.719893505482283,8.575058858591017,8.702854565406906,1948200
2018-03-22,8.651734352111816,8.741191409851503,8.600616729831959,8.65599428938513,1071000
2018-03-23,8.894546508789062,8.9328851378679,8.660255608862899,8.660255608862899,1603800
2018-03-26,8.945667266845703,8.945667266845703,8.894548810677882,8.915848505956264,1299200
2018-03-27,9.064939498901367,9.154395745806658,8.903065129501359,8.903065129501359,1350400
2018-03-28,9.086238861083984,9.158656174967447,8.971222983886715,8.975482921468096,1397200
2018-03-29,9.256631851196289,9.256631851196289,9.094758293484379,9.11179723048038,709700
2018-04-02,9.162917137145996,9.316271657223787,9.111798692953364,9.24385433524262,801100
2018-04-03,9.20977783203125,9.273675293082517,9.137360492839736,9.2182968976712,1560800
2018-04-04,9.337570190429688,9.337570190429688,9.133098046204967,9.171436674809613,1120100
2018-04-05,9.252375602722168,9.414250037473002,9.158659380629786,9.371651459249083,1150100
2018-04-06,9.04790210723877,9.32479160731313,9.009563473574607,9.282193847686447,1752000
2018-04-09,8.732673645019531,9.11605915473987,8.732673645019531,9.05642164350564,1800500
2018-04-10,8.79656982421875,8.822128637842377,8.655995130538741,8.788049948844195,1973700
2018-04-11,8.860469818115234,8.937147093584546,8.779533416231203,8.796572359390899,1095400
2018-04-12,8.847687721252441,8.95844365682782,8.800829222066708,8.903065282790138,1656900
2018-04-13,8.732673645019531,8.88176823560526,8.694335012797483,8.817870786068564,774300
2018-04-16,8.732673645019531,8.830649788475812,8.647476503970498,8.762492400636647,1567900
2018-04-17,8.873247146606445,8.881767022047269,8.698593762569788,8.719892638671803,790600
2018-04-18,8.877507209777832,8.979743279012311,8.779531078323963,8.881767147558442,921000
2018-04-19,8.80083179473877,8.856210184964743,8.72415452365679,8.856210184964743,1517100
2018-04-20,9.005304336547852,9.099021366067436,8.7113758689644,8.766753448907581,2262900
2018-04-23,8.932884216308594,8.984002653973452,8.805089340896455,8.915845278753643,1473500
2018-04-24,8.941404342651367,9.154396349324816,8.924365404617506,8.992522781753006,1360200
2018-04-25,9.013822555541992,9.060681061679059,8.911586479652115,8.941405233557482,1312700
2018-04-26,8.91158676147461,9.090500103064926,8.91158676147461,9.052161471831278,1569900
2018-04-27,9.073460578918457,9.154397781617773,8.988264250419313,8.988264250419313,1877400
2018-04-30,9.069201469421387,9.158657736381317,9.022342960537525,9.094760286767059,1211400
2018-05-02,9.043642044067383,9.06068179768323,8.847689752486165,9.022343164547745,1813900
2018-05-03,8.948917388916016,9.07520421772932,8.948917388916016,9.014238620698878,1355100
2018-05-04,8.79650592803955,8.957629575305148,8.79650592803955,8.948919964481547,1891500
2018-05-07,8.931502342224121,9.018595966174264,8.831344300914035,8.85747230503965,1651400
2018-05-08,8.840055465698242,9.031662819008144,8.840055465698242,8.953277954899798,1410700
2018-05-09,8.752957344055176,8.89666257793186,8.705055322564922,8.89666257793186,1520600
2018-05-10,8.966338157653809,9.04907778979904,8.80521369827563,8.883598525508575,2604300
2018-05-11,8.883598327636719,9.027303564164884,8.731183481477977,9.027303564164884,2195000
2018-05-14,8.88795280456543,8.927145215863085,8.722474380659598,8.927145215863085,2088800
2018-05-15,8.58383846282959,8.764550679179974,8.412162072722678,8.764550679179974,5060500
2018-05-16,8.651604652404785,8.760031972391403,8.583837685126117,8.674194215966835,2992900
2018-05-17,8.574800491333008,8.660639095763175,8.461855276657799,8.638050397509575,2056800
2018-05-18,8.493480682373047,8.565765558347854,8.385053368410837,8.565765558347854,1929600
2018-05-21,8.47992992401123,8.615463884878984,8.43023373623123,8.583839351456769,2237200
2018-05-22,8.787139892578125,8.845871037398977,8.479928706244353,8.556731502827796,2419300
2018-05-23,8.538660049438477,8.764550531496129,8.507035519823013,8.764550531496129,2506000
2018-05-24,8.466375350952148,8.57932059447345,8.33535931655343,8.529624411578853,2932300
2018-05-25,8.461853981018066,8.561246306204065,8.348908783636501,8.507032232311387,3975800
2018-05-28,8.172717094421387,8.43474999941047,8.109468039952768,8.43474999941047,2823900
2018-05-29,8.366983413696289,8.366983413696289,8.1862712057587,8.22693069855385,5227500
2018-05-30,8.692266464233398,8.750998477649992,8.33535991707857,8.371502363141134,32674400
2018-06-01,8.940746307373047,9.01303119765861,8.619981352739984,8.674195451306087,3222000
2018-06-04,8.909116744995117,9.035615674653512,8.760029120831472,9.013026980148263,2305100
2018-06-05,8.841353416442871,8.994959014682562,8.683229905113329,8.900085424907124,2121400
2018-06-06,8.755514144897461,8.841352763861247,8.556731153839086,8.841352763861247,2170500
2018-06-07,8.638051986694336,8.80521045261259,8.394089864495248,8.619980335403843,3849900
2018-06-08,8.561251640319824,8.651607337499405,8.357949813683751,8.642571509270244,2449800
2018-06-11,8.624497413635254,8.719370988618158,8.49799845195437,8.583837063870101,1822200
2018-06-12,8.511554718017578,8.674196165401332,8.41668025314241,8.674196165401332,1819000
2018-06-13,8.601911544799805,8.660642701734812,8.493483335266932,8.561251181650968,1644200
2018-06-14,8.606427192687988,8.633534671500154,8.516071515092229,8.601910141256448,1859400
2018-06-15,8.58835506439209,8.674193677188725,8.538658889346088,8.538658889346088,2356700
2018-06-18,8.58835506439209,8.58835506439209,8.493480626731875,8.57480132709672,1086200
2018-06-19,8.538660049438477,8.60642702171501,8.497999693731794,8.556731701620915,2576700
2018-06-20,8.66064167022705,8.74196238683919,8.543178508643281,8.588356780283787,1483400
2018-06-21,8.434752464294434,8.660642995355662,8.385056271715687,8.619982630828321,1920400
2018-06-22,8.430233001708984,8.493482063042554,8.290181139454436,8.470893358767375,2500300
2018-06-25,8.516073226928711,8.547697763529342,8.407645874996263,8.407645874996263,1214600
2018-06-26,8.511554718017578,8.55673299359128,8.448305649236756,8.520590545473105,782700
2018-06-27,8.398608207702637,8.53866006556584,8.281145053406343,8.53866006556584,1291200
2018-06-28,8.389572143554688,8.488964504518128,8.31276934722102,8.407643795258506,1013900
2018-06-29,8.448304176330566,8.493481582323952,8.326323112059345,8.421196698689995,1858200
2018-07-02,8.511554718017578,8.520590545473105,8.403127373663054,8.448305649236756,820000
2018-07-03,8.592875480651855,8.719373618786783,8.529625549880453,8.534143463628691,1243300
2018-07-04,8.913636207580566,8.958814466157422,8.597390120949788,8.683227864371844,1044100
2018-07-05,8.8910493850708,8.96333426936375,8.737443790522333,8.9497805304199,1291600
2018-07-06,8.918155670166016,8.931709408606679,8.791656696497762,8.868459490920673,712900
2018-07-10,8.945263862609863,8.990442137007673,8.854908175518155,8.967853430660725,1131700
2018-07-11,8.79617691040039,8.972372109406836,8.79617691040039,8.922675917160918,1169200
2018-07-12,8.746480941772461,8.895568645929767,8.705820580483747,8.832318716311812,1648900
2018-07-13,8.841353416442871,8.913638302472865,8.683229905113329,8.79617514724817,836000
2018-07-16,9.031100273132324,9.035618185629582,8.841352256765955,8.900084257526618,1144800
2018-07-17,9.062725067138672,9.112421244375675,8.999476013712469,9.035618453056545,1002700
2018-07-18,9.049172401428223,9.089832754349013,8.994958310299255,9.044654488692164,579700
2018-07-19,8.967851638793945,9.008511991457237,8.85038849351152,8.994958253334893,785100
2018-07-20,8.918155670166016,9.098867874189406,8.877495316547781,9.044654643834269,1323400
2018-07-23,8.832317352294922,8.940745540122355,8.809728649158084,8.940745540122355,620000
2018-07-24,8.945263862609863,9.058209117752432,8.877496881865104,8.877496881865104,1211500
2018-07-25,9.157601356506348,9.193743803142079,8.967853296242785,8.967853296242785,1512700
2018-07-26,9.085312843322754,9.306685348476906,9.022062940633313,9.08983075506511,1145300
2018-07-27,9.085312843322754,9.202775963513366,9.008510067109798,9.094347805103911,1022400
2018-07-30,9.080798149108887,9.162118865877934,9.013031172369299,9.144047212505319,320800
2018-07-31,9.130494117736816,9.157601599711453,9.040138429599796,9.040138429599796,832300
2018-08-01,9.13952922821045,9.162118794750851,9.094350956833498,9.13952922821045,833600
2018-08-02,9.089836120605469,9.162121027744337,9.07176446296872,9.139531455698402,1021200
2018-08-03,9.198259353637695,9.2163301414612,9.067242479676667,9.089832041585643,690200
2018-08-06,9.180191993713379,9.275066474655459,9.135013710488773,9.256994816683983,842100
2018-08-07,9.080798149108887,9.401562241138066,9.013031172369299,9.351866917771094,1610900
2018-08-08,9.157601356506348,9.284099488879457,9.12597682341307,9.130493875251625,2501200
2018-08-09,9.107905387878418,9.23892229864294,9.040138406522663,9.171154455583267,1147200
2018-08-10,8.976982116699219,9.18058402408279,8.889062970826176,9.120428493847236,2369800
2018-08-13,9.064899444580078,9.157445988263792,8.916825680757537,9.023253588181332,1267600
2018-08-14,9.393441200256348,9.43971448787422,9.111175822707478,9.13893944224238,2078100
2018-08-15,9.509122848510742,9.518377681452936,9.245366287784348,9.365676468264526,2387800
2018-08-16,9.638687133789062,9.805270583806399,9.481358516014774,9.532259210762156,4979900
2018-08-17,9.439715385437012,9.583161796361228,9.347169683991234,9.573907844029396,1262700
2018-08-20,9.324031829833984,9.439714609069119,9.222231301839308,9.439714609069119,1400400
2018-08-21,9.138937950134277,9.337912436592013,9.11580175139755,9.300893989059603,1007700
2018-08-22,9.337912559509277,9.37955842385511,9.064901174393004,9.09266478976042,1223900
2018-08-23,9.208348274230957,9.379559161403352,9.143566205749803,9.370304328023332,1038500
2018-08-24,9.069528579711914,9.30552151652208,9.069528579711914,9.30552151652208,1630700
2018-08-27,9.222230911254883,9.222230911254883,9.09266588626669,9.111175553803372,1100500
2018-08-28,9.19909381866455,9.32865884353768,9.148193998162931,9.175957616853772,1082800
2018-08-29,9.259247779846191,9.300893642090232,9.125055360928865,9.245365531568385,1463300
2018-08-30,9.129683494567871,9.296266956636643,9.09266504550697,9.259248507575743,931600
2018-08-31,9.300895690917969,9.41657847094782,9.143567039470206,9.194467745112002,2823500
2018-09-03,9.236113548278809,9.476733963777647,9.171331468178986,9.277759423368593,855600
2018-09-04,9.106549263000488,9.249995673789705,9.09266701063135,9.236113421420567,1769800
2018-09-05,9.162076950073242,9.19909540892363,9.088040032372463,9.106549703092497,723100
2018-09-06,9.138937950134277,9.208347428933871,9.00011899253509,9.199092596403418,1448900
2018-09-10,9.175955772399902,9.314774720539708,9.101918882380092,9.2083468014599,1852400
2018-09-11,8.981612205505371,9.148195714075262,8.949221163858935,9.12968604308319,1358300
2018-09-12,9.046393394470215,9.111176353948325,8.958475113718558,9.06490306363242,1942300
2018-09-13,8.949219703674316,9.092666100098924,8.838164343611115,9.060275063737517,1413000
2018-09-14,8.953845977783203,9.060273907268769,8.893690447142191,8.893690447142191,1162000
2018-09-17,9.000120162963867,9.092665852535378,8.93996462628234,8.95384687688335,671700
2018-09-18,8.944594383239746,9.069532023566548,8.89832108505318,9.046394933178387,1917200
2018-09-19,8.976982116699219,9.04639159708765,8.907572636310787,8.967727283956913,1598400
2018-09-20,9.069528579711914,9.273130484867837,8.976982018480289,8.976982018480289,1741000
2018-09-21,9.21760368347168,9.319404209243308,9.069529870498567,9.069529870498567,1862800
2018-09-24,9.064899444580078,9.259246480244476,8.976980316339475,9.129681495605126,1151900
2018-09-25,8.976982116699219,9.101919710952053,8.967727283956913,8.986236949441524,924300
2018-09-26,9.162076950073242,9.226859915003681,8.981612073501305,8.981612073501305,1924200
2018-09-27,9.171329498291016,9.254621230580554,9.125056215620221,9.148193298250348,1173600
2018-09-28,9.254618644714355,9.277754838290457,9.037135424295684,9.1296810811893,1708900
2018-10-01,9.129683494567871,9.277757290811472,9.125056078111578,9.25462109111945,826000
2018-10-02,9.416577339172363,9.462850622140646,9.19446664003196,9.231485089888693,3762200
2018-10-03,9.712727546691895,9.78676446629036,9.523007829897113,9.523007829897113,2079700
2018-10-04,9.925581932067871,9.994991416941806,9.573906208438514,9.592414992529804,4093700
2018-10-05,9.88856029510498,10.087533852275174,9.805268587057867,9.99498819645887,729700
2018-10-08,9.994991302490234,10.226356837813668,9.758998350549595,10.180083554231087,3021300
2018-10-09,10.018126487731934,10.138436659818408,9.92558081253499,10.041263568473209,2650300
2018-10-10,9.80989933013916,10.02275520505599,9.796017079892172,9.994991587151512,1147300
2018-10-11,9.80989933013916,10.096792107860932,9.749743794991709,9.902445017350587,2863800
2018-10-15,10.138436317443848,10.217100624128923,9.939461842735168,9.948716674719144,3102200
2018-10-16,10.180085182189941,10.286513133636783,10.082912065457506,10.101420852296707,2957300
2018-10-17,10.189338684082031,10.360548690955271,9.957973142023436,10.156947649408147,2129800
2018-10-18,10.226356506347656,10.416076168556346,10.12455510924776,10.180083224264926,2131700
2018-10-19,10.180085182189941,10.360550046172813,10.156948977993537,10.360550046172813,4539000
2018-10-22,10.180085182189941,10.309650220422801,10.101420852296707,10.268004346797582,2021200
2018-10-23,10.16619873046875,10.226354248672582,10.069025653878446,10.175453561359994,2258700
2018-10-24,10.133810997009277,10.249493772962785,10.10141996095662,10.166202033061934,1819800
2018-10-25,10.193965911865234,10.374430748896966,10.129182961128869,10.193965911865234,3683600
2018-10-26,10.374433517456055,10.38831577115912,10.129185664240223,10.263378135600693,4445900
2018-10-29,10.305021286010742,10.517877157568824,10.27263025186838,10.439212839256166,2576700
2018-10-30,10.342044830322266,10.587291856807726,10.272635311177133,10.37906329937233,4045500
2018-10-31,10.300395011901855,10.545642827395799,10.230985519241933,10.411450376675646,2213400
2018-11-01,10.388314247131348,10.591915309368492,10.22635817471439,10.31890387138866,3779400
2018-11-05,10.64281177520752,10.698339877156563,10.291136149768214,10.411446301833443,4258000
2018-11-06,10.638188362121582,10.795517013813175,10.5410152503889,10.568778870514013,4982600
2018-11-07,10.670578002929688,10.938961982588458,10.573404903913845,10.781633351486132,2555600
2018-11-08,10.40219497680664,10.758498137704805,10.40219497680664,10.689088648818165,1952000
2018-11-09,10.573405265808105,10.633559917364037,10.40219437930517,10.425331462664747,2383300
2018-11-12,10.688779830932617,10.746092726294183,10.521619117289651,10.598035703800026,1727100
2018-11-13,10.6505708694458,10.746092052069422,10.559826748006623,10.746092052069422,1269300
2018-11-14,10.736541748046875,10.80340695269982,10.669677454351609,10.698333450084197,2001400
2018-11-16,10.889374732971191,10.965791327444434,10.746093846073279,10.841615044643662,2111300
2018-11-19,10.865495681762695,10.927583827694225,10.803407535831166,10.894151679042038,1320300
2018-11-21,10.741315841674805,10.841613173963541,10.660123110186783,10.81773242296265,1544100
2018-11-22,10.865495681762695,10.903703981787727,10.69833402754403,10.746094630314753,1590600
2018-11-23,10.6505708694458,10.894149065274275,10.617138728814787,10.865493074870194,884000
2018-11-26,10.492961883544922,10.760420838862396,10.421321449818203,10.722212546810978,1914500
2018-11-27,10.803407669067383,10.884600421491626,10.488188051276168,10.531172503204163,2195600
2018-11-28,10.817732810974121,10.889373244631393,10.75086852768834,10.7986291204457,1140200
2018-11-29,10.817732810974121,10.898925545374373,10.69833178455949,10.817732810974121,1053100
2018-11-30,10.736541748046875,10.82251064620232,10.65057284989143,10.82251064620232,1343200
2018-12-03,10.755645751953125,10.956239532796216,10.722213606972215,10.7460934502564,1569500
2018-12-04,10.85116195678711,11.032651976967118,10.779521542908595,10.779521542908595,1902800
2018-12-05,10.989668846130371,11.128173541214641,10.851163240088706,10.865491688941862,2113000
2018-12-06,10.922804832458496,10.984892957046627,10.79385152259382,10.87504424610594,2168500
2018-12-07,10.602815628051758,10.956242694192431,10.588487171372229,10.884602232710574,2247200
2018-12-10,10.6314697265625,10.846391072519822,10.593261426550683,10.655349572460738,1447800
2018-12-11,10.913252830505371,10.965788657063701,10.746091229193102,10.746091229193102,1776700
2018-12-12,11.25713062286377,11.366979368034597,10.956240383709396,10.980120228848202,3483500
2018-12-13,11.323993682861328,11.577124204128044,11.252353244301345,11.271457847094727,2280200
2018-12-14,11.51981258392334,11.60100532646145,11.300114199602366,11.338322495446322,1890800
2018-12-17,11.271459579467773,11.54846998584388,11.271459579467773,11.519813988207106,1297600
2018-12-18,11.076775550842285,11.39256157061383,11.042768053730837,11.39256157061383,1576600
2018-12-19,10.921313285827637,11.18365845011589,10.921313285827637,11.081635021792161,1828200
2018-12-20,11.003901481628418,11.13507404177254,10.93102814598215,10.93102814598215,1739100
2018-12-21,11.358553886413574,11.411994772002368,11.062202158979467,11.1010680048709,1900900
2018-12-26,11.309969902038574,11.382843231972274,11.154505624442775,11.295394865397968,924700
2018-12-27,11.324544906616211,11.373127439287963,11.222522421976796,11.32940325254686,1097500
2018-12-28,11.465434074401855,11.538307409556317,11.363410663877824,11.50915826082148,1052300
2019-01-02,11.761786460876465,11.7909365379808,11.436285606257798,11.538308096218612,1118200
2019-01-03,11.795795440673828,11.80551120686553,11.50430114232169,11.771503708607499,2069700
2019-01-04,12.262185096740723,12.42250681556357,12.07757257343721,12.218460907367692,4035600
2019-01-07,12.058137893676758,12.330198766510964,12.004697017596314,12.291332927534649,1699600
2019-01-08,12.048421859741211,12.135870233868541,11.985265215446331,12.121296122603816,1211400
2019-01-09,12.048421859741211,12.14072857983503,12.028989402509996,12.048421859741211,1736900
2019-01-10,12.145588874816895,12.199029762389255,12.024132986068725,12.048423793164401,1830900
2019-01-11,12.38364028930664,12.49052112041451,12.077571907213578,12.077571907213578,2380400
2019-01-14,12.398216247558594,12.509955432916561,12.247610291674572,12.393357901242837,2134000
2019-01-15,12.21845817565918,12.485661598381178,12.189309031472364,12.407929929459947,2208400
2019-01-16,12.271900177001953,12.271900177001953,12.092145096901536,12.24275103012758,2118800
2019-01-17,12.174736976623535,12.291334508550243,12.106721981324993,12.267043703553568,1736800
2019-01-18,12.339914321899414,12.475945209110842,12.19902601606848,12.19902601606848,1641000
2019-01-21,12.271900177001953,12.369064308794751,12.160161008454633,12.339915161920379,573900
2019-01-22,12.339914321899414,12.354489357661762,12.203884361322597,12.286474377373354,1423000
2019-01-23,12.315622329711914,12.466227311467636,12.286473187644408,12.33991312699575,2168800
2019-01-24,12.5585355758667,12.5585355758667,12.320482211574866,12.320482211574866,2699900
2019-01-28,12.417648315429688,12.743150095264037,12.36420836090763,12.5828283784283,1618400
2019-01-29,12.539105415344238,12.626553801554845,12.373925336198623,12.519672955427922,2369300
2019-01-30,12.471090316772461,12.587687855250204,12.432224470613212,12.514814509530972,1292200
2019-01-31,12.495380401611328,12.69942631382384,12.373924523547565,12.4905220552926,1461000
2019-02-01,12.495380401611328,12.597403821034991,12.461372904015045,12.509955440567511,1346400
2019-02-04,12.539105415344238,12.626553801554845,12.39821706938761,12.514814608790125,1060100
2019-02-05,12.7528657913208,12.801448322519441,12.466229876547004,12.55853659316095,1438100
2019-02-06,12.296192169189453,12.71885900965956,12.257326327381206,12.675134821795936,3488700
2019-02-07,12.281620025634766,12.568256002388472,12.145589094191255,12.25246994463157,1444900
2019-02-08,12.539105415344238,12.621695454917047,12.228178643604194,12.252469450158308,1330800
2019-02-11,12.38364028930664,12.514812850189985,12.189311084276543,12.514812850189985,1464400
2019-02-12,12.291333198547363,12.543961620780985,12.291333198547363,12.524529164181706,1466300
2019-02-13,12.37878704071045,12.509959655608286,12.31563037055693,12.359354575522875,1392900
2019-02-14,12.509957313537598,12.57797231891326,12.267045521041723,12.475949810849768,1241100
2019-02-15,12.514816284179688,12.56825717771485,12.330202793768214,12.50995793689149,1333500
2019-02-18,12.466230392456055,12.543962074936884,12.388498709975226,12.509954579680864,318600
2019-02-19,12.63626766204834,12.772298557506817,12.446796818823938,12.505095112138525,635900
2019-02-20,12.480803489685059,12.74800599083445,12.441937654488155,12.52938601533984,1802600
2019-02-21,12.179594993591309,12.607120192396321,12.126154112081986,12.607120192396321,2445400
2019-02-22,12.20874309539795,12.281617355427068,12.106720613972715,12.218459786953126,1139400
2019-02-25,12.169878005981445,12.22817723227145,12.082430556498586,12.22817723227145,1005300
2019-02-26,12.174736976623535,12.242752898556892,12.121297020303887,12.169878630297237,1305100
2019-02-27,12.281620025634766,12.31076918000305,12.097006552487509,12.145589094191255,816600
2019-02-28,12.131011962890625,12.26218452489247,12.126153616894102,12.194169534210662,898600
2019-03-01,12.03385066986084,12.23303826966876,11.956118968796039,12.135873180020276,973600
2019-03-06,12.009556770324707,12.106721842466598,11.926966736994538,11.956116814617989,1065700
2019-03-07,11.897818565368652,12.145588685754225,11.834661911922078,12.00955775888522,1430100
2019-03-08,12.126152038574219,12.208742056495815,11.926964511816482,11.941539547908986,1576500
2019-03-11,12.407931327819824,12.529387190026512,12.19416875087834,12.19416875087834,1217800
2019-03-12,12.621695518493652,12.660561365156928,12.315627091849711,12.427366285177271,1652800
2019-03-13,12.718859672546387,12.767442208997432,12.485664609543145,12.573112063193253,1514800
2019-03-14,12.626550674438477,12.80630574897899,12.548819000754644,12.743148184964225,1348100
2019-03-15,12.68484878540039,12.791729595724359,12.58282539345221,12.58282539345221,776800
2019-03-18,12.74315071105957,12.801449941196516,12.592545679271797,12.752867403854866,853000
2019-03-19,12.626550674438477,12.767439912137075,12.58768483759656,12.728574075295159,985300
2019-03-20,12.466230392456055,12.626552103402108,12.320483719463185,12.592544608146088,997500
2019-03-21,12.111578941345215,12.364207361587665,12.014413879210517,12.364207361587665,1388300
2019-03-22,11.883238792419434,12.097001327607666,11.839515543069203,12.048418806887453,1611200
2019-03-25,11.994980812072754,12.028988304098089,11.854091571813903,11.88324071831638,1138300
2019-03-26,12.024131774902344,12.140729305159766,11.926966703037092,12.048422579551257,1090300
2019-03-27,11.708346366882324,11.965832225131685,11.586890493629676,11.946399767261344,1240200
2019-03-28,12.009556770324707,12.024131809136431,11.446001575825258,11.562599106414646,1956900
2019-03-29,12.067853927612305,12.388497313356647,12.009554709006677,12.072712273048994,1937300
2019-04-01,12.087285041809082,12.271898441384423,11.854090046525585,12.092143386706805,872100
2019-04-02,12.048421859741211,12.237893645895342,12.009556018644036,12.179594420932206,550300
2019-04-03,11.98526668548584,12.218461760671172,11.98526668548584,12.16987922168218,891000
2019-04-04,12.03385066986084,12.160164915749881,11.951260621650118,12.145589874312119,1000500
2019-04-05,12.364208221435547,12.480805748124938,12.11643812973255,12.145587279746206,1588400
2019-04-08,12.519669532775879,12.607117895079679,12.35934784409712,12.38849698932018,879000
2019-04-09,12.44194221496582,12.62655476816047,12.412792132907498,12.558539763294275,603600
2019-04-10,12.505098342895508,12.645987620302119,12.441941687715412,12.509956689699345,694000
2019-04-11,12.339914321899414,12.577967679543454,12.257324305848657,12.50509435400093,1025100
2019-04-12,12.131011962890625,12.417647890242177,12.024131130871389,12.26218452489247,948900
2019-04-15,12.398216247558594,12.398216247558594,12.082431150112905,12.145587798948117,901100
2019-04-16,12.480803489685059,12.568251850536745,12.388496783604435,12.432220964030277,1202100
2019-04-17,12.451653480529785,12.553676877578077,12.184450978045238,12.548818532324862,2033800
2019-04-18,12.641132354736328,12.641132354736328,12.393362167156738,12.451660489743036,1218200
2019-04-22,12.77230167388916,12.918048369371808,12.519673203526672,12.650845785441991,1858600
2019-04-23,12.704283714294434,12.893755500079187,12.665417873273027,12.893755500079187,1300700
2019-04-24,12.782014846801758,12.79658988404619,12.509953971348592,12.757724044695738,1230200
2019-04-25,12.68484878540039,12.869461262620801,12.56339294004538,12.869461262620801,994400
2019-04-26,12.63140869140625,12.772297925441167,12.577967819650299,12.733431162975299,794900
2019-04-29,12.704283714294434,12.772299631057951,12.616835340337584,12.74314955531584,820800
2019-04-30,12.7528657913208,12.830597470584742,12.529387445095649,12.801448322519441,1267600
2019-05-02,12.850031852722168,12.859747618409463,12.631410908649324,12.786874279263444,1117500
2019-05-03,12.728578567504883,12.869466928291597,12.728578567504883,12.864608581142404,1059200
2019-05-06,12.687483787536621,12.711929432659717,12.501693527451383,12.70704011712678,1500700
2019-05-07,12.746150970458984,12.799932497225248,12.555472368347885,12.663034489339026,1282000
2019-05-08,12.902606010437012,12.907495325187323,12.697259453631107,12.746151668592786,824300
2019-05-09,12.878162384033203,12.907497344583131,12.726597333226726,12.799935200872339,1382600
2019-05-10,12.707039833068848,12.89283008900086,12.619034020526481,12.89283008900086,1351300
2019-05-13,12.408795356750488,12.614141896107654,12.345236135480075,12.58969625697473,1714600
2019-05-14,12.5652494430542,12.658143609107254,12.413683510468388,12.638587286137605,1409500
2019-05-15,12.271899223327637,12.364794337705996,12.100776938696372,12.30123417903712,1807900
2019-05-16,12.125223159790039,12.24745323572559,12.022550343624083,12.223007593555069,1130000
2019-05-17,11.851426124572754,12.10566486500678,11.846536810425023,12.076329912661722,1463700
2019-05-20,12.311866760253906,12.336599883714008,11.866680916166162,11.866680916166162,1449000
2019-05-21,12.391013145446777,12.480050519320935,12.287136838241835,12.395959771047826,1255900
2019-05-22,12.430582046508789,12.593816875954149,12.386064314361985,12.415743116950562,948700
2019-05-23,12.484992027282715,12.574029364660175,12.262399627311039,12.361329268363347,803100
2019-05-24,12.41574478149414,12.613605064398092,12.38606597492661,12.539407576243143,680700
2019-05-27,12.460260391235352,12.534457861098291,12.38111629758528,12.445420519873956,570700
2019-05-28,12.732317924499512,12.80651539336756,12.489939023012155,12.489939023012155,1402900
2019-05-29,12.663068771362305,12.826303602071873,12.663068771362305,12.717479752617407,1258800
2019-05-30,12.697693824768066,12.806516727546875,12.623496348170146,12.707587073240349,1730500
2019-05-31,13.123095512390137,13.123095512390137,12.737267270940771,12.811464755669286,1576800
2019-06-03,13.078574180603027,13.231915743741512,12.890606251039193,13.123092851106462,1332700
2019-06-04,13.132991790771484,13.187403736317245,13.014275590603683,13.083527414972602,1043300
2019-06-05,13.187398910522461,13.222024338299851,13.048896255940752,13.132986984888191,981200
2019-06-06,13.459456443786621,13.459456443786621,13.19234533115094,13.23191738278112,1541500
2019-06-07,13.57817554473877,13.597961101735885,13.424832996517845,13.513870361685537,1648000
2019-06-10,13.553443908691406,13.573230411335352,13.414942164073286,13.543550657369433,1057800
2019-06-11,13.40009880065918,13.578173504233801,13.365473373513476,13.578173504233801,1267800
2019-06-12,13.281383514404297,13.439671730831508,13.281383514404297,13.439671730831508,1334700
2019-06-13,13.291279792785645,13.51387229406156,13.197295789061641,13.350637415736927,1491100
2019-06-14,13.147826194763184,13.320954268385208,12.92028714172494,13.320954268385208,1780100
2019-06-17,13.108256340026855,13.231919135687486,12.959861362623002,13.152775021942462,1474800
2019-06-18,13.207184791564941,13.276435643885502,13.063735519218517,13.241810217725222,1633800
2019-06-19,13.330846786499023,13.3852577629344,13.024162706300883,13.222022946684175,1229600
2019-06-21,13.271490097045898,13.503975794047008,13.271490097045898,13.414939381037687,1312800
2019-06-24,13.429777145385742,13.454510266412058,13.2863288173215,13.2863288173215,830800
2019-06-25,13.256650924682617,13.47429770276945,13.231918743672122,13.439672271965863,763900
2019-06-26,13.340742111206055,13.37536848665045,13.246759065416626,13.311063304297408,1097400
2019-06-27,13.405049324035645,13.405049324035645,13.152777068419546,13.256653380070196,1413500
2019-06-28,13.434725761413574,13.597960610499948,13.350635024401065,13.424832511536282,1304200
2019-07-01,13.553443908691406,13.578177036996339,13.424834471922884,13.568283785674366,900100
2019-07-02,13.553443908691406,13.622695724472841,13.454514225888802,13.597962596167909,960200
2019-07-03,13.686997413635254,13.726569468056528,13.414939657423012,13.518815946476785,1320700
2019-07-04,13.741406440734863,13.954105598667143,13.726566569658285,13.726566569658285,950200
2019-07-05,13.865073204040527,13.884858761047349,13.6424797910121,13.776035838829157,583000
2019-07-08,14.018413543701172,14.132183080771425,13.815606649455178,13.870018577389729,983400
2019-07-10,14.191539764404297,14.325094839106995,14.067876994273309,14.102502418954456,1349600
2019-07-11,14.325095176696777,14.325095176696777,14.057984077524491,14.186593474708216,1493000
2019-07-12,14.087665557861328,14.344884401142748,13.998628193381432,14.344884401142748,1594800
2019-07-15,13.865073204040527,14.181649663927828,13.78098246394893,14.142077606441916,1460700
2019-07-16,13.76119613647461,13.954109801209695,13.731517328855123,13.904645436334645,984800
2019-07-17,13.790867805480957,13.84033308822341,13.701831428710696,13.795814428102382,2083400
2019-07-18,13.924430847167969,13.954109654475367,13.800768049336153,13.850233357163335,1390400
2019-07-19,13.929375648498535,14.053038430138951,13.780980687918898,13.983787574331407,1124300
2019-07-22,14.057985305786133,14.107450608020493,13.850231791179553,13.939269146506968,968100
2019-07-23,14.062932014465332,14.18659479905476,13.939269229875903,14.097557443194825,1191200
2019-07-24,14.038203239440918,14.117348314085726,13.978845612797892,13.978845612797892,769000
2019-07-25,13.899700164794922,14.092613848317184,13.776037353619651,14.092613848317184,1874200
2019-07-26,13.790867805480957,14.003567860843248,13.766135635845629,13.899691616208711,1312700
2019-07-29,13.69194507598877,13.830446805223211,13.528710221196556,13.800767998026155,2973100
2019-07-30,13.835390090942383,13.884855386646418,13.6177442993999,13.701835019055146,1051200
2019-07-31,13.76119613647461,13.840340252441429,13.583121403813124,13.835393627259467,1708100
2019-08-01,14.00357437133789,14.19154234445429,13.761195411032837,13.790874217087762,1569500
2019-08-02,13.998626708984375,14.117343811350464,13.86012499534421,14.008519958093576,1196500
2019-08-05,13.855177879333496,13.993680531533007,13.731515100271404,13.993680531533007,1433400
2019-08-06,14.241008758544922,14.339938434251591,13.929377968561761,14.038200894880788,1890000
2019-08-07,14.191539764404297,14.433918680644386,14.003571825460842,14.241005061151105,1771900
2019-08-08,14.295421600341797,14.468549734578245,14.196491911829847,14.25090291029607,1584500
2019-08-09,14.331948280334473,14.433413787961928,14.154384125809818,14.357314173417938,1868600
2019-08-12,14.35224723815918,14.428345914055454,14.154389519652266,14.260928440024783,1221100
2019-08-13,14.600828170776367,14.676926801894844,14.276139194279425,14.357311196492013,1357500
2019-08-14,14.240630149841309,14.56024583571851,14.063065987425846,14.504439707278749,1973500
2019-08-15,14.002187728881836,14.311655708438677,13.80433007309982,14.291363186201488,1372600
2019-08-16,14.002187728881836,14.159458404895762,13.8652095751051,14.057992890769249,1194700
2019-08-19,13.89057445526123,14.189896635660746,13.697791153677759,14.149310626503869,1643200
2019-08-20,13.697790145874023,13.95652629808036,13.591252242543204,13.941306182898794,6266100
2019-08-21,13.96667766571045,13.96667766571045,13.611549268402806,13.824626113257985,2699000
2019-08-22,14.037698745727539,14.042772117612053,13.824621964811728,13.976819250760132,1136800
2019-08-23,13.819548606872559,13.997112752422707,13.667351320770571,13.997112752422707,1228900
2019-08-26,13.616617202758789,13.936231858550473,13.586177942123069,13.829693962502128,1579400
2019-08-27,13.865206718444824,14.05291759061059,13.641983213945537,13.641983213945537,2104400
2019-08-28,13.905794143676758,13.971747011306535,13.61661871637618,13.855061391880028,930600
2019-08-29,14.073213577270508,14.174679095500052,13.839844240048206,13.931162045278523,986700
2019-08-30,14.255850791931152,14.25585079193115,14.027553865040344,14.144238530941479,1753000
2019-09-02,14.194973945617676,14.281219359957404,14.088436004893513,14.255853460065095,1072300
2019-09-03,14.205119132995605,14.205119132995605,14.052921815058003,14.154386371134088,1557500
2019-09-04,14.458779335021973,14.458779335021973,14.169603903145017,14.260922664294956,1340300
2019-09-05,14.408047676086426,14.550099200618602,14.367461664455353,14.479073922175937,1204200
2019-09-06,14.387755393981934,14.509513430905228,14.205117854773565,14.509513430905228,675400
2019-09-09,14.255850791931152,14.458780856030272,14.225411524228,14.43341496088546,1120400
2019-09-10,14.14423656463623,14.28121470172827,14.057991178427917,14.255848810109777,1401900
2019-09-11,14.550097465515137,14.550097465515137,14.113797166774917,14.21018929577149,1776300
2019-09-12,14.712442398071289,14.803761160882804,14.555171733033006,14.595757742321814,1940600
2019-09-13,14.53995418548584,14.73273848940237,14.46892889859394,14.712444997349278,1725600
2019-09-16,14.453706741333008,14.605905007327744,14.326875336827475,14.595758262732064,2015100
2019-09-17,14.631271362304688,14.737809280976624,14.387755290214393,14.453707196871278,1166300
2019-09-18,14.712442398071289,14.732735886539087,14.575464253854015,14.631270379493673,1081800
2019-09-19,14.890007019042969,15.184255837536343,14.66678347712312,14.712442859962335,2319000
2019-09-20,14.682004928588867,15.011766415345287,14.529806649407279,14.950886910143268,1821600
2019-09-23,14.616047859191895,14.626194601756925,14.331945840897463,14.610974487909381,1298500
2019-09-24,14.534879684448242,14.758103241473494,14.428341762378597,14.666784469615578,1209400
2019-09-25,14.468926429748535,14.550098448816529,14.306582391612547,14.534878332373733,1012200
2019-09-26,14.311656951904297,14.458781863405976,14.311656951904295,14.438488371758734,970200
2019-09-27,14.35731315612793,14.408045906346981,14.174676610044767,14.377606643274241,1239000
2019-09-30,14.610977172851562,14.656636555138027,14.326875102349968,14.37760785685124,1074500
2019-10-01,14.534879684448242,14.610978338447545,14.367462258591026,14.610978338447545,910200
2019-10-02,14.179749488830566,14.48921741587843,14.12901674037539,14.48921741587843,1208500
2019-10-03,14.301505088806152,14.392823827071092,14.159453610655524,14.220333092047658,1161800
2019-10-04,14.3065824508667,14.382681098102275,14.25077632465877,14.306582450866697,1445600
2019-10-07,13.895646095275879,14.352239850935034,13.844914315888564,14.352239850935034,1866600
2019-10-08,13.9260892868042,14.017407089716862,13.875356528977028,13.905795796614582,2292200
2019-10-09,13.951456069946289,14.108726758339087,13.824624651128595,14.032628100577856,2201500
2019-10-10,13.910867691040039,13.97174718749317,13.824622302192054,13.966673815484846,1925500
2019-10-11,14.189897537231445,14.205117654499846,13.885502933038213,13.931161349549718,1366000
2019-10-14,14.240630149841309,14.29643627828107,14.1137987434941,14.22541100037362,815900
2019-10-15,14.108726501464844,14.291364050884104,14.06306711411003,14.291364050884104,1027300
2019-10-16,14.088431358337402,14.129017365367515,13.865207835848425,14.10872387802909,3263200
2019-10-17,14.118870735168457,14.14930999877399,13.956526705743292,14.108723991417698,1168000
2019-10-18,14.235557556152344,14.235557556152346,14.088433619918282,14.129019633463564,2491800
2019-10-21,14.260919570922852,14.377604199238847,14.139161571682692,14.25584619999869,734500
2019-10-22,14.337023735046387,14.448635035531577,14.240631585563262,14.357316258931451,717300
2019-10-23,14.296431541442871,14.423262905767032,14.220332916377679,14.372530166508064,913700
2019-10-24,14.235557556152344,14.337023073838996,14.108726142867479,14.326876328540951,1036400
2019-10-25,14.078283309936523,14.281213326280152,14.017403821210111,14.281213326280152,992100
2019-10-28,14.205119132995605,14.22541262479899,14.083361085116133,14.200045760044759,1047000
2019-10-29,14.154382705688477,14.24570145986174,14.123943443512953,14.235554716587666,1400400
2019-10-30,14.38267993927002,14.473998695653751,14.14930967655084,14.23555506117473,811800
2019-10-31,14.560250282287598,14.590689558165694,14.397905219761107,14.504444136805144,530300
2019-11-01,14.545026779174805,14.732737700020488,14.52473328820904,14.687078312994426,886200
2019-11-04,14.616047859191895,14.742879238314881,14.53994922524743,14.585608599143436,602500
2019-11-05,14.610977172851562,14.84434745649869,14.534878524923057,14.768248808570187,687000
2019-11-06,14.494291305541992,14.758100832820611,14.458778670648087,14.661708704075206,1023900
2019-11-07,14.616047859191895,14.676927346935447,14.565315114013375,14.65156049052287,468100
2019-11-08,14.463852882385254,14.64141703481302,14.458779510299113,14.61097680229618,709200
2019-11-11,14.250774383544922,14.382679139021535,14.210188379371093,14.255847755022485,798000
2019-11-12,14.260919570922852,14.331944828567968,14.21018682932781,14.276138716048768,1144400
2019-11-13,14.397900581359863,14.468926825723248,14.271069177139246,14.45878008115036,548600
2019-11-14,14.286290168762207,14.458780966475773,14.17467887456685,14.4334150711372,1121700
2019-11-18,14.337023735046387,14.468928527063577,14.311656870631388,14.342097107929387,1124100
2019-11-19,14.331948280334473,14.4689264253375,14.311654791750263,14.392827778440305,1009100
2019-11-21,14.389613151550293,14.462026418286198,14.332716449653926,14.353406518182338,884000
2019-11-22,14.482720375061035,14.529272055191152,14.41030708888398,14.472375338019447,453100
2019-11-25,14.410306930541992,14.570651056696606,14.384444338222202,14.534444414005922,625700
2019-11-26,14.415480613708496,14.430997183797015,14.239618917953218,14.425824664915142,867200
2019-11-27,14.462029457092285,14.529271207381901,14.296512820313195,14.477547011749191,652900
2019-11-28,14.549960136413574,14.570650209065784,14.451685250986463,14.498236927896974,367000
2019-11-29,14.617204666137695,14.699962999373072,14.54479137119603,14.54479137119603,829400
2019-12-02,14.777548789978027,14.98444462273768,14.643066252044964,14.643066252044964,1233500
2019-12-03,14.870648384094238,14.9172000579603,14.741338398145592,14.751683433795138,1037700
2019-12-04,14.844783782958984,14.891335447421858,14.762025487593144,14.865472863522095,811400
2019-12-05,14.989615440368652,15.072373764078417,14.570651303268347,14.91720215376187,1664100
2019-12-06,14.968926429748535,15.062029791040379,14.932719786258826,14.948236355436105,996200
2019-12-09,15.14478588104248,15.170647483560913,14.979268270631056,15.051682533485085,1065000
2019-12-10,15.268925666809082,15.268925666809084,15.062029855583429,15.10340901782856,812400
2019-12-11,15.284438133239746,15.398231538785994,15.170645714250282,15.232714934235215,1240800
2019-12-12,15.465479850769043,15.54823819350643,15.315480724516501,15.336169816922215,1123400
2019-12-13,15.58961296081543,15.636164638774035,15.470648000057647,15.517199678016254,725000
2019-12-16,15.724096298217773,15.858578820842697,15.636165455984441,15.713751261118079,1252200
2019-12-17,15.625447273254395,15.838781633936884,15.563007488262262,15.765935052704943,1019300
2019-12-18,15.828378677368164,15.88041167874273,15.615044264934703,15.750329671529792,1682900
2019-12-19,15.948057174682617,15.963667376048267,15.734722718254556,15.843992142919776,1177000
2019-12-20,15.771142959594727,15.953257976068883,15.719109955966825,15.953257976068883,838000
2019-12-23,15.854392051696777,15.922035239996255,15.776343058806198,15.838782848586733,617500
2019-12-26,16.088542938232422,16.18220214365189,15.948054130103225,15.963664328488793,807200
2019-12-27,16.026105880737305,16.197814122586376,15.989683070715856,16.18220491397555,976600
2019-12-30,16.161386489868164,16.244638885773142,16.026101098410862,16.130167089515506,738300
2020-01-02,16.046916961669922,16.3174877828268,16.015697556904737,16.208218377478183,1270600
2020-01-03,16.026105880737305,16.093749092874685,15.880414640651509,16.046919482147924,814700
2020-01-06,16.124967575073242,16.239439398906097,15.948055943047056,16.124967575073242,1723300
2020-01-07,15.932443618774414,16.124964420854454,15.79195482215586,16.124964420854454,1937800
2020-01-08,15.771142959594727,16.015697778911765,15.568215337137609,16.000087580089293,1360100
2020-01-09,15.57341480255127,15.797155966916312,15.45373961915263,15.687886587656916,1292800
2020-01-10,15.843989372253418,15.932445179629351,15.724313167605757,15.812768974981688,737900
2020-01-13,15.922036170959473,15.974069166744496,15.812766780566239,15.823173578212613,823100
2020-01-14,15.890813827514648,15.994878807365184,15.797154650936502,15.979268613786607,1470700
2020-01-15,16.00528335571289,16.041706143168632,15.88040480195899,16.036502746039737,1052300
2020-01-16,15.968863487243652,16.11975806177788,15.911627100809957,15.958456691083578,1930800
2020-01-17,16.29667091369629,16.29667091369629,16.067726342327962,16.078133139309884,755800
2020-01-20,16.650495529174805,16.69732512724636,16.33309514056691,16.36431553424586,2152400
2020-01-21,16.614070892333984,16.749355280199783,16.530818503287296,16.67650968789562,1003100
2020-01-22,16.588054656982422,16.73374684068186,16.47878626354295,16.64008765062128,1152400
2020-01-23,16.73375129699707,16.764971696962682,16.468383851971822,16.52041685946743,774800
2020-01-24,16.624481201171875,16.832611225311478,16.582854997854557,16.80659522040577,627200
2020-01-27,16.46837615966797,16.54122273311435,16.260245219349613,16.494393147486893,1240400
2020-01-28,16.577651977539062,16.588057784271157,16.301877753975134,16.416349567604144,991800
2020-01-29,16.546430587768555,16.692123782645105,16.494398579887275,16.640089789869954,991300
2020-01-30,16.2602481842041,16.483989358010238,16.052117205935648,16.364314169561723,1447700
2020-01-31,16.197811126708984,16.327893134124547,16.05211991356961,16.2914703308397,1272100
2020-02-03,16.25504493713379,16.452770112666045,16.1613857479287,16.18219934217285,2246000
2020-02-04,16.244640350341797,16.5204145569193,16.22903114498161,16.390332552534108,1185200
2020-02-05,16.27065658569336,16.43195798570164,16.244639590565,16.286265790323487,1014900
2020-02-06,16.07293128967285,16.4683806810719,16.06252548413497,16.369518085110418,943300
2020-02-07,15.885614395141602,16.083338600927686,15.79195519518354,16.05732259758241,691600
2020-02-10,15.521382331848145,15.953254480161778,15.510975534913653,15.854391894177661,867100
2020-02-11,15.974068641662598,16.083337036017234,15.745124063202216,15.875206052165439,684900
2020-02-12,16.333091735839844,16.364312123010727,15.896016239914163,16.09894478673823,1060100
2020-02-13,16.21862030029297,16.348702272225875,16.130164519680722,16.301872682934295,1155600
2020-02-14,16.14577293395996,16.286260693903056,16.0885365550353,16.2186185126302,636200
2020-02-17,16.385129928588867,16.551634743289203,16.171795510698193,16.20821831485802,1529200
2020-02-18,16.21341896057129,16.291467955149802,16.07813357349335,16.291467955149802,1045900
2020-02-19,16.374719619750977,16.468378806056464,16.229028434339565,16.29146723024538,715500
2020-02-20,15.948057174682617,16.39553968935961,15.82317854109891,16.374726087538743,2620100
2020-02-21,16.000089645385742,16.083342064957833,15.77114499533893,15.974073636437137,1227700
2020-02-26,15.365283966064453,15.609837733271542,15.20398159492565,15.609837733271542,2002100
2020-02-27,15.65146255493164,15.703495541302058,15.110322077040655,15.417314612488106,2785700
2020-02-28,15.282034873962402,15.344473682593675,14.725283041059562,15.261221276120665,3398600
2020-03-02,15.734715461730957,15.958456615884684,15.589023293516583,15.615040283794169,3103600
2020-03-03,15.729515075683594,16.291469271479617,15.67748207761145,15.828377672775984,2542800
2020-03-04,16.20301055908203,16.28106053837979,15.896017017347427,15.896017017347427,2147900
2020-03-05,15.557809829711914,16.234236948145437,15.521387021882239,16.177000540157618,2005600
2020-03-06,15.360084533691406,15.557808759355224,15.032277300882884,15.28723793059673,3627900
2020-03-09,15.089512825012207,15.214391432746257,14.517151795229248,15.037479823677945,6650600
2020-03-10,15.760734558105469,16.000084945963284,15.2299997948814,15.661871966733104,6328800
2020-03-11,15.479756355285645,16.020897894164207,15.053087599410434,15.552601949962838,5891300
2020-03-12,14.553574562072754,14.917804578055737,13.616984510183583,14.917804578055737,4921500
2020-03-13,15.006258964538574,15.328861755120228,14.163327203523144,15.198779760623497,4095500
2020-03-16,13.949990272521973,14.454708954457514,13.008197081692504,13.674217129555965,5213800
2020-03-17,14.329833984375,14.86577120372024,13.955197179065163,13.996823380494375,3883100
2020-03-18,13.679424285888672,14.189345513404099,13.205924868970689,13.538935480620049,6136500
2020-03-19,13.507710456848145,14.158120266806856,13.008196199174227,13.492101256574966,5231000
2020-03-20,13.56495189666748,14.074873139659713,13.320398074199035,13.840726116218944,3617800
2020-03-23,12.768851280212402,13.54413998335667,12.487873646785161,13.528529784017259,3979100
2020-03-24,13.03421401977539,13.721047708924287,12.836489846537127,13.58055893211337,2778000
2020-03-25,13.122673988342285,13.44527783874962,12.67519250867671,12.982186159203234,3198200
2020-03-26,13.528528213500977,13.913570820483912,12.904134206668319,12.904134206668319,3187200
2020-03-27,13.252754211425781,13.700236622808868,13.029013998181169,13.27877120769627,2084400
2020-03-30,13.148690223693848,13.637797882158363,13.148690223693846,13.351617848111104,1948800
2020-03-31,13.382833480834961,13.606574640808,13.164295719052776,13.164295719052776,2426100
2020-04-01,13.22153377532959,13.315192969691749,12.956166388785753,13.153891575205169,2706500
2020-04-02,13.710643768310547,13.773082576046079,13.273568144374002,13.273568144374002,3710300
2020-04-03,13.788691520690918,13.94478951828603,13.497308128704834,13.788691520690916,5383600
2020-04-06,14.100890159606934,14.288207580167427,13.92397854564365,14.048857156832971,2765800
2020-04-07,14.048857688903809,14.96983859780812,14.048857688903809,14.63162555563873,3160500
2020-04-08,14.069671630859375,14.251785663235678,13.762677987072117,14.054061431321244,3120200
2020-04-09,13.996827125549316,14.335040226711374,13.840729076535197,14.163331975816964,2474200
2020-04-13,14.048857688903809,14.048857688903809,13.632595635841023,13.929182472704134,1859700
2020-04-14,14.309019088745117,14.366255482683085,14.163326900742488,14.28300308738068,2289600
2020-04-15,14.26739501953125,14.413087229268521,13.996824198210735,14.199752810424613,2208000
2020-04-16,14.054058074951172,14.496337031769999,13.939586283017334,14.371458442629413,1809200
2020-04-17,13.9343843460083,14.34544295432331,13.76787855057572,14.215360952934892,3419300
2020-04-20,13.970807075500488,14.121701680259875,13.69503287669946,13.809505672496481,2422300
2020-04-22,14.407881736755371,14.673249119988531,13.87194357150642,13.87194357150642,2434500
2020-04-23,14.5587739944458,14.69405936373542,14.329830439444919,14.465114816287858,2425100
2020-04-24,14.147720336914062,14.376663970493903,13.554545669137513,14.335037765075112,5022000
2020-04-27,14.631624221801758,14.792925628603275,14.14771900895028,14.14771900895028,3256900
2020-04-28,14.725278854370117,14.912597211899545,14.600400280166063,14.860564224536184,2261100
2020-04-29,14.413086891174316,14.824145520604223,14.277801483687508,14.798129515968936,3182600
2020-04-30,14.309019088745117,14.49633747439895,14.184140495791508,14.230970092204966,3868100
2020-05-04,14.256987571716309,14.277801168923256,13.882351754013698,14.106092961753692,3169900
2020-05-05,14.387070655822754,14.397477455206646,14.178939630379972,14.31942844472148,2035400
2020-05-06,14.361054420471191,14.465119435307209,14.085280195884101,14.465119435307209,1745700
2020-05-07,14.062150955200195,14.418287521498472,13.97835423359304,14.397337841628824,3163500
2020-05-08,14.166898727416992,14.261170304727637,13.878847573577472,14.261170304727637,2131500
2020-05-11,13.931217193603516,14.208793434236695,13.894556256081067,14.14070897868581,1981100
2020-05-12,13.800286293029785,14.166896709428107,13.800286293029785,14.009778102248218,2555200
2020-05-13,13.894554138183594,13.941689907509327,13.706011060880668,13.779332924749372,2359300
2020-05-14,14.140710830688477,14.140710830688478,13.67982884314592,13.732201047073938,1887900
2020-05-15,14.088340759277344,14.439239997843453,14.025493701020238,14.381629361994456,2472100
2020-05-18,14.56493091583252,14.753474034139638,14.245456297400196,14.449710676275778,2294100
2020-05-19,14.580642700195312,14.763948392694305,14.523032082826461,14.685389095604926,2213900
2020-05-20,14.554696083068848,14.662150874673475,14.420378105945487,14.619168138219752,1891900
2020-05-21,15.000628471374512,15.172555280826314,14.484847018254483,14.613793150107952,3241900
2020-05-22,15.006000518798828,15.172554478552874,14.817955196617387,14.925409959225227,1986000
2020-05-25,15.322988510131836,15.451933589944304,15.17255207130176,15.280006816861015,2976700
2020-05-26,15.199418067932129,15.554017335551173,15.151063529187303,15.312244641827041,3719800
2020-05-27,15.247770309448242,15.451934128169425,15.194043959561606,15.263888829272894,2953900
2020-05-28,15.312246322631836,15.414328251716814,15.167182690473917,15.301500640672442,2263600
2020-05-29,15.446561813354492,15.500289189832099,15.237026172332751,15.360598420896114,2238900
2020-06-01,15.564764976501465,15.602374866443599,15.269265871737721,15.371347809194077,1588900
2020-06-02,15.580878257751465,15.67221448163231,15.51103339231994,15.580878257751467,1987400
2020-06-03,15.425076484680176,15.946230908111383,15.349858743057062,15.69371244735115,2934200
2020-06-04,15.18330192565918,15.516409883909365,15.161810560732235,15.322992723390273,2260800
2020-06-05,15.5432710647583,15.747433868003045,15.31224406058367,15.398207454030349,2442200
2020-06-08,15.548645973205566,15.849517890290546,15.521781768702233,15.58625483474561,3270800
2020-06-09,15.478803634643555,15.811912673925312,15.441194764433408,15.548649557689421,3567900
2020-06-10,15.607746124267578,15.817282833098187,15.521782714150035,15.53790123783383,2708400
2020-06-12,15.306873321533203,15.516408993726353,15.177928213663218,15.306873321533203,3153500
2020-06-15,15.253145217895508,15.430444860952854,15.016746376995433,15.118827275434958,1784800
2020-06-16,15.226283073425293,15.586255224658208,15.226283073425295,15.586255224658208,2151500
2020-06-17,15.570136070251465,15.693708334753953,15.258518476204332,15.29075449634311,2333900
2020-06-18,15.511035919189453,15.715198733895804,15.333736282156595,15.371345140805301,3078000
2020-06-19,15.564764976501465,15.79041919233068,15.564764976501463,15.650728389696907,3655600
2020-06-22,15.494916915893555,15.715198245212813,15.468053739055405,15.613116328651728,1810400
2020-06-23,15.333735466003418,15.656097679985447,15.328362625801786,15.650724839783814,2284800
2020-06-24,15.145692825317383,15.42507339165265,15.113455778430312,15.339109982816465,3388000
2020-06-25,15.204788208007812,15.333734313627321,15.129570500366773,15.204788208007812,3033500
2020-06-26,15.054354667663574,15.33910803906308,15.054354667663572,15.226281463549585,3735100
2020-06-29,15.403578758239746,15.403578758239748,15.102706911177975,15.102706911177975,1570300
2020-06-30,15.296124458312988,15.457306578200383,15.167179377261718,15.392833525292541,2574700
2020-07-01,15.312246322631836,15.511037339822092,15.23165575746565,15.301500640672442,3060800
2020-07-02,15.263890266418457,15.516407618860065,15.183299709236202,15.451935583020074,2774800
2020-07-03,15.258519172668457,15.322992240653443,15.258519172668455,15.322992240653443,998900
2020-07-06,15.301498413085938,15.511035081731318,15.274635236862819,15.511035081731318,2279200
2020-07-07,15.290755271911621,15.484173452083938,15.167183001141375,15.312246636270613,2735000
2020-07-08,15.419700622558594,15.47879982200409,15.237028133877008,15.290754492506624,2522900
2020-07-09,15.339106559753418,15.580879233629304,15.322989064671319,15.51103436382318,1910700
2020-07-10,15.306873321533203,15.408955249550342,15.26926445983337,15.365973546927014,1467800
2020-07-13,15.285383224487305,15.430445832658691,15.269264701461756,15.35522810806874,1781900
2020-07-14,15.242399215698242,15.425070658534676,15.172553317916691,15.285380912500546,2544400
2020-07-15,15.22091007232666,15.306873478454586,15.113455302284432,15.258518934412049,2396200
2020-07-16,15.10808277130127,15.253145371801285,15.043609707373253,15.253145371801285,2520400
2020-07-17,15.172554016113281,15.204790034007296,15.081217778109792,15.108081980325249,2124300
2020-07-20,15.215534210205078,15.22090705011684,15.113452301410451,15.188671035410696,2162600
2020-07-21,15.18330192565918,15.269265335837593,15.140320220569972,15.215537948284915,2055700
2020-07-22,15.226283073425293,15.312246480457215,15.172555687839182,15.210164550320068,1726000
2020-07-23,15.134946823120117,15.285383297786057,15.091965119610514,15.242401594276453,2373700
2020-07-24,15.269261360168457,15.333734413397712,15.043607211012691,15.13494343864156,2042200
2020-07-27,15.387463569641113,15.607744919154426,15.328364370226426,15.328364370226426,3079500
2020-07-28,15.618490219116211,15.634608741161573,15.403581715667634,15.419700237712995,2113600
2020-07-29,15.548645973205566,15.645355059888322,15.500291429864188,15.618490855384989,2490800
2020-07-30,15.688338279724121,15.758183168659027,15.484174404810298,15.484174404810298,2178400
2020-07-31,15.597004890441895,15.849522334999397,15.580886363219747,15.779677433233248,2325700
2020-08-03,15.39283561706543,15.731317397491049,15.39283561706543,15.666844335821795,2819100
2020-08-04,15.376718521118164,15.484172260349018,15.231654897153707,15.31761829844422,2954700
2020-08-05,15.269261360168457,15.484169829658613,15.17792513253959,15.446560975593389,2136500
2020-08-06,15.521780014038086,15.521780014038086,15.194044954263298,15.312244366422211,2022200
2020-08-07,15.451933860778809,15.554015768372906,15.365970472730437,15.478797035257267,1637500
2020-08-10,15.5432710647583,15.575507081109684,15.365971437678965,15.54864390494428,1726200
2020-08-11,15.39283561706543,15.629235476833292,15.382089935993129,15.602372298917091,2061100
2020-08-12,15.22091007232666,15.48954597266759,15.220910072326658,15.457309951560777,2661500
2020-08-13,15.511035919189453,15.709825893408198,15.365972300317695,15.53252625637534,4419700
2020-08-14,15.768926620483398,15.8172811616604,15.419700175688622,15.537899595918747,2916400
2020-08-17,15.715201377868652,16.010700481050897,15.55939205180785,15.838773655580157,5193100
2020-08-18,15.660362243652344,15.859294492618004,15.533267108581706,15.809561430376588,2883400
2020-08-19,15.732198715209961,15.947709008554769,15.500111436670396,15.654836640356512,3599300
2020-08-20,15.83166217803955,15.89244725746893,15.56641991976796,15.649307993730451,2331500
2020-08-21,15.649308204650879,15.809559396586723,15.605101161009793,15.737722291933048,2316700
2020-08-24,15.610629081726074,15.804035316543297,15.583000071314695,15.781931265030844,2701600
2020-08-25,15.67694091796875,15.726672928247211,15.594051774886431,15.643784839144129,2071400
2020-08-26,15.616151809692383,15.781927945247453,15.555366734798675,15.687987854038523,2910700
2020-08-27,15.610629081726074,15.726672190228896,15.58852503021362,15.616155094604188,1964700
2020-08-28,15.693513870239258,15.743246921715784,15.638254807045453,15.676936889066392,2261900
2020-08-31,15.62168025970459,15.759827412222714,15.594050196813486,15.699042327841418,1834700
2020-09-01,15.776397705078125,15.881389791578048,15.627199644658814,15.68245763904739,3036900
2020-09-02,15.792980194091797,15.826135210880238,15.64930704936991,15.826135210880238,2039200
2020-09-03,15.65483283996582,15.909024109029499,15.594047765063404,15.842713022410594,3326400
2020-09-04,15.671414375305176,15.699043386079559,15.53879322642557,15.687991360178126,1891900
2020-09-08,15.892447471618652,15.958757510090551,15.599575148760433,15.649308204603885,3163000
2020-09-09,16.157691955566406,16.301365130653057,15.986389769646602,16.0250708064047,3272200
2020-09-10,15.86481761932373,16.340044135200344,15.754300535756917,16.268208083580866,2379800
2020-09-11,15.682465553283691,16.041649021945304,15.566422441731513,16.03612300892198,2792300
2020-09-14,15.804034233093262,15.931129358639268,15.687990078566694,15.781930183096158,2116800
2020-09-15,15.781928062438965,15.903498213129124,15.748773045877545,15.820609090757117,2622800
2020-09-16,15.86481761932373,15.991913793695224,15.809559604529861,15.826136587376393,2195500
2020-09-17,15.81509017944336,15.958762324131586,15.754305080858773,15.820615139333434,2300700
2020-09-18,15.627203941345215,15.85929116511694,15.599573882575383,15.809558113310215,2269200
2020-09-21,15.65483283996582,15.721143926584727,15.30670253365872,15.588521753346916,3346800
2020-09-22,15.65483283996582,15.759824954621186,15.605099788496384,15.676936886831777,1788000
2020-09-23,15.58852481842041,15.809561114625096,15.57194783399048,15.643783892471582,2102500
2020-09-24,15.74877643585205,15.804035511335092,15.588525222349155,15.6216813000265,2064000
2020-09-25,15.63825798034668,15.75430214199914,15.588524918778365,15.74877612916053,1589600
2020-09-28,15.439325332641602,15.721145636969451,15.323281181928216,15.687989563063294,2157600
2020-09-29,15.472482681274414,15.544318744258039,15.306706502709599,15.450378628676845,2541100
2020-09-30,15.450377464294434,15.549843585528981,15.406170416410095,15.472481515226182,2267400
2020-10-01,15.538789749145508,15.594047758328605,15.400642618229837,15.505633678860892,1653700
2020-10-02,15.478008270263672,15.665888496277379,15.417223181265353,15.538793359261993,1645900
2020-10-05,15.511161804199219,15.599575895714654,15.422747712683785,15.533265854067633,2432100
2020-10-06,15.483536720275879,15.649312920389919,15.444855677181227,15.583002861936052,2464200
2020-10-07,15.538789749145508,15.610625793470913,15.378538571373426,15.516685702289097,2638900
2020-10-08,15.538789749145508,15.63825479806246,15.50010766714679,15.571944765451159,1703400
2020-10-09,15.472482681274414,15.577474823154393,15.4393276563573,15.516689732490315,2962200
2020-10-13,15.461423873901367,15.549837937556509,15.422742852799587,15.516682927180524,2314300
2020-10-14,15.505637168884277,15.621681333041835,15.466956132158161,15.483534171031868,3198300
2020-10-15,15.478008270263672,15.560896357274611,15.455904218271844,15.472482257265716,4627700
2020-10-16,15.65483283996582,15.6658848633988,15.472478669237537,15.500107673841018,2027100
2020-10-19,15.72667407989502,15.804037215505124,15.544319848922932,15.649311998264228,3862200
2020-10-20,15.892447471618652,15.925602490854603,15.781929335526742,15.80955939653925,1628900
2020-10-21,15.809561729431152,15.931130853887998,15.770880692284846,15.864819751652037,1980300
2020-10-22,15.820610046386719,15.88692113749399,15.748773997167955,15.815085088275229,1453000
2020-10-23,15.787457466125488,15.837190528642235,15.759828455384719,15.826138502754247,1740400
2020-10-26,15.809561729431152,15.975337904052235,15.759828666248984,15.80403571641322,1971800
2020-10-27,15.90350341796875,16.019546540901366,15.83166629559962,15.837192309164884,1957000
2020-10-28,15.759824752807617,15.8979718820139,15.566418561123033,15.80403179199447,3313100
2020-10-29,15.72667407989502,15.776407147794618,15.527742862275941,15.710097093248029,2258600
2020-10-30,15.555368423461914,15.72114563099243,15.472480346686197,15.687989557098879,2952500
2020-11-03,15.63825798034668,15.853768265135772,15.599576944455587,15.776405139374404,2980900
2020-11-04,16.063743591308594,16.157683655455724,15.699035354967657,15.732190361731744,2400800
2020-11-05,16.301361083984375,16.44503422340544,16.141109909791247,16.218473018081937,2648300
2020-11-06,16.632915496826172,16.63844150878074,16.251629103793082,16.29583614545061,2989700
2020-11-09,16.815271377563477,17.130246713004645,16.80974536504953,16.969995512037528,3630800
2020-11-10,16.887104034423828,16.981044120300965,16.66606884823613,16.771060956917378,2050800
2020-11-11,16.93684196472168,16.9921010406905,16.84290185176845,16.91473896672168,1852200
2020-11-12,17.401016235351562,17.992286968492024,17.26839508755663,17.273921100462154,5958900
2020-11-13,18.042022705078125,18.058599692272747,17.666261149656926,17.793357357365327,5073200
2020-11-16,18.423303604125977,18.59460682523268,18.202267325792043,18.51171769386791,3724500
2020-11-17,18.464752197265625,18.545409111436083,18.251587181567118,18.372572552822806,4094200
2020-11-18,18.677915573120117,18.683678036618417,18.441705117615186,18.528124488202604,2840600
2020-11-19,18.95445442199707,19.13881367273533,18.574213192632456,18.608779178561115,4360500
2020-11-23,18.591501235961914,18.891085649227335,18.52236704758873,18.885323184850108,2558400
2020-11-24,18.718246459960938,18.775857909253634,18.522364455535484,18.643349817691696,1706300
2020-11-25,18.989023208618164,19.046636856556077,18.85075484903907,18.879560574140054,1652500
2020-11-26,19.08696746826172,19.092727734838505,18.868039976828566,18.91413090038763,805400
2020-11-27,19.08696746826172,19.156101655864116,19.01207081634634,19.06392200648219,1273000
2020-11-30,19.04087257385254,19.156097660984557,18.98902139452992,19.023589579990247,1481600
2020-12-01,19.06391716003418,19.236753683969596,18.9890205271591,19.13881379290926,1835400
2020-12-02,18.862276077270508,19.173380960428826,18.827707891259237,19.000544425844033,2025400
2020-12-03,19.17337989807129,19.311650436719304,18.8104238548746,18.856512569266837,2058200
2020-12-04,18.873796463012695,19.167620547508715,18.862275932166675,19.167620547508715,1552100
2020-12-07,19.375024795532227,19.375024795532227,18.80466183214539,18.850752745352114,1377800
2020-12-08,19.19066619873047,19.444159636885725,19.110007097842367,19.351980005035106,1144400
2020-12-09,19.133054733276367,19.328936747974407,19.05239782094236,19.20795137947339,1891000
2020-12-10,19.098485946655273,19.156097390540058,18.81618459705413,19.156097390540058,1826800
2020-12-11,19.52481460571289,19.57090551593986,19.029348309450782,19.06391649212101,3138200
2020-12-14,19.472965240478516,19.80135531429322,19.44415951777711,19.62275851490305,1869600
2020-12-15,19.369260787963867,19.605471204973103,19.254035711871076,19.461440409290997,1844900
2020-12-16,19.344594955444336,19.477728468970593,19.113063114335386,19.425633418308422,1955200
2020-12-17,19.304079055786133,19.59928511296339,19.27513784831667,19.40826916913427,987300
2020-12-18,19.176733016967773,19.50087800112358,19.147791815964162,19.477726365163953,1438500
2020-12-21,19.07833480834961,19.21725569741336,18.540019951345577,18.910472711418755,1909100
2020-12-22,19.07833480834961,19.124642507395066,18.927839202597113,19.020452392615407,1230800
2020-12-23,19.072540283203125,19.199881991582274,18.94519636675218,19.101481480195122,997100
2020-12-28,19.466148376464844,19.47772529784633,19.19409624417987,19.251978643015324,738500
2020-12-29,19.43141746520996,19.50087678490104,19.315650460343527,19.50087678490104,967700
2020-12-30,19.333019256591797,19.483514835251828,19.223039595193868,19.460360989897293,1131600
2021-01-04,19.101486206054688,19.506669688403647,19.049391155351643,19.489303199454408,1911100
2021-01-05,19.136215209960938,19.194097612924025,18.904681181964328,19.101484443339807,1378700
2021-01-06,19.170944213867188,19.205674981295143,18.898894263934178,19.118849166761347,1819600
2021-01-07,18.60947608947754,19.08990618299664,18.597899168081998,19.08990618299664,2196100
2021-01-08,19.014659881591797,19.078331853882762,18.55738356873104,18.70209179372968,2319400
2021-01-11,18.92783546447754,19.199885414387403,18.88731733985113,19.043602481155357,1310700
2021-01-12,19.20567512512207,19.25777017261804,18.771550465346387,18.927835607834297,1622700
2021-01-13,19.576128005981445,19.576128005981445,19.188311032669827,19.37932473663865,1438400
2021-01-14,19.54139518737793,19.720834157913828,19.367745781608477,19.68031603683669,1174300
2021-01-15,19.54139518737793,19.634008350993106,19.309863382375987,19.4429946670683,1297800
2021-01-18,19.36195945739746,19.66874016421842,19.333018256237917,19.552973151508134,893200
2021-01-19,19.466148376464844,19.506666497264057,19.223037443597597,19.489300011155837,1357900
2021-01-20,19.22882843017578,19.65137615552087,19.1940976634632,19.605068466570764,1269900
2021-01-21,19.003082275390625,19.275132195506714,18.829430665355403,19.199883311696247,1490100
2021-01-22,18.678936004638672,18.9683524245282,18.56316899506845,18.92204473747129,1908700
2021-01-26,18.649995803833008,18.92783531684945,18.615265036678892,18.794704021533583,1838600
2021-01-27,18.725238800048828,18.80048767669612,18.545802058599097,18.609474015141288,1358700
2021-01-28,18.74260902404785,18.93941228896023,18.597900805967342,18.67893705480088,1557200
2021-01-29,18.84100914001465,18.893104185706093,18.64420587941054,18.81206793864654,1203000
2021-02-01,18.88731575012207,18.90468002833694,18.58053285053667,18.702089422256773,1344600
2021-02-02,19.21725082397461,19.46614912304251,19.101483813791763,19.101483813791763,1750800
2021-02-03,19.298288345336914,19.506668535836777,19.217252095269682,19.275134500154216,1267100
2021-02-04,19.08991050720215,19.373539625460033,19.066756659166305,19.33302149543355,961800
2021-02-05,19.176733016967773,19.26355661997861,19.00887095984589,19.194097295955522,981400
2021-02-08,18.9857177734375,19.22882872804728,18.927835369425356,19.205674883213554,1269400
2021-02-09,18.99150848388672,19.113062864485357,18.89889530703933,19.095698583849067,1004900
2021-02-10,18.84100914001465,19.032025043573988,18.783126737278433,19.032025043573988,1682300
2021-02-11,18.81785774230957,19.032027518037697,18.8004934608455,19.032027518037697,1222900
2021-02-12,18.77155113220215,18.869951665372305,18.74260992880341,18.81785661602567,936000
2021-02-17,18.71367073059082,18.910471818018543,18.609480620733486,18.875743253447776,1027600
2021-02-18,18.499500274658203,18.73103433441528,18.4474063256527,18.66736235757846,1789600
2021-02-19,18.534229278564453,18.63262980933036,18.46476884645404,18.487922691836214,944100
2021-02-22,18.117467880249023,18.296906859812413,17.74701520715102,18.22744643158851,3328600
2021-02-23,18.129045486450195,18.39530918331474,18.059586159641075,18.181140533575082,3134300
2021-02-24,18.19271469116211,18.296904769577278,18.10010153346772,18.20429161188289,1481300
2021-02-25,17.839628219604492,18.320059439845636,17.828051297662284,18.175351227676185,1917900
2021-02-26,17.804899215698242,18.117468391434834,17.741227246699495,17.862782723512005,2332800
2021-03-01,17.602306365966797,17.932240904182763,17.492327818549473,17.90329970414263,2442600
2021-03-02,17.642824172973633,17.758591179141458,17.260794598270202,17.47496322846988,2929900
2021-03-03,17.654399871826172,17.816473448430294,17.307099981409294,17.555998254608657,3009500
2021-03-04,18.7368221282959,18.90468421512243,18.05958863106625,18.19271994569928,4348500
2021-03-05,18.71367073059082,19.263560278304787,18.69630424023292,18.985720721376065,2835900
2021-03-08,18.360578536987305,18.88152790763646,18.343214257188528,18.56895983089751,2364700
2021-03-09,19.00887107849121,19.089907325035956,18.372154716113194,18.464767884746063,3185400
2021-03-10,19.223039627075195,19.29828852056612,18.78312760497056,19.055177560084754,3207600
2021-03-11,19.182518005371094,19.385110803525354,19.118846046181808,19.217248767130293,2209400
2021-03-12,19.1246395111084,19.257770812897274,18.904682391248738,19.101485665213218,2284600
2021-03-15,19.56454849243164,19.72083361574916,19.10148268708636,19.10148268708636,3294000
2021-03-16,19.865543365478516,20.06234662409051,19.570339581596574,19.576126938582764,2798200
2021-03-17,20.658544540405273,20.74537035499578,19.796084792066807,19.969734213175638,4975800
2021-03-18,20.351762771606445,20.670120395207082,20.282303448365163,20.577507228194676,2290600
2021-03-19,20.74536895751953,20.87850024500388,20.27072620802854,20.351762451882315,2146000
2021-03-22,20.722213745117188,21.011630144373214,20.577505545489174,20.78588570624502,2723400
2021-03-23,20.913230895996094,21.127398426165552,20.612237557558792,20.768522687597702,2363300
2021-03-24,20.681697845458984,21.000055477192873,20.55435390953658,20.94796043141299,2254700
2021-03-25,20.71063995361328,20.8958663004796,20.427013076005828,20.664334470932815,2390500
2021-03-26,20.8958683013916,20.99427104962765,20.641182602080697,20.710641936788683,1618600
2021-03-29,22.20981788635254,22.290854139541185,20.98848010682347,21.069518568084412,4604800
2021-03-30,22.684459686279297,22.777072858405237,22.053531761148754,22.11141637377259,2900900
2021-03-31,22.528175354003906,22.927571467210665,22.522387996569616,22.89284069838808,2809100
2021-04-01,21.931976318359375,22.638153101464326,21.793057670973802,22.603422335581886,2903800
2021-04-05,22.3776798248291,22.51660069237564,21.978285918750256,22.134571066713008,2254700
2021-04-06,22.499231338500977,22.70182415253549,22.290851167755534,22.383464331634396,1729500
2021-04-07,22.92177963256836,23.072277407828793,22.423985243823996,22.464503366069792,2441100
2021-04-08,22.96808433532715,22.991238175908205,22.707609148969684,22.985448611727055,1850800
2021-04-09,22.516597747802734,23.049122886267718,22.400830741331916,22.939145444560033,2486500
2021-04-12,22.655513763427734,22.724973076031375,22.47607702186235,22.52816985026128,2298600
2021-04-13,22.66130828857422,22.892840117297634,22.52817478216979,22.63815444328021,1641500
2021-04-14,22.765499114990234,22.93335897857875,22.49923430170774,22.806017241519076,1678200
2021-04-15,22.707611083984375,22.87547313039364,22.626574843116995,22.76549569036962,1456900
2021-04-16,23.240135192871094,23.32117142247751,22.707607928487754,22.748126043290963,2769000
2021-04-19,23.62795639038086,23.784241522402354,23.112795515238933,23.240139446828014,2038400
2021-04-20,23.72056770324707,23.905794021228676,23.52955402885999,23.61637762337343,1389000
2021-04-22,23.708988189697266,24.096807268611194,23.512184972353996,23.818967822021577,2709500
2021-04-23,23.54692268371582,23.923164954102933,23.465886430542543,23.766879805237778,1931700
2021-04-26,23.616382598876953,23.66269029216441,23.298024935778916,23.604805675555088,1519600
2021-04-27,23.54692268371582,23.807397931824415,23.500614991575492,23.680053986510814,1705500
2021-04-28,23.49482536315918,23.708992898426697,23.413789117818606,23.680051697672504,1385400
2021-04-29,23.70321273803711,24.033147384564934,23.558504482259192,23.558504482259192,1939500
2021-04-30,24.195215225219727,24.212581714029596,23.81897515811474,23.894221846692343,3044200
2021-05-03,24.467262268066406,24.704583623350583,24.2820359521408,24.623547386142114,3032900
2021-05-04,24.426746368408203,24.704585867535787,24.32255628022635,24.600395779353935,2310100
2021-05-05,24.138458251953125,24.252857700725567,23.313572697035358,23.783215198880463,3656100
2021-05-06,23.59053611755371,24.005988833165112,23.337650158202262,23.867504594627977,2711400
2021-05-07,23.47613525390625,23.62666189050083,22.994448179320244,23.59053467085062,2817100
2021-05-10,22.97638702392578,23.524303920400087,22.8258603787751,23.433987014567947,2341700
2021-05-11,23.02455711364746,23.157019002170035,22.398365706043812,22.663291779943336,1719200
2021-05-12,22.506744384765625,22.98240683273315,22.488679625680263,22.928219446039975,1407900
2021-05-13,22.940263748168945,22.97037091986127,22.56695824710232,22.579000656408304,1389200
2021-05-14,24.150495529174805,24.150495529174805,23.482156851295095,23.753105274334754,3446700
2021-05-17,24.46359634399414,24.710460003962396,24.33113213240221,24.433491467774562,2604300
2021-05-18,24.505733489990234,24.57196556838042,24.325102010560375,24.55390081263972,1745300
2021-05-19,24.446176528930664,24.707765048162887,23.99150907222881,24.072477965479624,2143600
2021-05-20,24.527143478393555,24.576968840810164,24.24686839005845,24.439947312226483,1170600
2021-05-21,24.614336013793945,24.65170681203198,24.408800187360228,24.514682927742836,804800
2021-05-24,24.90707015991211,25.062778268905035,24.682850102815543,24.689077381771696,1286200
2021-05-25,24.807416915893555,25.06277811806841,24.64547915300188,24.91329728893127,1404700
2021-05-26,24.757593154907227,25.000497462318,24.483547696070023,24.91330128795696,2245700
2021-05-27,24.60188102722168,24.745132201257466,24.35274710442725,24.65793604105457,3797100
2021-05-28,24.35274887084961,24.53960051445727,24.290466573591953,24.43371775801844,2592900
2021-05-31,24.128528594970703,24.40880127857635,23.829566947535056,24.352746266671804,1655500
2021-06-01,24.626794815063477,24.88838329482643,24.12229969219857,24.12229969219857,2663100
2021-06-02,24.576963424682617,24.81986765573745,24.477310345893027,24.70775764510956,1363400
2021-06-04,24.913297653198242,24.994266535827958,24.539599138767155,24.626795300406595,1345600
2021-06-07,25.100149154663086,25.280771149018637,24.90707260117449,24.91329988074101,1233400
2021-06-08,24.925756454467773,25.218488484116612,24.925756454467773,24.99426840829345,892900
2021-06-09,24.894611358642578,25.050319455955243,24.701532462644746,24.98803479147997,1038800
2021-06-10,25.193572998046875,25.405336125414184,24.931982134396794,24.9755802156856,1290000
2021-06-11,24.86347007751465,25.224714036251857,24.77627391531387,25.187343234201283,1071200
2021-06-14,25.22471046447754,25.311906614331498,24.913294285903742,24.913294285903742,1139700
2021-06-15,25.343053817749023,25.343053817749027,25.125063390982124,25.268314582274296,896900
2021-06-16,24.857240676879883,25.517443867921152,24.857240676879883,25.343049182487086,2252300
2021-06-17,24.738906860351562,25.125062332608195,24.55828487097186,24.925756129126235,1539400
2021-06-18,25.025413513183594,25.07523888462146,24.689083346286388,24.832334556057177,1461800
2021-06-21,24.58319664001465,24.888383198557623,24.365203865138223,24.838557839902858,1513100
2021-06-22,24.315378189086914,24.62679439834494,24.197038508981905,24.464856639017178,1903300
2021-06-23,23.985275268554688,24.377660355462837,23.98527526855469,24.296691476214495,1660500
2021-06-24,23.873170852661133,24.27178327230097,23.848256982454288,24.084931621667042,1685400
2021-06-25,23.48078155517578,23.97281971301374,23.356214602114438,23.91676470293199,1905400
2021-06-28,23.561758041381836,23.773518841291676,23.387363300400526,23.586669539306783,2185000
2021-06-29,23.250335693359375,23.630261478925167,23.175594091288616,23.561751907569384,1571300
2021-06-30,22.982515335083008,23.31261572990882,22.86417566454777,23.24410378926567,2196000
2021-07-01,22.826810836791992,23.100856266592103,22.6773299994991,23.044801249596933,1539200
2021-07-02,23.300159454345703,23.300159454345703,22.963829395842637,23.02611405996376,1830600
2021-07-05,23.430957794189453,23.530610898342324,23.15691235174842,23.443414729198242,1001200
2021-07-06,23.262788772583008,23.46832460133839,23.237877282726576,23.437183457080092,1166300
2021-07-07,23.624034881591797,23.661405683705315,23.119539744686854,23.387357886707317,1567900
2021-07-08,23.281475067138672,23.592891257640037,23.169365048484824,23.306386556681876,1898500
2021-07-12,23.287708282470703,23.530612592840626,23.225425978859086,23.493244161040693,2143200
2021-07-13,23.505695343017578,23.642716852605332,23.244104504864584,23.312616447616964,1512400
2021-07-14,23.705005645751953,23.83579989965128,23.443414762035875,23.64895062609261,1526300
2021-07-15,23.630260467529297,23.792198222501035,23.449640876715215,23.698772411869875,1274500
2021-07-16,23.792198181152344,23.916765136471717,23.586662348487817,23.64894701410603,1886700
2021-07-19,23.74237632751465,24.134761502358316,23.586668188789755,23.748605983577523,1704100
2021-07-20,24.041330337524414,24.203268096402034,23.673859116584726,23.792198796360783,1537200
2021-07-21,24.184585571289062,24.203269784802522,23.94167891602766,24.022647801114793,1134200
2021-07-22,24.109840393066406,24.290462349991536,24.035101174169327,24.09115618232137,940000
2021-07-23,23.817113876342773,24.128530100596684,23.698774190539254,24.060018151114065,962000
2021-07-26,23.54929542541504,23.8357977777614,23.412271528241906,23.829568122844147,1729200
2021-07-27,23.580432891845703,23.79842326158184,23.462093226060226,23.474550158033267,1635500
2021-07-28,23.8669376373291,23.91676537031085,23.60534916692616,23.680088390481703,1159800
2021-07-29,23.729917526245117,23.966594543762177,23.611580205445314,23.966594543762177,1255700
2021-07-30,23.686307907104492,23.810874822821006,23.52437257981444,23.65516677215444,1308100
2021-08-02,24.633026123046875,24.757593104416127,23.69255004674825,23.798430436565706,3458400
2021-08-03,24.4337158203125,24.63925166161405,24.34029238183492,24.63302200683192,1974200
2021-08-04,24.58942413330078,24.745132241320103,24.296692129930967,24.527141840459926,1492200
2021-08-05,24.340293884277344,24.720219692338453,24.321607294694644,24.52091349351655,1302000
2021-08-06,24.53959846496582,24.838557743485392,24.352746836963583,24.408801850180826,2294400
2021-08-09,25.006725311279297,25.087691823954234,24.57074209505874,24.57074209505874,2279500
2021-08-10,24.664165496826172,25.143746796187237,24.664165496826172,25.143746796187237,2047800
2021-08-11,24.63924789428711,24.89460905521536,24.452396294067142,24.788726323362926,1937800
2021-08-12,24.552051544189453,24.832326593398307,24.552051544189453,24.794958170781793,1937600
2021-08-13,24.60188102722168,24.745132201257466,24.390117905621565,24.55828294712023,2333500
2021-08-16,24.6953067779541,24.888383310495794,24.48354365690532,24.514684803194253,2803200
2021-08-17,24.86347007751465,24.969352828699332,24.43371654556056,24.682850474063272,2843400
2021-08-18,24.614336013793945,24.994264146837857,24.601879081047933,24.869697195294723,2068600
2021-08-19,24.882158279418945,24.96935444727199,24.48977314816287,24.5084573624407,2432900
2021-08-20,25.218488693237305,25.218488693237305,24.639254284530047,24.639254284530047,1732300
2021-08-23,24.7326717376709,25.199795994304445,24.682846385773406,25.199795994304445,2499100
2021-08-24,24.87592887878418,24.956897768012883,24.782505430520974,24.88215853421884,1342800
2021-08-25,24.670394897460938,24.919526463754142,24.564512140450375,24.782504933863954,1827900
2021-08-26,23.75482940673828,24.54582690813949,23.75482940673828,24.54582690813949,3317500
2021-08-27,23.692548751831055,23.92922338998786,23.5617544977048,23.848256876052996,1802300
2021-08-30,23.792198181152344,23.89185127022443,23.35621502549306,23.661403947229672,2301800
2021-08-31,23.611574172973633,24.003959216728013,23.61157417297363,23.848251130022593,1775400
2021-09-01,23.73614501953125,24.14721434097301,23.698774217248456,23.698774217248456,1821700
2021-09-02,23.505695343017578,23.866936892188754,23.505695343017578,23.80465460382314,2496100
2021-09-03,23.655170440673828,23.829562724172476,23.4558642949849,23.754823513518293,2120200
2021-09-06,23.530609130859375,23.80465692863294,23.325075658446437,23.412271821040846,1848100
2021-09-08,22.945144653320312,23.61780237883553,22.932687720784504,23.530606227001794,3680900
2021-09-09,23.100854873657227,23.474553380480234,22.833036739264447,22.957603700177835,2912100
2021-09-10,23.06348419189453,23.536838170630208,23.06348419189453,23.325075048757338,2152100
2021-09-13,23.37490463256836,23.536842424636816,23.18805534441965,23.300165392492396,2381400
2021-09-14,23.686307907104492,24.022637866764182,23.381121458311156,23.381121458311156,2806600
2021-09-15,23.3437557220459,23.829564184953732,23.343755722045895,23.754824969717948,2030600
2021-09-16,23.256561279296875,23.474551663008576,23.256561279296875,23.33130050000989,2227900
2021-09-17,23.119539260864258,23.31884544946434,23.038572755188536,23.25656315649576,1944600
2021-09-20,22.702241897583008,22.82680885519386,22.08563676416369,22.091866418798638,3194100
2021-09-21,22.945144653320312,23.08839581360673,22.73960883035484,22.79566383880752,1878600
2021-09-22,22.95760726928711,23.25656659640672,22.86418144009831,23.038576162856234,1759500
2021-09-23,23.069719314575195,23.194286305656988,22.85795614251147,23.051032721566397,1995200
2021-09-24,22.833040237426758,23.20051152166568,22.833040237426758,23.001205304036183,2129600
2021-09-27,22.976289749145508,23.15691173811045,22.80189741547859,22.889093582312046,1793800
2021-09-28,22.876630783081055,23.10085079798267,22.752063844144967,22.839259988625205,2150500
2021-09-29,22.889097213745117,23.28770968303493,22.82681490638773,22.920238367423806,1921100
2021-09-30,22.322315216064453,23.138226585025983,22.322315216064453,22.92023380087184,3303300
2021-10-01,22.353456497192383,22.565219627567476,22.340999562944756,22.546535414154672,1970300
2021-10-04,22.309856414794922,22.36591142592424,22.135464102800185,22.29739948166429,1899200
2021-10-05,22.09186363220215,22.384593213359018,22.09186363220215,22.340995140082107,2409100
2021-10-06,22.284944534301758,22.484250730317548,21.842734060386558,22.04204025640235,3642100
2021-10-07,22.384597778320312,22.621274778601837,22.222662383970185,22.42196858128601,1981600
2021-10-08,22.783214569091797,23.04480308529529,22.515396397216314,22.54030789215177,2323200
2021-10-11,22.764522552490234,23.019883728078625,22.764522552490234,22.851718703776477,1518600
2021-10-13,23.306386947631836,23.393585478205182,22.770753086754834,22.770753086754834,2302600
2021-10-14,23.368671417236328,23.505695302504922,23.269018330472893,23.393585282906436,1559600
2021-10-15,23.47455596923828,23.711232983482585,23.47455596923828,23.499469839351875,2587400
2021-10-18,23.648950576782227,23.754830960408317,23.387359693611593,23.474555862696,2728400
2021-10-19,23.34998893737793,23.748601313989347,23.34998893737793,23.50569704548659,3023800
2021-10-20,23.487009048461914,23.71745874530389,23.231647861513455,23.356214815714004,2502100
2021-10-21,23.262788772583008,23.52437961137013,22.982516098341318,23.306386849728025,2656500
2021-10-22,22.932687759399414,23.262788156444955,22.608814640673796,23.256560878125033,4384400
2021-10-25,23.169363021850586,23.356212244624224,23.038568803500716,23.08839415414586,1913700
2021-10-26,22.87040901184082,23.225423328940145,22.8454951428717,23.05725827727457,3380200
2021-10-27,23.06348419189453,23.312618115009855,22.864178003769144,22.864178003769144,2597400
2021-10-28,22.876630783081055,23.374896162908676,22.857946573811503,22.90777192383589,2603400
2021-10-29,22.833040237426758,23.163140714891075,22.826812957589752,23.131999563871002,3020900
2021-11-01,22.92023277282715,23.206735118207167,22.90777583921274,23.044799733054116,2175900
2021-11-03,23.381132125854492,23.648950285265197,22.85795274187979,22.870409676726492,3550300
2021-11-04,23.013662338256836,23.524384820110907,23.013662338256836,23.387360903934315,2812600
2021-11-05,22.90155029296875,23.306389974437884,22.87040914453533,23.15691151159053,2521700
2021-11-08,22.68978500366211,23.138225101473672,22.621273058061224,22.87040697371589,2053300
2021-11-09,22.98874282836914,23.125766710936997,22.683553919718083,22.745838582665723,1549500
2021-11-10,23.34998893737793,23.555522404604428,22.970060773446054,22.98251770720481,1627500
2021-11-11,22.963829040527344,23.443410255213017,22.895317099012683,23.27524522856347,2290700
2021-11-12,22.789440155029297,23.156911407086916,22.75829900673641,22.870409041324656,1291400
2021-11-16,22.322315216064453,22.857951505923374,22.1354659553018,22.857951505923374,2346800
2021-11-17,22.05449676513672,22.434424936435857,21.942386735051166,22.33477184035061,1989200
2021-11-18,22.12300682067871,22.37213835161013,21.99221258874594,22.06072215600809,1261200
2021-11-19,22.12300682067871,22.3160857172821,21.99221258874594,22.11677716625314,1223700
2021-11-22,22.06072425842285,22.21020509196103,21.94238694814651,22.129236208131296,1649400
2021-11-23,22.01712417602539,22.160377717442564,21.80536106704321,22.06072225352904,1463700
2021-11-24,22.266260147094727,22.278717081238135,21.99844200280454,22.185291263121186,1376900
2021-11-25,22.409509658813477,22.515392403197165,22.104323110713295,22.104323110713295,1222300
2021-11-26,22.322315216064453,22.490480263526017,22.098095152782367,22.2351190527697,2059100
2021-11-29,22.677326202392578,22.696010412956703,22.446878893739704,22.583900397738134,1667300
2021-11-30,22.45933723449707,22.90777494757564,22.37213870259021,22.64618647960623,2324300
2021-12-01,22.303630828857422,22.839264738622642,22.26003274754999,22.471795875007768,1646400
2021-12-02,23.19428253173828,23.605351872281094,22.907777786091742,22.982519394130325,3221800
2021-12-03,23.3375301361084,23.99773094107167,23.281475126638217,23.293932059400145,2830100
2021-12-06,23.66140365600586,24.016417929950485,23.648946723035536,23.71122901197013,2553200
2021-12-07,23.452600479125977,23.926193477504064,23.303383975354603,23.822392306281674,1911500
2021-12-08,23.1541690826416,23.47206154973483,23.108756226601862,23.355284927114056,1961700
2021-12-09,23.063343048095703,23.206070579262185,22.933590972018447,23.128220323541836,1211300
2021-12-10,23.219045639038086,23.381235112669565,23.03090525566998,23.03090525566998,1129900
2021-12-13,23.23202133178711,23.433134697267835,23.06334289158683,23.167144056781236,1270000
2021-12-14,23.348796844482422,23.770487975351113,23.270944118168153,23.433133585767237,1506300
2021-12-15,23.64073944091797,23.71210321330179,23.154170965372177,23.433137089336984,2324900
2021-12-16,23.718589782714844,24.004042368597197,23.562886797351293,23.62127510751075,1892500
2021-12-17,23.738052368164062,24.04296938220137,23.634251200059985,23.731565877889146,1410100
2021-12-20,23.49801254272461,23.731565788785634,23.43313526614374,23.71859033346946,1278900
2021-12-21,23.51747703552246,23.666691075597594,23.296899220886328,23.660204584644465,1120300
2021-12-22,23.536937713623047,23.660203308421444,23.368261734971536,23.491524854954747,1321200
2021-12-23,23.472057342529297,23.712097034973176,23.3812316467297,23.569372002208635,867500
2021-12-27,23.523958206176758,23.640734815444816,23.465569901542725,23.569373531838565,817400
2021-12-28,23.543428421020508,23.783468188144237,23.465575679130083,23.56289036908543,798900
2021-12-29,23.49801254272461,23.65371305688859,23.420159810827567,23.549911889174254,840700
2021-12-30,23.543428421020508,23.640740636160487,23.478551136111818,23.530452964038773,1238800
2022-01-03,23.66668701171875,23.848338424998243,23.413671836132345,23.595323249411837,3007200
2022-01-04,23.78346824645996,23.9521442380054,23.44611378855371,23.614792254914523,2351300
2022-01-05,23.543428421020508,23.80941910210771,23.51099101597385,23.74454181719902,1375000
2022-01-06,23.491525650024414,23.614791248994734,23.381237982330205,23.556402932328602,2044500
2022-01-07,23.510986328125,23.67317579583476,23.368258804599655,23.517472817914847,1703700
2022-01-10,23.465574264526367,23.61479077341327,23.42016140523565,23.465574264526367,1427200
2022-01-11,23.407188415527344,23.530451537156146,23.3423111345528,23.45908776549176,1424000
2022-01-12,23.452600479125977,23.582350087042606,23.348799307903587,23.452600479125977,2414800
2022-01-13,23.40069580078125,23.510985923831075,23.355282948588624,23.407184765274387,1533200
2022-01-14,23.387718200683594,23.45908195467116,23.316354446696028,23.387718200683594,1691200
2022-01-17,23.43962287902832,23.63424974791322,23.329332752610767,23.394210025449006,1355900
2022-01-18,23.510986328125,23.5823476150728,23.38123425899422,23.40069620317863,1401700
2022-01-19,23.893753051757812,23.978089791267738,23.491521398710447,23.51098581728682,2040700
2022-01-20,24.43222427368164,24.613875707559924,23.893756462621656,23.893756462621656,2858300
2022-01-21,24.620359420776367,24.776059909509815,24.19866585372854,24.315442457685947,2466300
2022-01-24,24.698209762573242,24.977175820370345,24.57494666893846,24.65279691361229,1831000
2022-01-25,24.665773391723633,24.79552545478099,24.315443563913206,24.633335994662986,1954600
2022-01-26,24.49709701538086,25.01610531100189,24.38680936119112,24.73065025344733,2259800
2022-01-27,24.39329719543457,24.63333941157228,24.295984990754373,24.51656278610396,1225500
2022-01-28,24.510074615478516,24.594413842120908,24.263548375777972,24.503588124882263,1501400
2022-01-31,24.83445167541504,24.853916095332618,24.44519792447339,24.45817337948011,1587200
2022-02-01,24.49709701538086,24.795527527807444,24.38680936119112,24.717674798575306,2401800
2022-02-02,24.48412322998047,24.594410880542576,24.328420251452624,24.47114777553524,1494100
2022-02-03,24.626848220825195,24.678750038482978,24.40627044540938,24.41275941002404,1367800
2022-02-04,24.386808395385742,24.620361624202665,24.34139554253966,24.58143526112822,1638500
2022-02-07,24.5749454498291,24.743621384057196,24.386805099287145,24.40626704078647,1474400
2022-02-08,24.41275978088379,24.64631301426201,24.334907053214437,24.432221725393667,1212600
2022-02-09,24.548995971679688,24.60089531029971,24.17271524872217,24.302467307494236,1551100
2022-02-10,24.581438064575195,24.704703657628272,24.419248578823375,24.497098839036006,1179300
2022-02-11,24.38032341003418,24.652800543924236,24.34788353472963,24.633338598593525,1356700
2022-02-14,24.328428268432617,24.54251962510636,24.244089024153656,24.445204922106353,1492000
2022-02-15,24.53602409362793,24.65280071605762,24.27651993826973,24.44519838169707,1990700
2022-02-16,24.302473068237305,24.613876598217633,24.295986577427726,24.555488281670367,1454700
2022-02-17,24.27651596069336,24.406268017113284,24.211641169890715,24.30246686694027,1331900
2022-02-18,24.568464279174805,24.8020175505074,24.43871218678833,24.555488822454627,3020500
2022-02-21,24.63334083557129,24.892842537868137,24.419249518231528,24.425738483807717,1699500
2022-02-22,25.21721839904785,25.262631253196428,24.613873365571113,24.613873365571113,3575200
2022-02-23,25.794612884521484,25.950315868651984,25.275607062111437,25.275607062111437,3045600
2022-02-24,25.86597442626953,25.891925333863618,25.06800257886211,25.288580343782314,2745900
2022-02-25,25.53510856628418,25.87246293461772,25.418331958983543,25.710273477235134,2119300
2022-03-02,25.982755661010742,26.09304580051179,25.522138105884206,25.528624596530058,2548300
2022-03-03,25.846511840820312,26.112502450014205,25.729735234363023,26.00870129703158,5224200
2022-03-04,26.741806030273438,27.1505217957171,25.76866901286687,25.79461745247133,6151300
2022-03-07,26.30064582824707,26.839113597694087,26.2941568633585,26.800189707622607,2231100
2022-03-08,25.995725631713867,26.4174192043526,25.969774724976013,26.274691692109087,2473400
2022-03-09,26.53420066833496,26.650977295222702,25.924366622406712,26.01519233780493,1961700
2022-03-10,26.657459259033203,26.884523508971377,26.26820555204927,26.57312004842129,2067900
2022-03-11,26.404441833496094,26.96237391376957,26.391466381069442,26.82613290069699,1350200
2022-03-14,26.372007369995117,26.72233472518109,26.372007369995117,26.56014526404905,2298900
2022-03-15,26.605558395385742,26.72233500661586,26.274692980110274,26.372007647740308,2615200
2022-03-16,26.82613754272461,26.942914159957137,26.488785620513905,26.676923526219703,3316400
2022-03-17,27.085647583007812,27.085647583007812,26.70288024871041,26.87804521269215,1936300
2022-03-18,27.520307540893555,27.559233903861987,26.858576694134197,26.988326287732587,2871300
2022-03-21,27.526798248291016,27.64357486977504,27.26729409503429,27.442459027260327,2503900
2022-03-22,27.740888595581055,27.961466395526184,27.60465002130131,27.637087423537178,2268200
2022-03-23,27.786304473876953,28.0587816277846,27.6889897904441,27.77332901776489,1901600
2022-03-24,28.428571701049805,28.506421958076125,27.73440092842872,27.740887418674642,2350800
2022-03-25,28.80484962463379,29.15517698392639,28.41559342846507,28.428568882485507,2567500
2022-03-28,28.681591033935547,29.01245900499898,28.63617817121161,28.759443777018358,1500600
2022-03-29,28.363691329956055,28.882697066246855,28.331251460651046,28.60373101896282,2525200
2022-03-30,28.37018394470215,28.519397971428575,28.20799446241493,28.33774654320772,1570200
2022-03-31,28.636165618896484,28.8307924416604,28.370175050329127,28.370175050329127,2763400
2022-04-01,28.707544326782227,29.051385308698737,28.55833026906722,28.701057835062276,3107000
2022-04-04,28.9216251373291,28.941087080213038,28.603732712941476,28.603732712941476,1609800
2022-04-05,28.72051239013672,29.083817703301168,28.629686680549348,28.980014063984203,1466300
2022-04-06,28.538864135742188,28.720515575060926,28.331259308901167,28.642665311755074,1517100
2022-04-07,28.56480598449707,28.668607136565804,28.41559198307418,28.486955739149188,1528300
2022-04-08,28.75943946838379,28.895678036144837,28.493446348257415,28.571299079676614,1550300
2022-04-11,28.662124633789062,28.9216287874616,28.577785412623236,28.752950345129946,1536100
2022-04-12,28.88270378112793,29.42117158433737,28.727000786634335,28.863241834871907,1660400
2022-04-13,28.636165618896484,29.070834582056406,28.636165618896484,28.99298187309938,2412900
2022-04-14,28.73997688293457,28.895679880898296,28.512912588836624,28.688077533490123,1761100
2022-04-18,29.012449264526367,29.096785995661577,28.765920610496387,28.765920610496387,1355900
2022-04-19,28.642658233642578,29.096786719716164,28.636169269661735,28.97352362704114,2113400
2022-04-20,28.9216251373291,29.025426290734604,28.461005198953394,28.707533866346978,1833200
2022-04-22,28.6556339263916,28.895676120128176,28.584272639545052,28.688073799739428,1647400
2022-04-25,29.200590133666992,29.29790480240625,28.59075863737015,28.64914694365074,2514500
2022-04-26,29.49253273010254,29.68067310989131,28.992988863843514,29.168153789010827,3278100
2022-04-27,29.680679321289062,29.75852959049494,29.544440731474918,29.563902680072527,2134900
2022-04-28,29.252490997314453,29.888273381205064,29.25249099731445,29.752034829260236,1727200
2022-04-29,28.733484268188477,29.395217537568982,28.64914505914982,29.356291177670833,2417300
2022-05-02,28.25340461730957,28.65563380196437,28.104190604853997,28.532370698148426,3046200
2022-05-03,28.642658233642578,28.91513532528673,28.227451157380873,28.279352969969075,2637100
2022-05-04,29.291423797607422,29.291423797607422,28.493449304078975,28.863243629643893,3828800
2022-05-05,28.9216251373291,29.47955479012448,28.73997126275844,29.271952483313477,2321700
2022-05-06,29.012449264526367,29.258975443741775,28.89567266392346,29.005960300707,2257300
2022-05-09,29.200590133666992,29.499020629553797,28.843773806314427,29.187617154328933,3175300
2022-05-10,28.115028381347656,29.339503525169807,27.95769397994268,29.120603261519665,4102900
2022-05-11,27.506206512451172,28.1423860954715,27.376235321644614,27.991891214908613,3439200
2022-05-12,27.855083465576172,27.916649322331985,27.218903815598367,27.22574330657268,3167300
2022-05-13,27.588294982910156,27.944005871273976,27.44463959817112,27.88244002338478,1851800
2022-05-16,27.60197639465332,27.75247128264042,27.39675775344147,27.601976394653317,2117300
2022-05-17,27.868762969970703,28.067139507330634,27.55409160928586,27.70458649441789,2589500
2022-05-18,28.0466251373291,28.31340969062805,27.779840584030154,27.848245943005256,2795200
2022-05-19,28.09450340270996,28.272361473207084,27.89612425080803,28.067140221172465,1578700
2022-05-20,27.909805297851562,28.238155641414927,27.868763135841498,28.238155641414927,1731600
2022-05-23,27.971370697021484,28.24499728363781,27.800354732760415,27.991891777693926,1712700
2022-05-24,28.628070831298828,28.78540781179605,27.88928323662158,27.88928323662158,2344100
2022-05-25,28.429697036743164,28.881179112927153,28.429697036743164,28.600713014229473,2133500
2022-05-26,27.643022537231445,28.50494191685368,27.643022537231445,28.44337866998477,2516700
2022-05-27,27.369396209716797,27.690907086200667,27.335193535717753,27.643022820702654,1343700
2022-05-30,27.38307762145996,27.52673302650773,27.32151176486713,27.376238130503754,1216500
2022-05-31,27.62250328063965,27.82772194559005,27.45832678298119,27.472008375244133,1946900
2022-06-01,27.492525100708008,27.71826742301606,27.362553909058715,27.506206690802117,3006300
2022-06-02,27.889286041259766,27.896125532210004,27.492527719230896,27.63618312415323,1651100
2022-06-03,28.231321334838867,28.429700519303108,27.697752254759788,27.93717360877039,3856800
2022-06-06,27.998733520507812,28.66227628841734,27.998733520507812,28.238154823621304,2732800
2022-06-07,27.636180877685547,28.203952522285128,27.636180877685547,27.991891787111307,1506100
2022-06-08,27.690908432006836,27.923490279799505,27.424123908552843,27.424123908552843,1751200
2022-06-09,27.718271255493164,28.00557685870438,27.492528901972765,27.738792338723435,2105400
2022-06-10,27.59514045715332,27.868767086998435,27.4036033819599,27.636185234479168,2268900
2022-06-13,27.67722511291504,27.827720007830973,27.403601115200374,27.649861930294556,2282500
2022-06-14,27.62934112548828,27.937170409317652,27.513051512428714,27.690906982254155,1087200
2022-06-15,27.636180877685547,27.855081103253642,27.526730764901497,27.697746729220103,1487000
2022-06-17,27.376235961914062,27.800354824014658,27.376235961914062,27.526730845996692,2590000
2022-06-20,27.492525100708008,27.670383162434923,27.41728026943515,27.506206690802117,1286000
2022-06-21,27.225744247436523,27.71142901779619,27.177859980471307,27.48568927488829,2106700
2022-06-22,27.150489807128906,27.4446374339036,27.027358121060608,27.16417139552496,2002400
2022-06-23,26.82898712158203,27.519890515713747,26.82898712158203,27.20522174648531,2131200
2022-06-24,26.67849349975586,27.123136101883855,26.644290824860665,27.123136101883855,1838100
2022-06-27,26.74005699157715,26.911072960413147,26.32961971016938,26.73321750100221,1988700
2022-06-28,26.90423583984375,27.25994679000036,26.57588285439687,26.79478310503024,1873300
2022-06-29,26.391185760498047,27.027362768583966,26.391185760498047,26.92475475221374,2288900
2022-06-30,26.418540954589844,26.774254413154786,26.11071174914941,26.329614547070673,3165200
2022-07-01,26.870033264160156,27.157341503014724,26.356985260738583,26.425393226893046,2521900
2022-07-04,26.43907356262207,27.01368740350419,26.356984007141083,26.84951090203917,1711500
2022-07-05,26.315940856933594,26.541680602340563,26.179127545734016,26.370664615715306,2044400
2022-07-06,26.500640869140625,26.75374382192893,26.055998219285375,26.227014221614763,2229200
2022-07-07,26.80162811279297,26.965802013827012,26.42539342930142,26.644293703678215,1853600
2022-07-08,26.733217239379883,26.972638549608572,26.705854058354728,26.801622582446203,1057400
2022-07-11,26.753738403320312,26.945275452096908,26.596404026182885,26.678490960016198,1689200
2022-07-12,26.794782638549805,27.157338292565626,26.692174615693716,26.753740473206083,1410200
2022-07-13,26.74005699157715,26.80846233531291,26.603243694609027,26.726375400930674,1425600
2022-07-14,27.06841278076172,27.10261545950612,26.65113331538754,26.73322287577064,1662400
2022-07-15,27.088930130004883,27.314672475678357,26.904235168358824,27.14365649604576,1381500
2022-07-18,26.999996185302734,27.335185950780733,26.828980253264074,27.1983726832506,1348200
2022-07-19,26.863187789916992,27.04104324331638,26.787940348653077,27.020522162788588,1518300
2022-07-20,26.999996185302734,27.109446277427637,26.815298665561457,26.828980253264074,1200600
2022-07-21,27.123132705688477,27.157335376301017,26.808461351362197,26.931593053164544,1027000
2022-07-22,27.533571243286133,27.636181869357898,27.12997344863201,27.12997344863201,2139800
2022-07-25,27.78667640686035,27.971373983100175,27.554094563761705,27.554094563761705,1789600
2022-07-26,27.643022537231445,28.046620349073592,27.629340945872777,27.78667533225236,2004300
2022-07-27,27.670385360717773,27.74563280746518,27.376237674067013,27.656703769536726,1662200
2022-07-28,27.766151428222656,27.95768846878556,27.519888027786656,27.62933813803638,1416600
2022-07-29,27.67722511291504,27.94400961972294,27.567774991929827,27.766154151683246,2401800
2022-08-01,27.944005966186523,28.162906179536858,27.595134566627053,27.67722149425933,1852800
2022-08-02,28.231321334838867,28.40917682503288,27.725112831291682,27.93717360877039,2629200
2022-08-03,28.231321334838867,28.484424281863937,28.108189607205688,28.320250384684396,2130000
2022-08-04,28.607553482055664,28.662279849278534,28.23131884063727,28.23131884063727,1609000
2022-08-05,28.840133666992188,29.05219441355343,28.566507065590372,28.60755183864964,1523800
2022-08-08,29.134279251098633,29.380542652718063,28.70331829826463,28.908536929781995,2707700
2022-08-09,29.4831485748291,29.496830163893772,29.161640365046328,29.250566779722256,1646800
2022-08-10,29.51735496520996,29.852544776695957,29.44894701730723,29.585760303616293,2102600
2022-08-11,28.833297729492188,30.098815045563683,28.75805027435876,29.82518841044158,3001800
2022-08-12,29.182167053222656,29.353183035158914,28.935903621714964,28.935903621714964,2017400
2022-08-15,29.674686431884766,30.023557798866104,29.264246613058095,29.264246613058095,2792300
2022-08-16,29.314231872558594,30.16391756073774,29.151372657869832,29.824042745249095,2126200
2022-08-17,29.76740074157715,29.809883408829347,29.073489265244703,29.15137505556878,1727200
2022-08-18,29.66826629638672,29.951493937940683,29.37795641067019,29.760313861822276,2065500
2022-08-19,29.385042190551758,29.661190347638716,29.31423594040624,29.399203980797925,1855700
2022-08-22,29.356714248657227,29.519570760665268,29.208019524791393,29.335472916986365,1194500
2022-08-23,29.271745681762695,29.491249342296758,29.17261586767791,29.448763978652625,1196000
2022-08-24,28.9743595123291,29.321316634245992,28.889391468607066,29.27883126184227,1536400
2022-08-25,28.584915161132812,29.00976071417077,28.436220433057766,28.99559892562767,1489700
2022-08-26,28.49287223815918,28.790261742852547,28.49287223815918,28.592002073056968,998100
2022-08-29,28.832744598388672,29.016842461258214,28.5141110846864,28.606161366663766,1295400
2022-08-30,28.825658798217773,29.087647822222568,28.76901434781461,28.832741042696203,1510900
2022-08-31,29.512493133544922,29.639946534016147,28.839823009076824,28.853984798138633,2597800
2022-09-01,29.923168182373047,30.13559227441093,29.314227581929316,29.739070363836017,3217600
2022-09-02,29.82404899597168,30.00814958112447,29.774484077142585,29.85237257846988,1793800
2022-09-05,29.923168182373047,30.248883862991686,29.80987659379229,29.894847311041257,1071000
2022-09-06,29.739078521728516,29.972744006634457,29.68243136135667,29.87361147598373,1120800
2022-09-08,29.54081153869629,29.923168972069224,29.385034587379973,29.923168972069224,1333600
2022-09-09,29.385042190551758,29.647028557392552,29.250509234841147,29.625787222565958,1021300
2022-09-12,29.377958297729492,29.562056141510645,29.27882578067898,29.38503784126208,979100
2022-09-13,29.1372127532959,29.42752265219961,29.073486058361674,29.314231050214865,1441600
2022-09-14,29.08765411376953,29.200945740165253,28.92479486855809,29.13721903149982,1324400
2022-09-15,28.91771697998047,29.18678562098904,28.839828475918598,29.080573533434563,1217200
2022-09-16,28.783178329467773,28.995599761568357,28.499947952610295,28.846905029206454,2555500
2022-09-19,28.98851776123047,29.080568039648867,28.52118952623064,28.5707544374363,1576300
2022-09-20,29.243419647216797,29.257581433907454,28.896465327091924,28.988512888954247,1476700
2022-09-21,29.49833106994629,29.739076079586344,29.243424271376227,29.257586060306238,1947200
2022-09-22,29.576221466064453,29.731998453256484,29.31423510667486,29.49125342808936,1792800
2022-09-23,29.61870765686035,29.65411078190786,29.285912339026094,29.554980951340713,1988700
2022-09-26,28.804418563842773,29.51957132156091,28.79733631909465,29.406279715355513,1412600
2022-09-27,28.28753089904785,28.776100538611857,28.28753089904785,28.69821203786568,2360600
2022-09-28,27.820194244384766,28.36541088485536,27.820194244384762,28.301684194382574,1832600
2022-09-29,27.282062530517578,27.75647303122928,27.282062530517575,27.75647303122928,3237600
2022-09-30,27.579448699951172,27.7918700967797,27.232491680966376,27.31746240056547,2915300
2022-10-03,28.35833168029785,28.35833168029785,27.40951346550065,27.57945222533692,2771800
2022-10-04,28.068017959594727,28.69112305961072,27.947646826079993,28.535346109335574,1757500
2022-10-05,28.032621383666992,28.266284162506466,27.763552779807263,28.195477914636374,2102300
2022-10-06,28.117584228515625,28.20255495156943,27.905162823050556,28.004292632195273,1666000
2022-10-07,28.294607162475586,28.301689407768645,28.082185722131538,28.117588845341352,1328400
2022-10-10,28.35125160217285,28.422057841803607,28.096344817766287,28.32292802588659,1701300
2022-10-11,28.145910263061523,28.450381961239298,28.13883071939725,28.308766778189295,1594700
2022-10-13,27.664419174194336,28.245038970905874,27.636095598480395,28.11758558127799,2393800
2022-10-14,27.508638381958008,27.82019226929949,27.317461025196877,27.7210624691761,1912400
2022-10-17,27.416595458984375,27.685661333055556,27.416595458984375,27.586531516178287,1581800
2022-10-18,27.579448699951172,27.86975857253657,27.46615710823698,27.71398162102283,2380200
2022-10-19,27.650259017944336,27.6715030515258,27.46616116711004,27.593614564258786,1758200
2022-10-20,27.7069091796875,27.9618160016495,27.57237352304906,27.67150605465618,4855800
2022-10-21,28.273365020751953,28.634481188908108,27.728148295429854,27.89100481840891,2568800
2022-10-24,28.50702476501465,28.889384926809168,28.252120691569765,28.266279778079372,2240100
2022-10-25,28.414981842041016,28.726533116790236,28.414981842041016,28.49994988041167,1898600
2022-10-26,27.813119888305664,28.42914563794481,27.76355497066832,28.414983847036222,2863500
2022-10-27,28.060943603515625,28.308768160137458,27.8768430462379,27.89808708043769,2521200
2022-10-28,27.990129470825195,28.20963310964376,27.975967684344845,28.004291257305546,1682100
2022-10-31,28.45746421813965,28.58491762492802,27.28914492402653,27.62901977510045,3378500
2022-11-01,28.237960815429688,28.63448009057458,27.926406869433006,28.45038224155516,2708500
2022-11-03,27.933483123779297,28.266275629609062,27.820191540735983,28.22379297414557,2738800
2022-11-04,27.975969314575195,28.584912663292037,27.975969314575195,28.018454676491977,2352900
2022-11-07,27.763545989990234,28.167147446532972,27.685657515730313,27.97596738273622,1521200
2022-11-08,27.975969314575195,28.039696006908,27.579450074357524,27.621932735189564,1176100
2022-11-09,27.933483123779297,28.31584322945714,27.820191540735983,27.820191540735983,1358000
2022-11-10,27.18292808532715,28.23087603433845,27.06255694506806,28.103422649896626,4193400
2022-11-11,27.983055114746094,28.096346726502755,27.282061410005756,27.359949899541917,3516200
2022-11-14,28.50702476501465,29.02392055841361,28.17423221034294,28.17423221034294,3121500
2022-11-16,27.14027214050293,28.39111087559419,26.93664826238753,28.39111087559419,3529300
2022-11-17,27.06027603149414,27.089365949320396,26.463946586892146,26.943919134356367,2542200
2022-11-18,26.8348388671875,27.562070242730062,26.80574894636559,27.16936463413687,2570100
2022-11-21,26.980281829833984,27.50388928674386,26.885743752244366,27.169363533348072,1898600
2022-11-22,26.856653213500977,27.2275399708175,26.78393119023652,27.05300600531585,1686000
2022-11-23,26.68939208984375,27.045733911028044,26.47849432472057,26.87119993408769,1345400
2022-11-24,27.125730514526367,27.13300438201985,26.580306967555323,26.762114816545672,1125300
2022-11-25,26.5948543548584,27.154822913739668,26.514858450137094,27.038465990736277,1331800
2022-11-28,26.231239318847656,26.733028042441042,26.202149393783937,26.616671116354112,1760300
2022-11-29,26.18760108947754,26.434859872630796,26.078518045660495,26.376682804095225,2621200
2022-11-30,25.460371017456055,26.27487221241925,25.34401410019956,26.20942127307699,5364100
2022-12-01,25.554912567138672,25.925802158111825,24.965856871379135,25.11857480923029,10116700
2022-12-02,25.64217758178711,26.30395803548867,25.64217758178711,25.649451449218414,3149300
2022-12-05,25.23493194580078,25.59127380383953,25.220386983856855,25.45310082662399,2698100
2022-12-06,25.43855094909668,25.642174828628985,25.25674312118075,25.278559172797127,2562800
2022-12-07,25.758533477783203,25.87489315875647,25.438552677609167,25.438552677609167,1313000
2022-12-08,25.540369033813477,25.88216872026513,25.540369033813477,25.743995736505166,2118600
2022-12-09,25.344009399414062,25.60581310822398,25.271287379930072,25.60581310822398,1281800
2022-12-12,24.929492950439453,25.525822511099438,24.864042009675906,25.39492062957234,1926200
2022-12-13,24.842222213745117,25.49673152283363,24.81313229463732,25.234927799198225,2977100
2022-12-14,24.31134605407715,24.667687888450846,23.64229171992839,24.544059881389504,5550900
2022-12-15,24.58769416809082,24.68223225090373,23.94772977141666,24.04227062839715,1878900
2022-12-16,24.071359634399414,24.71859794845321,23.984092638076124,24.434975355608877,3421500
2022-12-19,24.180442810058594,24.362250650735728,24.027724889690003,24.027724889690003,2033200
2022-12-20,24.4058837890625,24.820405414283663,24.158625032424677,24.19498604313109,2327100
2022-12-21,24.558603286743164,24.73313725908804,24.33316056711627,24.500423446516557,1340900
2022-12-22,25.213111877441406,25.271291722359564,24.696778237547402,24.696778237547402,2010600
2022-12-23,25.314922332763672,25.518546207269107,25.045844756690375,25.329467291537952,1032300
2022-12-26,25.184022903442383,25.504003704792247,25.031302208687507,25.358556877208674,579500
2022-12-27,24.92222023010254,25.373102918064685,24.885859215199847,25.2422010450809,1241500
2022-12-28,25.300376892089844,25.387643868906096,24.91494242733097,25.08220806296562,1492500
2022-12-29,25.16220474243164,25.496733286982963,25.140388688675003,25.329470401791085,1199700
2023-01-02,24.95857810974121,25.431279566598924,24.798586335266183,25.220381822821345,1268100
2023-01-03,24.696775436401367,25.184021872739752,24.66768551724171,25.002214039242983,1666800
2023-01-04,24.66769027709961,25.002218863651247,24.565878314562642,24.733141220754504,1855700
2023-01-05,24.769500732421875,24.944034702554966,24.624053907866006,24.769500732421875,1676900
2023-01-06,25.7221736907959,26.209420168513386,25.34401303210747,25.34401303210747,6293300
2023-01-09,25.998517990112305,26.223960683272193,25.562180336308746,25.823981264090595,4401300
2023-01-10,26.027612686157227,26.216691631080675,25.87489475669971,26.03488377958335,3949500
2023-01-11,25.993824005126953,26.243112280507468,25.767200134031217,26.00893264742385,3121400
2023-01-12,26.462177276611328,26.839884644563778,26.182674631196505,26.182674631196505,2607200
2023-01-13,26.356420516967773,26.499951165651,26.152458185953677,26.409299319636766,1703200
2023-01-16,26.36397933959961,26.53772440878362,26.228004436467955,26.265774602520313,1918800
2023-01-17,26.522619247436523,26.590606707926515,26.318656865966553,26.341318392236772,1162600
2023-01-18,26.515058517456055,26.749238144539607,26.454626831495688,26.537722921160135,2092000
2023-01-19,26.877660751342773,26.900322273866703,26.454627413596715,26.454627413596715,1399800
2023-01-20,26.605710983276367,26.91543094538193,26.5906023410177,26.787008927022676,1296100
2023-01-23,26.847444534301758,27.02118960447723,26.719022510976163,26.734131153819114,1600800
2023-01-24,26.983417510986328,27.06651359984814,26.6888062007881,26.696359080830646,1856800
2023-01-25,27.066516876220703,27.217597548789858,26.945647727478796,26.990973658257012,1745900
2023-01-26,27.398893356323242,27.4819894399768,27.04384750132298,27.04384750132298,2218600
2023-01-27,27.580190658569336,27.935236505534146,27.376231216353936,27.376231216353936,4071200
2023-01-30,27.527315139770508,27.723724607683707,27.436666167791493,27.617966993428382,1334900
2023-01-31,28.010784149169922,28.0787687195687,27.534871984625664,27.534871984625664,1775900
2023-02-01,27.45932960510254,28.16186567070509,27.285584529328016,28.003229238260403,2638500
2023-02-02,27.202489852905273,27.602861717863618,27.13450239520889,27.376237819435417,1605500
2023-02-03,26.990968704223633,27.429110642957326,26.96075142258436,27.323350157219874,1249200
2023-02-06,27.262920379638672,27.50465288627807,26.968309067276827,26.968309067276827,1389900
2023-02-07,26.839893341064453,27.42156322198182,26.82478469564952,27.323358467624484,1547500
2023-02-08,27.157161712646484,27.308245243843476,26.87765905302319,27.028739702541507,2569600
2023-02-09,26.877660751342773,27.346017134136687,26.74923873312319,27.232703758159342,1387300
2023-02-10,27.27047348022461,27.293137884059465,26.749238298883874,26.756791179042953,1457500
2023-02-13,27.421558380126953,27.602859211414206,27.12694705075425,27.1949345022771,1333400
2023-02-14,27.02873992919922,27.519760689287374,26.990969766502907,27.444220363894747,1403500
2023-02-15,27.13450050354004,27.300692695585013,26.9909727169333,27.179826432737492,1486300
2023-02-16,27.07406997680664,27.187383363831838,26.915433540314677,27.081622857824723,1699300
2023-02-17,27.24026107788086,27.444223437296557,27.119394814709967,27.119394814709967,1340600
2023-02-22,26.907875061035156,27.187380619031035,26.79456456712877,27.187380619031035,1070600
2023-02-23,26.97586441040039,27.164718128560594,26.8625539085117,26.953202886358465,979100
2023-02-24,26.779457092285156,27.074068423634582,26.64348218832712,26.938093519676542,1382700
2023-02-27,26.67369842529297,26.847443488701767,26.605710975987016,26.749238754886754,1019400
2023-02-28,26.86255645751953,27.05896307510453,26.749243063199398,26.885217983711826,1245100
2023-03-01,26.96830940246582,27.03629685090809,26.802117221456086,26.89276619215284,1336200
2023-03-02,26.938095092773438,27.406451521713297,26.83989034936247,26.960756617530148,1465800
2023-03-03,26.96830940246582,27.157163105730035,26.711468250759335,26.89276619215284,1164900
2023-03-06,27.14205551147461,27.210042962541507,26.922984515628062,27.036297894632533,1147700
2023-03-07,27.12694549560547,27.323352076701248,26.975861958473985,27.149607017587616,1630700
2023-03-08,27.34601593017578,27.35356881012494,27.096727666672553,27.157162232980752,1034200
2023-03-09,27.27047348022461,27.519761750656357,27.08917553961862,27.300690764218544,1353200
2023-03-10,27.225149154663086,27.3460154032719,27.021186819820958,27.119391547340207,1306600
2023-03-13,27.45932960510254,27.81437551915604,27.126948096883325,27.157165383543,2093200
2023-03-14,27.648183822631836,27.814376020576987,27.50465603092955,27.54242619909551,1665400
2023-03-15,28.13920021057129,28.328053903259686,27.56508625273717,27.670843859574088,2763600
2023-03-16,27.00607681274414,27.90501931120464,26.87010192972611,27.874804911839487,5613800
2023-03-17,26.802122116088867,27.119397893986985,26.62837702315773,26.95320568262705,3453000
2023-03-20,26.854997634887695,27.217596421052104,26.703914086899445,26.81722746831038,2887200
2023-03-21,26.326204299926758,26.960752839302444,26.273325495118677,26.86255099133243,3932900
2023-03-22,26.205337524414062,26.477287304659782,26.160014482158896,26.32620377322564,2050200
2023-03-23,26.061809539794922,26.447069804183716,25.827629923917083,26.295989155672757,2018300
2023-03-24,26.439517974853516,26.56038422747141,26.06181057521275,26.21289411140481,1813500
2023-03-27,26.41685676574707,26.719020960029578,26.379083719992803,26.545275899939405,1827500
2023-03-28,26.462177276611328,26.56038199914895,26.273323592635105,26.42440711615179,2196900
2023-03-29,26.379085540771484,26.613265184889357,26.092029968641324,26.613265184889357,2225500
2023-03-30,26.326204299926758,26.620818488873002,26.19778516872963,26.507505117610695,2522900
2023-03-31,26.31110382080078,26.515063319322945,26.212899071441704,26.424414333126506,2057300
2023-04-03,26.175125122070312,26.386640353221136,25.86540515573708,26.32620578336153,2448600
2023-04-04,26.575490951538086,26.65858703453134,26.137349016365857,26.439516066945224,3813500
2023-04-05,26.575490951538086,26.824776318839287,26.243109501243627,26.635922632646825,1731700
2023-04-06,26.47728729248047,26.666140986266605,26.439517130058977,26.57549202011929,1403000
2023-04-10,25.64633560180664,26.462182168944974,25.140206136704208,26.43196776399841,9671700
2023-04-11,25.638776779174805,25.956052487517013,25.47258748592766,25.73698150814724,7137400
2023-04-12,26.212894439697266,26.348869335805205,25.653886213289212,25.68410349724182,4163000
2023-04-13,26.401750564575195,26.439520732142444,26.08447481731637,26.288437180194386,2731700
2023-04-14,26.288434982299805,26.416856999306358,26.00893230765565,26.401748357206834,1898700
2023-04-17,26.711471557617188,26.77945901447625,26.205342071737693,26.326208341522783,4816100
2023-04-18,26.522619247436523,26.870109431416772,26.333765510706478,26.787013326186855,2364700
2023-04-19,26.235553741455078,26.643478395255414,26.19022781936219,26.47728622926004,1911000
2023-04-20,26.175125122070312,26.39419323361414,26.05425886403,26.31865290296853,1535000
2023-04-24,26.77189826965332,26.930537560589194,26.039147906174314,26.16756703318865,5805200
2023-04-25,26.779457092285156,26.99852809107077,26.545277450650985,26.771901330021393,2340400
2023-04-26,26.537723541259766,26.87766078797628,26.341314073521847,26.787008934399303,1780600
2023-04-27,26.681255340576172,26.877664837909126,26.53772753997078,26.53772753997078,1730900
2023-04-28,27.504655838012695,27.542426005913732,26.74168807236697,26.83988993257385,3541900
2023-05-02,27.255373001098633,27.429118095211614,26.945650102664935,27.391345042060617,2102600
2023-05-03,27.262920379638672,27.481991364305248,27.149607006416982,27.262920379638672,1665200
2023-05-04,27.017356872558594,27.32772707769886,26.01811607124218,26.843247039209544,7356300
2023-05-05,27.199039459228516,27.56996824070379,26.911378341543347,27.01735799339343,2264700
2023-05-08,27.282310485839844,27.380718514140625,27.09306027917513,27.252029759718532,1581000
2023-05-09,27.4412784576416,27.638097391150897,27.12333951403531,27.34286754702254,1293700
2023-05-10,27.668380737304688,27.766791657248607,27.176331913043303,27.244462105661537,2428900
2023-05-11,28.062023162841797,28.190714817602537,27.358012094049247,27.569971422208976,2596100
2023-05-12,28.152854919433594,28.326964733448623,27.8122069155116,28.0165945627734,2233900
2023-05-15,28.13771629333496,28.258839184701948,27.948466107167054,28.17556864075148,1241500
2023-05-16,28.024173736572266,28.296694523309547,27.88791334320363,28.016602110424415,1595500
2023-05-17,28.07715606689453,28.251265881295087,27.986316791496087,28.009025888413575,1370200
2023-05-18,28.13014793395996,28.387528306111186,28.016596665644034,28.077158112140182,1446500
2023-05-19,28.069591522216797,28.637342131765884,28.05445115943468,28.16799954870714,3829500
2023-05-22,28.069591522216797,28.47836976641815,28.01659880861493,28.069591522216797,2149000
2023-05-23,28.198280334472656,28.25127016045872,28.084729057228845,28.084729057228845,2074500
2023-05-24,28.258838653564453,28.387527391630105,28.016595763112214,28.19827720901924,2161200
2023-05-25,28.478374481201172,28.60706614229043,28.273983881397815,28.425384646555422,1558700
2023-05-26,28.523788452148438,28.713038639390543,28.31182916651046,28.569209536668872,1184500
2023-05-29,28.660053253173828,28.902293299312493,28.342111387786122,28.387532479335547,1161700
2023-05-30,28.455659866333008,28.819019899704333,28.34968021756581,28.720608988250998,1659600
2023-05-31,27.948463439941406,28.41023431215918,27.948463439941406,28.311826303907953,4375400
2023-06-01,28.069591522216797,28.258841725399826,27.85762933099613,28.01659880861493,1939100
2023-06-02,27.956035614013672,28.296686500856627,27.76678544218186,28.08472434474965,3093100
2023-06-05,27.759218215942383,28.00146113097468,27.456419625677604,27.956040042956953,2907100
2023-06-06,28.28154945373535,28.387529100340014,27.728939233776185,27.744079595823823,2525800
2023-06-07,28.357254028320312,28.652483927771506,28.2209936304614,28.281555090722858,1632300
2023-06-09,28.77359962463379,28.803880350201474,28.395099218224495,28.440520306576023,1782100
2023-06-12,28.88715362548828,29.030982753903395,28.713043768650234,28.773602337766892,1746800
2023-06-13,28.50107765197754,28.99312637678999,28.357245670115265,28.90228710090175,3224400
2023-06-14,28.84929847717285,28.97798721603223,28.569209013745255,28.57677775049578,2557600
2023-06-15,28.77359962463379,28.947712352783523,28.7206097987548,28.849301438553006,1349300
2023-06-16,28.304258346557617,28.87958054925758,28.304258346557614,28.76602927859268,4198600
2023-06-19,28.62220001220703,28.909858224224486,28.304258188755167,28.31182981354596,2096300
2023-06-20,28.637340545654297,28.83415947546288,28.501080175891136,28.629768920818137,2521100
2023-06-21,28.652477264404297,28.796309255211273,28.538928884414716,28.705467085945177,1711600
2023-06-22,28.448089599609375,28.766028528818115,28.326966707268486,28.644908524205924,1208100
2023-06-23,28.80388069152832,29.023411622902103,28.4329519059799,28.629770849044313,2324100
2023-06-26,28.62220001220703,28.872008763456794,28.470799281407512,28.803878578983447,1605900
2023-06-27,28.357254028320312,28.841734159494514,28.099873597667848,28.644915189103507,1814200
2023-06-28,28.220989227294922,28.37238996659697,28.084728850695967,28.357249603893873,1665500
2023-06-29,28.13771629333496,28.243698823281076,27.948466107167054,28.236127198706303,2452500
2023-06-30,28.49350929260254,28.758461301916885,28.183139084004306,28.220988545983825,2261400
2023-07-03,28.395103454589844,28.74332607511294,28.24370557962169,28.690336241328215,4069100
2023-07-04,28.31183433532715,28.425382735765428,28.122584113534128,28.38753326895267,1167800
2023-07-05,28.099868774414062,28.33454006105258,28.016598224712368,28.236129148884313,2522100
2023-07-06,28.031736373901367,28.145287639570633,27.948465830774396,28.016596012630224,2419800
2023-07-07,28.13771629333496,28.37238756376549,28.02416791427142,28.122578819642758,1742800
2023-07-10,27.81978416442871,28.258846089732515,27.78193469549237,28.137723168769224,1417900
2023-07-11,27.615385055541992,27.91061486507361,27.29744614919363,27.91061486507361,2000500
2023-07-12,27.418569564819336,27.78949833515572,27.3958575774414,27.70622778613727,1855000
2023-07-13,27.418569564819336,27.577539037820646,27.3958575774414,27.441278664468424,1472800
2023-07-14,27.380720138549805,27.57754198228614,27.297452468369677,27.433712856270475,1319300
2023-07-17,27.562400817871094,27.577541181390277,27.342869878436545,27.380719343369968,1236100
2023-07-18,27.524547576904297,27.69108866503883,27.380715587068593,27.67594830359672,1081800
2023-07-19,27.39585304260254,27.63052428847039,27.31258539509624,27.56996284912577,1841700
2023-07-20,27.53969383239746,27.53969383239746,27.282313408254335,27.479132373667646,1341700
2023-07-21,27.71380043029785,27.92575973542735,27.479129136955226,27.592680414834,1988200
2023-07-24,27.81978416442871,27.99389403171938,27.683523766074384,27.70623286989031,1836200
2023-07-25,27.43370819091797,27.850058021931137,27.32015692440135,27.804636937778756,2796200
2023-07-26,27.4942684173584,27.645669152659547,27.327727319754256,27.441278593162323,1677700
2023-07-27,27.327726364135742,27.63809656117183,27.327726364135742,27.49426745591614,2688300
2023-07-28,27.39585304260254,27.554825377017984,27.380712682766383,27.532113393399566,796600
2023-07-31,27.252025604248047,27.524546322327094,27.252025604248047,27.410995060551308,2854100
2023-08-01,27.35044288635254,27.42614182004521,27.21418249552236,27.365583250636917,1584300
2023-08-02,27.40342903137207,27.494268317130075,27.244459559363357,27.388288669124265,2624400
2023-08-03,27.569971084594727,27.79707366224685,27.524552879247686,27.63053254202975,2955500
2023-08-04,27.630537033081055,28.062027380387505,27.630537033081055,27.668386506265364,2254500
2023-08-07,27.516979217529297,27.903051260793355,27.516979217529297,27.79707160585154,3746200
2023-08-08,27.415924072265625,27.656617054379826,27.392629005516163,27.54015356809177,2278800
2023-08-09,26.93453025817871,27.524622542553125,26.93453025817871,27.45474327103154,3369300
2023-08-10,27.082061767578125,27.3693419745848,27.04324059828512,27.04324059828512,1459200
2023-08-11,27.043237686157227,27.3072227936688,26.864654995282276,27.159701181494974,2003700
2023-08-14,27.03546905517578,27.159698548612162,26.96558978000127,27.128640434786877,1363600
2023-08-15,26.78700828552246,27.19851789979325,26.78700828552246,27.08205442349667,1655900
2023-08-16,26.748186111450195,26.973352970353755,26.66277778828923,26.833594434611165,2044600
2023-08-17,26.78700828552246,26.880179658932636,26.67830785623316,26.79477133252974,1533300
2023-08-18,26.957828521728516,27.24510868901793,26.8258330101426,26.8258330101426,2158500
2023-08-21,26.748186111450195,27.058758331650278,26.709364954158243,26.98111601706637,3003500
2023-08-22,26.78700828552246,26.85688755604623,26.67830785623316,26.818066397280706,1544400
2023-08-23,26.841360092163086,26.880181253231147,26.701601542826282,26.825831035362913,1638800
2023-08-24,27.097583770751953,27.097583770751953,26.864650891924985,27.097583770751953,1453700
2023-08-25,26.996644973754883,27.167461619452933,26.996644973754883,27.136403508987026,1468200
2023-08-28,26.965585708618164,27.043230981458148,26.732655813826828,27.012172872322154,1596900
2023-08-29,27.12863540649414,27.25286487690459,27.004405936083693,27.035464044152356,1842300
2023-08-30,27.0277042388916,27.245105097711825,26.903474753585108,27.245105097711825,1685300
2023-08-31,26.554079055786133,27.043233962065845,26.554079055786133,27.03546795299375,2482300
2023-09-01,27.1053466796875,27.214047109591597,26.59289968023636,26.63948684813722,4697800
2023-09-04,27.0665225982666,27.27616038838852,27.01993543539587,27.229573225517786,1037700
2023-09-05,26.6317195892334,27.151932573183554,26.6317195892334,27.151932573183554,2494600
2023-09-06,26.398794174194336,26.86465406311061,26.398794174194336,26.709369408048477,2305600
2023-09-08,26.592899322509766,26.701599750951623,26.39879056833086,26.460906791363087,1265400
2023-09-11,26.94229507446289,27.027703398304432,26.54631156608202,26.63171988992356,2452500
2023-09-12,27.004409790039062,27.0898181184849,26.872417254706132,26.950059574094368,1319900
2023-09-13,27.004409790039062,27.14416833442959,26.903475367207278,27.04323391159781,2081600
2023-09-14,27.113113403320312,27.252871964109797,26.981120852499675,27.09758730711257,2486900
2023-09-15,27.415924072265625,27.415924072265625,27.13640696619059,27.14417001386387,2403100
2023-09-18,27.291688919067383,27.454739543190318,27.066522078975215,27.415918389141645,1983300
2023-09-19,27.182992935180664,27.353809613695784,27.128642712355855,27.322751497263035,1407900
2023-09-20,27.245107650756836,27.454745482205585,27.21404953605372,27.22957859340528,2109800
2023-09-21,27.15969467163086,27.299453202029685,27.02770214951215,27.175223726326767,1827200
2023-09-22,27.120874404907227,27.206282727602424,27.043232090746734,27.19851671906772,867700
2023-09-25,26.965585708618164,27.237339720761646,26.89570644399433,27.144165393353664,1940600
2023-09-26,26.763715744018555,27.0354668127882,26.686070465895433,26.965587543409647,1751500
2023-09-27,26.70160484313965,26.872421527189704,26.445382778929666,26.763721078017888,2678600
2023-09-28,26.825830459594727,26.864651619829562,26.647250753022757,26.787009299359894,1988100
2023-09-29,26.833593368530273,27.066523264892297,26.755948095166715,26.849122423202985,1365600
2023-10-02,26.78700828552246,26.895708714811757,26.65501575334676,26.887945667804477,1037300
2023-10-03,26.266796112060547,26.880177479293412,26.259030103818432,26.787006113438242,2547000
2023-10-04,26.592899322509766,26.748186918225795,26.313382242593818,26.40655361527762,1671600
2023-10-05,26.585134506225586,26.849122512814112,26.43760996727461,26.64724776325941,1052500
2023-10-06,26.50749397277832,26.608431365605693,26.251271928665584,26.523023030279827,1773900
2023-10-09,26.37550163269043,26.49196512206352,26.150334739958275,26.476436064440794,2552300
2023-10-10,26.523019790649414,26.647249273622723,26.3366740852572,26.39879030767611,1340100
2023-10-11,26.414321899414062,26.639488784504916,26.220213128514665,26.53078538483483,2017000
2023-10-13,26.01057243347168,26.41431898786274,26.002809386711903,26.39878993247872,2697900
2023-10-16,26.22797203063965,26.375496568799505,26.041629298673108,26.095979508985376,1135500
2023-10-17,25.979516983032227,26.344442417264204,25.94845886908381,26.220212923335307,2004000
2023-10-18,26.088214874267578,26.290089633368336,25.808700761601454,25.979514447920007,2649900
2023-10-19,26.220212936401367,26.569609313833247,26.041633223906132,26.095983442410564,2012800
2023-10-20,26.212448120117188,26.437615013807417,26.06492651487095,26.18139296660449,1400100
2023-10-23,26.313386917114258,26.46867454041682,26.07269391476709,26.103749069935553,1422900
2023-10-24,26.313386917114258,26.476437588742673,26.227978576204592,26.476437588742673,917700
2023-10-25,26.25127410888672,26.476438056696754,26.22021599130426,26.336679489440808,995600
2023-10-26,26.639488220214844,26.779246769251163,26.251270686639447,26.26679974340623,2114600
2023-10-27,26.367734909057617,26.872418901605023,26.243505413304153,26.732660348649276,1946100
2023-10-30,26.20468521118164,26.49196537528575,26.049397595334987,26.414323048294886,2838000
2023-10-31,26.235742568969727,26.367735113414906,26.127042129576086,26.290092788666545,1498600
2023-11-01,26.39103126525879,26.507494757169113,26.150335309660196,26.274564811483515,1514300
2023-11-03,26.965585708618164,27.08981518329783,26.592897284579166,26.592897284579166,2434300
2023-11-06,27.3227481842041,27.36933535320423,27.058760150265986,27.058760150265986,1189200
2023-11-07,27.796377182006836,27.936135742961294,27.206287783871876,27.28393011246214,1742500
2023-11-08,27.726497650146484,27.951664547627743,27.679913438160675,27.679913438160675,879600
2023-11-09,27.679908752441406,27.943896769177314,27.5090921057698,27.734258965134288,1671700
2023-11-10,27.974956512451172,28.161302245048915,27.57897590324525,27.687676346483546,4284100
2023-11-13,28.161296844482422,28.184588945891,27.94389599969737,27.990480202514526,1670400
2023-11-14,28.72472381591797,28.748403581363707,28.045875768976348,28.14849310450856,3035400
2023-11-16,28.606321334838867,28.811552990131997,28.47212897428693,28.6457886134152,2381400
2023-11-17,28.574748992919922,28.803663445800115,28.3379422880469,28.614216275205322,3463600
2023-11-20,28.630001068115234,28.71683088758342,28.27478953900009,28.519491483759488,1359100
2023-11-21,28.614213943481445,28.86680814291728,28.574746664412167,28.582638915761873,1813800
2023-11-22,28.85892105102539,29.087832515016622,28.61421905919093,28.669473861998565,2324900
2023-11-23,29.072044372558594,29.072044372558594,28.756300100734055,28.85891744075111,961400
2023-11-24,28.929960250854492,29.072044874512695,28.835235160975298,29.072044874512695,2112400
2023-11-27,28.98521614074707,29.111513254188118,28.858919027306023,28.929961341814156,1365600
2023-11-28,28.827342987060547,29.119404487076785,28.685258363017923,28.99310737805674,1360700
2023-11-29,28.732622146606445,29.02468365921201,28.732622146606445,28.914174060451025,1272100
2023-11-30,28.77998161315918,28.890491211653696,28.495812353510008,28.77208936090702,1717800
2023-12-01,28.80366325378418,28.95364012993315,28.65368336647461,28.740513193620025,1388600
2023-12-04,28.7484073638916,28.874707492647705,28.677368058207502,28.8036651758028,1030800
2023-12-05,28.8431339263916,28.8431339263916,28.4168800036581,28.748408825010184,2456100
2023-12-06,28.661582946777344,28.96153674425635,28.63790016506822,28.84313488035497,968900
2023-12-07,28.393198013305664,28.74840657664232,28.35372771856984,28.66157975724138,1352600
2023-12-08,28.49580955505371,28.543172097397534,28.21953558594915,28.393195230049404,1091000
2023-12-11,28.26689910888672,28.511598058250804,28.195856798486705,28.49581054358852,1218900
2023-12-12,28.330047607421875,28.43266495240245,28.227430262441295,28.274792808854027,835800
2023-12-13,29.008899688720703,29.040474723985728,28.337946750724935,28.337946750724935,1543600
2023-12-14,29.166767120361328,29.316743996788556,29.02468249588896,29.02468249588896,1734600
2023-12-15,29.37199592590332,29.37199592590332,28.953637356452628,29.16676427235024,3565500
2023-12-18,29.206235885620117,29.474617633123597,29.079938769804407,29.372000285535595,1461000
2023-12-19,29.545654296875,29.545654296875,29.20623029845955,29.20623029845955,1520900
2023-12-20,29.458831787109375,29.640383713188083,29.3404269169376,29.537766359783273,1667800
2023-12-21,29.48250961303711,29.529872160215618,29.340424982662316,29.458829845028223,974900
2023-12-22,29.69563865661621,29.8140435273475,29.45093967347427,29.48251169599646,1109800
2023-12-26,29.758787155151367,29.774574671160643,29.48251014173018,29.695637091114254,1135500
2023-12-27,29.80614471435547,29.94033708595016,29.593020790273133,29.758785180630767,650100
2023-12-28,30.295547485351562,30.35869453162154,29.916656174250257,29.99559073487785,1739100
2024-01-02,30.09820556640625,30.484989096899454,30.01137575024975,30.429734306828994,2001500
2024-01-03,30.287649154663086,30.461308783845844,30.098205023882052,30.12188478743964,2592100
2024-01-04,30.040136337280273,30.200776319823536,29.823268684033348,30.19274554630088,1464900
2024-01-05,30.200777053833008,30.377484715738877,29.871460179197467,29.99997400676228,1059100
2024-01-08,30.040136337280273,30.200776319823536,29.983911730587877,30.200776319823536,918300
2024-01-09,30.3935489654541,30.3935489654541,29.88752443493519,30.016038260970486,971100
2024-01-10,30.297164916992188,30.43370951915132,30.056198807751485,30.393549522281656,1346000
2024-01-11,30.080299377441406,30.281102439955685,29.638533252712307,30.184717827872074,2520500
2024-01-12,30.184715270996094,30.281099874915196,29.91965378020442,29.983912225491366,1019700
2024-01-15,30.40158462524414,30.401584625244144,30.07226770159991,30.184719998464107,933100
2024-01-16,30.240942001342773,30.38552044937559,30.05620049018076,30.32929277379702,1459600
2024-01-17,30.224878311157227,30.24897369856075,30.072266020237237,30.24094292409678,1119700
2024-01-18,29.895557403564453,30.257000422274515,29.88752356616442,30.22487426470801,2218000
2024-01-19,29.999969482421875,30.1525817361472,29.85539106521413,29.935714110335585,1385400
2024-01-22,29.654590606689453,30.14455050016046,29.453787572579113,30.040135128511107,1357100
2024-01-23,29.799171447753906,29.863429894594432,29.566242237985474,29.64656223252474,968000
2024-01-24,29.654590606689453,29.959812076460285,29.6063998394701,29.831298257190113,1018300
2024-01-25,29.5501766204834,29.70278583051824,29.47788740225399,29.65459199702821,1020500
2024-01-26,29.638530731201172,29.70278611245317,29.534112289653955,29.55017690096978,827100
2024-01-29,29.53411293029785,29.75098059174877,29.47788832147851,29.598368312943652,1125300
2024-01-30,29.261022567749023,29.63853330644396,29.261022567749023,29.534114855823994,947700
2024-01-31,29.261022567749023,29.261022567749023,29.261022567749023,29.261022567749023,0
2024-02-01,29.73491668701172,29.734916687011722,29.34134135190795,29.630498240717014,1576300
2024-02-02,29.34134292602539,29.7991736698645,29.333312151577168,29.718853669335807,1629700
2024-02-05,29.14857292175293,29.341342143485242,29.028089860161582,29.341342143485242,1840700
2024-02-06,29.42166519165039,29.429695965880548,29.05218523282105,29.148572907652113,1489500
2024-02-07,29.56624412536621,29.79114257564181,29.317247223981376,29.421665674757154,1215400
2024-02-08,28.963830947875977,29.566240054465663,28.94776633735225,29.566240054465663,1666200
2024-02-09,28.979894638061523,29.092343844145336,28.771057771896384,28.915636198007306,1927300
2024-02-14,28.67467498779297,28.963831858286778,28.52206271502609,28.915638025200725,1378800
2024-02-15,28.835317611694336,29.044151423985763,28.682705341162894,28.682705341162894,1629000
2024-02-16,28.634521484375,28.955804585757676,28.554198411020366,28.835324571743655,1756800
2024-02-19,28.433712005615234,28.690739654550928,28.401582783495456,28.63451504784695,1989700
2024-02-20,28.45780372619629,28.56222215263584,28.152582283378845,28.313225309283336,2076900
2024-02-21,28.0321102142334,28.530100977311537,27.646565617772936,28.43371636020229,3970400
2024-02-22,28.36142349243164,28.465838870898,27.991943556897766,28.03210661755089,1677500
2024-02-23,28.273067474365234,28.489935116268782,28.08832905289431,28.361421298549395,2048900
2024-02-26,28.160621643066406,28.369455472893538,28.040138584004794,28.273070864051128,1551100
2024-02-27,28.3935489654541,28.50600124295053,28.184715149554695,28.224875145226356,1225300
2024-02-28,28.128494262695312,28.36945733260298,28.04014042212645,28.273072717442247,1496800
2024-02-29,28.433712005615234,28.481902774783638,28.048167468200432,28.128490523499874,1702700
2024-03-01,28.1124267578125,28.473872857500933,28.104395984046693,28.425679022872025,2038800
2024-03-04,27.943756103515625,28.200783789346367,27.911626876783856,28.112429947839853,1214500
2024-03-05,27.943756103515625,28.152589949248714,27.879497650052087,27.943756103515625,1303900
2024-03-06,27.815242767333984,28.1445596873048,27.767048926358346,27.951787387413994,1695300
2024-03-07,28.433712005615234,28.594351988191594,27.99194286149645,28.056201305736007,2125700
2024-03-08,28.41765022277832,28.7710625092349,28.393551771784495,28.433714835437016,1476800
2024-03-11,28.3935489654541,28.50600124295053,28.313228974110775,28.41764741406611,1136200
2024-03-12,28.41765022277832,28.50600406039536,28.30520099817903,28.50600406039536,948500
2024-03-13,28.45780372619629,28.505997553170896,28.240936100826858,28.417643735722883,968900
2024-03-14,28.449771881103516,28.55419031485208,28.353387284418503,28.449771881103516,1393400
2024-03-15,28.377487182617188,28.61041638118202,28.321259512330514,28.47387178423061,3818100
2024-03-18,28.3533878326416,28.610415471445414,28.240938623666327,28.39354782670261,2070800
2024-03-19,28.68270492553711,28.68270492553711,28.353388069072945,28.417646511315304,918300
2024-03-20,28.875478744506836,28.875478744506836,28.506001873733698,28.674675697693868,1481600
2024-03-21,28.971866607666016,29.13250967598699,28.6746789228798,28.8754819922781,1291700
2024-03-22,28.923667907714844,29.03612018145154,28.84334791905694,28.96383096605496,1256200
2024-03-25,28.771060943603516,29.092347051270885,28.771060943603516,28.923670159539245,1155600
2024-03-26,28.851381301879883,28.93973513580174,28.738932081983496,28.803190529930827,860000
2024-03-27,28.955801010131836,29.09234868596706,28.835321010995365,28.91564101041968,981600
2024-03-28,29.164640426635742,29.29315427520649,28.84335427320295,28.947772732670384,2279800
2024-04-01,29.188732147216797,29.389535201871837,29.00399370461554,29.16463676114186,2070400
2024-04-02,29.03612518310547,29.23692825335098,28.92367288999816,29.188734413447847,1773800
2024-04-03,29.25298500061035,29.309212669939786,28.955797363355167,29.02808657933737,1464500
2024-04-04,29.212825775146484,29.46985342451506,29.172665779434755,29.25298577085821,1308800
2024-04-05,29.084314346313477,29.26102201881508,28.979898961663913,29.21282818158423,1771700
2024-04-08,29.076282501220703,29.20479633175823,28.955799444586784,28.99595944212762,2747200
2024-04-09,29.365440368652344,29.493954203490606,29.116443473148173,29.116443473148173,1863300
2024-04-10,29.23692512512207,29.46182355925011,29.13250668184347,29.365438953768287,2439100
2024-04-11,29.397565841674805,29.42969506563567,29.116442792045834,29.244956623877854,2812000
2024-04-12,28.666645050048828,29.40560193783884,28.666645050048828,29.32527887176836,2769400
2024-04-15,28.771060943603516,28.867445550299166,28.60238711588328,28.787125555388023,1926600
2024-04-16,28.754995346069336,29.156601434880393,28.698770738756693,28.746964572458086,2986300
2024-04-17,28.67467498779297,29.076281071476313,28.67467498779297,28.77105958995382,2353300
2024-04-18,28.602386474609375,28.851380291658238,28.602386474609375,28.674675694013217,2087400
2024-04-19,28.68270492553711,28.79515413545007,28.54616033178885,28.65860954170181,1810000
2024-04-22,28.754995346069336,28.771059957303134,28.52206307919621,28.674675353911645,1461600
2024-04-23,28.49796485900879,28.779090931613286,28.297161834581715,28.67467250098813,2567600
2024-04-24,28.401588439941406,28.618456136424268,28.31323459352114,28.497973061485386,2683200
2024-04-25,28.152587890625,28.57025861556122,28.152587890625,28.401584783571057,3062200
2024-04-26,28.313230514526367,28.650578173335663,28.289135128614685,28.289135128614685,1863700
2024-04-29,28.273067474365234,28.441741285619848,28.144553656645847,28.40158129208462,2195700
2024-04-30,28.289133071899414,28.51403149475474,28.232908466185584,28.51403149475474,4174900
2024-05-02,29.09234619140625,29.11644157636514,28.417647836455544,28.43371244776524,5316500
2024-05-03,29.357402801513672,29.65459043232645,29.16463360574743,29.23692282016255,5970800
2024-05-06,29.47585678100586,29.658213692737927,28.613795002199975,28.978511987685092,5025800
2024-05-07,29.293498992919922,29.625062214337795,29.293498992919922,29.583614440144643,2152900
2024-05-08,29.550464630126953,29.583618427119887,29.318369079046505,29.326659899810977,2210500
2024-05-09,28.85418128967285,29.5255922485299,28.68839967392274,29.51730459065199,4533700
2024-05-10,28.69668960571289,29.202322150907232,28.69668960571289,29.01167438439522,3272700
2024-05-13,29.011672973632812,29.02825145191746,28.771289781537572,28.837603694676154,1304400
2024-05-14,29.36454200744629,29.36454200744629,29.04572608380217,29.062506206149866,2061600
2024-05-15,29.372926712036133,29.465215772905594,29.16318001023488,29.322589551911467,1732600
2024-05-16,29.36454200744629,29.574288736070905,29.36454200744629,29.440050957770396,3164500
2024-05-17,29.238693237304688,29.456831631426333,29.238693237304688,29.414882925012524,1429400
2024-05-20,29.700138092041016,29.700138092041016,29.163183777659974,29.280644634246546,1617500
2024-05-21,29.993785858154297,30.00217432011256,29.591072474046644,29.70014168239293,1585400
2024-05-22,29.750476837158203,29.977003700443927,29.73369671389838,29.94344345392428,2143500
2024-05-23,29.339372634887695,29.742085958955574,29.339372634887695,29.733694297766927,1707800
2024-05-24,29.61623764038086,29.884713198782958,29.3813223268993,29.431662694280114,1590500
2024-05-27,29.423267364501953,29.733691590112436,29.364538543453502,29.616233948015534,1124100
2024-05-28,29.26386260986328,29.658184258233884,29.26386260986328,29.515558028084726,1068500
2024-05-29,28.995384216308594,29.31419688778352,28.995384216308594,29.28063984900971,1658200
2024-05-31,28.760467529296875,29.10445200182942,28.760467529296875,29.02894305905492,1441700
2024-06-03,28.659793853759766,28.928269419564632,27.89631586341195,28.433266995021683,10303300
2024-06-04,28.810815811157227,28.886324774688504,28.659797884094676,28.77725556059185,1118800
2024-06-05,28.483606338500977,28.919879917350176,28.382928805068417,28.810810722517605,2590700
2024-06-06,28.525554656982422,28.802421870766384,28.458434168617448,28.584283484061256,1816200
2024-06-07,28.26546859741211,28.517167237490582,28.1899596454848,28.517167237490582,1967500
2024-06-10,28.131229400634766,28.374536366876917,28.106060818085922,28.324196001298233,2467200
2024-06-11,28.349369049072266,28.366149171680433,28.164790900863537,28.181571023471705,2320200
2024-06-12,28.038942337036133,28.533944765630714,28.030553875746595,28.349369812929858,2152500
2024-06-13,27.980215072631836,28.156404774385802,27.9550464868733,28.02216698287127,1721800
2024-06-14,27.980215072631836,28.114452864146372,27.938266362873808,27.988606734872285,1534200
2024-06-17,27.879535675048828,28.08089394917044,27.879535675048828,27.98860487355142,1177000
2024-06-18,27.92987632751465,28.013773742303833,27.84597571224424,27.879535958352403,996300
2024-06-19,27.988603591918945,28.047332419081567,27.77046520490259,27.93826322557339,1767600
2024-06-20,28.097673416137695,28.248688117602107,28.030552926170298,28.080893293645847,2610200
2024-06-21,28.189956665039062,28.45004373873066,27.996990075066904,28.14800796295482,4799800
2024-06-24,28.391321182250977,28.4752186049373,28.164794300420066,28.25708338566394,1250600
2024-06-25,28.408098220825195,28.466827050422033,28.290640561631516,28.3913180980145,782900
2024-06-26,28.500389099121094,28.51716922299338,28.240301979822693,28.450048727504228,1149000
2024-06-27,28.659793853759766,28.69335409960567,28.324197796263082,28.324197796263082,1200000
2024-06-28,28.718523025512695,28.886321056257906,28.60945382545612,28.668182656144758,1243500
2024-07-01,28.83597755432129,28.877926257330223,28.617842378386282,28.718519905703907,1236600
2024-07-02,28.86115074157715,29.054117345197287,28.7772501309938,28.835978958161622,1335800
2024-07-03,29.003774642944336,29.138012408585425,28.91987723959895,28.91987723959895,1110700
2024-07-04,29.028947830200195,29.196745863998146,28.95343887501518,29.003779245298954,734400
2024-07-05,29.138017654418945,29.213526611216285,28.92827090781315,29.037340112182946,1710600
2024-07-08,28.945049285888672,29.448440167189922,28.945049285888672,29.196744726539297,1604000
2024-07-09,29.104454040527344,29.179962988591065,28.90309897934475,28.945047683717707,788000
2024-07-10,29.27225112915039,29.35615173571358,29.121233237817542,29.171573601755455,1070000
2024-07-11,29.53234100341797,29.6078499562298,29.28064556087226,29.322594267883012,1305000
2024-07-12,29.5910701751709,29.683359251949412,29.414883683401683,29.532341344581162,1071300
2024-07-15,29.465219497680664,29.658186103673547,29.3729304251447,29.64140918183163,1134400
2024-07-16,29.473613739013672,29.624631652658735,29.44005349143002,29.465222076877076,953100
2024-07-17,29.448442459106445,29.624632161707446,29.42327387322691,29.624632161707446,728700
2024-07-18,28.84437370300293,29.5826799521771,28.84437370300293,29.490394071391368,1817600
2024-07-19,28.441659927368164,29.129628995538624,28.441659927368164,29.020559791907306,3063100
2024-07-22,28.592676162719727,28.777251111328795,28.483606965486306,28.6010646238233,1608800
2024-07-23,28.399709701538086,28.71852566925512,28.399709701538086,28.592679534972117,1571000
2024-07-24,28.357757568359375,28.525555594304453,28.315808861993393,28.517167133223715,1317800
2024-07-25,28.28224754333496,28.525554511697237,28.28224754333496,28.44165710214936,1191800
2024-07-26,28.399709701538086,28.45843853763313,28.282252029348,28.37454111477779,722200
2024-07-29,28.391321182250977,28.4752186049373,28.324200683716697,28.41648976896057,780200
2024-07-30,28.416484832763672,28.491993780257395,28.30741884231349,28.408096372144797,1140900
2024-07-31,28.349369049072266,28.59267602616902,28.299028681247755,28.525555535736338,1902600
2024-08-01,28.626235961914062,28.760473755855177,28.374540498334664,28.391320622637483,1757300
2024-08-02,29.0960693359375,29.263867375571834,28.626235465057633,28.626235465057633,2306200
2024-08-05,28.945049285888672,29.04572682205269,28.567504524672152,28.869540333645368,1842800
2024-08-06,29.104454040527344,29.280643719663352,28.9534361443999,29.045725214309005,1165200
2024-08-07,29.4064884185791,29.7336927776258,29.096064180570803,29.104452640849583,2034400
2024-08-08,29.50716781616211,29.64979725379601,29.40649028402591,29.40649028402591,785100
2024-08-09,29.691749572753906,29.691749572753906,29.448442573369615,29.498782945805427,1480100
2024-08-12,29.683359146118164,29.825985391190095,29.51556111625378,29.70013926915272,2403500
2024-08-13,29.683359146118164,30.161581450918856,29.5491213623229,29.834377052947982,2028300
2024-08-14,29.72530746459961,30.128020810717125,29.700138880617633,29.77564783304474,2051100
2024-08-15,29.750476837158203,30.04412419348322,29.61623905156088,29.725308252509098,1983000
2024-08-16,29.680503845214844,29.894155617720045,29.535222204743622,29.800148316206982,1817900
2024-08-19,30.24454689025879,30.27873195909702,29.57795434825131,29.731783897955744,1855100
2024-08-20,30.42401123046875,30.466744193205905,30.12490005171272,30.1761776509569,1731200
2024-08-21,30.526565551757812,30.569295253199762,30.35564348592277,30.42401035621644,1448000
2024-08-22,30.65475845336914,30.69748816010413,30.41546948759908,30.48383636636153,1313900
2024-08-23,30.55220603942871,30.80858753599781,30.518020970534806,30.65475798604283,1921100
2024-08-26,30.261640548706055,30.603484729650496,30.21891084110493,30.552207124488515,2684500
2024-08-27,29.68904685974121,30.253087316002492,29.569399148356386,30.244539420870183,2527800
2024-08-28,30.09926414489746,30.141993849359938,29.5694053773468,29.817242227323646,1015300
2024-08-29,30.022348403930664,30.133444979934204,29.774511561952227,30.099263173507854,1346200
2024-08-30,30.295822143554688,30.851314798783722,29.82578889372478,30.00525560110336,2150300
2024-09-02,30.278730392456055,30.424012037400164,30.073623250106653,30.073623250106653,1256800
2024-09-03,30.51801872253418,30.6462110914097,30.218907541914454,30.295822311226292,1350000
2024-09-04,30.996593475341797,30.996593475341797,30.518012425039682,30.518012425039682,1368300
2024-09-05,30.62911605834961,31.193156567245055,30.612023526556765,31.02223450938372,1324100
2024-09-06,30.612030029296875,30.85131900509329,30.424015399703812,30.671852273245978,1585400
2024-09-09,30.48383331298828,30.765855217312634,30.483833312988285,30.612025680420683,1151300
2024-09-10,30.30436897277832,30.594935536253956,30.30436897277832,30.46674641887998,890600
2024-09-11,30.16762924194336,30.603480677946987,30.090714474417265,30.432558610103747,1501800
2024-09-12,29.91124725341797,30.167628720719534,29.91124725341797,30.167628720719534,1041900
2024-09-13,30.047985076904297,30.30436655123304,30.005255374527394,30.005255374527394,1182700
2024-09-16,30.039440155029297,30.338551328892876,30.039440155029297,30.09071449336746,1339600
2024-09-17,29.61213493347168,30.082168148592302,29.57794986980946,29.911246090348317,2649200
2024-09-18,29.424123764038086,29.800149727835297,29.424123764038086,29.612138375970435,1642800
2024-09-19,29.389936447143555,29.68905087596854,29.389936447143555,29.526673447156703,2091500
2024-09-20,29.30447769165039,29.56085916482708,29.125010986433438,29.43266679820508,2699700
2024-09-23,29.313018798828125,29.389933557527467,29.0993670535596,29.304474163446823,1146000
2024-09-24,29.193376541137695,29.629224699872243,29.193376541137695,29.398483666467996,1560100
2024-09-25,29.125009536743164,29.41557280116467,29.125009536743164,29.253198636917272,1066300
2024-09-26,29.24465560913086,29.34720754692303,29.125011138362108,29.125011138362108,1110700
2024-09-27,29.176288604736328,29.458310538979898,29.13355889774818,29.27029591615085,1184500
2024-09-30,29.261747360229492,29.36429929528146,29.14209963259042,29.244654827709624,1210400
2024-10-01,29.24465560913086,29.509581720099575,29.236107712608906,29.270292778562073,1043300
2024-10-02,29.458309173583984,29.646320527631012,29.36430186652671,29.372846503501222,996800
2024-10-03,29.210468292236328,29.458305111197625,29.159190697258,29.458305111197625,1604100
2024-10-04,29.27883529663086,29.347205423590463,29.15064619868223,29.25319812905455,1710300
2024-10-07,29.52667236328125,29.6463168263924,29.35575030452227,29.38993536828749,1755300
2024-10-08,29.441213607788086,29.59504313802857,29.441213607788086,29.492487944490122,1605200
2024-10-09,29.219013214111328,29.518127630979535,29.219013214111328,29.441212867792522,1529400
2024-10-10,29.424123764038086,29.68905314811844,29.270294219742073,29.270294219742073,2585500
2024-10-11,29.210468292236328,29.501034810312692,29.210468292236328,29.432664683674925,1221400
2024-10-14,29.441213607788086,29.518128372908325,29.210469312427364,29.210469312427364,1325400
2024-10-15,29.65486717224121,29.757419111941864,29.43266749947785,29.449760032772524,1769700
2024-10-16,29.919790267944336,30.2018121487372,29.680501346108247,29.74032357656727,6705200
2024-10-17,29.637775421142578,29.82579003227865,29.543768115574544,29.783057067880474,1347300
2024-10-18,29.825790405273438,29.885612644098046,29.509583417123363,29.800149974300385,1526500
2024-10-21,29.663410186767578,29.825787614153974,29.535221084168384,29.81723971794037,1140800
2024-10-22,29.355749130249023,29.56940088013458,29.25319720312271,29.560856244568633,1264000
2024-10-23,29.313018798828125,29.372841026697955,29.184829707707156,29.347203860487145,875800
2024-10-24,29.441213607788086,29.441213607788086,29.236106480778382,29.372843478762455,1173600
2024-10-25,29.355749130249023,29.46684895300827,29.25319720312271,29.45830431744232,717300
2024-10-28,29.501035690307617,29.50958032635868,29.35575079690215,29.50958032635868,910600
2024-10-29,29.49248695373535,29.60358677963618,29.432664722881153,29.526672017099774,1193500
2024-10-30,29.72323226928711,29.748872697730707,29.475398701491724,29.4839433375948,1025300
2024-10-31,29.9283447265625,30.05653385134146,29.663415319244216,29.663415319244216,1832600
2024-11-01,29.586498260498047,29.962527488369897,29.586498260498047,29.91124988636896,1452600
2024-11-04,29.86851692199707,29.971068854740437,29.586495031868846,29.586495031868846,1384800
2024-11-05,29.637775421142578,29.971071679016543,29.59504571681187,29.82579003227865,1573600
2024-11-06,29.577953338623047,29.748875416912256,29.355753658826824,29.577953338623047,1315400
2024-11-07,29.765966415405273,30.5009257720246,29.706140920032514,29.765966415405273,2830100
2024-11-08,29.859968185424805,30.500923452147376,29.629223898196628,29.75741625556797,4054400
2024-11-11,30.193273544311523,30.193273544311523,29.894159072199074,29.91125160718273,2004800
2024-11-12,29.713293075561523,30.192398564558665,29.61747131316394,30.14013124243522,3269900
2024-11-13,29.704578399658203,29.800400156268484,29.530360649083786,29.713291280981277,2121700
2024-11-14,29.373563766479492,29.809114814865058,29.373563766479492,29.687161052995624,2327000
2024-11-18,29.687158584594727,29.878798770316315,29.277739569797244,29.277739569797244,1647900
2024-11-19,29.948490142822266,29.948490142822266,29.591338426495884,29.7829786225552,1401500
2024-11-21,29.486806869506836,29.878803507204495,29.46067486799067,29.81782662167275,2002600
2024-11-22,29.870088577270508,29.870088577270508,29.495514448926354,29.495514448926354,1458600
2024-11-25,29.843950271606445,30.48856715353979,29.713286977599626,29.913640020135503,1933600
2024-11-26,30.00075340270996,30.183687358664447,29.7916907716057,29.843954767886462,2682800
2024-11-27,29.626176834106445,30.183684891798283,29.565199961435365,30.000750950794703,1643200
2024-11-28,29.260316848754883,29.782976729130027,29.20804953152118,29.626178100419388,2717100
2024-11-29,29.695871353149414,29.695871353149414,29.164498529175766,29.26032029389113,2998700
2024-12-02,29.86137580871582,29.95719756139569,29.53035943780956,29.617468309523744,2150500
2024-12-03,29.643600463867188,30.053019473677132,29.634890905845698,29.86137596729963,1377600
2024-12-04,29.66101837158203,29.782972103194833,29.573909512712877,29.643595935210207,1348100
2024-12-05,29.98332977294922,30.070441968277454,29.756844711076766,29.756844711076766,1551200
2024-12-06,29.7307186126709,29.98333572176686,29.669741725338305,29.98333572176686,1297000
2024-12-09,29.826534271240234,29.826534271240234,29.356138388531893,29.739422076484733,3176100
2024-12-10,29.74813461303711,29.965910112918817,29.634890422661307,29.82653392591414,2683100
2024-12-11,29.887514114379883,30.235952959036048,29.634893708985388,29.74813791191926,2704000
2024-12-12,29.626176834106445,30.00946383145648,29.495513531092847,29.878797205452543,3236900
2024-12-13,29.373563766479492,29.756847492782107,29.373563766479492,29.661025730458757,1748600
2024-12-16,29.303871154785156,29.539069096806355,29.295161596780133,29.4780922217998,2881000
2024-12-17,29.565202713012695,29.704578909659546,29.303872759673677,29.303872759673677,2922200
2024-12-18,28.441482543945312,29.56520163461421,28.441482543945312,29.56520163461421,3311300
2024-12-19,28.781213760375977,28.911877079669566,28.537302916311265,28.728946438864092,2758400
2024-12-20,29.295164108276367,29.55649406970711,28.78121374416658,28.78121374416658,2964200
2024-12-23,28.38921356201172,29.356137288114606,28.32823668946382,29.28644753492253,2695600
2024-12-26,28.606990814208984,28.83347588002053,28.3892153065865,28.650545251135373,1883700
2024-12-27,28.63312530517578,29.01641235868242,28.63312530517578,28.90316815441993,1784900
2024-12-30,28.624412536621094,28.868320035692147,28.493745906124204,28.746366286156622,1229900
2025-01-02,28.676677703857422,28.7812123417286,28.389215757188143,28.641836147557616,2726500
2025-01-03,28.058195114135742,28.746366503712018,28.058195114135742,28.746366503712018,2360800
2025-01-06,28.467615127563477,28.55472400296248,28.11046342164262,28.17144029902004,1618400
2025-01-07,29.147071838378906,29.617467711311548,28.467613348358682,28.467613348358682,4415900
2025-01-08,28.746366500854492,29.356138576076773,28.67667674460487,29.147072630318384,2105300
2025-01-09,28.720237731933594,28.824769055066955,28.63312552683009,28.74636973196922,669800
2025-01-10,28.519882202148438,28.65925839538658,28.397925125448317,28.65925839538658,1375800
2025-01-13,28.049484252929688,28.519880116835534,27.98850738053341,28.519880116835534,2188100
2025-01-14,28.24112892150879,28.345663567670634,27.918822069986902,28.04948871619378,1615400
2025-01-15,28.397926330566406,28.572147410255116,28.136596372528697,28.24112769114564,2362100
2025-01-16,28.136594772338867,28.389215157370884,28.136594772338867,28.3805055992276,1026900
2025-01-17,28.432767868041992,28.694097795353127,28.136593064291958,28.136593064291958,1287000
2025-01-20,28.66796875,28.702813630025105,28.275972157194218,28.397925914291424,1031500
2025-01-21,28.85961151123047,28.911875506908522,28.50245980780463,28.66796799910275,1057200
2025-01-22,28.659257888793945,28.920587831122265,28.52859125613453,28.859610955345342,1761700
2025-01-23,28.005931854248047,28.70281282013334,27.840420340294276,28.572146185221474,2933200
2025-01-24,27.701045989990234,28.08433303896908,27.683625210805605,28.005933717404385,2764500
2025-01-27,28.33694839477539,28.450192590800125,27.70104430215902,27.70104430215902,1443800
2025-01-28,28.2324161529541,28.46761409559404,28.2324161529541,28.46761409559404,959400
2025-01-29,28.18014907836914,28.511168777117916,28.18014907836914,28.284683713546965,1163500
2025-01-30,28.911876678466797,28.946721558991186,28.180150802408136,28.206286124296778,1888100
2025-01-31,29.190628051757812,29.469383763174733,28.91187566333148,28.91187566333148,2281400
2025-02-03,29.138364791870117,29.443249185978637,28.98156615404554,29.173209672051282,1470000
2025-02-04,29.094812393188477,29.617472340590776,28.894455979593662,29.138366834973517,1187200
2025-02-05,28.798635482788086,29.260318514163412,28.763790602649017,28.981566119032195,1262500
2025-02-06,28.903167724609375,28.981567045934348,28.60699287993622,28.807345962657653,973500
2025-02-07,28.728944778442383,28.990274724916446,28.615700583207083,28.903165850421946,1105300
2025-02-10,28.650543212890625,28.95543089566623,28.64183365532117,28.711520084847685,746900
2025-02-11,28.946720123291016,28.946720123291016,28.6505452995048,28.728944615300872,1316000
2025-02-12,28.485034942626953,28.87703149178504,28.485034942626953,28.87703149178504,1529200
2025-02-13,28.554725646972656,28.641837850377648,28.32824056410124,28.49374876608455,1799600
2025-02-14,29.208049774169922,29.216762655276494,28.519881701323403,28.55472325677818,2281900
2025-02-17,28.824766159057617,29.190627414761906,28.746366843836622,29.09480898326115,1799000
2025-02-18,28.624412536621094,28.894452032595343,28.450191470288722,28.824765599856665,1938000
2025-02-19,28.589569091796875,28.659258851019178,28.406638458324267,28.528592213972672,1829500
2025-02-20,28.450191497802734,28.598280567375124,28.3456601870984,28.51988125359926,1284000
2025-02-21,28.650543212890625,28.659256093450374,28.41534528263183,28.450190158890234,1473200
2025-02-24,28.54601287841797,28.70281150392576,28.380504695044372,28.667966626481714,1011300
2025-02-25,28.929298400878906,28.929298400878906,28.48503781568426,28.546014693593513,1073200
2025-02-26,28.7637882232666,28.946718844378424,28.667966472306013,28.929296405750097,1059200
2025-02-27,28.720237731933594,28.95543570122679,28.659260849856565,28.763792172989923,1170500
2025-02-28,28.56343650817871,28.78992157502816,28.43276987381021,28.720235140224695,2001100
2025-03-05,28.824766159057617,28.824766159057617,28.397924704412095,28.563436215984478,1302200
2025-03-06,28.720237731933594,28.78992417302555,28.4676173216197,28.75507929098415,1681300
2025-03-07,28.95543670654297,29.12094491749971,28.493750310942016,28.63312652095584,1892900
2025-03-10,29.1993408203125,29.242895257775178,28.868321114213135,29.00769730788804,1478300
2025-03-11,29.0076961517334,29.147072339853214,28.859610405664416,29.147072339853214,1661900
2025-03-12,28.938013076782227,29.216765485364878,28.798636872490903,29.216765485364878,1474100
2025-03-13,29.216764450073242,29.338718209132885,28.789922970373784,28.90316717078233,1164400
2025-03-14,29.67844581604004,29.826534888694834,29.269026799689726,29.338716556936813,1794700
2025-03-17,30.00946617126465,30.157551924157563,29.617469585679594,29.678446463104983,1536700
2025-03-18,29.931068420410156,30.157553502271814,29.931068420410156,30.009467741629724,1398400
2025-03-19,30.00075340270996,30.087865601495576,29.38227174478983,29.913644526914954,3192400
2025-03-20,30.183683395385742,30.27950181698254,29.93106303656377,30.000749463451456,1880600
2025-03-21,30.131420135498047,30.35790520708181,30.07915281605997,30.2011065717582,2675000
2025-03-24,29.922353744506836,30.227241452298152,29.748135994901023,30.12271013793655,1645700
2025-03-25,29.547779083251953,29.861376343827352,29.547779083251953,29.85266678569604,1686800
2025-03-26,29.617469787597656,29.678446665438752,29.52164803013575,29.547780028356048,893900
2025-03-27,29.539072036743164,29.756847561438406,29.44325027419873,29.70458023923486,1302100
2025-03-28,29.573915481567383,29.678446797905742,29.373562407339428,29.373562407339428,945700
2025-03-31,29.321292877197266,29.90493293898406,29.321292877197266,29.573913252045138,1415700
2025-04-01,29.591339111328125,29.791692193612313,29.208052064357712,29.321296266689043,929100
2025-04-02,29.469385147094727,29.765556666089534,29.469385147094727,29.59133890738453,905600
2025-04-03,30.00946617126465,30.131419926115424,29.35613963628642,29.35613963628642,1544900
2025-04-04,29.87879753112793,30.11399546670444,29.356137667395927,29.643599595551414,1588600
2025-04-07,29.512939453125,29.95720005259617,29.373563252997698,29.634893212862547,2304700
2025-04-08,29.634891510009766,29.878799015469674,29.51293775727981,29.58262419184384,1638600
2025-04-09,29.79169273376465,30.288220669078157,29.32129679831264,29.63489408861398,2245900
2025-04-10,29.765552520751953,29.861374268489413,29.469381043003843,29.79168783931053,1168000
2025-04-11,29.626176834106445,29.870087647781105,29.591335280430354,29.774265898443595,1140200
2025-04-14,29.97462272644043,30.08786692836046,29.565203681569315,29.78297920365127,1729400
2025-04-15,30.00946617126465,30.21852880158295,29.78297777826413,29.84395465568952,1293700
2025-04-16,29.965911865234375,30.044311182695957,29.748136352617816,30.009466303159563,1299300
2025-04-17,30.053020477294922,30.22724155045707,29.861376964517504,29.974621160521487,1090000
2025-04-22,30.331771850585938,30.427593603769488,29.965910599874707,30.05301947204677,1167700
2025-04-23,30.819589614868164,30.96767535946966,30.35790329636673,30.384038615936127,1633800
2025-04-24,31.45549964904785,31.655852747851785,30.688928814891582,30.81959546858552,2158700
2025-04-25,31.333541870117188,31.69069357847562,31.115766357142764,31.45549562570437,2447900
2025-04-28,31.481626510620117,31.525180947076667,31.19416457161451,31.33354076206976,1259600
2025-04-29,31.49904441833496,31.847486505841307,31.333536254413957,31.333536254413957,2117600
2025-04-30,32.066104888916016,32.13752324183016,31.235888671483412,31.476917099032377,3789900
2025-05-02,31.601900100708008,32.04825460266482,31.601900100708008,32.04825460266482,1708000
2025-05-05,31.584041595458984,31.798289822798623,31.396570139769086,31.5929671860089,1866600
2025-05-06,31.414424896240234,31.566187179723197,31.35193554581025,31.494768833280816,2315800
2025-05-07,31.137685775756836,31.459061508008595,31.08412201857687,31.378717574945654,1119200
2025-05-08,31.887563705444336,32.307134582074625,31.110904493308958,31.128759080354925,3686400
2025-05-09,31.76258659362793,32.2892816135202,31.76258659362793,32.021469605235225,2157600
2025-05-12,31.53048324584961,31.87863922907301,31.33408616591241,31.744734915364266,1562500
2025-05-13,31.64520263671875,31.79028078490868,31.355046340338887,31.61799810591471,2104000
2025-05-14,31.61799430847168,31.68146577449811,31.191829244999266,31.581727369981916,1631300
2025-05-15,32.107635498046875,32.27991470385849,31.67240108946837,31.690536288859423,2648900
2025-05-16,32.09857177734375,32.20737952204093,31.71773948249985,32.10763764817858,3311100
2025-05-19,32.30712127685547,32.55194129572388,31.853751640196002,31.989760455832347,1855900
2025-05-20,32.52473449707031,32.61541049343967,32.13483636002103,32.27991449527642,1293400
2025-05-21,32.107635498046875,32.49753363761555,32.053229899873706,32.32525443180393,852900
2025-05-22,32.09857177734375,32.434064341205975,31.94442430166489,31.9988299034814,1327100
2025-05-23,32.21644592285156,32.45220007566554,31.717740004271697,31.962560028069646,1468600
2025-05-26,32.497535705566406,32.642613850991154,32.21644528552153,32.43406423312657,1021800
2025-05-27,33.11412048339844,33.34080531409618,32.4975374671857,32.50660333848176,2192600
2025-05-28,32.28898239135742,32.47939678687887,31.71773574585762,32.007892003490916,3372200
2025-05-29,32.18017578125,32.45219684989669,32.08949978574407,32.29804938700438,1121700
2025-05-30,32.08043670654297,32.49753594534972,31.998830032955922,32.189244451680416,2976100
2025-06-02,31.608930587768555,32.152972750396316,31.51825458804012,32.06230020960359,2262800
2025-06-03,32.00789260864258,32.216442206575955,31.50012087765193,31.599859282714025,1547800
2025-06-04,31.46385383605957,32.19831044213487,31.45478450621852,32.03510055329048,1949000
2025-06-05,31.191831588745117,31.608930813669684,31.10115558836864,31.608930813669684,1200500
2025-06-06,31.164628982543945,31.38224793794248,30.965148687275903,31.282506060840483,1344700
2025-06-09,30.874473571777344,31.15556400999594,30.593386592494802,31.001416524864435,1323900
2025-06-10,30.992345809936523,31.22809647754959,30.792862081154727,30.87446874666223,1509400
2025-06-11,30.838199615478516,31.028617482107194,30.69312147738826,31.028617482107194,1010800
2025-06-12,30.810998916625977,30.901674915859374,30.647785576941562,30.820068246017165,1169300
2025-06-13,30.80193328857422,31.046753300027518,30.52990874766896,30.810999159101055,1497500
2025-06-16,31.246234893798828,31.33691089755252,30.838201524246866,31.001414872067652,1235400
2025-06-17,31.273439407348633,31.491054898367164,31.00141485517167,31.3822471528579,1011200
2025-06-18,31.0467529296875,31.38224547815016,31.019548400560048,31.26436840909302,1460900
2025-06-20,31.318775177001953,31.318775177001953,30.90167594346518,31.046754088127354,5127500
2025-06-23,31.06488609313965,31.309706112884143,30.93794314785047,31.309706112884143,1173400
2025-06-24,31.10115623474121,31.409447724556944,31.055819963078626,31.1918322370022,879600
2025-06-25,31.246234893798828,31.33691089755252,30.965147929502038,31.191832750482476,1808400
2025-06-26,31.237167358398438,31.518254307717324,31.219032158614045,31.28250362839158,955600
2025-06-27,31.191831588745117,31.418516401282695,31.083020388293345,31.309705200830926,1638500
2025-06-30,31.672401428222656,31.672401428222656,31.083019547984208,31.19183074549434,1644300
2025-07-01,31.799345016479492,31.808414345925236,31.563594334925877,31.563594334925877,1146800
2025-07-02,31.282503128051758,31.890016745901633,31.119289791538375,31.890016745901633,1670900
2025-07-03,31.790281295776367,31.790281295776367,31.273440168360644,31.391313787640755,736800
2025-07-04,31.763072967529297,31.890015901693513,31.59985963533658,31.744937768515047,652100
2025-07-07,31.49105453491211,31.87188682820295,31.49105453491211,31.73587455368426,944300
2025-07-08,31.37318229675293,31.627071684392995,31.200903053552032,31.51826046443167,1032000
2025-07-09,31.037683486938477,31.454782703388275,31.037683486938477,31.454782703388275,1298300
2025-07-10,30.974212646484375,31.13742598822475,30.83820037538882,30.98327851705407,1084600
2025-07-11,30.829137802124023,30.9470148857519,30.702194846956818,30.937945555276468,943200
2025-07-14,30.720325469970703,30.928875073651025,30.47550546766713,30.928875073651025,1153600
2025-07-15,30.557113647460938,30.86540513314564,30.33949470388642,30.738462190617074,1886900
2025-07-16,30.63871955871582,30.6659206288868,30.348563280439766,30.647785429127588,1113100
2025-07-17,30.448307037353516,30.584315855576246,30.24882328657044,30.566180654692705,1068900
2025-07-18,30.656856536865234,30.69312347955181,30.221622094203404,30.285093567574762,1450700
2025-07-21,30.63871955871582,30.847269167543253,30.457371020059366,30.647785429127588,1713800
2025-07-22,30.257890701293945,31.06488815763698,30.257890701293945,30.647788892842883,1487600
2025-07-23,30.557113647460938,30.720326990407884,30.294158432831328,30.330428833249705,762200
2025-07-24,30.439237594604492,30.638721344648072,30.30322531795007,30.557114670442598,958600
2025-07-25,30.366701126098633,30.593385954436695,30.28509444953949,30.49364407653819,781300
2025-07-28,30.19441795349121,30.584316128628597,30.085610206154428,30.366700633955034,908800
2025-07-29,30.257890701293945,30.466440333690993,30.067476270705694,30.12188187613208,915500
2025-07-30,30.51177406311035,30.810996186729835,30.14907701618361,30.285089273514988,1243400
2025-07-31,30.24881935119629,30.584311876554487,30.06747082489022,30.421098548772566,1537500
2025-08-01,30.32136344909668,30.73846619030998,30.266961300326056,30.430174664510346,985600
2025-08-04,30.31229591369629,30.484575140242,30.013070276134968,30.384833261054894,1521300
2025-08-05,30.21255111694336,30.6115151362286,30.18535004667764,30.230686316765738,1347800
2025-08-06,30.294160842895508,30.430173125817063,30.112812285312113,30.212554164929784,1977600
2025-08-07,30.493642807006836,30.602450551577075,30.266957988106267,30.330429460683558,1304400
2025-08-08,30.448307037353516,30.729394003708695,30.33949583205226,30.60245105645979,1479400
2025-08-11,30.32136344909668,30.62965497489631,30.13094901052708,30.448309867079292,1243400
2025-08-12,30.439237594604492,31.16462833257768,30.294159447009854,30.312294647826167,3177200
2025-08-13,30.085609436035156,30.466438271433553,30.07654010627662,30.43923720002962,2206400
2025-08-14,30.22161865234375,30.829132245120324,30.19441412475722,30.45736931816894,8378800
2025-08-15,30.674991607666016,30.919808170240284,30.294159310116076,30.294159310116076,2858900
2025-08-18,31.055818557739258,31.200896695855945,30.82006788040052,30.82006788040052,1904100
2025-08-19,30.803855895996094,30.915496782052017,30.552661240620434,30.915496782052017,1822000
2025-08-20,30.9248046875,30.9434085458035,30.67361001240207,30.80385831452691,2430200
2025-08-21,30.896888732910156,31.157388860283184,30.748033038268304,30.924801615592802,1659000
2025-08-22,31.408580780029297,31.445795591909615,30.84107086935354,31.092261977046192,2715800
2025-08-25,31.538833618164062,31.71559865668124,31.417887250231306,31.417887250231306,1559600
2025-08-26,31.80863380432129,31.920278249330384,31.53883526804955,31.60395941980481,1505800
2025-08-27,32.04121780395508,32.27380505048234,31.72489900671802,31.72489900671802,3683400
2025-08-28,32.31101989746094,32.4226607821977,32.07843265067616,32.097040056298916,2117600
2025-08-29,32.44126510620117,32.48778184133952,32.19007047765481,32.30171490078612,1360400
2025-09-01,32.17146682739258,32.655245134707265,31.9388796012223,32.45057078899703,1055300
2025-09-02,31.901670455932617,32.078435501558644,31.817938897688695,32.031918757867594,1005000
2025-09-03,31.89236068725586,32.00400511589472,31.799327212389716,31.910968092029005,1049700
2025-09-04,32.208683013916016,32.208683013916016,31.836545524510264,31.920277080701553,1439100
2025-09-05,32.37614440917969,32.50639270101378,32.05982560801127,32.12494975392832,1336200
2025-09-08,32.52499771118164,32.627336661227616,32.227286337774906,32.32962528782088,2098700
2025-09-09,32.54360580444336,32.54360580444336,32.20867961502205,32.3947501145894,1222100
2025-09-10,32.469181060791016,32.766892452664194,32.292412481929,32.469181060791016,1568900
2025-09-11,32.413360595703125,32.70177007485459,32.413360595703125,32.51569955762783,1398200
2025-09-12,32.413360595703125,32.552914370873175,32.292414227155746,32.413360595703125,1135200
2025-09-15,32.57151794433594,32.72037364701871,32.31102135189106,32.5529140868755,1287900
2025-09-16,32.83201599121094,32.84131791934772,32.580821343521635,32.580821343521635,1106100
2025-09-17,33.064605712890625,33.26928008824396,32.75758882636072,32.832018453034614,1505900
2025-09-18,32.980873107910156,33.09251399536858,32.92505088968104,33.06460466075393,1078500
2025-09-19,33.315799713134766,33.32510164178301,32.943658685207595,32.98087349780028,4051500
2025-09-22,33.21345901489258,33.306492492505846,32.98087177185972,33.120421988279624,1607100
2025-09-23,33.585594177246094,33.84609428494568,33.148332603570765,33.23206414729573,2264200
2025-09-24,33.52977752685547,33.75305929085914,33.399529239686714,33.5669923371893,1921600
2025-09-25,33.63212203979492,33.89261865718966,33.492568252476175,33.54839047720372,2741900
2025-09-26,33.81818389892578,33.892613520615704,33.632116942700364,33.632116942700364,1251700
2025-09-29,34.19962692260742,34.41361031099807,33.846096865700495,33.90191553310701,2540300
2025-09-30,34.10659408569336,34.59967791838922,34.078684751465225,34.28335911747117,1728300
2025-10-01,34.3577880859375,34.3577880859375,34.0135599573518,34.09729150744018,1666800
2025-10-02,33.95773696899414,34.37639470991865,33.95773696899414,34.32987797181585,1219500
2025-10-03,34.14380645751953,34.14380645751953,33.90191374816135,33.95773596162851,1410100
2025-10-06,33.8367919921875,34.1717181986012,33.71584917798238,34.14380886439998,955400
2025-10-07,33.49256134033203,33.799578189471504,33.427437199423565,33.613507694447534,2158000
2025-10-08,33.68793487548828,33.93912951971557,33.52047177933675,33.613508804420725,1911100
2025-10-09,33.380924224853516,33.91122288858531,33.380924224853516,33.74375977909107,1113500
2025-10-10,33.334407806396484,33.71585077083279,33.11112247523868,33.501867368514915,1440600
2025-10-13,33.511173248291016,33.72515310417544,33.325102728261086,33.33440820621257,846300
2025-10-14,33.35301208496094,33.66933090450952,33.325102749089,33.39022689879018,1061800
2025-10-15,33.79957962036133,33.86470376402679,33.2134587783725,33.35300899379864,2321900
2025-10-16,33.74375534057617,34.06007411145803,33.58559418063552,33.62280898873914,1381200
2025-10-17,34.11589431762695,34.11589431762695,33.669327247184285,33.883307079958925,1597300
2025-10-20,33.92982864379883,34.395003136643886,33.92982864379883,34.00425471717418,2259200
2025-10-21,33.94844055175781,34.13450753437293,33.8367961033885,34.060081451126926,1605900
2025-10-22,33.994956970214844,34.05077564486205,33.68794006365453,33.83679577771403,1352100
2025-10-23,34.23684310913086,34.45082295711919,33.91122237284423,33.91122237284423,1523600
2025-10-24,34.39500045776367,34.56246354606489,34.14380582531185,34.274054105324026,1084400
2025-10-27,34.72062301635742,34.87878418555233,34.44151903724837,34.44151903724837,1283200
2025-10-28,35.03694534301758,35.19510652818016,34.75784133573066,34.915998971893245,2595300
2025-10-29,35.02764129638672,35.47420839084825,35.02764129638672,35.083459965069544,1576100
2025-10-30,35.46490478515625,35.5765492264138,35.009035738187805,35.02764314506407,2049100
2025-10-31,35.446292877197266,35.678880110115884,35.16718890749483,35.5951485643052,2571300
2025-11-03,35.9207763671875,35.9207763671875,35.25092393455001,35.47420926176247,1683200
2025-11-04,36.73018264770508,36.73018264770508,35.82774287014614,35.89287057330008,2780200
2025-11-05,37.232566833496094,37.24186876179319,36.66505338438063,36.73017752945948,3756500
2025-11-06,37.4372444152832,37.623311371579085,37.19535169369904,37.241868432773,2389600
2025-11-07,37.725650787353516,37.800080409979984,37.018587117400784,37.48376161181698,1404400
2025-11-10,38.0977897644043,38.2094306433719,37.51166893907512,37.72564876917952,2450700
2025-11-11,39.4840087890625,39.84684786649964,38.14430755737035,38.293163249780584,6207600
2025-11-12,41.76336669921875,41.8657056586688,39.586349863007975,39.679386893871595,7080900
2025-11-13,41.819183349609375,42.14480404177677,41.409827566313936,41.72614633113342,4314900
2025-11-14,41.86570358276367,42.65649878639378,41.688938556387434,41.81918684413831,2561400
2025-11-17,42.75729751586914,43.070852770784406,41.7501243139795,42.01617218546,3407900
2025-11-18,42.19670486450195,43.184874462387604,42.0541790789022,42.567267557563746,2666900
2025-11-19,41.037506103515625,42.12069410869962,40.82847287409246,42.12069410869962,3187700
2025-11-21,40.31538009643555,40.951986993693836,39.7167769302902,40.68594275299854,2824200
2025-11-24,40.79996109008789,40.99949789467477,39.821295243275046,39.878306276668575,2305800
2025-11-25,40.75245666503906,41.142023026710945,40.57192714973103,40.85697508822099,1449600
2025-11-26,41.313053131103516,41.53159000802572,40.76196092507824,40.76196092507824,1855700
2025-11-27,41.32255554199219,41.32255554199219,41.15152605656716,41.275044532477686,694300
2025-11-28,41.35105895996094,41.89265111850677,41.21803683324176,41.33205528120375,1772800
2025-12-01,40.38188934326172,41.636103028191854,40.34388198927456,41.351055122449694,2519900
2025-12-02,40.38188934326172,40.562418837829576,40.12534514071954,40.47690410364885,3008200
2025-12-03,39.89731216430664,40.54341912231534,39.545749542445535,40.54341912231534,2732800
2025-12-04,40.19186019897461,40.42940074817018,39.89731223770403,39.92581594374153,2513600
2025-12-05,39.15618133544922,40.36288770101754,38.11100442017887,40.191858224034256,4320900
2025-12-08,39.45073318481445,40.03033268038848,38.95664842833464,39.526744272575435,2587800
2025-12-09,39.270206451416016,39.60276177993014,38.69060691493604,39.36522122396827,1906600
2025-12-10,39.74528884887695,40.08734421587739,39.070670893443385,39.270207721587,2394900
2025-12-11,39.4697380065918,40.03983386735194,39.41272697068335,39.53624906952778,1689500
2025-12-12,39.68827438354492,40.02082969411491,39.526744929424474,39.73578176725763,1037600
2025-12-15,40.38188934326172,40.91398142533966,39.6882714436095,39.6882714436095,3308000
2025-12-16,39.25120162963867,40.00182700995056,39.23219795076505,40.00182700995056,2580000
2025-12-17,38.57658386230469,39.21319442095713,38.149013772056755,39.194190742011266,4514100
2025-12-18,38.32954025268555,38.53857707997072,38.130007076411985,38.53857707997072,2927700
2025-12-19,38.84263229370117,39.108676553553124,38.20602172602246,38.386554866277315,1682800
2025-12-22,38.30104064941406,38.96615130820095,38.01598908184111,38.83312917644357,1478500
2025-12-23,38.73811340332031,39.061168696923765,38.29153600859699,38.3865544035281,1327000
2025-12-26,39.298709869384766,39.431731999812584,38.481569782949634,38.73811401645237,1562900
2025-12-29,39.42223358154297,39.479240997149624,38.918645121335594,39.28920782110428,1749200
2025-12-30,40.011329650878906,40.60042918275438,39.42223011900343,39.42223011900343,2970000
2026-01-02,39.8783073425293,40.3818921315986,39.8783073425293,40.09684420617411,1403100
2026-01-05,40.134857177734375,40.46741253315795,39.878312921586954,39.878312921586954,1804100
2026-01-06,39.982826232910156,40.875977376338646,39.982826232910156,40.13485203656992,1445400
2026-01-07,39.289207458496094,40.36289181234891,39.270207403190135,39.982829088347245,1710400
2026-01-08,38.51957702636719,39.783290886234745,38.31054017941628,39.48874291961977,3521700
2026-01-09,38.072998046875,38.78561967783659,37.92097224391977,38.5195754288102,2397400
2026-01-12,38.10150146484375,38.339042006705824,37.70243509431436,38.08250141112609,1752300
2026-01-13,37.67393493652344,38.09200502471687,37.45539442780132,38.09200502471687,2253900
2026-01-14,37.79745101928711,37.98748418351532,37.350877251619124,37.72143992834451,1794100
2026-01-15,37.8924674987793,38.11100435799448,37.74994172666546,37.797449109176426,1711300
2026-01-16,37.531410217285156,38.14901715170598,37.32237335494307,38.04449872053494,1675400
2026-01-19,37.86396408081055,37.95898248022846,37.45539402476684,37.46489767699929,1020900
2026-01-20,38.063499450683594,38.063499450683594,37.455392591423966,37.825958898101,1196100
2026-01-21,38.68110656738281,39.13718403884166,38.11101063420464,38.11101063420464,2094100
2026-01-22,40.11585235595703,40.43890767400213,38.8806385004672,38.9376495417392,2681700
2026-01-23,40.88547897338867,41.227537950904086,39.71677988326514,40.011331474921455,2885200
2026-01-26,41.12302017211914,41.12302017211914,40.30588007403671,40.85697590747138,1718300
2026-01-27,41.959163665771484,42.32022632576489,41.132523545795614,41.23704197036591,1994100
2026-01-28,41.09451675415039,42.34873061714293,40.63843931529686,42.13019373756194,2815300
2026-01-29,40.50541687011719,41.313053315591965,40.16335788746581,40.83797220070533,2210700
2026-01-30,39.55525207519531,40.65744004527243,39.55525207519531,40.50541424335079,2204200
2026-02-02,40.163360595703125,40.31538641773478,39.48874623697399,39.67877579607743,2429000
2026-02-03,40.26787567138672,40.818967871096525,40.04933879696893,40.16335724784317,1651200
2026-02-04,39.41272735595703,40.18236003762963,38.87113519556631,40.17285638592811,2313000
2026-02-05,39.62176513671875,40.12534995139126,39.41272828930848,39.441231995925804,1201000
2026-02-06,39.44123077392578,39.92581551889375,39.270204914939484,39.6217639091253,1362200
2026-02-09,40.33438491821289,40.33438491821289,39.346215389631965,39.64076696774197,1463100
2026-02-10,40.45791244506836,40.714453076254436,39.935320280774256,40.44840879230946,1386400
2026-02-11,42.206207275390625,42.31072570745493,40.514919555314385,40.57193059768987,2846300
2026-02-12,41.683616638183594,42.31072357437253,41.67411661055737,41.8071387448124,1832100
2026-02-13,41.42707061767578,41.69311849933827,40.85697474547832,41.5220890127628,1716700
2026-02-18,41.50308609008789,41.86414874883616,41.104016072612175,41.33205660039562,1148900
2026-02-19,42.33922576904297,42.377229499517874,41.46507472566445,41.50308208072023,1300100
2026-02-20,42.76679992675781,43.08035519915221,41.84514503808654,42.33922982742905,2196400
2026-02-23,42.785804748535156,43.31789691078404,42.58627154690982,42.9948416023796,5077500
2026-02-24,42.75729751586914,43.81197810119354,42.57676800898464,42.78580122101379,3270900
2026-02-25,41.82613754272461,43.02334023586441,41.6646080952819,42.757295998406875,1507500
2026-02-26,42.42474365234375,42.567265807502714,41.67411464493064,41.826140451848886,1463600
2026-02-27,41.97816848754883,42.25371640989966,41.58860211010092,42.18720534237792,1631300
2026-03-02,41.41756820678711,41.57909403226714,40.866472420742646,41.427068233458485,2344800
2026-03-03,40.09684371948242,40.39139166819409,39.38422210228042,40.38189164144703,2606500
2026-03-04,41.037506103515625,41.24654295752011,40.315384391307624,40.50541756544067,1388700
2026-03-05,40.305877685546875,41.03750299455403,39.878307606866464,41.03750299455403,2943600
2026-03-06,40.543418884277344,40.67644463544928,39.88780827840208,40.24887092527798,2434100
2026-03-09,40.67644500732422,40.9614929418507,40.20136390825303,40.723952392315105,1439900
2026-03-10,40.62893295288086,41.37956194000857,40.62893295288086,41.056506655965066,2591300
2026-03-11,40.68594741821289,41.10401750504037,40.17285893125552,40.286881011411396,1434300
2026-03-12,40.011329650878906,40.76195863680893,39.78328913473751,40.714447628534565,1799800
2026-03-13,40.09684371948242,40.8569727195817,39.925814241387464,40.04933633658515,1756900
2026-03-16,40.50541687011719,40.93299059843141,40.31538369924628,40.42940215193632,1291500
2026-03-17,40.21086502075195,41.15152721711806,40.10634659620225,40.70494981207159,1346900
2026-03-18,39.764286041259766,41.57909567185564,39.56475285206414,40.26787446464346,3213100
2026-03-19,40.03033447265625,40.210863985679744,38.96615019970821,39.65977179485053,2068800
2026-03-20,38.79512405395508,40.0683379121228,38.51007249658147,39.99232682151599,3642800
2026-03-23,40.34388732910156,40.47690946108237,39.080173450702674,39.184691875710804,1855500
2026-03-24,39.89731216430664,40.3438859312576,39.384223709088644,40.19186012503536,1461800
2026-03-25,40.52442169189453,40.86647705960591,39.89731474755162,39.89731474755162,1755000
2026-03-26,39.72628402709961,40.41990201805856,39.59325827063325,40.08734306376454,1083300
2026-03-27,39.0611686706543,39.98282716566985,39.0611686706543,39.91631247697224,1437300
2026-03-30,39.5362548828125,39.887813927820666,39.10868111208277,39.545754911236884,1299200
2026-03-31,40.86647415161133,40.86647415161133,39.68827506708775,39.94481929305202,2508900
2026-04-01,40.657440185546875,41.474580232912814,40.61943282879008,40.90448075530398,2098800
2026-04-02,40.69544982910156,41.17053094151462,39.726283924829175,40.17285770578221,1803700
2026-04-06,40.79996109008789,41.18952742349134,40.49590949448427,40.69544629907115,817100
2026-04-07,40.733455657958984,40.89498512926764,40.096848674389655,40.856977768420734,2872400
2026-04-08,41.911659240722656,42.48175516555507,41.71212602948946,41.9306629214946,5496400
2026-04-09,42.66228103637695,43.05184736423299,41.65510787491899,41.8546410520836,1816000
2026-04-10,42.96633529663086,43.137364780419055,42.70028741930416,42.71929109801186,1381100
2026-04-13,42.909324645996094,43.45091680799724,42.39623619002202,42.75729883954983,2085700
2026-04-14,43.137367248535156,43.46042255588755,42.67178615501091,43.30839674210885,2175000
2026-04-15,43.298892974853516,43.298892974853516,42.795308147658865,42.80480817524047,1353700
2026-04-16,42.092185974121094,43.374907156628325,42.044678587638884,43.232381372600436,1804500
2026-04-17,42.76679992675781,42.97583677502074,42.40574089286158,42.567266730460226,2277900
2026-04-20,43.574440002441406,43.792976878158406,42.69078884760503,42.766799940446006,1957900
2026-04-22,42.96633529663086,43.707460643325646,42.81430949155036,43.42241271187235,4496600
2026-04-23,42.43424606323242,43.3749082882796,42.139694460027854,42.95683457733359,2598100
2026-04-24,41.911659240722656,42.567269916738084,41.4840854848076,42.529262555194194,1798200
2026-04-27,41.43657302856445,42.14919465976082,41.33205460938935,41.92115414296232,3975100
2026-04-28,40.9900016784668,41.42707547335312,40.61943895564659,41.33206069171056,1447300
2026-04-29,40.44840621948242,41.21803893783072,40.43890619190932,40.9899984056819,1692000
2026-04-30,41.282264709472656,41.311390239448244,40.709439163481505,40.757982947991934,1592000
2026-05-04,40.29195785522461,41.311392192758625,40.12690823935449,41.282266661405906,2248800
2026-05-05,40.185157775878906,40.59293371759782,39.91330961716856,40.29195632498752,1702800
2026-05-06,40.990997314453125,41.136628664487425,40.02981410815239,40.359917020011366,1295700
2026-05-07,39.65116882324219,41.12692285206223,39.48611550961553,40.95216226288266,3666800
2026-05-08,39.76767349243164,40.563803396155805,39.76767349243164,40.05893989804846,2857100
2026-05-11,40.19486618041992,40.32107927250619,39.77738298991143,40.03952385629954,3066200
2026-05-12,39.14080810546875,40.626917078625006,39.14080810546875,40.29229599300531,1913700
2026-05-13,38.048370361328125,39.24907027001403,37.91058586446501,39.24907027001403,2169600
2026-05-14,37.99916076660156,38.629034874691,37.900740590746445,38.4321982773266,1714400
2026-05-15,37.68422317504883,37.949952014548685,37.320074161097665,37.79248348977237,2049900
2026-05-18,37.94010925292969,38.14678599393071,37.49722784053757,37.65469637001633,2590500
2026-05-19,37.448020935058594,37.89090236289672,37.349604508581685,37.871218326732134,1970900
2026-05-20,37.949954986572266,38.25504816540003,37.50707355272189,37.59564983949197,1352600
2026-05-21,37.812164306640625,38.25504571208884,37.49722725262097,37.94010865806918,2049800
2026-05-22,38.11726379394531,38.3337844410831,37.59564996694547,37.999163329300195,1107000
2026-05-25,38.88492202758789,39.0227102815962,38.29441595636503,38.38299224248306,1156600
2026-05-26,38.382991790771484,39.12112624828632,38.16647114850975,39.12112624828632,2060600
2026-05-27,38.747135162353516,38.93413161848963,38.38298989914258,38.589666636018045,2327700
2026-05-28,38.599510192871094,39.36716878274395,38.599510192871094,38.914447242785386,1694700
2026-05-29,38.54045867919922,38.90460394480741,38.215681484020514,38.90460394480741,1822000
2026-06-01,38.284576416015625,38.904606674223054,38.15663205531656,38.8061902455906,1234000
2026-06-02,38.62903594970703,38.70777209258229,38.25504677974141,38.3239390275843,1199100
2026-06-03,38.17631530761719,38.68808898555347,38.136947235234544,38.42236012848967,1435200
2026-06-05,37.98931884765625,38.648720919970444,37.87121838483357,38.3633080266651,1211500
2026-06-08,38.20583724975586,38.29441353026223,37.90074033815706,37.979476478316414,936100
2026-06-09,38.61919403076172,38.85539493981953,38.31409712268748,38.35346519231236,1586100
2026-06-10,38.37314987182617,38.638874960394176,38.058209063881556,38.619194679596845,1084800
2026-06-11,39.07191848754883,39.14081073736657,38.20583966282367,38.46172838015762,2057000
2026-06-12,39.06207275390625,39.308117564346354,38.80618780296072,39.09160068411425,1026300
2026-06-15,38.88492202758789,39.87894521117315,38.88492202758789,39.45574781686989,1717000
2026-06-16,38.77666473388672,38.9833414795125,38.44204363196338,38.90460533583831,829300
2026-06-17,38.264888763427734,39.16049169499547,38.16646858974979,38.95381496179039,1154300
2026-06-18,38.82587432861328,39.05223511821548,38.15663210094326,38.26489242517607,1894800
2026-06-19,38.678245544433594,39.02271055030729,38.560145080244986,38.92429036819507,1049500
2026-06-22,39.28843307495117,39.3671692154681,38.65855896819901,38.67824300332825,1672000
2026-06-23,39.160491943359375,39.3573285376179,38.72745068512146,38.993179524218604,1897500
2026-06-24,39.09160232543945,39.426223431861445,38.89476571795369,39.16049457490757,1385600
2026-06-25,39.24906921386719,39.73131493991141,39.12112486121743,39.19986100264678,1564300
2026-06-26,39.09160232543945,39.60337600316403,39.032550216889916,39.2884351785792,1708600
2026-06-29,39.48527145385742,39.63289984681619,39.10144213737983,39.170334386268316,902000
2026-06-30,39.15065002441406,39.436062912774425,38.855396995299806,39.40653873616678,1512000
2026-07-01,39.21954345703125,39.38685588966739,38.707773526763944,38.88492234610504,1858400
2026-07-02,40.24308776855469,40.24308776855469,39.39669303732488,39.39669303732488,2213800
2026-07-03,40.42024230957031,40.98122419299798,40.124989279505115,40.34150992024772,1084500
2026-07-06,39.63290023803711,40.341510524280366,39.63290023803711,40.31198259278955,993700
2026-07-07,39.76084518432617,40.311983189026094,39.66242500181113,39.74116114782316,1459600
2026-07-08,39.160491943359375,39.96751860090816,39.13096401389585,39.7608418663923,1378100
2026-07-09,39.67226791381836,39.76084419871318,38.91444942179509,39.07191795556967,1236500
2026-07-10,41.109169006347656,41.325689649497576,39.898628941579105,39.898628941579105,1952900
2026-07-13,40.6958122253418,41.424106553385606,40.55802772514741,41.11900962127943,1825300
2026-07-14,40.607234954833984,41.17806073248749,40.449766422092665,40.79423141857715,1137900
2026-07-15,40.272613525390625,40.68597076693546,40.085620817516734,40.60723462403323,1919600
2026-07-16,40.38087463378906,40.449766883001764,39.819892744859324,40.30214224369426,3122800
2026-07-17,40.24308776855469,41.089482499784495,40.24308776855469,40.469448538990086,2360400
2026-07-20,40.49897766113281,40.66628633163723,40.28245702462507,40.32182509568937,2700500
2026-07-21,40.47929382324219,40.823755060871896,40.184040797510164,40.49897785887045,1500400
2026-07-22,40.93201446533203,41.23711137923601,40.341508427058464,40.48913305945394,1758000
2026-07-23,40.76470184326172,41.148534896035464,40.489132860666444,40.88280605381325,968200
2026-07-24,39.66242218017578,40.79422979533102,39.66242218017578,40.74502158474728,1496700
2026-07-27,39.317962646484375,40.04625320494563,39.190018289975136,39.92815274358493,2970400
2026-07-28,39.17033386230469,40.07578073527111,39.091601473633574,39.849419955615986,1488100
2026-07-29,38.43219757080078,39.23922422624747,38.43219757080078,39.21954019143831,1953900
2026-07-30,39.239227294921875,39.52464019045653,38.47156864905933,38.47156864905933,2284200
2026-07-31,39.03255081176758,39.51480031974015,39.00302663421586,39.071918884733925,1166600
2026-08-03,39.36717224121094,39.51480063885392,39.01286709034466,39.249071775704216,1238600
2026-08-04,39.2589111328125,39.878945134445786,39.16049470591339,39.52463999065534,1083300
2026-08-05,39.42622375488281,39.62305660963522,39.022710395686694,39.564008254947915,1723100
2026-08-06,38.91444778442383,39.495113682225245,38.91444778442383,39.367169330683694,2275700
2026-08-07,38.62903594970703,39.06207347248316,38.33378292261668,39.042389436764346,1959400
2026-08-10,37.890899658203125,38.825870660378584,37.890899658203125,38.658558242095566,2156400
2026-08-11,37.69406509399414,38.176314585697035,37.49722849014916,37.91058573365821,2729100
2026-08-12,37.10355758666992,37.94010842738334,36.6902003593163,37.733431690879435,4112700
2026-08-13,37.60548782348633,37.90074084433552,37.0445059575691,37.21181838046935,6109000
2026-08-14,37.339759826660156,37.69406496146623,36.70988570004755,37.60548867776471,3663700
2026-08-17,37.25,38.18000030517578,37.130001068115234,37.5099983215332,2058200
2026-08-18,36.90999984741211,37.689998626708984,36.90999984741211,37.34000015258789,1888600
2026-08-19,37.16999816894531,37.38999938964844,36.880001068115234,36.95000076293945,1947600
2026-08-20,37.45000076293945,37.68000030517578,36.79999923706055,37.09000015258789,2680200
2026-08-21,37.56999969482422,38.09000015258789,37.400001525878906,37.560001373291016,1875700
