Price,Close,High,Low,Open,Volume
Ticker,VALE3.SA,VALE3.SA,VALE3.SA,VALE3.SA,VALE3.SA
Date,,,,,
2015-01-02,9.710408210754395,10.016140073166113,9.610018098397289,9.902061033017771,5658400
2015-01-05,9.564383506774902,9.641957266167898,9.359041816866679,9.473120823600276,8603000
2015-01-06,9.9476900100708,10.098274278844265,9.614579486777052,9.614579486777052,9879900
2015-01-07,10.312742233276367,10.408568179773528,10.025262653077409,10.18497343425975,6130900
2015-01-08,10.422257423400879,10.440509610665949,10.08914695504172,10.39031544292174,4667300
2015-01-09,10.198665618896484,10.426823682539117,10.171286894958472,10.308181385002475,3577300
2015-01-12,10.330992698669434,10.335555962554084,10.007008796041648,10.089145805258156,4735200
2015-01-13,10.271675109863281,10.554590593294128,10.271675109863281,10.358375409138992,6096400
2015-01-14,9.445745468139648,10.038956166181475,9.441182201803443,9.947692580165475,10902600
2015-01-15,9.555261611938477,9.701282658824924,9.33166677509934,9.491376751160086,5822800
2015-01-16,9.984196662902832,10.13934421861853,9.514191600311708,9.605454305209559,4004300
2015-01-19,9.879242897033691,9.892932692676695,9.719532095947377,9.787980203808544,2139300
2015-01-20,9.920310974121094,10.075458503119757,9.819921754914702,10.075458503119757,2060900
2015-01-21,10.075459480285645,10.16672304867267,9.815359441842679,9.979633516797769,2841600
2015-01-22,9.997884750366211,10.435948618157619,9.929437515810813,10.198664059368681,4077500
2015-01-23,9.363606452941895,10.435949447360324,9.34079012604132,10.198664869717614,7374000
2015-01-26,8.934667587280273,9.176515389867578,8.930104322663109,9.130883614049669,5010900
2015-01-27,8.670005798339844,8.916416907220418,8.478353003772913,8.838843136315853,5926800
2015-01-28,8.619811058044434,8.82971692168281,8.510295295849854,8.542237284362368,4019900
2015-01-29,8.236503601074219,8.765830101035407,8.172619638430055,8.670004157069162,8705800
2015-01-30,8.492042541503906,8.523984527900666,8.053978651387874,8.076794977638313,7360500
2015-02-02,9.007680892944336,9.04418615092607,8.510296208971962,8.647191579168966,6374000
2015-02-03,9.523319244384766,9.68302921420119,9.185644498719602,9.281471350963516,10130700
2015-02-04,9.37729263305664,9.660208911308722,9.199329687109106,9.50962467927151,7812700
2015-02-05,9.331664085388184,9.66021134618391,9.322537554999842,9.38185826181638,4582200
2015-02-06,9.317973136901855,9.413799083061466,9.108067315710649,9.222146320388509,4462400
2015-02-09,9.8518648147583,9.975070372470709,9.222148100019709,9.240401162060317,4581800
2015-02-10,9.308849334716797,9.860992331694645,9.308849334716797,9.710408036219594,5708600
2015-02-11,9.628270149230957,9.664775403422148,9.276906533669557,9.276906533669557,5888600
2015-02-12,9.847302436828613,9.979634537488998,9.705844674679293,9.902060757532148,5681000
2015-02-13,10.25798511505127,10.35837520816607,9.952253311240797,9.988758562276951,7381400
2015-02-18,10.36293888092041,10.495270976216512,10.349249954064915,10.358376485537875,5872100
2015-02-19,10.08458423614502,10.44051017542713,10.048078989286502,10.44051017542713,4910700
2015-02-20,10.321870803833008,10.36293845305785,10.016138974943352,10.134780397777629,2589100
2015-02-23,9.865554809570312,10.16672337646215,9.756038175833355,10.08458633633639,5798700
2015-02-24,10.057206153869629,10.171285166302702,9.851863583348578,9.879242302633454,7130600
2015-02-25,10.102837562561035,10.157595874194632,9.947690028345319,9.961379823842178,4870400
2015-02-26,9.696717262268066,10.011575619424333,9.52787991992227,9.979633631228781,7354500
2015-02-27,9.696717262268066,9.870116999767026,9.632833285876961,9.742349046984813,5026500
2015-03-02,9.381857872009277,9.696716194494275,9.304284107639171,9.655647679806936,4685300
2015-03-03,9.486814498901367,9.637398814581353,9.409240707772035,9.450308366271935,4441700
2015-03-04,9.304283142089844,9.432051937897263,9.167388687574102,9.34535165251531,6035800
2015-03-05,8.898163795471191,9.299721573541879,8.847968746829652,9.299721573541879,7140400
2015-03-06,8.939231872558594,9.067000685366343,8.701947307495841,8.875347901331633,7622600
2015-03-09,8.916417121887207,9.021369617298433,8.738453248848717,8.866222071754056,5393600
2015-03-10,8.715636253356934,8.911852283403745,8.688257535550372,8.729325177083341,5896000
2015-03-11,8.606121063232422,8.752142061362354,8.569615813699938,8.729325736433426,11250500
2015-03-12,8.606121063232422,8.925541779053196,8.606121063232422,8.724763341801442,10526500
2015-03-13,8.615246772766113,8.72932578701031,8.282136260057971,8.487478833839049,14184500
2015-03-16,8.624375343322754,8.820591433504223,8.455538849692662,8.701949126176963,7892200
2015-03-17,9.071563720703125,9.126322035874082,8.656316137699166,8.66087940315957,8644000
2015-03-18,8.939231872558594,8.993989313509179,8.729326027971133,8.920978812005844,9506400
2015-03-19,8.73845386505127,8.975738465599065,8.73845386505127,8.96661193395785,3495400
2015-03-20,9.240401268005371,9.240401268005371,8.711074647713376,8.884474387317756,10164000
2015-03-23,9.299721717834473,9.336226970952762,9.071563668256696,9.27690626101825,4862600
2015-03-24,8.934667587280273,9.322536376201901,8.857093829495948,9.217583901068323,5204700
2015-03-25,9.016806602478027,9.09894364303255,8.797775074568584,9.007680071226654,4752100
2015-03-26,8.633500099182129,9.0396211239082,8.633500099182129,8.943795166756408,6943000
2015-03-27,8.37339973449707,8.615246685210472,8.291262705819387,8.592431230735027,6067800
2015-03-30,8.49660587310791,8.546800050543158,8.318642008380102,8.49660587310791,4054400
2015-03-31,8.186310768127441,8.382526822964003,8.136115720512361,8.355147231344583,5094700
2015-04-01,8.0037841796875,8.126988855488708,7.9262104139995735,8.113299930596252,10595600
2015-04-02,8.213689804077148,8.277573779595615,7.834947475703302,7.967278692184967,6519700
2015-04-06,8.2730131149292,8.44185050804595,8.15893405400966,8.323208180247128,4765200
2015-04-07,8.670005798339844,8.76126936541129,8.336895258130665,8.373400510888468,11772400
2015-04-08,8.555926322937012,8.920978831240792,8.501168011514528,8.875347920468194,6513500
2015-04-09,8.578742980957031,8.638064565843694,8.300390730736542,8.419033030155912,8139900
2015-04-10,8.405342102050781,8.638063403794582,8.405342102050781,8.578741826888248,4013700
2015-04-13,8.32320499420166,8.610684605072711,8.231942302613037,8.396215495614092,4761800
2015-04-14,8.555926322937012,8.784084358215333,8.464662760684151,8.464662760684151,6921500
2015-04-15,8.768906593322754,8.820765105808608,8.533183302637804,8.698189785959867,8478900
2015-04-16,8.514327049255371,8.825481795628566,8.49075507422018,8.702905547176519,5130500
2015-04-17,8.391749382019043,8.542613054062807,8.372891985021733,8.443608797384496,4104600
2015-04-20,8.358748435974121,8.54261323098082,8.349319287673659,8.420037000714045,3035100
2015-04-22,9.169636726379395,9.22149524089584,8.585042151282686,8.613329594705869,7975100
2015-04-23,9.942811012268066,10.01824241261422,9.080063583997347,9.080063583997347,8204400
2015-04-24,10.9375638961792,11.102569523264345,10.324682641244276,10.348255515980174,20963300
2015-04-27,11.060135841369629,11.696588875796149,10.862129149854615,11.008277331349818,17059300
2015-04-28,10.631122589111328,11.380722904444687,10.404828391821727,11.187429831858168,17206700
2015-04-29,9.952239036560059,10.310538597288799,9.94280988777988,10.206819759133063,14041200
2015-04-30,10.678265571594238,10.730124986612084,9.603367872773768,9.711800377617404,22251200
2015-05-04,11.682450294494629,11.682450294494629,11.182716113202131,11.361866374182695,10121000
2015-05-05,12.757346153259277,12.7809190253907,11.673019213181425,11.729592307870583,14709800
2015-05-06,11.753167152404785,13.148649045100534,11.72959427631739,12.964785107685247,17730800
2015-05-07,11.258149147033691,11.974748496215309,11.102571739573127,11.786169956749989,12752400
2015-05-08,10.725412368774414,11.644733788640364,10.70655406925093,11.526872114258227,10498300
2015-05-11,10.975278854370117,11.286433586137155,10.876274585600697,10.96584970511338,8290200
2015-05-12,10.527403831481934,11.121426728146469,10.49440270931387,10.937562819374044,6338600
2015-05-13,10.183247566223145,10.55097536856828,10.145531871131,10.442542857580001,9515000
2015-05-14,10.055956840515137,10.39539809912698,9.966381726732097,10.15967477806548,7312900
2015-05-15,10.032387733459473,10.206822537306229,9.989957451612778,10.065388863959488,5580200
2015-05-18,9.54207992553711,10.136102802323007,9.54207992553711,9.999382844529848,10128900
2015-05-19,9.485506057739258,9.537364572657566,9.348786111106822,9.428932069667518,12234100
2015-05-20,9.358216285705566,9.655227282832325,9.301642291426923,9.433647678601668,6727500
2015-05-21,9.546796798706055,9.664658487578969,9.325217147341773,9.325217147341773,3455300
2015-05-22,9.551507949829102,9.754230125886158,9.504363111339297,9.66465502267683,6084100
2015-05-25,9.697656631469727,9.834376580099754,9.480791622321053,9.480791622321053,1530500
2015-05-26,9.801376342773438,9.985240249606715,9.664656381846958,9.730658625486981,6830900
2015-05-27,9.87680721282959,9.90509375872003,9.55150878784374,9.806089499283868,4667900
2015-05-28,9.683512687683105,9.782516032778165,9.560936475270452,9.674083540756069,6352000
2015-05-29,9.452505111694336,9.754231583592333,9.452505111694336,9.659941892521745,8707400
2015-06-01,9.447793006896973,9.612798644878943,9.329931323073687,9.461935833459263,6876000
2015-06-02,10.065387725830078,10.088959702318046,9.480793896638508,9.49965129798623,5829100
2015-06-03,9.848522186279297,10.154963288996894,9.782519929922055,10.07010273127284,8682100
2015-06-05,9.711801528930664,9.895665441480723,9.57979613833312,9.664656682344887,6084100
2015-06-08,9.476078987121582,9.735374316192678,9.471364412147697,9.678801214932513,7132000
2015-06-09,9.41950511932373,9.721231627409674,9.381789418214643,9.4053622934161,6456600
2015-06-10,9.999383926391602,10.065387074873176,9.612797782025666,9.688229180964717,5297600
2015-06-11,10.055956840515137,10.239820743194914,9.933380605657584,10.107816258896863,6340600
2015-06-12,9.975811004638672,10.046527822030752,9.872093065744494,9.956953606300239,3608400
2015-06-15,9.589225769042969,9.914524237686141,9.546795494906329,9.843806514649607,4450900
2015-06-16,9.31107234954834,9.513794574956925,9.282785799253464,9.499650850202878,8169800
2015-06-17,9.179064750671387,9.348785810211007,9.098918794690233,9.31107011911476,5554800
2015-06-18,9.617511749267578,9.617511749267578,9.188495357700203,9.26392675187382,5554500
2015-06-19,9.57979679107666,9.593940515780059,9.358217166002726,9.494936241282705,3160600
2015-06-22,9.282784461975098,9.678799705906261,9.282784461975098,9.664655983189759,5151000
2015-06-23,9.339356422424316,9.50907747759869,9.339356422424316,9.50907747759869,2995400
2015-06-24,9.33464241027832,9.513792623564193,9.292212143932352,9.466647783267225,2893300
2015-06-25,9.108349800109863,9.372359691634054,9.01877467828064,9.358216866596358,5130300
2015-06-26,9.24978256225586,9.254496236884492,8.985771822401631,9.141349162323973,2998200
2015-06-29,9.051778793334961,9.188497895835576,8.962203650805552,9.042349641655361,2960000
2015-06-30,8.622759819030762,9.051776206500035,8.561471249841928,8.976344813046964,5353300
2015-07-01,8.537899017333984,8.773622339520228,8.47189587565692,8.636902381029913,2518000
2015-07-02,8.519042015075684,8.65576199435136,8.368179209815109,8.434181462313298,4323900
2015-07-03,8.335177421569824,8.523755913168268,8.278603424483702,8.438895367145674,1949700
2015-07-06,8.321033477783203,8.335177201484573,8.127740416596936,8.226744684080208,4699200
2015-07-07,8.453038215637207,8.509611307650193,7.844871631612561,8.250316020962325,8085300
2015-07-08,8.090024948120117,8.4011796846468,8.02873727544015,8.179600069003005,8525700
2015-07-10,8.066452980041504,8.509612211670298,8.066452980041504,8.48132566265878,4808900
2015-07-13,8.72176456451416,8.731193714989686,7.986307912475388,8.203172978132823,11273000
2015-07-14,8.401179313659668,8.585043222793516,8.32574792020921,8.56618582403747,5417700
2015-07-15,8.066452980041504,8.57561535831475,8.066452980041504,8.523755935782647,6598400
2015-07-16,8.316319465637207,8.339892340067022,8.146599265808613,8.16545666613925,2990000
2015-07-17,8.226744651794434,8.363463716851829,8.146598682894185,8.363463716851829,2920800
2015-07-20,8.160741806030273,8.448324569530316,8.156027231309087,8.22674495291369,3592000
2015-07-21,8.27388858795166,8.500183669921501,8.108882975033124,8.207886342784246,5947000
2015-07-22,8.151313781738281,8.231458856580339,7.9391624094704545,8.132455482330826,8000200
2015-07-23,8.165456771850586,8.45303954912492,8.146599371275817,8.160742196903588,6047000
2015-07-24,7.915591239929199,8.273889972999886,7.797729554278413,8.165457438012353,5779600
2015-07-27,7.9014458656311035,8.273888247002288,7.736439360298986,7.896731291282973,6410300
2015-07-28,8.528470039367676,8.580329459035024,8.042879662226209,8.094739081893557,11251300
2015-07-29,8.65104866027832,8.816055214407234,8.58033182256975,8.674620639776718,7374700
2015-07-30,8.226744651794434,9.339358168087523,8.198457204502711,9.004631468053818,10051000
2015-07-31,8.424752235412598,8.504898203824268,8.075880914646634,8.264460298589256,8740700
2015-08-03,8.292746543884277,8.457753049206236,8.156026585436248,8.396464481897425,4459200
2015-08-04,8.533183097839355,8.632186445928694,8.448322571355368,8.448322571355368,3890900
2015-08-05,8.962202072143555,9.089492899756113,8.792480968660144,8.792480968660144,7956400
2015-08-06,9.230924606323242,9.329928862212356,8.801908262300863,8.844338529222904,10318000
2015-08-07,8.684049606323242,9.18849751023844,8.684049606323242,9.16964010688399,6786600
2015-08-10,9.122493743896484,9.221497118395657,8.641617898352242,8.74533584771517,12030800
2015-08-11,8.768906593322754,8.976343340905148,8.53789787635706,8.886768238665228,11728600
2015-08-12,8.919771194458008,9.018774565334773,8.556757036150179,8.674618705791953,12862900
2015-08-13,8.712333679199219,9.193209467137558,8.693476281216416,8.957486147467364,6140400
2015-08-14,8.580329895019531,8.839625208105351,8.580329895019531,8.726478113347184,6818300
2015-08-17,8.490754127502441,8.641616909018184,8.471895830206421,8.533184397205384,4345100
2015-08-18,8.212599754333496,8.509610714740038,8.212599754333496,8.509610714740038,4570800
2015-08-19,7.939162254333496,8.24560242001091,7.863730856604077,8.203172146386462,5287400
2015-08-20,8.09473991394043,8.174885889294819,7.88730311316203,7.972163663444704,6276800
2015-08-21,7.873157501220703,8.090022475892303,7.873157501220703,7.991019135076026,5072500
2015-08-24,7.26027774810791,7.731724366805996,6.963266773981864,7.137701968947372,10706700
2015-08-25,7.236706256866455,7.675151785211705,7.236706256866455,7.609148642751125,6042300
2015-08-26,7.496002197265625,7.519574621706153,7.203705303180232,7.4158562239317884,6615000
2015-08-27,8.339892387390137,8.339892387390137,7.628007761408137,7.637436911233567,8865100
2015-08-28,8.160741806030273,8.669904186146942,8.1135969580316,8.22674495291369,6267900
2015-08-31,8.448322296142578,8.528468246409622,7.9957331360425234,8.024020576757675,7932500
2015-09-01,8.061739921569824,8.467183531033715,8.061739921569824,8.160743311337049,6389600
2015-09-02,8.537899017333984,8.580329287264558,8.137169189774745,8.259745425217167,10601200
2015-09-03,8.830195426940918,9.131921890587432,8.533184436853428,8.570900132407603,8880300
2015-09-04,8.599187850952148,8.768908953677839,8.509612724601007,8.65104727661016,11979600
2015-09-08,8.924485206604004,9.051776017604645,8.78305067242114,8.94334260496718,6504800
2015-09-09,8.985773086547852,9.400646650848461,8.929199990915222,9.146065022862205,7716600
2015-09-10,9.400646209716797,9.457219302694694,8.797194189602912,8.816052486737613,9679700
2015-09-11,9.169636726379395,9.692941840725874,9.037631354710294,9.537364498750485,8185600
2015-09-14,9.028202056884766,9.23563880914274,8.86319556984349,9.108348013492641,5714300
2015-09-15,8.768906593322754,9.08006126508985,8.73119090278168,9.004629884007704,6058200
2015-09-16,8.97634506225586,9.084777580953403,8.783051099551189,8.8726262189685,6522200
2015-09-17,9.188497543334961,9.560940927470462,8.900914722633543,8.900914722633543,7195500
2015-09-18,9.386502265930176,9.622225579286962,9.14134980422798,9.174350924223837,11238600
2015-09-21,9.395933151245117,9.560939680941246,9.254498597557046,9.433648852385954,5214900
2015-09-22,9.174351692199707,9.292213358744183,8.882055262728773,9.169638016845504,8156600
2015-09-23,8.910343170166016,9.26392822373779,8.910343170166016,9.174353091719885,5364500
2015-09-24,8.698187828063965,8.952768457108792,8.651043000696319,8.651043000696319,6066900
2015-09-25,8.453038215637207,8.91977027120322,8.4011787986144,8.797194039557638,4420500
2015-09-28,7.821300029754639,8.344606101298952,7.8118708809021165,8.344606101298952,7584400
2015-09-29,7.769439697265625,8.099452674617929,7.745867727117469,7.92030246432507,7694600
2015-09-30,7.816585063934326,8.038164655594839,7.698723406818782,7.9957343870961965,6672100
2015-10-01,8.118311882019043,8.25503185717585,7.877873956173546,7.9250188062004865,6028900
2015-10-02,8.401179313659668,8.453038733861785,7.95330552744922,8.052308894148018,7116900
2015-10-05,8.552042961120605,8.669904637648568,8.486040710013182,8.533185560467011,3574800
2015-10-06,8.632190704345703,8.745337829070902,8.486042447310664,8.651049008073278,4558400
2015-10-07,9.499648094177246,9.570364899004778,9.098918334537291,9.098918334537291,9670300
2015-10-08,9.457220077514648,9.513794074340694,9.278070736122988,9.461934652184583,5880600
2015-10-09,9.801376342773438,9.820233741293531,9.523222745700304,9.678800105146877,12008500
2015-10-13,8.759479522705078,9.428933862942525,8.74533579819391,9.414790138431357,8803000
2015-10-14,8.816052436828613,9.037632031628338,8.768907593471859,8.816052436828613,13342500
2015-10-15,8.943344116210938,8.9810598185236,8.688763350403791,8.891485587539323,5301300
2015-10-16,8.858513832092285,9.070118110101692,8.752712151726946,9.070118110101692,5306400
2015-10-19,8.560344696044922,8.921033392517804,8.517061979085872,8.853705129372079,6646700
2015-10-20,8.46897029876709,8.642100237305213,8.343931449263668,8.608436108069432,4110400
2015-10-21,8.699812889099121,8.79118763101109,8.459353717852112,8.464163011350525,3708700
2015-10-22,8.9017972946167,9.137447137024397,8.738285009308694,8.752712887640156,7244800
2015-10-23,8.94507884979248,9.29614892138892,8.824849297825589,9.257675501450661,8380100
2015-10-26,8.589200019836426,8.96912495067806,8.574772142483424,8.921032943446795,5048400
2015-10-27,8.190037727355957,8.613245363065083,8.151564305927854,8.565153356960275,7572600
2015-10-28,7.968815803527832,8.13713738605435,7.887059658716599,8.108282545908864,746800
2015-10-29,7.762020587921143,7.935151458731782,7.762020587921143,7.795684720072366,5896100
2015-10-30,8.204465866088867,8.204465866088867,7.838967851359808,7.843777144389265,6156500
2015-11-03,8.536298751831055,8.536298751831055,8.098663227232157,8.295839632061167,8037500
2015-11-04,8.3679780960083,8.824850840246901,8.209275096364792,8.738285400936105,7193100
2015-11-05,8.151564598083496,8.372786549904095,8.002479282087434,8.372786549904095,5915900
2015-11-06,7.535989761352539,7.867823643590514,7.497516334229212,7.771639617142769,10096900
2015-11-09,7.425378799438477,7.61774640626049,7.386905369801966,7.521562832169213,2982900
2015-11-10,7.396520137786865,7.42056613355486,7.276290617586115,7.382092723781757,4677100
2015-11-11,7.367667198181152,7.617744900010281,7.242628805905956,7.459041919480014,3983500
2015-11-12,7.237820148468018,7.367667844548272,7.213774142930368,7.285911700903909,5643200
2015-11-13,7.391714572906494,7.4013331595178995,7.213774848350581,7.257057570822997,3792600
2015-11-16,7.237820148468018,7.4686607008948735,7.208964850094956,7.396523142921333,4946300
2015-11-17,6.982933521270752,7.261866082007411,6.968505642907563,7.261866082007411,4607600
2015-11-18,7.016598224639893,7.184919358156718,6.901177940175879,6.949269496049498,6100200
2015-11-19,7.040644645690918,7.2137750825622025,6.973315913143462,7.15606493693844,4043700
2015-11-23,6.853084087371826,6.963695048986042,6.761709834674835,6.896366797095412,5780800
2015-11-24,6.958888053894043,7.040644203047585,6.675146178436387,6.785757169267981,4629700
2015-11-25,6.761710166931152,6.978123267543856,6.761710166931152,6.838657006381061,5048900
2015-11-26,6.824230670928955,6.862704557980726,6.776139114733268,6.8146125431455955,3880800
2015-11-27,6.396212577819824,6.771328670389653,6.396212577819824,6.771328670389653,5964400
2015-11-30,6.333693027496338,6.439495164873379,6.059569787415149,6.271173603529875,13658200
2015-12-01,6.174989700317383,6.405830213887704,6.054760151506342,6.2519365381741565,6932100
2015-12-02,6.223080635070801,6.266363341785273,5.891247314658661,6.174989095440833,9802500
2015-12-03,6.189418792724609,6.348121803411949,6.1268993553872555,6.179800664709338,7206800
2015-12-04,5.939341068267822,6.203845761003786,5.847966336278792,6.1749909204257705,6375000
2015-12-07,5.872013092041016,5.9874333863645015,5.799875522748707,5.9393418263827895,3124200
2015-12-08,5.602696895599365,5.742163156474906,5.410329797370806,5.742163156474906,7863500
2015-12-09,5.809492111206055,5.973004380804002,5.670025844544163,5.746972687028054,7322900
2015-12-10,6.093233585357666,6.098042877395326,5.795064358612756,5.819110360161722,9923400
2015-12-11,5.872013092041016,5.973005964233936,5.727737494816917,5.862394504860984,8390700
2015-12-14,5.992241859436035,6.035524578540504,5.8575848678305675,5.8575848678305675,5694800
2015-12-15,6.194225788116455,6.309646033317804,6.059568835381548,6.059568835381548,6886800
2015-12-16,6.372167110443115,6.477969258809129,6.112471261646104,6.112471261646104,4472100
2015-12-17,6.126898288726807,6.540488270087107,6.126898288726807,6.4923962624649505,5814700
2015-12-18,6.199036598205566,6.232700729976,5.924912875402586,5.924912875402586,10987200
2015-12-21,5.910485744476318,6.425068166159176,5.910485744476318,6.256747040448794,6942100
2015-12-22,6.035525798797607,6.073999232749122,5.886440898255856,5.953769636990761,5677800
2015-12-23,6.357739448547363,6.526060562323256,6.213463880568464,6.309647439674602,7174800
2015-12-28,6.078807830810547,6.333694416222289,6.0403344012630935,6.251938263774086,3095800
2015-12-29,6.117279529571533,6.160562240226131,5.915293852276294,6.064378234931768,2890100
2015-12-30,6.266364574432373,6.319265874662545,6.073997460793683,6.194227021477708,5226600
2016-01-04,6.102851390838623,6.242317642143608,6.001858556539198,6.006667848324721,4587900
2016-01-05,6.021097183227539,6.174990888554442,5.968195878041851,6.09323474293967,2693500
2016-01-06,5.578652858734131,5.823920860546756,5.573843565319902,5.809493438943534,6758900
2016-01-07,5.246818542480469,5.468040977260223,5.232391122001627,5.415140129744853,6450400
2016-01-08,5.068877696990967,5.410329629747255,5.068877696990967,5.323764208906716,4429400
2016-01-11,4.924602508544922,5.174680205418528,4.876510961281092,5.0496413569817244,5658100
2016-01-12,4.525441646575928,5.030406010987795,4.51101422434687,5.030406010987795,7581600
2016-01-13,4.328263759613037,4.7370444092544455,4.232080212238391,4.621623693765539,9208300
2016-01-14,4.6408610343933105,4.679334458575519,4.299409050796664,4.400401903934809,11080500
2016-01-15,4.506204128265381,4.573532851076984,4.32345513089623,4.410020566134091,13283400
2016-01-18,4.275363445281982,4.669716266992168,4.275363445281982,4.477349148752904,3477600
2016-01-19,4.414829730987549,4.626433561545488,4.414829730987549,4.57353271856585,10965000
2016-01-20,4.429256916046143,4.47734892249538,4.188797801078685,4.313836650935211,10928000
2016-01-21,4.39559268951416,4.7129986408700075,4.39559268951416,4.429256818100582,10638200
2016-01-22,4.342691898345947,4.6889531850452455,4.318645892848603,4.544677610700587,14684700
2016-01-26,4.304218769073486,4.357120076534365,4.1503250571278905,4.227271913100688,7220500
2016-01-27,4.525441646575928,4.631243813081149,4.260936459632618,4.304219184959276,7978500
2016-01-28,4.486968040466309,4.7659006387967295,4.419639308281926,4.5254414706746795,8628400
2016-01-29,4.674525260925293,4.722616808092566,4.347500722174663,4.4821576963381276,13958500
2016-02-01,4.568722724914551,4.684142978417903,4.496585181134785,4.631242143555363,6691400
2016-02-02,4.135896682739258,4.477348621374517,4.135896682739258,4.419638034060971,5860700
2016-02-03,4.33307409286499,4.414830242439004,4.183989214630187,4.2080352219118575,6300800
2016-02-04,4.972695350646973,5.097734220110071,4.501395172916616,4.607197328511502,14082200
2016-02-05,4.919792652130127,5.189107028757924,4.871701110380407,4.948647944091404,9259100
2016-02-10,4.90536642074585,5.011168571982948,4.737045295991676,4.809182855366405,4466400
2016-02-11,4.746663570404053,4.838038304327621,4.621624702213608,4.785136997748892,6646600
2016-02-12,4.929411888122559,5.035214027798846,4.833228333252919,4.833228333252919,5711100
2016-02-15,5.0544514656066895,5.193917754882866,5.0544514656066895,5.136207613662321,2218500
2016-02-16,5.429568290710449,5.472851016689317,5.059261390321395,5.059261390321395,7412800
2016-02-17,5.727735996246338,6.107661376306021,5.5353688893703055,5.62193385814484,12741500
2016-02-18,5.535369873046875,5.852775885117427,5.525751286674098,5.732546307294373,9470200
2016-02-19,5.689262866973877,5.8239198487007675,5.468040453388579,5.487277165063849,7540200
2016-02-22,6.319265842437744,6.333693261227229,5.9778138734907555,6.011478003546014,12431000
2016-02-23,5.953767776489258,6.463540846366857,5.9249124807229,6.242318440956002,9977100
2016-02-24,5.631553649902344,5.746973938767697,5.525751489122707,5.660408951438412,8510200
2016-02-25,5.299718856811523,5.58826950558425,5.246817560557017,5.37185640434487,7333900
2016-02-26,5.290099620819092,5.549795402041004,5.2371987897210435,5.477657863394639,5763400
2016-02-29,5.67964506149292,5.780637918156467,5.381475325713374,5.400712038475983,12513200
2016-03-01,6.160562992095947,6.232700546231466,5.838347727497116,5.867202565695569,14126700
2016-03-02,6.838657379150391,6.838657379150391,6.126898158162673,6.160562746236541,15826600
2016-03-03,7.511941909790039,7.511941909790039,7.511941909790039,7.511941909790039,17302900
2016-03-04,7.959195613861084,8.815230315427325,7.709118854195167,8.040951742197628,27180100
2016-03-07,8.454543113708496,8.945079967155047,8.021716856017518,8.536299255949588,20198100
2016-03-08,7.228201389312744,8.218893216298873,7.228201389312744,8.08423577197572,17884700
2016-03-09,6.973313808441162,7.468659419518316,6.752091421000214,7.372475872509062,11891900
2016-03-10,6.732855796813965,7.2137740680149625,6.3865945131302135,7.2137740680149625,11073200
2016-03-11,6.6703362464904785,7.045452362858126,6.607816817322639,6.7665198072720045,11250900
2016-03-14,6.4635396003723145,6.804991498148187,6.386592771347771,6.684761963137518,8840800
2016-03-15,6.4827775955200195,6.497205472807874,6.160562799627228,6.247127770157505,9679900
2016-03-16,7.127208232879639,7.15125423681954,6.449113581882831,6.5020148822784885,10150400
2016-03-17,7.4542317390441895,7.699500119241014,7.1079705233921615,7.511941865212975,13735400
2016-03-18,7.372476577758789,7.742783842467102,7.184918299169458,7.6417909937865955,14160000
2016-03-21,7.285912036895752,7.636982633200573,7.151255041770341,7.449424331724893,7946100
2016-03-22,7.420567989349365,7.502324120223235,7.189727014340987,7.208963724038407,6234400
2016-03-23,6.7905659675598145,7.3917138095035595,6.756901835175575,7.353240384310313,8236700
2016-03-24,7.237820148468018,7.314766999276969,6.578962165117106,6.728046573899599,7902400
2016-03-28,7.295530319213867,7.560035464032553,7.107972025548382,7.560035464032553,6665400
2016-03-29,7.2570576667785645,7.406142092110966,6.944460477366421,7.261866960147857,7942900
2016-03-30,7.473470211029053,7.867823520850268,7.367668058770734,7.396523357982793,8534400
2016-03-31,7.285912036895752,7.483088924485818,7.1416369142953835,7.30995804354229,8100
2016-04-01,7.459041595458984,7.656217989453095,7.04545163865246,7.16087235836553,6100
2016-04-04,7.112780570983887,7.651408931095845,7.093543860217008,7.507133371024575,15600
2016-04-05,7.353240013122559,7.46385144894909,6.9540779029125614,6.9733146145381255,18700
2016-04-06,7.247438430786133,7.449424147807167,7.170491578328485,7.25224772372459,23400
2016-04-07,7.218582630157471,7.439805030864048,7.141635787935941,7.4157590280099805,2300
2016-04-08,7.810111999511719,7.8582040063023495,7.386903899128015,7.454232616907025,6364500
2016-04-11,8.161181449890137,8.339121585881722,7.911104685286067,7.915913060037303,10700
2016-04-12,9.012408256530762,9.185539127006484,8.358359116759189,8.416069712677364,16700
2016-04-13,9.411569595336914,9.902106409093596,9.281721453352135,9.502944315690506,79700
2016-04-14,8.752713203430176,9.637602926218763,8.666147764875817,9.575083035138908,8726900
2016-04-15,8.94507884979248,9.113400406001865,8.54110748180143,8.848894841307493,7265300
2016-04-18,9.161491394042969,9.36347707585752,8.92584158480577,8.99317075692974,6645200
2016-04-19,9.839585304260254,10.055998847371567,9.435614885916824,9.49813384432753,11000
2016-04-20,10.4647798538208,10.671574820889216,9.873250704261368,9.892486954746596,12475900
2016-04-22,9.296149253845215,9.892487742854287,9.228820995865089,9.623173793655063,15533400
2016-04-25,8.685383796691895,9.23363125438524,8.666147542661308,9.23363125438524,13936900
2016-04-26,8.988363265991211,9.142256974921029,8.343932671888453,8.714239982300116,16017200
2016-04-27,9.353859901428223,9.440424411953323,8.743093531726766,8.997979605506114,15719400
2016-04-28,9.517373085021973,10.04157315991039,9.3538607984407,9.844396740905704,11636100
2016-04-29,9.469282150268555,10.065620767866683,9.469282150268555,9.743405450901356,12354900
2016-05-02,9.5558500289917,9.767453487079704,9.185542601418964,9.685697313684155,5896000
2016-05-03,8.973936080932617,9.32981553967978,8.877752046772224,9.204776662182843,7299400
2016-05-04,8.3679780960083,8.738285400936105,8.271794987990965,8.464162121304485,11995700
2016-05-05,8.01209831237793,8.574772725500024,7.838967441485346,8.56034484716604,12092800
2016-05-06,8.117899894714355,8.3824054903467,7.776448367484178,7.872632387219356,10340400
2016-05-09,7.324384689331055,7.858204237589118,7.237819716655207,7.742783968261735,12767400
2016-05-10,7.632173538208008,7.675456259567132,7.276294098249898,7.502325832770078,8016000
2016-05-11,7.665836811065674,7.911105690729721,7.492706403739711,7.805303087182547,6661200
2016-05-12,7.425378799438477,7.814922847807472,7.319577097257802,7.7235481084411655,4689800
2016-05-13,7.059880256652832,7.63698208126459,7.021406832254675,7.410950368945868,10433800
2016-05-16,7.18010950088501,7.531179597449958,7.021406517692721,7.021406517692721,5971900
2016-05-17,7.27629280090332,7.569652753108327,7.026215103700867,7.300338803886534,8606900
2016-05-18,7.074307918548584,7.3628590700615755,7.064689332799759,7.127208764248887,6588600
2016-05-19,7.160872936248779,7.175300355387452,6.766519657796855,6.896367805963063,8868800
2016-05-20,6.795375347137451,7.401332489627535,6.7088099100276075,7.334003765359944,7022800
2016-05-23,6.944458484649658,7.059879199195342,6.569342423634338,6.569342423634338,6842100
2016-05-24,6.7424750328063965,7.112781898860801,6.708810438700034,7.026216454929366,6038100
2016-05-25,7.03102445602417,7.079116462400988,6.728045916584685,6.780947215327058,11072700
2016-05-27,6.872322082519531,7.170491355861834,6.872322082519531,7.069498500484651,4070600
2016-05-30,6.8675127029418945,6.958887430225236,6.7905658538439635,6.92041400567627,1115600
2016-05-31,6.838657379150391,7.180109341801118,6.703999944133649,6.766519369254415,10875200
2016-06-01,6.9396514892578125,6.9733156248199055,6.636672893280628,6.776139187431448,4914500
2016-06-02,7.189727783203125,7.189727783203125,6.8338483864238055,6.910795233442103,4866100
2016-06-03,7.810111999511719,7.848585421488476,7.2666743407908045,7.3388123509767516,7089500
2016-06-06,8.12270736694336,8.14194453349042,7.814920040419079,7.988050870228281,6323500
2016-06-07,7.968815803527832,8.343932394534457,7.92553308467019,8.09866396010076,5573700
2016-06-08,8.175610542297363,8.252557391666093,7.973624833384747,8.06980885373506,6021300
2016-06-09,7.550414562225342,8.079424230949328,7.449421736406512,8.079424230949328,11424100
2016-06-10,7.189727783203125,7.367667481592785,7.127208355340912,7.281102508016893,5954000
2016-06-13,7.3099565505981445,7.44942281029695,6.9733139022188935,7.050260740861083,6397100
2016-06-14,7.035834312438965,7.401332306013836,6.934841457862735,7.266674860819262,7431600
2016-06-15,7.213772773742676,7.459041158123364,7.09835251943623,7.117589228487304,9546200
2016-06-16,7.324384689331055,7.406140828097796,7.040643308561083,7.112780862230852,6324700
2016-06-17,7.348432540893555,7.661029755544085,7.252248958939352,7.5215634470506165,8597900
2016-06-20,7.4878973960876465,7.6946924011326985,7.459042556421467,7.584081418013332,4172800
2016-06-21,7.502324104309082,7.535988231548323,7.266673837716382,7.511942229817722,3924400
2016-06-22,7.622554302215576,7.810112122649552,7.59850829844114,7.603317590923902,4874600
2016-06-23,7.978434085845947,8.002479632172717,7.67064623128569,7.819731095164404,4105600
2016-06-24,7.314767360687256,7.61293665162369,7.261866512802212,7.444615063183066,8477600
2016-06-27,7.117591857910156,7.4301886101312835,7.026217112181864,7.362860332899374,5222600
2016-06-28,7.434997081756592,7.545608072772955,7.295530790374538,7.309958211237663,5310600
2016-06-29,7.555225372314453,7.713928809336487,7.526370076863348,7.6369815076799945,4887400
2016-06-30,7.824538707733154,7.8582028322734985,7.560033627180927,7.6417897513268755,6942100
2016-07-01,7.992860794067383,8.089043882574613,7.675454400524741,7.843775493371387,5214800
2016-07-04,8.161181449890137,8.24774687187098,8.108281072118581,8.108281072118581,1574800
2016-07-05,7.72354793548584,8.190039291321058,7.665837792323391,7.988053560932764,5508200
2016-07-06,7.834157943725586,7.853394194803124,7.459041416287533,7.61774438611158,4120100
2016-07-07,7.704310894012451,8.050571717673678,7.564844155627426,7.863013886183698,5600700
2016-07-08,7.786067485809326,8.007289462150853,7.752403351781603,7.819731619837049,3908100
2016-07-11,8.108283996582031,8.151566723183494,7.920725208882697,7.959198641719664,4776700
2016-07-12,8.507447242736816,8.618058260959344,8.353553492639541,8.387217635813432,9447800
2016-07-13,8.569963455200195,8.618055465827476,8.209274751413798,8.53629932294474,6517900
2016-07-14,8.343932151794434,8.704620853595818,8.1996561207066,8.704620853595818,8955700
2016-07-15,8.33912181854248,8.497824790842271,8.23812851765424,8.348740402870634,3807500
2016-07-18,8.454543113708496,8.464161699214225,8.190038433252564,8.34393213222902,4348900
2016-07-19,8.098663330078125,8.334313160371714,7.939960345705758,8.291030444881182,8234700
2016-07-20,7.93996000289917,8.190037699985455,7.887058704632801,8.093853688097278,7484000
2016-07-21,8.3679780960083,8.435307280627168,8.098664109369373,8.122709657053996,7561000
2016-07-22,8.247747421264648,8.348740726062488,8.055380313648199,8.310267304539197,4497700
2016-07-25,8.377594947814941,8.392022823806423,8.14675443562316,8.33912152911631,5166800
2016-07-26,8.858513832092285,8.945079260245167,8.36316772503898,8.39202347927576,9248000
2016-07-27,9.098973274230957,9.180729412950742,8.945079581882835,8.945079581882835,5254600
2016-07-28,9.156683921813965,9.233630768444439,8.839277032864805,9.1663015896837,9018200
2016-07-29,8.896987915039062,9.089355037854418,8.70943008495394,9.089355037854418,7598200
2016-08-01,8.608437538146973,9.175921288905517,8.608437538146973,9.041263832313682,6649500
2016-08-02,8.651721000671387,8.887370881941157,8.488208688397838,8.661339587811938,4162600
2016-08-03,9.050883293151855,9.098975312101361,8.488208781184273,8.613247663541399,7536800
2016-08-04,9.022027015686035,9.180730010916639,8.834469180580456,8.935461578782284,6891900
2016-08-05,9.12302017211914,9.24324975174934,9.007599885747616,9.190349360461703,4237300
2016-08-08,9.127829551696777,9.320196697468472,9.022027850842072,9.16149368754696,3472700
2016-08-09,9.132638931274414,9.325006078863346,9.094165501756628,9.161493774093024,5247300
2016-08-10,8.699812889099121,9.243250212514628,8.699812889099121,9.22882324929833,9298300
2016-08-11,8.853704452514648,8.86813232949093,8.608436047590173,8.728665603889697,6125800
2016-08-12,8.63729190826416,8.839277623485065,8.545918095084314,8.820041369181508,5917100
2016-08-15,8.863323211669922,8.892178048911871,8.661337516418804,8.695001646080867,3698900
2016-08-16,9.127829551696777,9.25767771907226,8.921034526012615,8.935462405925083,5071900
2016-08-17,9.195158004760742,9.224012844997432,8.858514838643632,9.041263383181116,5349400
2016-08-18,9.098973274230957,9.300958974757558,8.97874371242414,9.2047749584006,4063100
2016-08-19,9.175919532775879,9.276912835210913,8.983552429659984,9.08935410705405,4214100
2016-08-22,8.839278221130371,9.10859313781984,8.791187123480507,9.10859313781984,4821900
2016-08-23,9.017215728759766,9.233629273161448,8.993170187061187,9.017215728759766,5839200
2016-08-24,8.728667259216309,9.041263981420963,8.666148281686935,8.945080868508166,6932000
2016-08-25,8.743093490600586,8.916224345393855,8.699810776902268,8.752712075262151,7041200
2016-08-26,8.517061233520508,8.945079072950138,8.440114391724359,8.805612348895425,5974500
2016-08-29,8.704619407653809,8.800802495123062,8.536297857984303,8.584389860358256,4522200
2016-08-30,8.48820686340332,8.747903156688848,8.468970610537037,8.70942973367752,3496100
2016-08-31,8.14675521850586,8.512253189905609,8.098663211191386,8.488206727609,9412000
2016-09-01,8.387214660644531,8.430497377165743,8.185228955971802,8.199655916626353,5304600
2016-09-02,8.77194881439209,8.834468700885116,8.488206972071483,8.512253435060636,6874100
2016-09-05,8.608437538146973,8.844087399223527,8.584391989635053,8.844087399223527,2510200
2016-09-06,8.786375999450684,8.810421543265269,8.507443471719489,8.651718569164395,5138000
2016-09-08,8.555535316467285,8.738283830961683,8.493015436073822,8.661336991461022,8065300
2016-09-09,8.108283996582031,8.517063876495186,8.108283996582031,8.493018324951704,5791800
2016-09-12,8.411259651184082,8.44011448786665,7.973624139503809,8.098662988166561,7225300
2016-09-13,7.824538707733154,8.24293699456114,7.7716374164391295,8.214082161709216,8066000
2016-09-14,8.002480506896973,8.108283123768793,7.867823965102139,7.935152235999556,3641700
2016-09-15,8.002480506896973,8.175611394666209,7.911106687044449,8.069809695073284,2252200
2016-09-16,7.891870021820068,7.983244764830537,7.800495278809599,7.973626177718076,5283500
2016-09-19,8.01209831237793,8.137137172769373,7.930342169709633,8.055381030101076,3279600
2016-09-20,8.03133487701416,8.079425966604958,7.877440271575899,8.040952544565078,3364300
2016-09-21,8.48820686340332,8.48820686340332,8.223702194860293,8.276602578201642,7617300
2016-09-22,8.440115928649902,8.637292361317746,8.32950493808577,8.589201264396907,5386000
2016-09-23,8.48820686340332,8.579581587034756,8.32469458628549,8.401641432308145,4769800
2016-09-26,8.387214660644531,8.502634932274836,8.35835890477787,8.363168197422313,2331200
2016-09-27,8.464160919189453,8.478587878839711,8.223701807378836,8.343931363284144,3173900
2016-09-28,8.747903823852539,8.762330785282842,8.48820751076113,8.502635389470262,4951800
2016-09-29,8.651721000671387,8.85851603779846,8.594011312385991,8.757522707380582,4395100
2016-09-30,8.565153121948242,8.695001259684815,8.493015573409712,8.666146423725142,4534600
2016-10-03,8.704619407653809,8.78637553650593,8.536297857984303,8.584389860358256,3689100
2016-10-04,8.48820686340332,8.800803540030197,8.444924147855732,8.752712449225108,5321900
2016-10-05,8.589200019836426,8.661337572043951,8.517061550350157,8.598817687459684,3221600
2016-10-06,8.560344696044922,8.63248316916253,8.512253603671569,8.579581866817295,4178300
2016-10-07,8.656527519226074,8.79118494418991,8.521870094262239,8.642099643140378,10040900
2016-10-10,9.161491394042969,9.180728562443724,8.733474487191597,8.77194790671443,8879800
2016-10-11,8.94507884979248,9.185537953726264,8.848894841307493,9.07973536093704,9733500
2016-10-13,8.536298751831055,8.776757871600944,8.512253206765564,8.776757871600944,18453000
2016-10-14,8.66614818572998,8.815232605325342,8.642101719808869,8.704621613924877,6890600
2016-10-17,8.77194881439209,8.87294212438899,8.646909958684807,8.699811259982173,5163600
2016-10-18,9.026837348937988,9.079737741926039,8.82004231856227,8.896989178616641,9581100
2016-10-19,8.95469856262207,9.09897367625329,8.901797259560515,9.022026826679467,4573100
2016-10-20,9.185538291931152,9.219202420956782,8.969124723511081,8.978743308169467,9474800
2016-10-21,9.575082778930664,9.714549518931715,9.079736625612231,9.209584779969317,16069400
2016-10-24,9.762640953063965,9.911726283908301,9.627984418467591,9.762640953063965,7251300
2016-10-25,10.267607688903809,10.267607688903809,9.916537488489789,10.017529908905182,11607500
2016-10-26,10.46959114074707,10.512873859184682,10.012718409362867,10.147375857533083,10290600
2016-10-27,10.580199241638184,10.729283610477813,10.416686998157854,10.628291239828616,10148800
2016-10-28,10.647530555725098,10.806233553372422,10.498446143942175,10.508064729806579,9967500
2016-10-31,10.61867618560791,10.743715055545403,10.416690459905631,10.652340320345143,6545600
2016-11-01,10.724475860595703,10.892797419819493,10.373405782712087,10.758140906263423,7503800
2016-11-03,10.560965538024902,10.897608718452988,10.522492110314168,10.604248258859338,8953400
2016-11-04,10.392644882202148,10.637913328241517,10.31088873352236,10.488827992997924,7433500
2016-11-07,11.123639106750488,11.162112531400808,10.676385889170065,10.767759699415326,5148700
2016-11-08,11.527608871459961,11.686311840048518,11.05149996569429,11.06592784184913,4850600
2016-11-09,12.022957801818848,12.450974806034356,11.215014890772,11.349672348372769,13530400
2016-11-10,12.922274589538574,13.18196998380053,12.407691259331344,12.484638110762946,10367700
2016-11-11,12.494254112243652,13.470518349113412,12.407688692968282,13.316624678081036,15173900
2016-11-14,12.725095748901367,12.85975318165287,12.292269531364077,12.417308379502177,7093100
2016-11-16,12.095093727111816,12.176849865782946,11.623794065256483,12.066238889133405,7501900
2016-11-17,11.897916793823242,12.311506761457167,11.897916793823242,12.258605463100627,8337800
2016-11-18,11.816161155700684,11.960437179846513,11.407380463205635,11.830589033298894,6893800
2016-11-21,12.422118186950684,12.455782317214922,11.8546345131285,11.902726520911164,6291900
2016-11-22,13.355101585388184,13.408001975328737,12.936702255326715,13.018458404084525,7431700
2016-11-23,13.547465324401855,13.64364932842876,13.148303267063897,13.34547964976827,6486000
2016-11-24,13.268533706665039,13.720597088377515,13.268533706665039,13.605176826142593,2690500
2016-11-25,13.898536682128906,13.898536682128906,13.230060635064236,13.239679219823993,6218900
2016-11-28,14.913273811340332,14.913273811340332,13.749451705733806,13.946628098572711,8817900
2016-11-29,14.033196449279785,14.64396292385421,13.879302736661101,14.634344337495822,9459400
2016-11-30,13.494568824768066,14.211137065784868,13.427240548396236,13.93701374938074,14907900
2016-12-01,13.691742897033691,14.547777752877957,13.422428921091209,13.980294044182902,11799200
2016-12-02,14.265603065490723,14.265603065490723,13.278766296059008,13.45291341850697,9537100
2016-12-05,14.318819999694824,14.584878782598409,14.130159246337385,14.401056501756198,4397400
2016-12-06,14.512312889099121,14.512312889099121,14.091455409341323,14.18336698265266,4878800
2016-12-07,15.01057243347168,15.228256618690935,14.720325930511141,14.938010115730396,6300800
2016-12-08,14.575199127197266,15.310489866076026,14.51231284417974,15.141179365026995,5145300
2016-12-09,14.32365608215332,14.705813254228424,14.251093764551188,14.647764507348553,5973500
2016-12-12,14.265603065490723,14.536499306929313,14.120480309672757,14.410726743976666,3642800
2016-12-13,13.704463958740234,14.27528187957094,13.573852890888825,14.00438556758404,6229000
2016-12-14,13.486776351928711,13.868934385869027,13.302954119165099,13.617387395629937,7732900
2016-12-15,13.656085968017578,13.849583285282888,13.225554321768765,13.448076005956874,5288200
2016-12-16,13.423893928527832,13.830238899637276,13.423893928527832,13.680278541125174,6343900
2016-12-19,12.60152530670166,13.515801693317595,12.572500937772473,13.399703294932788,6369800
2016-12-20,12.857909202575684,12.8869335700514,12.53863839233877,12.678923604028078,4565700
2016-12-21,12.809539794921875,13.032062495537478,12.683766255037991,12.920800683895488,3690600
2016-12-22,12.277416229248047,12.591850411546918,12.19517975309831,12.528963206019943,3926800
2016-12-23,12.185505867004395,12.441889475488063,12.180668318567417,12.316115984130708,4234100
2016-12-26,12.572503089904785,12.61120256265754,12.161320615239122,12.253232209027496,854600
2016-12-27,12.509618759155273,12.766002460444422,12.495106108591067,12.688603502772034,1967300
2016-12-28,12.90628719329834,13.02238561672212,12.678926973425384,12.678926973425384,6264000
2016-12-29,12.422539710998535,12.988519938292514,12.335465687927464,12.906283463466279,4778000
2017-01-02,12.12261962890625,12.330629614981627,12.117782080082625,12.229043857689797,1118500
2017-01-03,12.659575462341309,12.659575462341309,12.287092509621463,12.340304623629466,5658500
2017-01-04,12.43221664428711,12.688600280466925,12.267743670334564,12.606363793490653,2144400
2017-01-05,12.90628719329834,13.012710517436409,12.4709178747921,12.567666099644457,4031600
2017-01-06,12.56282901763916,12.862750647982702,12.509617814923523,12.717627843968003,4213500
2017-01-09,12.81921100616455,12.988521524741852,12.707950150947616,12.722461874786635,3407800
2017-01-10,13.806052207946777,13.806052207946777,13.264258600260245,13.264258600260245,3606500
2017-01-11,14.09145736694336,14.12048266107475,13.704462671872822,13.936659488915144,3499900
2017-01-12,14.546177864074707,14.715488401255355,14.372029777526816,14.551015413441947,5500500
2017-01-13,14.986383438110352,15.092807669841356,14.367191934227217,14.459102596417294,4424800
2017-01-16,15.392730712890625,15.533016886429786,15.092810012315184,15.092810012315184,2018500
2017-01-17,14.788047790527344,15.14118054242206,14.749348323506938,15.107318624112715,5968500
2017-01-18,15.533011436462402,15.813581839762271,14.681622362536793,14.681622362536793,14846300
2017-01-19,15.223416328430176,15.489475959353044,15.01056973089352,15.479800862373732,5303100
2017-01-20,15.528175354003906,15.68781169491809,14.971871087188187,14.99122035954052,6309700
2017-01-23,16.113508224487305,16.195743792800567,15.571713786647122,15.581388885037446,4369600
2017-01-24,16.510175704956055,16.795584608569513,16.09415575948531,16.481150413875746,5373900
2017-01-26,16.253793716430664,16.7520511703131,16.253793716430664,16.650463552516353,5274700
2017-01-27,16.302169799804688,16.544041749815626,16.161883625917575,16.195745551292184,3244000
2017-01-30,15.600737571716309,16.2005806964992,15.547525458388453,16.069969648877052,3136800
2017-01-31,15.566877365112305,15.939360354031344,15.533015442968425,15.81842439056424,4067300
2017-02-01,15.910335540771484,16.210256222567274,15.808749771260453,15.818424870071468,5928500
2017-02-02,15.799074172973633,16.176393787992453,15.678138209663873,15.678138209663873,4024400
2017-02-03,14.80739688873291,15.47980042441466,14.700972670307536,15.47980042441466,6833500
2017-02-06,14.473614692687988,14.884797111760847,14.44942787148821,14.831584997919627,3554600
2017-02-07,14.628414154052734,15.155695033044843,14.55101521059226,14.821911512703924,4297100
2017-02-08,14.797722816467285,14.908983668279985,14.53166409732073,14.89447194488498,3867100
2017-02-09,15.034757614135742,15.165368664590932,14.638087836606433,14.763861338229791,4011900
2017-02-10,15.866799354553223,15.866799354553223,15.528178259676945,15.557203557638859,5036400
2017-02-13,17.322866439819336,17.342214789696143,16.45696458006789,16.548875239325326,11344600
2017-02-14,16.64078712463379,17.20192984757439,16.461800593578857,17.18741627903668,4651000
2017-02-15,16.360218048095703,16.810100008910737,16.297330826332185,16.785913183720606,6626600
2017-02-16,16.336027145385742,16.66013458177558,16.263464842590636,16.340863771081942,5231900
2017-02-17,16.48115348815918,16.59241435671678,16.152207509233925,16.258631751043982,5909200
2017-02-20,17.622785568237305,17.685672774601425,17.308351381752722,17.361563491342668,6047300
2017-02-21,17.19225311279297,18.033966194363973,17.066478705905205,17.82111961122398,6307900
2017-02-22,16.78107452392578,17.090672157043226,16.46180363710958,17.090672157043226,6845300
2017-02-23,16.04578399658203,17.051972176744354,15.866799273406878,17.02294687893088,12566100
2017-02-24,15.82809829711914,16.403752775550785,15.479802158055307,15.552364468805678,9984400
2017-03-01,16.04578399658203,16.14737161626093,15.890986098916521,15.98773524629159,3262200
2017-03-02,15.21858024597168,16.2537917331128,15.165369052795608,16.108668955115338,6860100
2017-03-03,15.392730712890625,15.620090935844676,15.17020896231325,15.426592638181246,6887300
2017-03-06,15.04443073272705,15.29114015468768,14.841258321857591,15.189553487918962,6393900
2017-03-07,14.95736026763916,15.416917306150028,14.89931059815649,15.087971331974021,6653500
2017-03-08,14.570362091064453,15.165366679473454,14.430075961308784,15.102479475559543,5789100
2017-03-09,14.599390983581543,14.792888358172537,14.062434961756804,14.246258159619444,8743900
2017-03-10,14.343006134033203,15.005735668386205,14.343006134033203,14.831587572974389,5574100
2017-03-13,15.000894546508789,15.179879226243003,14.850934234875364,14.870283506053212,5780300
2017-03-14,15.078296661376953,15.237932103651334,14.652602456201345,14.87512419642154,4101000
2017-03-15,16.118343353271484,16.118343353271484,15.271791698812535,15.436264665492292,7401600
2017-03-16,15.736185073852539,16.36989011014747,15.615249125002554,16.26346588465192,4529000
2017-03-17,15.141182899475098,15.852286985342415,15.141182899475098,15.813586589629379,14673300
2017-03-20,15.300816535949707,15.426590039173837,14.947683770744328,15.068619725075056,3340900
2017-03-21,14.047921180725098,14.981545991911133,14.00438416247618,14.942846522652998,6509400
2017-03-22,14.222066879272461,14.551012795722071,13.685111913461393,13.762510844076827,7020200
2017-03-23,14.144668579101562,14.333328365551967,13.752836360063,14.047920372854104,7074400
2017-03-24,14.028569221496582,14.27527865300858,13.810884157613051,14.270441104625833,3917800
2017-03-27,14.217229843139648,14.328491617243545,13.182018416849981,13.539988714513997,6849000
2017-03-28,14.420403480529785,14.512315067638577,14.202719308116093,14.352679638801277,4456400
2017-03-29,14.56552791595459,14.763862824688038,14.294630690106013,14.551015267997926,3106200
2017-03-30,14.560688018798828,14.700973235753537,14.391377510610972,14.512313456078292,2264400
2017-03-31,14.410727500915527,14.681623756583233,14.168855613402355,14.284954008688514,4009400
2017-04-03,14.27528190612793,14.512316294890962,14.072109441092728,14.42040470000955,4092200
2017-04-04,14.826748847961426,14.855773220673056,14.173694464606639,14.299467976581264,2444400
2017-04-05,14.246256828308105,15.228256258590248,14.159182787212153,14.996059430779825,6253600
2017-04-06,13.98503303527832,14.459101732790247,13.859259537897348,14.381702799427812,5813500
2017-04-07,14.1011323928833,14.289793113100119,13.51096525525142,13.64157631017042,7506100
2017-04-10,14.043085098266602,14.159183518165273,13.728650839705947,14.096296297385852,3787400
2017-04-11,13.864096641540527,14.168855739207167,13.45775179309703,14.067269065762275,5097200
2017-04-12,13.264254570007324,13.544825927309148,13.196530735624552,13.351328598595485,6287000
2017-04-13,13.264254570007324,13.496451364463722,13.196530735624552,13.244904375801935,4377900
2017-04-17,13.269095420837402,13.2884446971902,12.906287493206785,13.18202137057913,5372400
2017-04-18,12.872424125671387,12.944985518535821,12.649901475196524,12.843398830391076,7202100
2017-04-19,12.901448249816895,13.273931228060432,12.838561956590343,13.012709111577488,6326900
2017-04-20,13.569012641906738,13.593200384475429,13.119131702145545,13.201368181543017,4599100
2017-04-24,13.721765518188477,13.976704577869542,13.54180763751992,13.971706595361677,3353600
2017-04-25,14.171656608581543,14.171656608581543,13.556801902876526,13.65677774292607,4663300
2017-04-26,13.861729621887207,14.29162850872974,13.861729621887207,14.141664268572729,5958400
2017-04-27,13.411837577819824,14.076680775955563,13.206885979755764,13.941712371342792,9359600
2017-04-28,13.731762886047363,13.851734492602814,13.531810208454946,13.566801807852421,4813800
2017-05-02,14.026690483093262,14.086676750437325,13.796745190747993,13.846733587959816,7808800
2017-05-03,13.15689754486084,13.851733402348327,13.151898609133294,13.796747016244314,7963600
2017-05-04,12.672011375427246,12.971940824927485,12.527045109346513,12.971940824927485,7726700
2017-05-05,13.021928787231445,13.196887719150283,12.597029749863594,12.597029749863594,4286600
2017-05-08,13.011931419372559,13.071916737501404,12.712001968380001,12.996934613115625,4552200
2017-05-09,13.246875762939453,13.406837883751338,13.086913642127566,13.196887361823377,3980000
2017-05-10,13.27686595916748,13.521808030401358,13.08691121430524,13.43682805030395,4532500
2017-05-11,13.15689754486084,13.35185127098766,13.086914351574187,13.30686275633874,3413600
2017-05-12,12.951946258544922,13.34685360946617,12.866966256033358,13.336855737770803,3855800
2017-05-15,13.321855545043945,13.321855545043945,12.9569419019361,13.031924013698779,7381800
2017-05-16,13.626787185668945,13.706768251410622,13.336855583992989,13.40683877815458,7050000
2017-05-17,13.41683292388916,13.736757098013138,13.31185720834895,13.661774988883986,5442000
2017-05-18,13.426833152770996,13.69676898377329,12.497052166480998,12.497052166480998,20151200
2017-05-19,13.621786117553711,13.981700857050974,13.496815602713768,13.571797720927862,6492700
2017-05-22,13.956709861755371,14.08168040100696,13.456827704749017,13.621788778423133,7988700
2017-05-23,14.126667976379395,14.176656376064203,13.576797486745349,13.871727996091353,5465400
2017-05-24,13.756755828857422,14.061683266122914,13.63178530196762,14.061683266122914,4327900
2017-05-25,13.846735954284668,13.966707556025856,13.571800199359433,13.751758078695984,3999300
2017-05-26,13.926715850830078,13.956708510380512,13.661777990027796,13.741759051128588,2957000
2017-05-29,13.926715850830078,13.926715850830078,13.926715850830078,13.926715850830078,0
2017-05-30,14.296626091003418,14.446590316969646,13.956706161800719,14.071678798604779,3075700
2017-05-31,13.581798553466797,14.131669129392694,13.431834284327719,14.096677530156882,9452200
2017-06-01,13.331856727600098,13.681774607390984,13.24187778974247,13.571799926254096,6907500
2017-06-02,13.386842727661133,13.491817509016913,13.191888064008447,13.446828044593172,2607700
2017-06-05,13.241876602172852,13.32185766121792,13.106908207490763,13.171893413870775,3460900
2017-06-06,13.286863327026367,13.576794844636906,13.151894960177694,13.151894960177694,5873900
2017-06-07,13.221883773803711,13.516814330288755,13.161897493904391,13.44683017816462,5915000
2017-06-08,13.506814002990723,13.636783457940636,13.156896166321769,13.17189297193309,5173400
2017-06-09,13.646781921386719,13.76675447297408,13.461826065134428,13.576798727502016,5224300
2017-06-12,13.41683292388916,13.751753901218667,13.261869771229014,13.691767641845798,5193200
2017-06-13,13.181891441345215,13.441829409607607,13.071916768763584,13.321857819613554,4573400
2017-06-14,13.046923637390137,13.361848956240989,12.901957363659935,13.316859488769513,7635700
2017-06-15,13.046923637390137,13.046923637390137,13.046923637390137,13.046923637390137,0
2017-06-16,12.776984214782715,13.00193150605237,12.697003167542235,12.901954720277125,13039700
2017-06-19,13.191890716552734,13.441831812074838,12.946948557355027,12.991938030824976,5766200
2017-06-20,12.851967811584473,13.066917258409939,12.75699090292391,13.056920341437365,4380800
2017-06-21,13.231877326965332,13.386841446685125,12.896956320219926,12.946944715179558,2751800
2017-06-22,13.506814002990723,13.75175610727923,13.156896166321769,13.221881370521427,4726200
2017-06-23,13.616790771484375,13.741761319262443,13.381846484903468,13.506817032681536,4854600
2017-06-26,13.731762886047363,13.83173970156836,13.646782878889388,13.666778623373418,4047300
2017-06-27,13.956709861755371,14.471588826713752,13.941713053803342,14.17165934182003,7473000
2017-06-28,14.391606330871582,14.436594843367741,14.166659001143517,14.251638997546403,8527200
2017-06-29,14.446595191955566,14.68154043295375,14.251641441722706,14.556569884660968,4333400
2017-06-30,14.496580123901367,14.591557984782412,14.326620142724503,14.471586401619223,4749000
2017-07-03,14.821502685546875,14.851495341770743,14.546567937687822,14.626548989917705,2172000
2017-07-04,14.806509971618652,14.806509971618652,14.676540495842579,14.726527948991446,1058400
2017-07-05,14.461588859558105,14.921480415513077,14.356613126001836,14.811505746697042,6447900
2017-07-06,14.456588745117188,14.486581400779961,14.216645592916326,14.416598219750377,4847500
2017-07-07,14.4415922164917,14.686534308224601,14.211646929601388,14.556565813386205,4652000
2017-07-10,14.851497650146484,14.871493393036578,14.306627004684398,14.446593391117062,5053400
2017-07-11,15.016459465026855,15.041453189851074,14.816505852635162,14.911483723176268,4949900
2017-07-12,14.946475982666016,15.141430668055468,14.731526507219675,15.096441198615558,8527700
2017-07-13,14.58656120300293,15.116436011893061,14.506580135753458,15.051451752296439,7776800
2017-07-14,14.756519317626953,14.85149622690462,14.646544649169474,14.721527724372086,3751600
2017-07-17,14.856494903564453,15.131430616473368,14.81650437576217,14.921480107149032,4661400
2017-07-18,14.946475982666016,15.016460131488948,14.756521186602697,14.946475982666016,4000600
2017-07-19,14.946475982666016,15.081444390985746,14.8614959796628,15.001463323859134,4403100
2017-07-20,14.356616973876953,14.91148654158537,14.321625371129516,14.91148654158537,5930800
2017-07-21,14.2466402053833,14.516577003772623,14.156661272586861,14.346617009257004,5482100
2017-07-24,14.561565399169922,14.576562205664752,14.24664009037415,14.306626362904012,4207500
2017-07-25,15.301395416259766,15.321390209732384,14.776518500945468,14.776518500945468,11658200
2017-07-26,14.826502799987793,15.446356480805388,14.821503864644576,15.446356480805388,10680100
2017-07-27,14.846498489379883,15.101437516845403,14.63154903762124,14.826502748077022,5584000
2017-07-28,15.166423797607422,15.171422733287455,14.661542735317914,14.761519542019606,5155700
2017-07-31,15.646307945251465,15.756282607595118,15.516339449944272,15.746284737663993,6300800
2017-08-01,15.526337623596191,15.621315488733533,15.346380717511595,15.621315488733533,4329100
2017-08-02,15.551331520080566,15.631312575093471,15.266398892415921,15.346379947428826,6171300
2017-08-03,15.336383819580078,15.611318608241529,15.316388076830414,15.566329140504275,5056500
2017-08-04,15.611316680908203,15.741286132386854,15.366374583161685,15.476348294359292,4577600
2017-08-07,16.2061767578125,16.211176646673135,15.791275606627158,15.796274542038352,7800300
2017-08-08,16.021221160888672,16.30615380955651,15.776279042675101,16.04121690284053,9706400
2017-08-09,15.956238746643066,16.121199822972713,15.846265013573158,15.996229281709358,7870700
2017-08-10,15.746288299560547,16.01122523852003,15.691300955950283,15.891254586005946,7393600
2017-08-11,15.396370887756348,15.631316124473637,15.276399277995212,15.631316124473637,13613400
2017-08-14,15.646307945251465,15.731287932767307,15.266398422362304,15.386370001187727,16902200
2017-08-15,15.556333541870117,15.721294619746796,15.341384056329385,15.646311531525928,17847800
2017-08-16,15.861257553100586,16.03121752997079,15.656305984542287,15.69629651125002,26011500
2017-08-17,15.596321105957031,16.016222124817755,15.551331642975569,15.941239050882391,14095900
2017-08-18,15.771282196044922,16.021223282850386,15.701298996843258,15.896252739447654,24390300
2017-08-21,15.871256828308105,16.116199898709635,15.851261086459225,15.991228419053035,19990400
2017-08-22,15.926244735717773,16.191181650564257,15.851261654546633,16.17118590799876,19230300
2017-08-23,16.266164779663086,16.271162761869704,15.79627531593365,15.866258508220135,15451900
2017-08-24,16.93600845336914,16.9959937798368,16.16119147125641,16.276164141527406,20534600
2017-08-25,16.911014556884766,17.160955639379196,16.70606103861617,17.0559789354882,16366000
2017-08-28,17.175952911376953,17.24093813211945,16.821037002605138,16.846030731537088,15021800
2017-08-29,17.2159366607666,17.32591131906926,16.95099979147235,16.995989251059925,15689600
2017-08-30,17.165952682495117,17.350908539486543,17.115965231491714,17.24593374823998,14021600
2017-08-31,17.53586196899414,17.585849407642026,17.22093576619652,17.45587901611984,56429700
2017-09-01,17.830791473388672,17.985755592462514,17.625839913012893,17.745812441795653,22554600
2017-09-04,18.045743942260742,18.090733409768053,17.650838512917645,17.685830109101225,15002800
2017-09-05,17.79580307006836,18.34067466819214,17.58585349072292,18.24569774995001,24227100
2017-09-06,17.895780563354492,18.040746844305602,17.730820445674905,17.905778435168266,18117700
2017-09-07,17.895780563354492,17.895780563354492,17.895780563354492,17.895780563354492,0
2017-09-08,17.23593521118164,18.050743597990827,17.23093722903388,17.840792116704883,23042000
2017-09-11,17.540863037109375,17.60084835542334,17.36090517526859,17.395896769859977,19131800
2017-09-12,17.625843048095703,17.860788259181195,17.610847194417563,17.680830387447543,16114100
2017-09-13,17.380905151367188,17.560863057049573,17.190949372380295,17.520871563831555,21951600
2017-09-14,16.806034088134766,17.045977244749867,16.671065704995264,16.995989802208733,24324600
2017-09-15,16.896015167236328,17.065975163232093,16.646074108824845,16.676067722317843,34216900
2017-09-18,17.120962142944336,17.150955755809743,16.88601694274592,16.901014702628075,18617700
2017-09-19,16.95600128173828,16.99099478590242,16.661072649617857,16.896015958840827,17106900
2017-09-20,16.58108901977539,17.070975175880395,16.381137315737654,16.93600677453297,24175400
2017-09-21,16.25116729736328,16.381137719747294,16.076209313652885,16.321152397746445,26157600
2017-09-22,15.951239585876465,16.186184810349662,15.92124692336164,16.07121214283487,16957700
2017-09-25,15.541336059570312,16.14119501862633,15.496346589968635,15.896251927039625,21014300
2017-09-26,15.746288299560547,15.961237784455685,15.70129882814298,15.7312914912715,17114500
2017-09-27,15.961236953735352,16.12119908669482,15.51134321642447,15.986230679466697,26241300
2017-09-28,15.871256828308105,15.921245229480855,15.636312582280464,15.751285237563174,17561400
2017-09-29,15.931244850158691,16.19618273805819,15.80127537421457,16.066212308664518,16047100
2017-10-02,15.946237564086914,16.21117539980617,15.93124171245616,16.12119647622418,13596900
2017-10-03,16.336145401000977,16.336145401000977,15.876253880960519,16.041214917852784,23474600
2017-10-04,16.301158905029297,16.531104260190574,16.301158905029297,16.436127328336813,17562500
2017-10-05,16.131195068359375,16.591085670010106,16.11619921605736,16.49610876059932,17253100
2017-10-06,16.06620979309082,16.071209681768774,15.911246614803376,16.031218199940373,12450500
2017-10-09,15.746288299560547,16.0462168377449,15.626316693596891,16.02122311071273,13520900
2017-10-10,15.656307220458984,15.846262952402936,15.466352441964473,15.821268275331658,20181500
2017-10-11,15.546332359313965,15.741286058897092,15.361375576375313,15.466351305461945,23041300
2017-10-12,15.546332359313965,15.546332359313965,15.546332359313965,15.546332359313965,0
2017-10-13,16.45111846923828,16.546095373871353,15.99622587227151,16.04621331536287,31395900
2017-10-16,16.671066284179688,16.81603254224356,16.411129285656646,16.68606404298204,35861900
2017-10-17,16.28615951538086,16.656071196567574,16.28615951538086,16.55109641462801,19842700
2017-10-18,16.131195068359375,16.47111503779636,15.891251897033062,16.376136221486753,21210600
2017-10-19,16.496109008789062,16.531100602619436,15.85126065351704,15.87125639481978,18549800
2017-10-20,16.471115112304688,16.886016252027396,16.471115112304688,16.871020399657546,24301000
2017-10-23,16.35114097595215,16.59608401316755,16.316149385906897,16.496107224367414,11948700
2017-10-24,16.911014556884766,16.911014556884766,16.271164089007616,16.43612611876552,19996200
2017-10-25,16.771041870117188,16.92600598724046,16.531098722470553,16.811033348174274,16724100
2017-10-26,16.331153869628906,16.946010778354932,16.331153869628906,16.93101301262282,25302400
2017-10-27,16.271163940429688,16.43112607921352,16.01122498818118,16.14119541775499,17377200
2017-10-30,16.171184539794922,16.461117061767293,15.916245517800943,16.09120348319889,19401600
2017-10-31,16.046213150024414,16.341143637781435,16.00122368894627,16.206175254547,14629600
2017-11-01,16.4061279296875,16.63607320383653,16.341142732419783,16.396130060346422,29709500
2017-11-02,16.4061279296875,16.4061279296875,16.4061279296875,16.4061279296875,0
2017-11-03,16.76604461669922,16.76604461669922,16.49610784879059,16.596084641375125,29217800
2017-11-06,17.165952682495117,17.165952682495117,16.911013631339316,16.941005339181746,26333200
2017-11-07,16.75604820251465,17.115963924328927,16.75604820251465,17.115963924328927,20239700
2017-11-08,16.96599578857422,16.970995676848503,16.72105465629668,16.901012496197776,11580800
2017-11-09,16.396133422851562,16.851026083217388,16.396133422851562,16.846028100971164,19246700
2017-11-10,16.381135940551758,16.511104441920565,16.246167550534846,16.386133922301067,12199100
2017-11-13,16.566091537475586,16.716055777483092,16.291156779645362,16.41612729746808,12424700
2017-11-14,16.076210021972656,16.546098560997496,15.96623629115931,16.50610898020132,23389800
2017-11-15,16.076210021972656,16.076210021972656,16.076210021972656,16.076210021972656,0
2017-11-16,16.29615592956543,16.39113475033477,16.01122328105522,16.22617273967154,16280300
2017-11-17,16.456119537353516,16.581090075420533,16.1561910087523,16.291159418692573,13771300
2017-11-20,16.456119537353516,16.456119537353516,16.456119537353516,16.456119537353516,0
2017-11-21,17.02098274230957,17.02098274230957,16.571090059390873,16.641073238496094,23741300
2017-11-22,17.36590576171875,17.480878420980027,17.135958536297235,17.1959457639197,22150200
2017-11-23,17.595849990844727,17.670831160382118,17.28092373947092,17.41089415104055,11962000
2017-11-24,17.890783309936523,17.920775019700923,17.550863282012955,17.585854881337514,30784900
2017-11-27,17.70081901550293,17.885774795153978,17.535858970651514,17.72581273055336,15112700
2017-11-28,18.1207275390625,18.320681157425557,17.620845400053877,17.720822209235408,28591400
2017-11-29,17.845792770385742,18.28568958729577,17.8108011731553,18.135723419852123,18176000
2017-11-30,17.56585693359375,18.035747334554745,17.460882148787153,17.84579159997692,25417200
2017-12-01,17.735816955566406,17.980760027419095,17.440886435694264,17.595850575592817,17204100
2017-12-04,18.410659790039062,18.485640965508928,17.9207736238541,17.975760963338065,22600100
2017-12-05,18.005756378173828,18.69559432149198,18.005756378173828,18.400663758594302,25898800
2017-12-06,17.875782012939453,17.990756567295445,17.67583032875685,17.785804994541483,20400800
2017-12-07,17.66583251953125,17.745813574860303,17.445885094101047,17.520866260841473,19876200
2017-12-08,17.735816955566406,17.970762156435423,17.725819084582735,17.90077896644863,21502200
2017-12-11,17.875782012939453,17.995754548968034,17.735815643321754,17.910775512242648,14785300
2017-12-12,18.085735321044922,18.085735321044922,17.605848941725732,17.81080053540782,17624400
2017-12-13,18.050745010375977,18.235700874698193,18.02075139444571,18.210707148205856,21135300
2017-12-14,18.1157283782959,18.285688370779045,17.89078104899484,17.950766367842153,17718000
2017-12-15,18.440650939941406,18.63560465992751,18.175714028873003,18.25069520207592,32954100
2017-12-18,18.915538787841797,19.005517718619974,18.665597737213286,18.740580815161394,24339300
2017-12-19,18.92053985595703,19.045510401655292,18.8155650552263,18.850556655469877,14041000
2017-12-20,19.57038688659668,19.600378595106697,18.98052579851148,18.98052579851148,19218100
2017-12-21,19.860313415527344,19.860313415527344,19.535391230473724,19.545387193301135,11772500
2017-12-22,20.102783203125,20.122992545026747,19.81480682646633,19.87543292490265,10140000
2017-12-25,20.102783203125,20.102783203125,20.102783203125,20.102783203125,0
2017-12-26,20.133094787597656,20.208878854208486,19.713761553552644,20.011842593742973,9986600
2017-12-27,20.138141632080078,20.31496849447185,20.021940847184307,20.10782762969795,9943000
2017-12-28,20.340227127075195,20.340227127075195,20.173504949131036,20.213921687587657,9963300
2017-12-29,20.340227127075195,20.340227127075195,20.340227127075195,20.340227127075195,0
2018-01-02,21.077857971191406,21.08796264031333,20.431172638268244,20.431172638268244,14156500
2018-01-03,20.95155143737793,21.158692325719247,20.86566271782406,21.13343161782757,12744200
2018-01-04,21.037433624267578,21.406245275099646,20.976807553145775,21.123322325019185,18433000
2018-01-05,21.36583137512207,21.36583137512207,20.87071421943929,21.00207104553133,15251300
2018-01-08,21.840740203857422,21.840740203857422,21.42140707323205,21.42140707323205,14542800
2018-01-09,21.759904861450195,22.103455872623297,21.689174111020744,22.017569083464224,15986200
2018-01-10,21.456769943237305,21.699276170093817,21.431507312034363,21.593180057206876,12149500
2018-01-11,21.87610626220703,21.87610626220703,21.52245057298053,21.52245057298053,10236300
2018-01-12,22.00241470336914,22.057989424126408,21.598237544137277,21.69928231576242,15014300
2018-01-15,21.96199607849121,22.08830155043603,21.860951315481643,21.977152118398653,7253400
2018-01-16,21.370880126953125,21.79526648372285,21.37088012695313,21.71443107896995,20121900
2018-01-17,21.800323486328125,21.83568886146483,21.401197764335677,21.421407100776197,16490700
2018-01-18,21.653812408447266,22.03272885910203,21.562872306108623,21.977154137976335,10772100
2018-01-19,21.663917541503906,21.926633184179416,21.52245408635939,21.82558840972441,11173100
2018-01-22,21.547710418701172,21.805372687241842,21.330464891751802,21.77505868559721,11580900
2018-01-23,20.678733825683594,21.274895859473506,20.61810773349425,21.214269767284165,22075600
2018-01-24,21.108169555664062,21.284998370242903,20.7848278604289,20.820193237890965,22096600
2018-01-25,21.108169555664062,21.108169555664062,21.108169555664062,21.108169555664062,0
2018-01-26,20.931344985961914,21.158695242868745,20.56758457491099,21.14353727422913,19259500
2018-01-29,21.16374969482422,21.34057855472145,20.73431175714483,20.7646238442988,16752900
2018-01-30,20.95155143737793,21.199109072892238,20.830297341322012,21.067752235494428,13180300
2018-01-31,20.941444396972656,21.562866991615262,20.941444396972656,21.093010554425053,22859700
2018-02-01,21.113222122192383,21.456773143293233,21.002072695580797,21.01722873474839,21949700
2018-02-02,20.613052368164062,21.042492123558883,20.587791659556963,21.042492123558883,17892300
2018-02-05,20.38570213317871,21.239528345760817,20.37559939155217,20.51200760346425,22452800
2018-02-06,21.456769943237305,21.456769943237305,20.173506139761955,20.213922880603953,26037000
2018-02-07,21.072803497314453,21.583078659525516,21.067752126669603,21.43656385633474,20560700
2018-02-08,21.012176513671875,21.28499677125725,20.74946092421207,21.062697927031365,18928800
2018-02-09,21.219322204589844,21.42141175839823,20.729256289329246,20.91618980114609,22760500
2018-02-14,22.4874267578125,22.507636097109003,21.855899359311863,21.92663204684962,25905800
2018-02-15,23.214948654174805,23.22000002560391,22.709726711438762,22.740038794550916,31043100
2018-02-16,23.2553653717041,23.336200805326992,22.97244231765837,23.149269226436953,21107300
2018-02-19,23.467557907104492,23.64438480320625,23.219998325293403,23.29072908373411,12756100
2018-02-20,22.99264907836914,23.46755892379179,22.85624085390594,23.265469381832954,18417600
2018-02-21,22.633935928344727,23.219993130807705,22.588465889909315,22.992642938630645,24312600
2018-02-22,23.073484420776367,23.07853771930365,22.795612747105384,22.85118746729332,14081800
2018-02-23,23.280622482299805,23.447344681376357,23.063376944663467,23.240203811451973,17489800
2018-02-26,23.94751739501953,23.94751739501953,23.588808402803508,23.614071038103646,20374600
2018-02-27,23.912153244018555,24.048561459835234,23.598914281110794,23.982884001040116,15063400
2018-02-28,22.76024627685547,23.790899418447896,22.55815867261899,23.74037799920593,39459100
2018-03-01,22.457115173339844,23.053277204905044,22.21460887821872,22.841082992131113,25776000
2018-03-02,22.10345458984375,22.16913396597441,21.593181400453407,22.128715295349913,25236200
2018-03-05,22.078197479248047,22.199449656327985,21.663915674232477,21.967048044200933,16100600
2018-03-06,21.97210121154785,22.694566753242903,21.936733905569312,22.48237448098322,22342000
2018-03-07,21.894695281982422,21.98155973383146,21.56257154039342,21.720968327447398,19334700
2018-03-08,21.18446159362793,21.864041268775217,21.07716015518255,21.807835196495276,19983100
2018-03-09,21.511474609375,21.598339062753038,20.699045888449476,20.934089618719806,21077800
2018-03-12,21.695417404174805,21.78228184303939,21.42971728112251,21.608554914472993,11838200
2018-03-13,21.52680206298828,21.869145229373,21.485924219690663,21.838488796062638,13838900
2018-03-14,21.766956329345703,22.14506864849554,21.75162811004341,21.89469668796666,17936000
2018-03-15,21.66476058959961,21.879363406835754,21.52680080030663,21.818048594648673,16039100
2018-03-16,21.61366081237793,21.766948799866068,21.48592049794406,21.664758107648982,26802000
2018-03-19,21.00051498413086,21.215119808420678,20.780801402931804,21.215119808420678,21861500
2018-03-20,21.25599479675293,21.419502299100017,20.913651572827213,21.000514080690213,9322500
2018-03-21,21.71585464477539,21.812936587371134,21.169126224945817,21.33263368045582,19798000
2018-03-22,21.42460823059082,21.588115696501124,21.266209520231513,21.429716986141816,15229500
2018-03-23,21.25599479675293,21.5625728255261,20.954527473832396,21.07205031848484,14983200
2018-03-26,21.46038055419922,21.654546447836243,21.26110590377634,21.46038055419922,9850900
2018-03-27,20.87788200378418,21.659652280410203,20.806347723460615,21.659652280410203,11659800
2018-03-28,21.2253360748291,21.307089817207427,20.469113470538858,20.750141838141662,19038400
2018-03-29,21.567684173583984,21.843603847882772,21.32753359706177,21.393957187821417,20347700
2018-04-02,21.97133445739746,22.211486876361494,21.623880640277708,21.623880640277708,18944000
2018-04-03,21.90491485595703,22.25236876680427,21.685201296181187,22.175725725659277,13693900
2018-04-04,21.741413116455078,21.76696080359802,21.25089050632164,21.358191961820157,12440000
2018-04-05,22.099082946777344,22.323905285461965,21.986670802853396,22.12974133580113,14686600
2018-04-06,21.838491439819336,22.022435909438286,21.58811949221865,21.925353943598026,11282700
2018-04-09,21.945791244506836,22.08885980446058,21.567678972848157,22.007106063178018,11918100
2018-04-10,22.9115047454834,22.911504745483402,22.313679011557642,22.38010452625221,22479700
2018-04-11,22.809314727783203,23.023919511882244,22.59471189284706,22.768438832674704,17709600
2018-04-12,22.896175384521484,22.92172305838326,22.645803502685908,22.696898850409458,9812400
2018-04-13,22.98303985595703,23.080121804704703,22.788874009298944,22.916614338833497,15483300
2018-04-16,22.758220672607422,22.916617455306785,22.64069978735328,22.79398781380812,11434200
2018-04-17,23.468460083007812,23.50422722938033,22.768443426507208,22.78888040360344,13348000
2018-04-18,24.26044464111328,24.56702262032051,23.938538445152687,24.015183427245212,27655600
2018-04-19,24.439279556274414,24.613004524531128,24.219566044562793,24.41372993231888,16092700
2018-04-20,24.33708953857422,24.47504933636329,24.18380152408509,24.403513110383035,10188600
2018-04-23,24.270666122436523,24.51592735672158,24.04584381163264,24.127597556394328,11785300
2018-04-24,24.68454360961914,24.827612164405295,24.372856873123986,24.372856873123986,15113400
2018-04-25,24.50060272216797,24.776522382031004,24.240011282576226,24.39841003897833,15525500
2018-04-26,24.883819580078125,25.037107604148478,24.331980354429277,24.372858200401627,13273500
2018-04-27,24.704984664916992,25.1137553732789,24.45461465266668,24.986015014206604,14624200
2018-04-30,24.86849021911621,24.95024591371019,24.602792008337946,24.658996124626746,8464400
2018-05-02,24.88892936706543,25.20061613344327,24.740750093023003,24.781627940688388,16526500
2018-05-03,25.083099365234375,25.205730979210614,24.822509865634512,24.940030773231577,14025900
2018-05-04,25.394779205322266,25.496971864030044,24.996228031278214,24.996228031278214,14861100
2018-05-07,25.159738540649414,25.5685072439609,25.093313017247883,25.404999762636308,15433900
2018-05-08,25.13418960571289,25.384561539795747,24.991121042901536,25.16484799024232,22420400
2018-05-09,25.675809860229492,25.762672360974307,25.20572631679468,25.251710970720985,16776100
2018-05-10,26.26341438293457,26.263414382934574,25.74223356780283,25.757561784695188,14314200
2018-05-11,26.89190101623535,27.377314771960947,26.442254405221448,26.452473867876673,21432500
2018-05-14,27.729869842529297,27.796295356953802,27.080948760961455,27.121826600349664,15847800
2018-05-15,27.92403793334961,27.92403793334961,27.172924141897173,27.494830330971478,15954500
2018-05-16,28.5627384185791,28.613833770647304,28.174406725874896,28.271490623632317,20944200
2018-05-17,28.297040939331055,28.511643777031832,27.975134733616965,28.256163094533047,20241200
2018-05-18,27.985355377197266,28.358356955505254,27.31088650283721,27.94958823606931,22361100
2018-05-21,27.080955505371094,28.15397371742808,27.08095550537109,28.10798711124489,22608800
2018-05-22,26.743715286254883,27.111608056528176,26.50356284464173,27.01452415928232,20491700
2018-05-23,26.53933334350586,26.69262331665144,26.18677069342958,26.46779906225818,15703000
2018-05-24,26.805034637451172,27.080954261880787,26.191880566217485,26.22253895198624,14500200
2018-05-25,26.304292678833008,26.973652815568222,26.084579120559734,26.8663513892012,13141500
2018-05-28,26.09480094909668,26.805037048743998,25.91085451626305,26.007938438682597,13832600
2018-05-29,25.62982177734375,26.60064914243733,25.542959281614138,26.55466254200315,18697800
2018-05-30,25.86997413635254,26.237864989180164,25.394779916835745,25.6553693521371,25861400
2018-06-01,26.95831871032715,27.12182812792663,25.880191949435993,26.007932280974842,20424100
2018-06-04,26.835693359375,27.31088762434636,26.447361598091934,27.172927810403408,13964100
2018-06-05,27.45395278930664,27.591912586136868,26.825470569855288,26.825470569855288,16988600
2018-06-06,28.649612426757812,28.73136619243726,27.842294234318715,27.847402991914638,26835500
2018-06-07,27.780969619750977,28.99705824706764,27.11672021713973,28.84887897941567,32389900
2018-06-08,26.002822875976562,27.586804235733904,25.885301998985877,27.586804235733904,30421100
2018-06-11,25.98238754272461,26.569993957999472,25.849538430566394,26.248087716204182,14362000
2018-06-12,26.41670799255371,26.7539424797283,25.629826872758574,25.803553847919016,18403200
2018-06-13,26.340057373046875,26.692621954291653,25.921069219269697,26.559770910901108,15599000
2018-06-14,26.421812057495117,26.51378526031566,25.93128960856086,26.503565798984162,18827200
2018-06-15,25.103532791137695,26.28385231482768,24.88381924490321,26.26341534127976,36611400
2018-06-18,25.1444091796875,25.18528702590957,24.454612092575477,24.842941885870196,20490400
2018-06-19,24.679431915283203,24.909364904231747,24.03051079054522,24.372855896127007,26764800
2018-06-20,24.940025329589844,25.07798513426446,24.561913055759838,25.062654967636423,14448400
2018-06-21,24.122482299804688,25.139296135778377,24.035619815142383,24.786731594316255,13952800
2018-06-22,24.5312557220459,24.766299445164684,24.26044680636484,24.60279195465955,9632500
2018-06-25,24.09693717956543,24.42395213158445,23.637071185061888,24.372856776267554,13800400
2018-06-26,24.699872970581055,24.699872970581055,23.826129486241754,24.270665337178123,15460100
2018-06-27,24.602792739868164,25.180177731383075,24.475052387011452,24.771408992074214,14471100
2018-06-28,25.072872161865234,25.26192730710404,24.2706630343472,24.4494987191457,16298400
2018-06-29,25.338579177856445,25.59916866789436,25.06265951840691,25.394785250984683,12248000
2018-07-02,24.914472579956055,25.134186098853853,24.791842957274273,24.98089809592027,8222800
2018-07-03,24.505706787109375,25.28747900703579,24.50570678710937,25.19039509947075,11486600
2018-07-04,24.541473388671875,24.715200328271067,24.321759848909284,24.613007666889853,6147000
2018-07-05,25.394779205322266,25.43054634349556,24.68454324850561,24.80717287962467,12179600
2018-07-06,25.72179412841797,25.772889483139902,25.236380461908226,25.440765779121644,8582200
2018-07-10,25.30791664123535,26.110125855502172,25.21594343648959,25.905742472082803,10935700
2018-07-11,24.9655704498291,25.088200075308013,24.756076386236774,24.781624062447985,12912600
2018-07-12,25.777999877929688,25.89041004679791,25.016666627091613,25.215941236937315,20765500
2018-07-13,25.70646858215332,26.002825178818387,25.512302705547423,25.85464590590433,15555400
2018-07-16,25.548067092895508,25.854643118345123,25.343681776487212,25.706465810570084,12550000
2018-07-17,25.905742645263672,26.069250132757414,25.39478125955497,25.61449481134275,11553600
2018-07-18,26.288955688476562,26.40136583371088,25.96704956762565,26.13566770922074,9762900
2018-07-19,25.25682258605957,25.9312914895594,25.067767410620565,25.910852565413805,20977000
2018-07-20,24.8940372467041,25.476532865671135,24.848050647882342,25.338573069205864,16788900
2018-07-23,25.343687057495117,25.614497950540937,24.79695846371524,25.077988819627247,8554600
2018-07-24,26.217432022094727,26.76926936023572,26.217432022094727,26.529116861224097,20910300
2018-07-25,26.44224739074707,26.44224739074707,25.926177333119625,26.294068145299395,15263700
2018-07-26,26.968542098999023,27.172927438897148,26.774378170175172,26.810145312282884,54299500
2018-07-27,27.310882568359375,27.423292731783278,27.20868991593178,27.32621078401656,21543400
2018-07-30,27.760536193847656,27.770753707466127,27.36709564798687,27.438629938295517,15527200
2018-07-31,28.0211181640625,28.092652435202545,27.617458263586283,27.694103239329305,15921000
2018-08-01,27.11161231994629,27.47439444259111,27.091173396347504,27.285339272209914,36906000
2018-08-02,26.999195098876953,27.12693542354061,26.314506880713246,26.615974124885984,19796400
2018-08-03,27.62495994567871,27.82997836003254,26.98362065045422,27.498795693158492,15607700
2018-08-06,27.54610252380371,27.814203013170747,27.33582613600444,27.38839423028213,11904900
2018-08-07,27.730100631713867,28.203221634203313,27.667018499830217,28.06654134221978,19065600
2018-08-08,27.54610252380371,28.03499342089441,27.47250438433299,28.019221388335698,13076000
2018-08-09,27.251720428466797,27.882547689448977,27.193894312119614,27.598675121205307,12752800
2018-08-10,27.183382034301758,27.288520252100867,26.662950964480473,27.02567571027545,14630800
2018-08-13,27.483022689819336,27.698555118517703,27.199152128972525,27.372628471415325,14720600
2018-08-14,27.735347747802734,27.814201891383224,27.21491681727287,27.3883931256681,17475600
2018-08-15,26.499977111816406,27.325308516385657,26.468435056198423,27.12554617482643,26625700
2018-08-16,26.13725471496582,26.825905942325225,26.089942630194674,26.75756782403458,20125600
2018-08-17,26.704999923706055,26.910018306131715,25.879668381182878,26.03737467494536,17343200
2018-08-20,27.041444778442383,27.214923132437065,26.83117035567431,26.86271041614997,14783600
2018-08-21,27.193891525268555,27.388395892312367,26.82065281935236,26.89424895794492,13378300
2018-08-22,28.019224166870117,28.01922416687012,27.14132447224112,27.151838493208135,13073500
2018-08-23,28.045513153076172,28.13488134435381,27.677532381182385,27.91409087587273,12263000
2018-08-24,28.466062545776367,28.62902486605904,28.15064791604732,28.1769319671886,10971100
2018-08-27,29.265098571777344,29.265098571777344,28.476565262966247,28.476565262966247,11205300
2018-08-28,29.25459098815918,29.654113709426348,28.949690433358693,29.401783253045366,17875600
2018-08-29,29.02855110168457,29.52269810580859,28.986495013498022,29.0443211320822,10292800
2018-08-30,28.686847686767578,29.380756984985766,28.59748152208303,29.070600404316703,14432500
2018-08-31,28.187440872192383,28.807753992182633,28.02447858149026,28.660561728233827,15000000
2018-09-03,28.41349220275879,28.476574326044176,27.971913329072017,28.01922542287219,4356600
2018-09-04,27.335826873779297,28.276810626293948,27.335826873779297,28.17692843698863,10521800
2018-09-05,27.414684295654297,27.672270802801776,27.20440787707532,27.37788622320466,7100000
2018-09-06,28.113855361938477,28.318873808566572,27.54611212553337,27.75113057216146,12479400
2018-09-10,27.9771671295166,28.408231916853083,27.84048687674499,28.339891790467277,9341300
2018-09-11,27.645986557006836,27.856262974104094,27.40417008108616,27.65650057839615,10347800
2018-09-12,28.098079681396484,28.234757949893996,27.430454357761388,27.86151921155026,14230800
2018-09-13,28.27155303955078,28.61325168275991,28.13487478547373,28.22949896342874,14353500
2018-09-14,29.018033981323242,29.033804010037073,28.413490812930167,28.43977486256803,17021500
2018-09-17,28.933921813964844,29.21253633043638,28.802499569539503,29.070600065815697,12096900
2018-09-18,30.14301109313965,30.2113512331447,29.18099914079999,29.24408327250218,20647900
2018-09-19,30.794864654541016,30.984111022784816,30.242889563126873,30.28494564852185,12451900
2018-09-20,31.18387222290039,31.336322518599193,30.716009320202538,31.126046110370194,11264600
2018-09-21,32.07229232788086,32.07229232788086,31.33107074891701,31.483521074995178,23057600
2018-09-24,31.646480560302734,32.19845365038326,31.62019650941215,31.988177232569466,9008600
2018-09-25,32.697853088378906,32.708367108019345,31.46774086526634,31.54133699740521,16840000
2018-09-26,31.546598434448242,32.81350894169468,31.40992016628546,32.69785871643219,24600600
2018-09-27,31.267980575561523,31.935605826905224,30.810631720277563,31.656991306668747,20631400
2018-09-28,31.44671630859375,31.69379078414616,30.936797328953904,30.936797328953904,14753000
2018-10-01,31.75161361694336,31.84097977653901,31.05770435823938,31.3731169284342,8976500
2018-10-02,32.17216873168945,32.45604128647761,31.793671991971916,31.998690390870753,20530200
2018-10-03,31.51505470275879,32.69259689312353,31.18387008438057,32.59797271644404,26674700
2018-10-04,30.9105167388916,31.72007838336376,30.842176598684304,31.536088012049472,14396500
2018-10-05,30.22186851501465,30.65293343475376,30.085188220261355,30.41111491450059,20202600
2018-10-08,29.99055290222168,30.263911385066496,29.049569241046193,29.96426885692478,26384200
2018-10-09,30.332256317138672,30.658182942262048,29.81708132731643,30.174550015004424,17830500
2018-10-10,29.380752563476562,30.56355259907767,29.38075256347656,30.164029913848225,14135900
2018-10-11,29.6909122467041,30.048380900251242,29.23881941984483,29.66988420700269,15976400
2018-10-15,30.316476821899414,30.726515512945852,29.880156093200796,29.937982190998625,16290900
2018-10-16,30.332256317138672,30.936797476210703,30.095695861265085,30.4584205567083,15825800
2018-10-17,30.9105167388916,30.973598865435836,30.358543619604095,30.6687002493515,21832000
2018-10-18,29.701433181762695,30.936801724353,29.60680898641977,30.936801724353,17237800
2018-10-19,29.717201232910156,30.24289028075414,29.627835057342075,30.01684382975366,13429700
2018-10-22,30.684465408325195,30.710749456433838,29.98004209015424,30.332254751911883,14084400
2018-10-23,29.832853317260742,30.25340415238229,29.438586533332188,30.12723990451811,20763100
2018-10-24,28.61325454711914,30.27443182979247,28.61325454711914,30.17455163432772,17954800
2018-10-25,28.7078800201416,29.459615539843654,28.28207115764947,29.422817465901147,29494700
2018-10-26,29.228309631347656,29.380759933236654,28.129619464695303,28.860328910021845,26630300
2018-10-29,27.91408920288086,28.59222859389003,27.651244664227203,28.402980205204244,26198300
2018-10-30,28.318872451782227,28.834047550903477,27.840495430787854,28.176936148145014,23799200
2018-10-31,29.811824798583984,29.811824798583988,28.52914427058958,28.571198350758568,26626000
2018-11-01,30.227115631103516,30.626638364050102,29.18625171609987,29.832848905480425,20420000
2018-11-05,30.242889404296875,30.489963891333442,29.985302901311297,30.284945489470978,15491800
2018-11-06,30.085187911987305,30.411114602886865,29.73297716631831,29.964279655772057,11211000
2018-11-07,30.27442741394043,30.56881395470247,30.174547233044283,30.37956560745146,12982500
2018-11-08,29.97478675842285,30.894742500375106,29.974786758422848,30.374309512576303,16743700
2018-11-09,28.72890281677246,29.96427108571237,28.455544313594825,29.701426602504366,29209700
2018-11-12,28.83404541015625,29.14946006326966,28.59748692700207,28.96546768095066,15985200
2018-11-13,29.580522537231445,29.580522537231445,28.571198537113506,28.86032911354348,18790200
2018-11-14,28.99700355529785,29.265104048111542,28.51862667198161,29.0232876027746,28360900
2018-11-16,29.517438888549805,29.622575086897267,28.99174987543472,29.359730580339725,19633700
2018-11-19,29.10740089416504,29.58577782902534,28.81301632215531,29.517439699291366,12979700
2018-11-21,28.665821075439453,28.676335096281463,28.23475624763919,28.46606069547455,18590600
2018-11-22,28.408235549926758,28.765704249337993,28.255785250548094,28.74993221486622,9255400
2018-11-23,26.46844482421875,28.066540135772076,26.46844482421875,28.066540135772076,33531500
2018-11-26,26.347537994384766,26.85745707981428,25.758766744576707,26.258171807020123,30327300
2018-11-27,26.24239730834961,26.542041921985067,25.811332433077055,26.12148906336776,25582700
2018-11-28,27.4935359954834,27.50405001677352,26.400103850789723,26.54729613816236,29038300
2018-11-29,27.335826873779297,27.719579587327573,26.87847802411824,27.293770792946674,23362000
2018-11-30,27.75638198852539,28.224244931434246,27.10452867661124,27.10452867661124,29502000
2018-12-03,28.445037841796875,29.27036957765239,28.25053343410568,29.228313486613864,32418200
2018-12-04,27.798442840576172,28.660572726560815,27.598680401884987,28.571204528194375,26844200
2018-12-05,27.75638198852539,28.11385071003107,27.56187759767056,28.01922651872988,9656100
2018-12-06,27.4935359954834,27.651242304146155,26.846938726224945,27.178123378157892,21376400
2018-12-07,26.962589263916016,27.998195229230703,26.85745106295385,27.58815845135709,19472100
2018-12-10,26.389589309692383,27.146580779569526,26.38433129647864,26.87322224744444,14331300
2018-12-11,26.59986686706543,27.199154107738618,26.415876489673252,26.888997467745583,19443900
2018-12-12,26.478952407836914,27.020413401377954,26.46843838797411,26.888991161109278,15808900
2018-12-13,26.59986686706543,26.957335604865698,26.415876489673252,26.73128913815833,15149000
2018-12-14,26.747060775756836,26.91002310606306,26.205599663288172,26.48421623748777,16910700
2018-12-17,26.941558837890625,27.477761810525067,26.825906626534895,27.2832574594357,21401300
2018-12-18,27.041444778442383,27.435711577145234,26.994132682384254,26.994132682384254,18988400
2018-12-19,26.289703369140625,27.546101637534285,26.289703369140625,27.230687065983535,24414200
2018-12-20,26.184574127197266,26.899509600530855,25.995325735153624,26.67346513819509,25323700
2018-12-21,26.736549377441406,26.941567816556116,26.400108656294716,26.431648720561668,28272600
2018-12-26,26.515756607055664,26.652436891538287,25.969041485159295,26.342280252559668,13356400
2018-12-27,26.021610260009766,26.489473234738618,25.905958017143845,26.33702291556895,14332000
2018-12-28,26.810138702392578,26.915276902294366,26.41587195676916,26.447414018343007,11914300
2019-01-02,26.857454299926758,27.004646595807387,26.1740589193236,26.28970914951068,17319600
2019-01-03,25.75876235961914,26.77859835152494,25.44334974510854,26.705002208495433,30120000
2019-01-04,27.435707092285156,27.57238734981896,26.189824773542522,26.189824773542522,43360100
2019-01-07,27.288516998291016,28.203216777128773,27.1886368062309,27.793177977138654,20998900
2019-01-08,27.551359176635742,27.756377556604377,27.136064403940953,27.440964972859447,19925600
2019-01-09,28.224245071411133,28.41875146857523,27.772154161706766,27.945630509722875,27695500
2019-01-10,27.91408920288086,28.013971410989853,27.477768311495023,27.982429344427327,18113600
2019-01-11,27.535587310791016,28.10333032469854,27.53558731079102,27.99819213535443,12360400
2019-01-14,27.6512451171875,27.70381522898621,27.036189849228048,27.325318445414407,14626300
2019-01-15,27.519819259643555,27.966656127654705,27.267488771924718,27.78266376835207,14480300
2019-01-16,27.677528381347656,27.76689455436568,27.44096791549918,27.54610612313678,15375100
2019-01-17,28.50811004638672,28.760440488721148,27.477760238851765,27.567126393173833,25525500
2019-01-18,28.78672981262207,29.228308669018787,28.518629295148276,28.886612009702954,25815900
2019-01-21,29.060089111328125,29.096887183221707,28.5922261926716,28.834042666642127,10676600
2019-01-22,28.954954147338867,28.95495414733887,28.5711993720168,28.639539510746776,17154300
2019-01-23,29.25459098815918,29.38601322619162,29.08637068390519,29.15470880383423,13470400
2019-01-24,29.517438888549805,29.54372293813667,29.17574022788722,29.33344653075286,14118200
2019-01-28,22.2681941986084,23.656013326225054,22.2681941986084,23.656013326225054,183534500
2019-01-29,22.46795082092285,23.493042861481396,22.394352669624798,22.746565374988037,68335900
2019-01-30,24.497106552124023,24.602244752996597,23.645490935210493,24.313116204605304,67892500
2019-01-31,23.918851852416992,24.938687890793798,23.918851852416996,24.702129421803807,39814600
2019-02-01,24.313121795654297,24.355177887812307,23.960911047882778,24.034507203814446,21286700
2019-02-04,23.487783432006836,24.234260809764827,23.156598818113505,24.181692714696677,35888900
2019-02-05,23.40367889404297,23.766403649900685,23.030440115579193,23.366880817594133,21992300
2019-02-06,22.32075309753418,23.340590978761966,22.32075309753418,23.130314589447465,29257400
2019-02-07,21.863405227661133,22.494232418269238,21.663642849477288,22.15779178470341,31403200
2019-02-08,22.688737869262695,22.914784306758715,21.295661173563452,21.364001307196876,48169600
2019-02-11,22.089454650878906,23.15660280623626,22.02111451124507,23.0567226062673,30697300
2019-02-12,23.288021087646484,23.303793120460313,22.105220899167712,22.341781337932325,36421200
2019-02-13,23.913593292236328,24.176437790036776,23.28802210405086,23.29328011699972,38153200
2019-02-14,24.002960205078125,24.15015248671179,23.682289586938126,23.861023931212333,24055400
2019-02-15,24.118614196777344,24.192210342987146,23.755887468536763,23.866283693196053,27877700
2019-02-18,23.787429809570312,24.260550762616738,23.603439441910375,24.071302381398166,18777400
2019-02-19,23.913593292236328,24.150151735981233,23.776913030387245,23.91884929984081,20523500
2019-02-20,24.076557159423828,24.223751451375517,23.62446427302234,24.129127265601042,25493000
2019-02-21,23.855772018432617,24.22901079969779,23.724349742887572,24.097588524152748,21401300
2019-02-22,24.702133178710938,24.738931257499033,23.955653568984797,24.023993717596213,17580700
2019-02-25,24.770469665527344,25.101654357818123,24.391974879682635,24.8913779170807,16801500
2019-02-26,24.81252098083496,24.8598330706288,24.49710638042792,24.596988572961784,10362900
2019-02-27,24.618017196655273,24.838805617355334,24.36042870049412,24.838805617355334,15004800
2019-02-28,24.75995445251465,24.75995445251465,24.2342653812906,24.486597900181447,17877800
2019-03-01,24.570709228515625,24.970232059109687,23.41944882489603,24.859837830236366,29872100
2019-03-06,25.259355545043945,25.259355545043945,24.807262693207434,24.933428933042137,15244200
2019-03-07,25.685165405273438,25.737733504249906,25.085880253426197,25.143706365506972,21112500
2019-03-08,25.679906845092773,25.700934886373158,25.049081649436317,25.369750254912447,25446000
2019-03-11,26.22136878967285,26.258166860519797,25.55374349590834,25.706193792471105,20201600
2019-03-12,26.268688201904297,26.457936622052472,26.047897709949755,26.17932000112543,15591300
2019-03-13,26.65243911743164,26.81014545432931,26.126749990876164,26.252914258256347,21999200
2019-03-14,26.657686233520508,26.77333844449227,26.389585750765477,26.7049983193413,17257400
2019-03-15,26.57358169555664,26.936308431928175,26.49472953942625,26.705003961118585,26054400
2019-03-18,26.526268005371094,26.63666222052514,26.195085359908955,26.41587379021705,23021400
2019-03-19,27.283262252807617,27.540848762007883,26.594608881550677,26.65243499738796,32034400
2019-03-20,26.578838348388672,27.16760950646579,26.494728182949085,27.046701268980414,25667000
2019-03-21,26.7523136138916,27.057214204716967,26.55255122698341,26.56306524790957,19660000
2019-03-22,26.31073760986328,26.983620984566446,26.126747237099522,26.53152806252445,25714700
2019-03-25,26.047883987426758,26.447408665116786,25.84286564205549,26.074168030745952,15897500
2019-03-26,26.431642532348633,26.652432957249935,26.17931205056458,26.18457006360798,13413800
2019-03-27,26.074176788330078,26.673464006148876,25.921728483738054,26.31073726834478,20805100
2019-03-28,25.916465759277344,26.599861017609097,25.558997100086405,26.552548930206054,28490000
2019-03-29,26.773340225219727,27.125550883377215,26.258165259430726,26.258165259430726,25118100
2019-04-01,27.6512451171875,27.887805606919876,27.388400574228136,27.519822845707818,25392200
2019-04-02,27.141324996948242,28.019224708549153,27.141324996948242,27.887802451937436,21442400
2019-04-03,27.220178604125977,27.772153715704246,27.130812427413826,27.745867658699872,21477200
2019-04-04,27.419939041137695,27.577645345137928,27.136066490730606,27.33582887864794,14145700
2019-04-05,27.3253173828125,27.525079789189963,27.178125086189443,27.440969618927554,8359200
2019-04-08,28.06653594970703,28.06653594970703,27.525076910602884,27.598673051217688,14400900
2019-04-09,27.519819259643555,28.019224227258626,27.493535209841596,27.95614210666503,14745400
2019-04-10,27.209667205810547,27.72484429366696,27.08350294354167,27.72484429366696,15608000
2019-04-11,27.22543716430664,27.262235238438087,26.773344247440672,27.072986854136555,10274300
2019-04-12,27.062477111816406,27.714332538011384,26.973110919177678,27.38314781311059,16905900
2019-04-15,26.98362159729004,27.188640018837816,26.694490997317825,27.120299876540322,15787300
2019-04-16,27.91408920288086,27.94563126944339,26.72603277051798,26.952079234187703,18935600
2019-04-17,27.467248916625977,28.28206642600248,27.178120381730352,27.945625803189806,26483700
2019-04-18,27.640727996826172,27.845746381626494,27.34108342825915,27.44096561956294,10706000
2019-04-22,26.96784782409668,27.335830559622046,26.70500329948493,27.309546508229786,16324700
2019-04-23,27.29376792907715,27.29376792907715,26.95732733909532,27.12029162720581,9890800
2019-04-24,26.47370147705078,27.19915294393945,26.368563263606177,27.099270738761994,19992800
2019-04-25,26.457931518554688,26.510499622747034,25.95852650734887,26.40536140901771,15916200
2019-04-26,26.505245208740234,26.626155474423527,26.032126190721964,26.536787278746083,10632700
2019-04-29,26.415874481201172,26.841683329090845,26.347534343932434,26.77859919991452,8729200
2019-04-30,26.33702278137207,26.647179426740966,26.15828840937398,26.400106916438276,11371400
2019-05-02,25.72722053527832,25.905954886588315,25.611570311732685,25.905954886588315,15906200
2019-05-03,26.49472427368164,26.61563249332714,25.963777303342457,25.995319362732502,10614000
2019-05-06,26.105714797973633,26.153026886625522,25.80607223829311,26.074172737090933,10437300
2019-05-07,26.126745223999023,26.126745223999023,25.611570214610758,25.94275286006746,15190600
2019-05-08,25.75876235961914,26.358047530395975,25.727220296030282,26.18982720194439,18474900
2019-05-09,25.51694679260254,25.76401928076717,25.259358277524377,25.75876327265497,12456600
2019-05-10,26.00057601928711,26.17931034960589,25.26461266323776,25.390776893260263,25272300
2019-05-13,24.93343162536621,25.627341006024857,24.93343162536621,25.51168877413356,18657700
2019-05-14,25.017541885375977,25.41706467967751,24.891375631449684,25.327698504044175,14183900
2019-05-15,25.20679473876953,25.469639309548473,24.717903676693105,24.78624382659221,18447400
2019-05-16,24.391969680786133,25.72196216974363,24.08706910723775,25.522199794154837,49247900
2019-05-17,25.085878372192383,25.085878372192383,24.339398989570842,24.39196908994942,34079700
2019-05-20,24.575958251953125,25.09639119140475,24.512876139861593,25.033307073969034,23909600
2019-05-21,24.922916412353516,25.212044972915333,24.229007064867368,24.759952093874016,32381300
2019-05-22,24.949199676513672,25.595796911516874,24.90188758588688,25.117419997554613,21087400
2019-05-23,25.138456344604492,25.180512441431997,24.40249069288376,24.744189460899474,15786300
2019-05-24,25.396038055419922,25.98480921434398,25.396038055419925,25.56951439455039,24936500
2019-05-27,26.384336471557617,26.4158785409934,25.706199024119588,25.758767134501028,17281600
2019-05-28,26.415874481201172,26.783857213351492,26.205598061302542,26.258168168949478,37041000
2019-05-29,26.126745223999023,26.205597375388688,25.837616658214575,26.03212103805582,17842500
2019-05-30,26.289703369140625,26.352787486657288,25.990060829641134,26.131997086037345,12877800
2019-05-31,25.75876235961914,26.8101404151138,25.606312060289735,26.0268628814187,28857900
2019-06-03,25.66939926147461,26.074178096610687,25.464378831611807,25.942755823935542,22451600
2019-06-04,25.816591262817383,25.942755520114936,25.390782382412542,25.853389338307895,19537300
2019-06-05,25.43808937072754,25.9848063901223,25.159474853592112,25.90595224114148,14392200
2019-06-06,25.653629302978516,25.727225460782485,25.396042750664627,25.700941405187482,10869100
2019-06-07,25.580026626586914,25.811329064362734,25.422320327860472,25.785045015465727,11626500
2019-06-10,25.41181182861328,25.879674818806425,25.40655581982963,25.73248250872629,11670100
2019-06-11,27.036190032958984,27.062474086364595,26.105720103918227,26.15828821072945,44669000
2019-06-12,27.06772232055664,27.383134858153415,26.77333581488071,27.099262371109912,24531300
2019-06-13,27.256975173950195,27.467251586318177,27.120296909652147,27.283261229504557,18058600
2019-06-14,27.020414352416992,27.241202761274238,26.88899210752264,27.178120645221355,20375200
2019-06-17,26.389589309692383,26.98361846614391,26.389589309692386,26.810140126290797,20551200
2019-06-18,27.335826873779297,27.55661528211763,26.810137895437386,26.810137895437386,27229300
2019-06-19,27.4935359954834,27.914086820365583,27.246463513871408,27.861518719259504,23746400
2019-06-21,27.567129135131836,27.824717615308597,27.38839480336583,27.730093439353404,20492800
2019-06-24,27.54610252380371,27.588156598157017,27.38839423028213,27.588156598157017,9338300
2019-06-25,27.00990104675293,27.582902129865296,26.988873005730888,27.435707848055344,12449700
2019-06-26,27.11504554748535,27.356862059398853,27.00464930913803,27.07298945566831,13277900
2019-06-27,27.178125381469727,27.414685864573098,27.083501188228382,27.414685864573098,14941500
2019-06-28,27.241201400756836,27.440963764515853,27.172861275328497,27.372623639087518,11106100
2019-07-01,28.203210830688477,28.27680695725183,27.914080325840956,27.914080325840956,22807300
2019-07-02,27.015155792236328,28.471314476801812,26.294962466304522,28.439772416742333,48452700
2019-07-03,26.962589263916016,27.32005794398074,26.888993124845815,27.214919743018573,19929700
2019-07-04,27.162353515625,27.38839997807738,26.888996961600636,27.16761152936278,16192600
2019-07-05,26.47370147705078,26.589353712374304,26.158286836716968,26.494729520808626,27847600
2019-07-08,26.78385353088379,27.125550159559054,26.526265052190606,26.62614724031487,12777600
2019-07-10,27.4041690826416,27.630215520914785,27.02041633996362,27.130810552512536,28106700
2019-07-11,27.36211395263672,27.598674420164173,27.18863761334627,27.267489765625733,18567500
2019-07-12,27.235950469970703,27.745867486101012,27.193894383301004,27.577647150111382,22248600
2019-07-15,27.69855499267578,27.82472124552471,27.46725253535473,27.577646753257195,20144200
2019-07-16,27.887807846069336,28.108598322662022,27.75112955510806,27.966662017426344,17393700
2019-07-17,27.69855499267578,27.92460144191105,27.577646753257195,27.856263310073082,13876700
2019-07-18,27.645986557006836,27.766894794967172,27.45673818268821,27.65650057839615,12217200
2019-07-19,27.71432113647461,27.98242160944053,27.62495297525655,27.761633220567905,11523100
2019-07-22,27.572391510009766,27.682785730974484,27.23595083353941,27.430455223621717,11348100
2019-07-23,27.209667205810547,27.65124613444119,27.209667205810547,27.546109917665394,11146800
2019-07-24,26.626150131225586,26.9468187545495,26.57358002509867,26.8574525821505,25121800
2019-07-25,26.542041778564453,26.87322444572075,26.337021358691256,26.810142319406882,12761900
2019-07-26,26.40536117553711,26.836426043205623,26.37907712367334,26.810141991341858,12604500
2019-07-29,26.421123504638672,26.59985781269916,26.17930708942272,26.4421515421385,8462200
2019-07-30,26.289703369140625,26.5893479139843,26.289703369140625,26.37381352048532,10182500
2019-07-31,26.184574127197266,26.57358292831388,25.874417485869017,26.48421674615145,23244900
2019-08-01,25.443347930908203,25.937494859832256,25.364493780230884,25.884926762943614,45701400
2019-08-02,25.148963928222656,25.385524398932123,24.922917479027454,25.33821230479023,19834300
2019-08-05,24.181699752807617,24.49711242570629,24.055533480441227,24.49711242570629,36490300
2019-08-06,24.50762176513672,24.691614126951766,24.3341454297994,24.42351160141525,21913400
2019-08-07,24.434030532836914,24.434030532836914,23.892571370401782,24.102845819290188,20828200
2019-08-08,24.8020076751709,24.964971990345646,24.66532740945158,24.865089794932814,24237600
2019-08-09,23.913593292236328,24.60750260600196,23.913593292236328,24.549676495630763,24707500
2019-08-12,23.740114212036133,24.17643702718261,23.67177408326797,23.734858204597494,16409000
2019-08-13,24.44454574584961,24.602252091528026,23.840002414513183,23.945140646747124,19989100
2019-08-14,23.592926025390625,24.171183200308988,23.514071862745094,24.171183200308988,24950100
2019-08-15,23.072492599487305,23.918852309764894,22.693995833314812,23.66126378715425,24570500
2019-08-16,22.967344284057617,23.49829112588832,22.856950110928214,23.3668689182551,19541100
2019-08-19,22.94632911682129,23.356365957022856,22.71502463847604,23.282769806765618,27533700
2019-08-20,23.046207427978516,23.387906103657546,22.55206045585832,22.872729083461444,16865100
2019-08-21,23.209171295166016,23.303795480253715,22.641426184639837,22.920040726651116,16171800
2019-08-22,23.072492599487305,23.330081122097948,22.893758238277474,23.330081122097948,12254400
2019-08-23,22.751821517944336,23.440474897658305,22.55206112212819,23.040952100681423,26087800
2019-08-26,22.499486923217773,22.94632373917299,22.362808676963752,22.86221358639877,13270500
2019-08-27,22.772846221923828,23.083002797188094,22.310239362725,22.683480058796576,27809400
2019-08-28,22.85696029663086,23.21968502941511,22.625657830045274,22.76759411818119,13467000
2019-08-29,23.70857810974121,23.78743227854836,23.109292843910303,23.18814701271745,23487000
2019-08-30,23.955652236938477,24.3551770777722,23.797945907280862,24.176442702734963,27305700
2019-09-02,24.186954498291016,24.53390922249418,24.102844322888572,24.47082709227854,12757600
2019-09-03,23.92936897277832,24.207983564548474,23.834744770791318,24.181699509628718,13227000
2019-09-04,24.455055236816406,24.455055236816403,24.16592665577234,24.20798073766412,12439100
2019-09-05,24.455055236816406,24.80726594337045,24.455055236816403,24.68110169235049,20284900
2019-09-06,24.41825294494629,24.544417174171596,24.229004595764064,24.41825294494629,10419000
2019-09-09,25.175243377685547,25.17524337768555,24.334141863730828,24.549674252015738,24430000
2019-09-10,25.35923957824707,25.495917843095594,24.812522508163994,25.169991207422584,21440800
2019-09-11,25.20679473876953,25.548491477575197,25.012290317889693,25.548491477575197,16872500
2019-09-12,26.12148666381836,26.16354274795463,25.54848555220069,25.55899957323476,39340500
2019-09-13,26.17405891418457,26.44215945382088,26.10571877453428,26.263425092281796,22067600
2019-09-16,25.543230056762695,25.990064930279686,25.417063807167402,25.96903889313423,26369500
2019-09-17,25.706193923950195,25.837616179174187,25.35398123717078,25.364495258230033,14473900
2019-09-18,25.443347930908203,25.758760522928775,25.222557512218323,25.758760522928775,15335300
2019-09-19,25.401290893554688,25.537971148874377,25.106904348157446,25.443346973758985,15680000
2019-09-20,25.453861236572266,25.622083566902713,25.233072812032322,25.58002748298399,23870900
2019-09-23,25.285646438598633,25.53797898657768,25.21205028099845,25.332958540676593,11946300
2019-09-24,24.67058753967285,25.169992543560504,24.59173337919521,25.080624361329537,15322500
2019-09-25,25.159475326538086,25.243585484538045,24.618016309747368,24.723152503239056,14554600
2019-09-26,25.159475326538086,25.380263739283848,24.985996997656972,25.28563956086585,12257300
2019-09-27,25.05433464050293,25.41705928486721,24.849316276064673,25.311923101812624,13450600
2019-09-30,25.101646423339844,25.254096694418635,24.81777391967812,25.04907833244432,12116600
2019-10-01,25.080625534057617,25.695682800646292,25.054341481117604,25.154221684427526,16083800
2019-10-02,23.70857810974121,24.654820114047716,23.70857810974121,24.654820114047716,24637800
2019-10-03,23.887313842773438,24.081820268772713,23.24597445445088,23.824231707356205,24569900
2019-10-04,24.491853713989258,24.596991928467826,24.013476743189184,24.023990765171504,21339100
2019-10-07,24.20272445678711,24.69687144418048,24.20272445678711,24.33940272807648,12531500
2019-10-08,23.82422637939453,24.376199452880204,23.824226379394528,24.339401381670793,14671300
2019-10-09,24.008214950561523,24.202721318601625,23.829482621028998,24.008214950561523,9509400
2019-10-10,24.833547592163086,24.94394179354474,24.213234452955323,24.213234452955323,15441700
2019-10-11,25.569515228271484,25.71670752146573,25.233074555059165,25.248844584945807,24527700
2019-10-14,25.22782325744629,25.3645015544553,25.00177676192199,25.338217497954908,11520400
2019-10-15,25.185760498046875,25.385522884209127,24.98599811188462,25.16999046938874,14669700
2019-10-16,24.60224723815918,24.980743997396036,24.518137070033724,24.912403859123916,24417100
2019-10-17,24.554929733276367,24.73366405183203,24.502361641784056,24.702123999074303,14158400
2019-10-18,24.197467803955078,24.802011050423076,24.192211795486486,24.64956073535275,16452100
2019-10-21,24.81777572631836,24.81777572631836,24.318370805079606,24.40248095984182,13486800
2019-10-22,24.865089416503906,24.99125565945201,24.759951214937892,24.854575395812866,15194800
2019-10-23,24.765213012695312,25.143709794038923,24.723156923503932,25.02279954028605,12362800
2019-10-24,24.575958251953125,25.00702302770958,24.45505003488428,24.949196922732266,14646600
2019-10-25,25.527456283569336,25.527456283569336,24.9965093179641,25.101647509649275,21754000
2019-10-28,25.601055145263672,25.65362324403801,25.41180678112499,25.574771095876507,10932200
2019-10-29,25.574771881103516,25.65362403168603,25.27512929713209,25.44860563268921,10091200
2019-10-30,25.543230056762695,25.559000085957916,25.070109127460988,25.443349862952115,15325200
2019-10-31,24.81252098083496,25.485402253152316,24.633786642207617,25.285639873428963,21765000
2019-11-01,25.46437644958496,25.60105672337461,25.106907740919862,25.127935783863585,20151300
2019-11-04,26.189828872680664,26.189828872680664,25.800820090324393,25.800820090324393,20980000
2019-11-05,26.216110229492188,26.43164264224623,25.984807788231194,26.321248432008787,15951200
2019-11-06,26.12148666381836,26.26868095295084,25.706193862367243,26.231882882003838,14879300
2019-11-07,26.34227752685547,26.5630659561584,26.042634941176058,26.20034124858451,26788900
2019-11-08,25.853382110595703,26.04788645600382,25.65887776518759,25.932236253370316,19854000
2019-11-11,25.30141258239746,25.464374891881235,25.212044408025733,25.464374891881235,20385800
2019-11-12,25.18050193786621,25.490658503885406,25.180501937866214,25.39077631825657,13130500
2019-11-13,24.770469665527344,25.264618699656868,24.691617504259376,25.049086250306146,16882100
2019-11-14,24.707386016845703,25.01228663664029,24.686357972995463,24.89137638717372,14155900
2019-11-18,25.028057098388672,25.259359568695523,24.959716957369388,25.08588321730155,16777800
2019-11-19,25.322437286376953,25.49065960544074,25.085878848883176,25.290897230894753,13108100
2019-11-21,25.453861236572266,25.453861236572266,25.07536650802601,25.1069065656206,15624200
2019-11-22,26.300222396850586,26.300222396850586,25.522202847424573,25.522202847424573,27680500
2019-11-25,26.736549377441406,26.904769738014753,26.510502891918808,26.568329016868063,24507100
2019-11-26,26.925790786743164,27.072983062655172,26.526266030204344,26.599862168160346,32446500
2019-11-27,26.589353561401367,26.915280216418875,26.352793083830342,26.773343929876262,13507600
2019-11-28,26.478952407836914,26.747054900977794,26.12148375387857,26.578834593861426,10145300
2019-11-29,26.273935317993164,26.531523803860697,26.18982516032415,26.478953701977353,10290800
2019-12-02,26.988874435424805,27.172864790753394,26.342277179827157,26.363305221963127,23952200
2019-12-03,26.505245208740234,26.946824162097563,26.415879018407693,26.941568153102374,13479700
2019-12-04,26.768085479736328,26.825911596126677,26.563067070966603,26.720775390338314,9105800
2019-12-05,26.78385353088379,26.852193658756555,26.57357713989571,26.65243128785231,9503500
2019-12-06,26.994131088256836,27.172865439994165,26.825910757838706,26.941562987005366,13892600
2019-12-09,27.041444778442383,27.593419900902088,26.98362066578879,27.467253642965535,19388300
2019-12-10,26.915285110473633,27.036193375362764,26.75757876519846,26.92579913420464,13878600
2019-12-11,27.2464656829834,27.36211591569268,26.925795026811734,27.009905198484244,15572100
2019-12-12,27.835233688354492,27.893059800741263,27.19389244965676,27.388396823312267,25140900
2019-12-13,28.26104164123535,28.387207891995814,27.777408691566723,28.019225166401036,28172500
2019-12-16,28.040250778198242,28.73941609140567,28.040250778198242,28.650049925762158,21806800
2019-12-17,28.082305908203125,28.23475620215001,27.887801536300383,27.992939739206662,13570300
2019-12-18,28.108591079711914,28.145389148771184,27.651240212242104,28.00870888768445,22924500
2019-12-19,28.38720703125,28.513373278184897,27.977170238064396,28.12436252170139,17683200
2019-12-20,28.80249786376953,28.907636054152064,28.466057258820776,28.79198384419686,42124200
2019-12-23,28.692110061645508,28.902384483935833,28.59748586974424,28.860330401615624,10225700
2019-12-26,28.80249786376953,28.91289206126631,28.65530359509631,28.813011883342202,20410000
2019-12-27,28.923572540283203,29.139420926091802,28.826440972517606,29.13402564276383,13920400
2019-12-30,28.761688232421875,29.063875570862304,28.70772716342454,28.950556090878205,11928100
2020-01-02,29.3174991607666,29.376855517394564,29.004519175084557,29.128631289187894,17509700
2020-01-03,29.101646423339844,29.40922902089815,28.912780638341825,28.966741703060496,17284800
2020-01-06,28.928964614868164,29.03149144729421,28.68074045732149,29.03149144729421,32787800
2020-01-07,29.139423370361328,29.241950230055036,28.81565282297271,28.869613894709833,16326400
2020-01-08,29.144813537597656,29.33907665531996,28.93436251289268,29.247342437774748,15298500
2020-01-09,28.761688232421875,29.069270854368902,28.626783501445708,29.004517159875537,14638000
2020-01-10,28.7940673828125,29.069272140446994,28.659162645867898,29.004518443088806,9129200
2020-01-13,29.840927124023438,30.024397646907868,28.875008722411796,28.945159761348375,27497400
2020-01-14,30.024396896362305,30.407525842122624,29.679041110973685,29.840926378064243,27817000
2020-01-15,29.927261352539062,30.261826526404118,29.738395575746353,29.840922417650596,21425300
2020-01-16,29.770776748657227,30.191680933175476,29.73300358649934,30.002813063903083,13149100
2020-01-17,30.758275985717773,30.806841766981897,30.272618173076534,30.35356182801096,36524100
2020-01-20,30.952539443969727,30.952539443969727,30.50465478321449,30.75827631682204,16746300
2020-01-21,30.234848022460938,30.763674327425,30.07836009703568,30.650354846036173,25436800
2020-01-22,30.38054084777832,30.677330803625523,30.25103347650947,30.542426091105654,17269400
2020-01-23,29.9488525390625,30.072964653918135,29.52255306293903,29.911079376214396,23028900
2020-01-24,29.031497955322266,30.07296265249804,28.97213954380196,30.01360424097773,19744800
2020-01-27,27.256149291992188,27.963050780601282,27.239961383968748,27.876711840338416,38779700
2020-01-28,27.62849235534668,28.10875292110362,27.563738653729008,27.62849235534668,23046400
2020-01-29,27.38566017150879,28.000825410536166,27.229170190778575,27.89829855685921,23323000
2020-01-30,27.79037094116211,27.79037094116211,26.873018478980637,26.964754754440065,23083200
2020-01-31,27.126644134521484,27.552943587601096,26.87302257612273,27.498980458961533,29988200
2020-02-03,27.47199821472168,27.56912978174701,26.873020904226397,27.25075454727126,18858200
2020-02-04,28.205881118774414,28.373163724573676,28.043995854910868,28.16810795915568,21559200
2020-02-05,28.59440803527832,28.93436647941361,28.59440803527832,28.772481211946875,26797700
2020-02-06,28.750900268554688,29.096256106491907,28.502676017347707,28.9559560692611,22155800
2020-02-07,28.11414909362793,28.578221763266193,28.017017508890472,28.53505331365128,14450900
2020-02-10,27.083471298217773,28.006221162866947,26.937773951167905,28.006221162866947,28244800
2020-02-11,28.087167739868164,28.168111410960424,27.531360844382714,27.6015118887638,27560600
2020-02-12,28.6375789642334,28.80486158827133,28.508071562415616,28.653766874839864,28539800
2020-02-13,28.1357364654541,28.276038568850137,27.822758492117984,28.17890697680158,20105600
2020-02-14,27.520565032958984,28.21127659467953,27.493584498544806,28.173503434803113,19896200
2020-02-17,28.821048736572266,28.821048736572262,27.85513029859604,27.903696087613923,28134200
2020-02-18,28.491880416870117,28.62678515564174,28.12493936273267,28.356975678098497,18054400
2020-02-19,28.49727439880371,28.664554937725892,28.27603073564638,28.562028089403178,14439700
2020-02-20,28.168107986450195,28.864216886069062,28.092561667139524,28.745500065162112,18818800
2020-02-21,27.05109977722168,27.596114035918728,26.873024527504516,27.520567708820426,32249900
2020-02-26,24.471715927124023,25.275748981881126,24.315228012901645,25.17861741664919,46923300
2020-02-27,23.996850967407227,24.574242973412257,23.505797895239883,24.093982525284947,42419000
2020-02-28,23.91051483154297,23.910514831542965,23.311537507366424,23.737836943661073,33228600
2020-03-02,25.016733169555664,25.41065472955552,24.180324264981568,24.218097424263554,48372500
2020-03-03,25.011335372924805,26.489892075375906,24.86024273854395,25.221788474575977,52401800
2020-03-04,26.20928955078125,26.489891623041903,25.362088050784717,25.901706945482267,31476600
2020-03-05,25.281143188476562,25.874725179447815,24.79548744148113,25.718235213406818,29092300
2020-03-06,24.072402954101562,24.725341423884075,23.554369228909643,23.851159255312325,39718600
2020-03-09,20.41378402709961,22.41576965716614,20.402991402054173,21.827584972327745,59037000
2020-03-10,24.18032455444336,24.466321923425724,22.016451531760108,22.61003357905084,63269800
2020-03-11,21.98407554626465,23.89972228660268,21.04513772657723,23.20900867426979,50025000
2020-03-12,19.07552719116211,19.42628029770827,17.510633624491916,19.42628029770827,62222000
2020-03-13,23.14965057373047,23.759418420711107,19.965898386071892,22.663992762568096,67635900
2020-03-16,21.066722869873047,22.34022383465488,19.43167616275878,19.43167616275878,59078300
2020-03-17,22.399580001831055,23.511195695175406,21.104495855611344,21.85456580959578,52743800
2020-03-18,20.856273651123047,22.054226343917634,19.264397305615248,20.93721526012536,59689100
2020-03-19,19.642126083374023,21.045134207122544,19.02695889280979,20.23570596838706,52645400
2020-03-20,18.98918914794922,21.266381660360594,18.730172312082207,20.451557992850795,50479900
2020-03-23,18.4010066986084,19.35073727184933,18.007085083718415,19.18345464423177,41958300
2020-03-24,20.31125831604004,20.856274644982147,19.890356165418545,19.890356165418545,37044800
2020-03-25,22.043434143066406,22.313243628579986,20.55408668876396,20.608047762473472,38064400
2020-03-26,22.663997650146484,22.885241354391923,21.579364382622035,22.12977394266047,36253000
2020-03-27,21.638715744018555,22.361805108161636,21.153059998792152,21.207021062100882,32331200
2020-03-30,22.539884567260742,22.836674588318115,21.984077688272404,22.081207208823887,31298300
2020-03-31,23.32232666015625,24.00764282623549,22.78270782624968,22.82587626255131,39238000
2020-04-01,23.40327262878418,23.80798682993404,22.23230052819569,22.561468407821504,37092100
2020-04-02,23.08489418029785,24.05081243407729,22.620821631175545,23.716249317133396,34372600
2020-04-03,21.85456657409668,23.133462856501957,21.455247661825176,23.0956896962377,31650000
2020-04-06,23.27376365661621,23.414063664421082,22.647805817019986,22.987764240791197,32019300
2020-04-07,23.624513626098633,24.55265874735027,23.505798873681837,24.3853761554904,34191900
2020-04-08,23.47881507873535,23.87813393042276,23.23059090366394,23.473419796008816,29464500
2020-04-09,23.354703903198242,23.996851672306324,23.117272342790763,23.716249614470605,29827800
2020-04-13,24.050817489624023,24.050817489624023,23.192823239226787,23.311540072138047,22066800
2020-04-14,24.029232025146484,24.822472568102583,24.01304411479489,24.61741678355606,24713600
2020-04-15,23.306135177612305,23.689266089182137,22.993157344739355,23.473417746283143,28808700
2020-04-16,23.07410430908203,23.737837397773816,22.68558008315657,23.63530848467561,24442900
2020-04-17,23.74323272705078,23.867344832924243,23.322330623785756,23.68927165788244,23604600
2020-04-20,22.912214279174805,23.343908917373955,22.7881021993477,23.343908917373955,29050700
2020-04-22,23.14965057373047,23.333121073671517,22.690973294636528,22.98776326435458,22693600
2020-04-23,23.47881507873535,24.115565481558562,23.1010835334017,23.360100332408717,27171100
2020-04-24,23.61372184753418,23.85115547783874,22.572259278042928,23.40327080866075,55165900
2020-04-27,24.040021896362305,24.30983134987587,23.66768559156738,23.99145611239055,25580600
2020-04-28,24.072402954101562,24.439344024066603,23.462632932176863,24.39077823367467,25680000
2020-04-29,25.216392517089844,25.567145647280984,24.196513062065257,24.471717812435834,33207500
2020-04-30,24.207311630249023,24.914211289283507,24.153348488558702,24.66598701295817,25720300
2020-05-04,23.705459594726562,23.921307988618654,23.41946222252995,23.5813474887076,16994300
2020-05-05,23.58135414123535,24.299046445201235,23.58135414123535,23.98606845009471,19070600
2020-05-06,23.921306610107422,24.153340841218167,23.532780346884362,23.84575823566082,26602700
2020-05-07,24.849449157714844,25.351294883730105,24.525678651213305,24.6228102148603,42194300
2020-05-08,26.360380172729492,26.419738575977664,25.34589821015505,25.631895543824353,33922800
2020-05-11,25.756011962890625,26.57623300519584,25.756011962890625,26.015028809121286,24783100
2020-05-12,25.61031150817871,26.22547670099857,25.61031150817871,26.13374247962279,21806900
2020-05-13,26.193099975585938,26.538455716854845,25.71823480209989,25.99343951514774,34159500
2020-05-14,25.95027732849121,26.149935778547142,25.329714666190206,25.874730999198864,35513400
2020-05-15,25.928686141967773,26.603209725569865,25.928686141967777,26.27404188741483,35196100
2020-05-18,27.660869598388672,27.844340144469733,26.953970011401225,27.164421096335904,41936200
2020-05-19,28.222064971923828,28.4433086143892,27.569126668365357,27.682446130936825,27704400
2020-05-20,28.32999038696289,28.961343470372128,28.32999038696289,28.799458222714573,27014500
2020-05-21,27.59071922302246,28.4163356096701,27.18060764251032,28.216677162003514,41802300
2020-05-22,27.126644134521484,27.574526780574047,26.92698570476229,27.396453602270675,23933600
2020-05-25,27.034902572631836,27.88750131251419,26.937771018506442,27.741803981326097,21162000
2020-05-26,26.54925537109375,27.261552290691608,26.35499220057013,27.18600595959534,28917800
2020-05-27,27.326297760009766,27.428826657157764,26.322606387085766,26.89460309920442,31932100
2020-05-28,27.029512405395508,27.87131868096656,27.007927154064305,27.520565551524573,23530900
2020-05-29,28.599803924560547,28.59980392456055,27.552943918187083,27.736414440797166,92646300
2020-06-01,28.826444625854492,29.058480949537035,28.329996157452886,28.5026740645911,27152300
2020-06-02,28.826444625854492,29.03150041251226,28.599805644666723,29.03150041251226,25602700
2020-06-03,28.955947875976562,29.322888864577173,28.804855254252516,29.085457307799018,31584300
2020-06-04,30.035194396972656,30.05677965168366,28.880410030215568,28.988334245287383,37638600
2020-06-05,29.468589782714844,30.59639341673915,29.322892426149085,30.42911080916746,39799100
2020-06-08,29.560319900512695,30.029789781424945,29.12862523284846,29.668244082049394,27456500
2020-06-09,29.67365074157715,29.673650741577145,29.2041807132393,29.22576596802147,19860000
2020-06-10,29.24734115600586,29.786959988926693,29.0099075520919,29.630470033343855,24321300
2020-06-12,28.815649032592773,29.166400069712534,28.04938915212442,28.982929568063717,31223700
2020-06-15,29.074665069580078,29.371455034113374,28.130332054303373,28.329990458301033,27425600
2020-06-16,29.88949203491211,29.94885044623487,29.258138878441624,29.94345516269773,29329400
2020-06-17,30.326583862304688,30.45609125098039,29.759984405262138,29.943454921288403,27840000
2020-06-18,30.310386657714844,30.51004709351522,30.008201450635077,30.380537677279364,25770000
2020-06-19,29.770776748657227,30.54243201871057,29.522552523481693,30.396736712377546,38079900
2020-06-22,29.679040908813477,29.86790670938552,29.371458285891677,29.67904090881348,14891400
2020-06-23,29.997411727905273,30.52084266717732,29.878694923085003,29.965033856095413,18272700
2020-06-24,29.88949203491211,30.358959924991403,29.581909411223997,30.353564641454263,18156600
2020-06-25,30.218658447265625,30.299602105785326,29.6088885129367,29.94884899684361,17051900
2020-06-26,30.013608932495117,30.731303207995982,29.792365219461615,30.164703655932925,21655500
2020-06-29,30.018991470336914,30.170084060774325,29.5926921661946,29.91646259098396,15453400
2020-06-30,30.175491333007812,30.51005657117903,29.68443816047978,29.916474478557276,27462900
2020-07-01,29.430816650390625,30.261830288555334,29.166402471526276,30.261830288555334,28999400
2020-07-02,29.94345474243164,30.078359472278006,29.54413583635396,29.598096904899382,24148500
2020-07-03,29.819339752197266,30.056773387568487,29.64126658415161,29.786963935361378,7831800
2020-07-06,30.526243209838867,30.617979499865807,29.997416896718452,30.2672263661768,23609900
2020-07-07,30.418319702148438,30.74748759173099,30.272622338309453,30.61798019619608,13598400
2020-07-08,30.930957794189453,31.146806195802213,30.10534146621403,30.704318825130674,32634600
2020-07-09,30.445297241210938,31.12521820553334,30.25103616703013,31.038879264180956,19741600
2020-07-10,30.74209213256836,30.920165315033692,30.305000043545018,30.49926319422206,14728100
2020-07-13,31.10902976989746,31.956231260830496,31.109029769897457,31.152198210600424,28780200
2020-07-14,33.294490814208984,33.440188182923514,31.24393914276868,31.25472971068857,52234500
2020-07-15,33.34305191040039,33.958217119393304,32.587584636401864,33.6182566402457,29833100
2020-07-16,32.44188690185547,33.28908838955247,32.296189555384416,33.07863735303296,22788400
2020-07-17,32.93833541870117,33.051654884268565,32.54980918420433,32.64694074282854,18896400
2020-07-20,32.8088264465332,33.18116477929395,32.56599754657676,32.98150431795054,16491500
2020-07-21,32.21525192260742,32.63615404745252,31.9832156080177,32.61456879528535,29043600
2020-07-22,31.96702766418457,32.51204190068767,31.72959400756374,32.33936400049958,19644700
2020-07-23,31.75657081604004,32.463472302168704,31.643251343308155,32.32317229666485,17291900
2020-07-24,31.62166404724121,31.756568760853128,31.20076199948644,31.6054761403222,22544100
2020-07-27,33.11640548706055,33.25670752911316,31.82671687244492,31.891470552671,35124800
2020-07-28,32.560604095458984,33.003091423169465,32.48505777977418,32.7548672263529,21707500
2020-07-29,33.96900939941406,33.96900939941406,32.835808499920844,33.03007162889012,29486600
2020-07-30,33.062442779541016,33.65602261202823,32.727879713510895,33.618249462241714,32210700
2020-07-31,32.7602653503418,33.56969376026712,32.64694586698815,32.970716407565114,26318800
2020-08-03,32.517433166503906,33.81791459949964,32.517433166503906,33.38082461924334,35910500
2020-08-04,32.7548713684082,32.83041769364631,32.031781877798814,32.517437707965044,182535800
2020-08-05,33.55889892578125,33.94202991237725,33.37542841593392,33.40241100794189,36999600
2020-08-06,33.364646911621094,33.93124650347815,33.06785478678249,33.79094439746657,22468400
2020-08-07,32.61996078491211,33.127201776709036,32.25841507512887,33.127201776709036,28427400
2020-08-10,33.564292907714844,33.564292907714844,32.59837467143027,32.75486463208739,29341400
2020-08-11,32.52823257446289,33.89886532484043,32.463478871011006,33.88267741359823,23822800
2020-08-12,33.186561584472656,33.6128609996749,32.69011319599614,32.851998450565326,29627900
2020-08-13,32.566001892089844,33.54271290514077,32.43649450048705,33.13260342042142,24906200
2020-08-14,33.10562515258789,33.14879566108488,32.53902560870538,32.56600614727443,17848800
2020-08-17,33.580482482910156,33.78014089110955,32.99769516591439,33.33765357646081,42786400
2020-08-18,34.02836990356445,34.373725683690346,33.91504836569336,34.15787729187025,32205700
2020-08-19,33.66682434082031,34.47085744335617,33.63444852280758,34.21723589034797,23537900
2020-08-20,33.96900939941406,34.2657993760137,33.27829582324744,33.35923947981221,25866600
2020-08-21,33.564292907714844,33.88266811180094,33.19195458349738,33.67761237226687,27242700
2020-08-24,33.97440719604492,34.06614348417064,33.58588296784537,33.963614570472316,17944700
2020-08-25,33.25131607055664,33.909651787843934,32.94373346196763,33.88806653778929,23543000
2020-08-26,33.32147216796875,33.64524273406187,33.04626739263791,33.272906377206475,23924400
2020-08-27,32.803436279296875,33.553506286204005,32.55521205773449,33.28909209646465,18201900
2020-08-28,32.97071838378906,33.29449100225546,32.71709886657919,33.013888889644456,15040300
2020-08-31,32.2044563293457,32.99769677629846,32.2044563293457,32.970714184334085,31080000
2020-09-01,33.32686233520508,33.34305230196214,32.485058169216565,32.53362395252227,24197700
2020-09-02,33.08943176269531,33.6398433040042,32.54981284672378,33.40241172203054,21797200
2020-09-03,32.01020050048828,32.67393165633873,31.75657889921417,32.3771416033381,36117400
2020-09-04,32.64154815673828,32.64694344000422,31.675629831998165,32.220644015098884,26636700
2020-09-08,31.98320960998535,32.24762169475586,31.78894649387821,32.15588747797335,14663800
2020-09-09,32.37713623046875,32.555211467808114,32.03717572367362,32.32317516014446,16481700
2020-09-10,31.58389663696289,32.485061358216,31.470577150952796,32.377137155999414,19431400
2020-09-11,33.42938995361328,33.61825573780167,32.29079378997931,32.404113260492345,46057000
2020-09-14,33.407806396484375,34.184856880265116,33.121809034947255,33.888066893587364,35710200
2020-09-15,33.78014373779297,34.34674525341702,33.53731686936304,33.83950214864751,32570600
2020-09-16,32.90055847167969,33.72617456634958,32.72788062257856,33.6290430189199,28843500
2020-09-17,33.49954605102539,33.68301452142497,32.4364960402809,32.59298603283899,31397500
2020-09-18,33.27290344238281,34.049953967556675,33.27290344238281,33.71539080430606,33143800
2020-09-21,32.37713623046875,33.127206223784015,32.074948884597205,32.94373570280538,53120800
2020-09-22,32.49940872192383,32.763630092502886,32.1283724948366,32.68492576320138,23996200
2020-09-23,33.22462463378906,33.51133580089861,32.077786398949236,32.4207122041386,37365600
2020-09-24,32.977264404296875,33.606901311991535,32.85358492179999,33.5563053550185,31607500
2020-09-25,33.30895233154297,33.42138804258132,32.71866752925763,32.802992704136784,27582200
2020-09-28,33.04472351074219,33.865502570454325,32.99975052015291,33.69684795828024,30265400
2020-09-29,32.8029899597168,33.70809424827858,32.8029899597168,33.01661757836351,26201600
2020-09-30,33.23023986816406,33.88236425961243,33.02785606658831,33.28645663769853,25947500
2020-10-01,33.08969497680664,33.64624827276537,32.617466833052326,33.466352041290605,22852700
2020-10-02,32.78612518310547,33.41576210659429,32.66806866205118,32.949156842389556,23668800
2020-10-05,33.50008773803711,33.640631821156155,33.02785953297581,33.11218684066025,17887200
2020-10-06,32.954776763916016,33.88798941141481,32.72428454810404,33.73620154082655,21951600
2020-10-07,33.82615280151367,34.15783696175443,33.14591987536098,33.2471117984536,27276500
2020-10-08,34.455787658691406,34.56822335320079,33.764311032577574,33.927340537857056,22207400
2020-10-09,34.63006591796875,34.8212059827073,34.20843361144543,34.68066188053286,21120900
2020-10-13,34.93363952636719,35.21472771327974,34.30962340829609,34.44454668160849,18602200
2020-10-14,35.417110443115234,35.580142101112635,34.87742165581273,34.899909224750154,22210600
2020-10-15,35.11915969848633,35.33840814701744,34.843692324349334,35.0854283431228,16309700
2020-10-16,34.9898567199707,35.47332657614181,34.9898567199707,35.248457324452765,15871000
2020-10-19,34.82682418823242,35.51830081908821,34.82682418823242,35.265321040840355,29156200
2020-10-20,34.764984130859375,35.01796390679506,34.47827514782059,34.73125277922378,25276800
2020-10-21,35.332786560058594,35.535170411066645,34.63006604657666,34.65817658274219,21480900
2020-10-22,35.473323822021484,35.69257438135478,35.10228754823557,35.478946785983375,32097700
2020-10-23,35.67008590698242,35.917442701701816,34.978609329999536,35.203478558508344,24263400
2020-10-26,35.13602066040039,35.67008860334498,34.86055331482855,35.36089205043996,18250900
2020-10-27,35.152889251708984,35.36089606167766,34.888667804652364,35.13602464612933,18155500
2020-10-28,33.876747131347656,34.894287133642365,33.87112631123892,34.82682656967418,23686100
2020-10-29,34.86617660522461,34.98985608535657,33.61252363367825,34.275891881514625,37998800
2020-10-30,34.0397834777832,35.08543201358301,33.736207681351075,34.7425040373763,27476200
2020-11-03,35.60824966430664,35.60824966430664,34.41643641718382,34.79871650212497,32900800
2020-11-04,34.61882019042969,35.57451825677493,34.545736665456886,35.57451825677493,27932100
2020-11-05,35.16413497924805,35.45084615713544,34.545741769132015,35.023590872900506,25563600
2020-11-06,35.523921966552734,35.95679800342995,35.04607293786793,35.068560506038,26452500
2020-11-09,35.523921966552734,36.13107129541657,35.344025710257334,36.06361287997146,37728900
2020-11-10,35.507057189941406,35.748793185262095,35.24283362656006,35.55203232606271,53960600
2020-11-11,35.75440979003906,35.93430602425183,35.41710488702318,35.5182967868344,25908500
2020-11-12,35.23159408569336,35.849989414643375,35.11353755595543,35.7375537053313,23726500
2020-11-13,35.557655334472656,35.72630781624346,35.197862801486224,35.26532336528801,25079300
2020-11-16,36.49648666381836,36.732599695304444,35.40024452544364,35.698197296947285,91477900
2020-11-17,37.648948669433594,38.28420636414873,36.42902708982743,36.42902708982743,62475900
2020-11-18,37.35661697387695,37.88506411865973,37.14299150361369,37.66019271945013,22854400
2020-11-19,38.07058334350586,38.07058334350586,37.36786290166343,37.502784025558924,25928500
2020-11-23,40.077552795410156,40.094417399781435,38.509080252903345,38.68335355016015,38662400
2020-11-24,42.05078887939453,42.10138268755171,39.45353283403961,39.94262775821629,49842200
2020-11-25,42.44430923461914,42.66918060493336,41.381796406175695,41.4886112721145,36269100
2020-11-26,43.04584503173828,43.06270963680426,42.388099699773214,42.399341340128736,20359000
2020-11-27,44.09711456298828,44.28825246452212,43.15827679248647,43.287579241044504,48966700
2020-11-30,43.84975051879883,44.61431061455947,43.35503692880388,44.32759950638306,48594200
2020-12-01,45.67683029174805,45.817374384953425,44.55247754610502,44.87854087171718,61441200
2020-12-02,44.884151458740234,45.67682206032268,43.46184617806606,45.48006122310651,53703300
2020-12-03,44.38943862915039,45.5643892866502,44.192677788630704,45.53627875697682,35158600
2020-12-04,46.087223052978516,46.4807448164454,45.030328678412225,45.030328678412225,48656900
2020-12-07,46.63252639770508,46.65501396633543,45.912941357794395,46.33457361921692,27398500
2020-12-08,46.604427337646484,46.8292987695481,45.907329758910684,46.64377951654933,28598800
2020-12-09,46.49197769165039,47.127239647416296,46.22213547302491,46.71684906654811,26938500
2020-12-10,47.78499221801758,47.90867170765585,46.77307302012752,47.026054964132726,41230700
2020-12-11,47.70628356933594,47.94239659787936,47.44768297296957,47.571362451463266,25136800
2020-12-14,46.96982955932617,47.90866291054887,46.63252036259011,47.897416983156546,20931700
2020-12-15,47.50389862060547,47.998612233774445,46.969832836946516,46.969832836946516,18762800
2020-12-16,48.47084045410156,48.47646341794479,47.42519221062608,47.72876792218974,23038300
2020-12-17,49.02177810668945,49.4434103872713,48.442737127607515,48.62825636043921,21367800
2020-12-18,49.35908889770508,49.685147945140656,49.15108208875119,49.25789697565528,23843100
2020-12-21,48.83063888549805,49.13421463404359,47.66131102941118,48.431494185298874,31877300
2020-12-22,48.8756103515625,48.90371659396152,48.02672291231764,48.83063521684617,23157000
2020-12-23,49.111724853515625,49.20729380086582,48.57203608786947,48.645117467184605,17710200
2020-12-28,49.0836181640625,49.797584565611956,48.954319999069234,49.35346471254494,26001300
2020-12-29,48.948699951171875,49.58395775175841,48.63388253340377,49.45465957906036,19727500
2020-12-30,49.16231918334961,49.24102352776993,48.71258068509992,49.016156423177634,30102700
2021-01-04,51.41664123535156,51.42788716264868,49.94936082479143,50.230448960315364,37865500
2021-01-05,52.28240203857422,52.28240203857422,50.888202763690174,51.41664992023687,34300300
2021-01-06,53.99703598022461,54.16568629881464,53.06944421625247,53.395507503550654,53722500
2021-01-07,57.521888732910156,57.63994526151724,54.311862022768665,54.311862022768665,74541400
2021-01-08,57.34199142456055,58.10092868854311,55.205719440176225,57.90979077587932,58562700
2021-01-11,57.33075714111328,57.33075714111328,56.048991212558015,56.35818998044622,29267000
2021-01-12,55.762271881103516,57.69053687618167,55.75664891683144,57.62307417211188,28598500
2021-01-13,54.09259796142578,55.61047207871395,53.822751481719465,55.58236584043189,31658800
2021-01-14,54.98085021972656,55.576755794202626,54.36245278689447,54.65478689860878,20809900
2021-01-15,52.59160614013672,54.64354665489656,52.39484096063636,54.295000017288295,31712400
2021-01-18,53.018836975097656,53.76653236352622,52.59158614376484,52.78834695938707,22667600
2021-01-19,52.878299713134766,53.16501081789675,51.664001174311956,53.1256586497188,27155400
2021-01-20,51.900115966796875,53.48545296497187,51.0624744787602,53.4067486259115,20480000
2021-01-21,52.48478317260742,54.0251451352594,51.79892735512342,51.88887762780693,25983400
2021-01-22,52.37796401977539,52.73775650300479,51.1524195334425,51.71459582462153,25814300
2021-01-26,51.57968521118164,52.934532407360344,51.360436756134014,52.276782753151885,24921600
2021-01-27,50.14612579345703,51.25923678903108,49.58394947609064,50.81511698362383,32419700
2021-01-28,51.21426010131836,51.354804176398304,49.527731200359035,49.58394797257806,35900800
2021-01-29,49.44340896606445,51.07372126193211,49.353462979106396,50.590249250970004,31481600
2021-02-01,51.30982971191406,51.309829711914055,49.79757836090298,50.60149065240331,27135500
2021-02-02,49.28038024902344,50.921934139971725,49.19605293982391,50.69706274512803,34426700
2021-02-03,50.83760070800781,51.39415401919049,49.808817095621194,49.94936116433856,34346400
2021-02-04,50.19673156738281,52.20932412065426,50.084293713278896,51.69211856990742,29939700
2021-02-05,52.108131408691406,52.153102260587495,50.34289787207085,50.708309097453714,27114800
2021-02-08,52.850189208984375,53.35614867978778,51.97319136323702,52.26552540817424,28164400
2021-02-09,52.98512649536133,53.53043829779751,51.900125855511725,53.1818873805018,32303400
2021-02-10,53.238101959228516,53.78341373908626,53.05820568753924,53.21561867819961,40318300
2021-02-11,52.338619232177734,53.67097877423565,52.338619232177734,53.67097877423565,19775900
2021-02-12,52.78273391723633,52.92327799610618,51.832654571575354,52.34986004150574,14760700
2021-02-17,54.16569137573242,54.37369817279448,53.51356902907787,53.974553472268845,29262900
2021-02-18,54.7559814453125,55.31815783738128,53.98017527925566,54.733493874941885,33088500
2021-02-19,54.96397399902344,55.5711254217416,54.15444305779727,54.64915664905019,24966600
2021-02-22,53.603515625,55.385613675336096,52.86706595825091,54.25001930352868,50160600
2021-02-23,54.50300598144531,54.72787742284622,52.46230697945058,54.30062211309109,35756200
2021-02-24,55.053932189941406,55.2113408875891,53.890227273399816,54.604189377463406,21856100
2021-02-25,53.805912017822266,55.62736266732078,53.418008862357595,55.48681854305866,24471000
2021-02-26,53.13691329956055,54.92463448565833,52.85582508972797,54.27813503429597,42856000
2021-03-01,55.413719177246094,55.840974377424345,53.60913372145934,53.96892621979947,32798000
2021-03-02,57.117122650146484,57.44318599876059,53.37302997334437,54.81220021679195,47565800
2021-03-03,56.414398193359375,58.466342813372535,56.020876447741664,57.34199006696153,41473300
2021-03-04,55.57675552368164,57.055277812562345,54.823436967837196,55.880331274031015,48492500
2021-03-05,58.87361526489258,59.10274084347232,55.18410089133535,55.64822832756517,46503300
2021-03-08,58.55635070800781,59.88410710533051,58.10397592819736,58.28022392142923,39677300
2021-03-09,57.968849182128906,58.344850284628784,56.32971727484658,57.28147258683568,40537000
2021-03-10,57.075843811035156,57.481217310801036,56.235715424148786,57.28146869965356,31311800
2021-03-11,58.57395935058594,58.80896109415837,57.698582450121194,58.15683338483045,26203200
2021-03-12,57.22272872924805,58.42123403897972,56.81735068090564,58.162731575423734,21115500
2021-03-15,56.88197326660156,57.19334877259537,56.259222254613945,56.69397270738151,20059000
2021-03-16,56.699859619140625,57.481234428582184,56.411980207058626,57.011235183530616,19174300
2021-03-17,57.5164680480957,57.64571925324271,56.435461636009485,56.63521472095109,21424300
2021-03-18,56.49422836303711,57.733854203001194,56.12409901233012,57.3989780413965,19156100
2021-03-19,55.683475494384766,56.494231656696584,54.896224447703,56.458978465539005,38643000
2021-03-22,54.76109313964844,55.13121800405144,53.96208959040533,54.94321743259937,21120800
2021-03-23,53.497962951660156,55.095970072624695,53.497962951660156,54.83746760238418,20518500
2021-03-24,54.725830078125,55.601207089114816,53.938574810101336,54.05020166090647,24726000
2021-03-25,54.308712005615234,54.8080880453932,53.23358176126573,54.66121247591222,23644400
2021-03-26,56.12410354614258,56.24160671549694,54.866848768920285,55.07247371243092,26712800
2021-03-29,57.56348419189453,57.83960654070714,56.3238538324589,56.400227526944846,25960500
2021-03-30,57.02884292602539,57.8689713183652,56.74096808009098,57.52234714419938,18118600
2021-03-31,57.557594299316406,57.90421846417571,56.81146395572244,57.087590721511404,18792000
2021-04-01,57.216854095458984,58.08048327599328,56.47659987181713,57.86898206923846,17193400
2021-04-05,60.741859436035156,60.99448559183969,58.63272843478413,58.65035278574708,35908700
2021-04-06,59.95461654663086,61.42924421631525,59.95461654663086,60.98274565803706,22227800
2021-04-07,61.42924880981445,61.87575188376805,60.01337037273488,60.14262161642836,32822700
2021-04-08,61.39399719238281,61.86400087767962,61.170747907124856,61.65249966752479,25936300
2021-04-09,60.51272964477539,61.48798549734395,60.47748094533335,61.100231874336316,18854800
2021-04-12,60.74774169921875,60.882864724772766,60.04861249355917,60.45399053479533,14787500
2021-04-13,60.853485107421875,61.270611173742196,60.42460648583251,61.041485651147745,17605600
2021-04-14,62.862754821777344,63.32100596219066,60.9651201572873,61.082623322962164,38030200
2021-04-15,63.57362365722656,64.55475142729436,63.185874468112154,63.838002382896576,19378200
2021-04-16,63.84388732910156,64.10238982994818,63.156510568891534,63.826262973550705,17401500
2021-04-19,63.291629791259766,64.55475625101587,63.23875224925985,64.03775579946924,23297500
2021-04-20,62.36924743652344,63.65587444861173,61.69949067882429,63.420872627945506,20895800
2021-04-22,62.410377502441406,63.00375165715388,61.299993921407314,63.00375165715388,19799100
2021-04-23,63.444374084472656,63.50899969805465,62.54549625483372,62.950874288704995,12795400
2021-04-26,63.78512954711914,65.0306361346763,63.538379637466086,64.5958811712451,16807500
2021-04-27,64.69575500488281,64.97775359930458,63.75574773737866,63.967248924338406,24113300
2021-04-28,65.75325012207031,66.05287752177533,64.231621460466,64.95424671104784,20570600
2021-04-29,65.77088165283203,66.35838396141395,65.148130640067,65.91188543413826,19724300
2021-04-30,64.04949951171875,65.5417559087857,64.04949951171875,65.20687977321901,36888200
2021-05-03,63.72050476074219,64.8308838509365,63.603006082887,64.44900642447628,19641000
2021-05-04,64.68399810791016,65.25387601884745,63.83799789913213,64.00836961058978,20775600
2021-05-05,65.0423812866211,66.28201153997132,64.85438072357819,65.79438353879267,25990600
2021-05-06,67.5921401977539,67.68026195534671,65.49475720359665,65.7650077188837,38194400
2021-05-07,67.82713317871094,68.47338924153264,67.08688356867484,68.46751296397431,21678700
2021-05-10,67.3806381225586,70.76464803790688,67.3806381225586,70.38277514063094,38889400
2021-05-11,69.7482681274414,69.7482681274414,66.57575506778088,66.96350870589211,28693600
2021-05-12,67.16913604736328,69.59551882482526,66.951758592408,69.32526831671923,31737900
2021-05-13,66.08812713623047,67.10450800537757,65.04825012139278,65.8002522875128,34338500
2021-05-14,64.95423889160156,65.67686853747682,64.40198989626383,65.3302399241963,25644200
2021-05-17,66.65801239013672,66.86951358297037,65.3126315455009,65.50650838597959,26097500
2021-05-18,67.3277587890625,67.79776239479052,66.49938292476789,67.30425816054743,27081500
2021-05-19,65.9471435546875,66.25851910553027,64.53126063733829,65.85901729935959,32914300
2021-05-20,65.27738189697266,65.85900792771223,64.74275264440452,65.62400610770742,20951000
2021-05-21,64.27275085449219,65.35962918493031,63.743997901707324,65.27737922364008,27775000
2021-05-24,64.49600982666016,64.70751103964082,63.162381411414565,63.450256319304266,19332500
2021-05-25,62.89213562011719,65.14814275303249,62.73350745722574,64.78976591958173,23310100
2021-05-26,64.74273681640625,64.8132386898578,62.29285386310887,62.49260693007869,28241800
2021-05-27,65.2068862915039,65.85313799709346,64.49013268843123,65.0952638900148,55448700
2021-05-28,65.55938720703125,66.24089210658809,64.28450814201484,65.27738857998435,25153500
2021-05-31,67.43350982666016,67.4981354349366,66.09400536836057,66.09400536836057,17812600
2021-06-01,66.50526428222656,69.3252773574796,66.50526428222656,68.73777500699249,31468400
2021-06-02,67.44525909423828,67.97400752557984,66.68150438763278,67.10450671853513,20338300
2021-06-04,66.32901000976562,67.43351271087239,66.02938258424004,67.26901278541892,18455100
2021-06-07,65.68275451660156,66.18213054156764,65.03649844422443,65.91775183497158,22746100
2021-06-08,64.57826232910156,66.25264326219121,64.44901108474244,66.0822715116679,22676500
2021-06-09,65.91776275634766,66.58751508569836,64.15525568283796,64.62525936202212,22517600
2021-06-10,65.70038604736328,66.60514016528143,65.23625867297292,65.92951159541477,30750900
2021-06-11,67.17501831054688,67.42177271056136,66.39951536748487,66.5933922238222,18359200
2021-06-14,66.8107681274414,67.72727036141788,66.458267613011,67.5098973600342,19212700
2021-06-15,65.50650024414062,66.89300589937082,65.35962468305512,66.8401283665911,20587900
2021-06-16,63.538368225097656,65.58287351255467,63.46786634259396,65.50649983489045,38217700
2021-06-17,62.21648406982422,64.13174250281689,61.62898186799828,63.26223727190862,33680600
2021-06-18,64.09062194824219,64.09062194824219,62.580741259110056,62.86862060523881,59819400
2021-06-21,64.68988037109375,65.03063279011077,62.94499777546851,63.303374546799006,22673600
2021-06-22,65.44776153564453,65.84726330591131,64.73100796408174,65.03063541235362,18576100
2021-06-23,66.42887878417969,67.12213161383725,65.89425407104221,66.04112963256046,29491400
2021-06-24,66.5185546875,67.05175718883346,66.06323410551968,66.93193814816657,23136700
2021-06-25,67.33931732177734,68.27991079339327,66.74021308327542,66.86003210265477,26139200
2021-06-28,66.26093292236328,68.11815528933491,65.90746358864934,67.84256786708261,18866400
2021-06-29,67.40522766113281,67.72874453925239,66.26093622718375,66.26093622718375,19589500
2021-06-30,67.84857177734375,68.46564856416671,66.9079780732847,66.99784464542867,18903100
2021-07-01,66.66831970214844,68.51356187512157,66.35678750566854,67.94441467026682,22129200
2021-07-02,68.04627227783203,68.07023700001425,66.84806359354185,67.09968632024999,19688800
2021-07-05,67.8006362915039,68.27392926323007,67.26743380061819,68.237984465895,13732900
2021-07-06,68.16010284423828,68.5075844793003,67.50108894481959,67.99834667387694,19028000
2021-07-07,68.35780334472656,69.2444797669506,68.29789382570678,68.78316687181132,21460000
2021-07-08,68.09419250488281,68.60343021261443,66.80012510703035,67.11165731162292,21824500
2021-07-12,68.9389419555664,69.67584236621802,68.89700483111007,69.08272572930194,22333300
2021-07-13,69.34632873535156,69.44218762564526,68.80713390445811,68.95690999243944,12698500
2021-07-14,68.96890258789062,69.75372791670786,68.5615113987969,69.65188126213542,19483600
2021-07-15,69.18457794189453,69.59196911565934,68.59745362027907,68.89101349568489,18236100
2021-07-16,67.93843841552734,69.41822698308499,67.69879574651168,69.10069781842711,19576800
2021-07-19,67.19554138183594,67.19554138183594,66.02728523870937,67.09968249856676,18644300
2021-07-20,67.75871276855469,67.77069741727362,66.02730126381189,67.19555769047918,13066600
2021-07-21,68.53752899169922,68.81910872824133,67.39922997135575,67.55499836044768,19607100
2021-07-22,68.71726989746094,68.71726989746094,67.5130733962092,68.1061854468857,12083800
2021-07-23,68.36979675292969,68.59146245879074,67.57897911643289,68.07024454863841,13163300
2021-07-26,69.85556030273438,70.00533637738467,68.56149739457346,68.56149739457346,16419900
2021-07-27,68.4057388305664,69.52606567548877,68.23199801050013,69.31637548419255,22106500
2021-07-28,70.27494812011719,70.45467669807425,69.04678226879325,69.1965583691594,25209200
2021-07-29,69.23847961425781,70.43069581990684,68.74721430056302,69.71776485382468,30576800
2021-07-30,65.1585922241211,68.0043379669071,65.1585922241211,68.0043379669071,41956700
2021-08-02,65.26042175292969,66.72223748742192,65.26042175292969,66.44065777750228,23109400
2021-08-03,67.48310852050781,67.71675883369306,65.56597657365371,65.76966984328061,36641400
2021-08-04,67.41121673583984,67.84856490487904,66.87202649919865,67.09968449754041,18828200
2021-08-05,65.35029602050781,65.89547853900014,64.64335278661457,65.68579295496463,32215200
2021-08-06,65.72175598144531,66.43469173574917,65.60193692041463,65.81162256262041,19273100
2021-08-09,65.30838012695312,65.57198298791664,64.51157007787604,64.8231023938527,21502300
2021-08-10,65.93743133544922,66.34482252593823,65.20652320803035,65.27242506022739,17440500
2021-08-11,65.4641342163086,66.201034621896,65.45814646343008,66.01531372498046,14680600
2021-08-12,65.42218780517578,65.88949299917535,65.20052213924072,65.42218780517578,14849500
2021-08-13,64.88301086425781,65.8415770272669,64.67931298354114,65.72175340013825,11855200
2021-08-16,65.18254852294922,65.24245803773589,63.457125243953975,64.24794272322579,21856700
2021-08-17,64.10417175292969,65.49409379875918,63.30137403898167,64.76917801247953,23402600
2021-08-18,61.95337677001953,63.349286290718105,61.95337677001954,63.349286290718105,35379200
2021-08-19,58.41865921020508,60.07817604293606,58.29284786078962,59.107630041501714,60456900
2021-08-20,58.4426383972168,59.371247512056655,58.37673654490379,58.466598551872416,31351100
2021-08-23,57.63382339477539,58.67027569320451,57.609863248589576,58.448605489165274,19773500
2021-08-24,59.736690521240234,60.67129178718405,59.371236524520526,59.53898500088961,29779200
2021-08-25,59.61089324951172,60.18603297759341,59.04174584580291,59.96436268383937,15088600
2021-08-26,58.85001754760742,59.790611118132034,58.850017547607415,59.604885676520595,18032300
2021-08-27,60.323814392089844,60.50953526539593,59.251417129483976,59.31731896919965,19572800
2021-08-30,59.94038772583008,60.89296137969105,59.880473638505414,60.4016960309294,13031600
2021-08-31,59.11961364746094,59.467095245157836,58.532489410979856,59.311326844327645,20433600
2021-09-01,59.221466064453125,59.664802018458914,57.34627103171216,58.32880183291613,20847500
2021-09-02,59.035743713378906,59.91043552352596,58.658309615069946,59.17353515543306,24448600
2021-09-03,59.07767868041992,60.4376435060426,59.01776916124243,60.00629222548267,38716500
2021-09-06,58.14905548095703,58.44261984655235,57.60986532707722,58.04720885818441,11916100
2021-09-08,56.93887710571289,57.951364904456845,56.735179252996005,57.79559649600315,22635100
2021-09-09,56.73517608642578,57.34626503966626,55.818547227368185,57.0107680901558,28997700
2021-09-10,56.80107879638672,57.62784567864076,56.801078796386726,57.22045456050487,18022000
2021-09-13,56.7711296081543,56.91491337263915,56.27986422292786,56.73518023893048,18832800
2021-09-14,56.36972427368164,57.26239301727798,55.75863986760668,57.00477797228093,25571600
2021-09-15,54.96182632446289,56.57941065111274,54.96182632446289,56.24390914032443,35084400
2021-09-16,52.67924499511719,54.17700585069222,52.67325267186994,54.17700585069222,39726500
2021-09-17,51.61284255981445,53.194477736164394,50.971801064633254,52.89492555017685,74648800
2021-09-20,49.57587814331055,50.288813684402975,48.61131990682179,49.60583518501132,49636100
2021-09-21,50.39665985107422,50.74413690221887,49.432101476482316,50.74413690221887,32380300
2021-09-22,52.187984466552734,53.6078635350602,51.828522741974744,52.781096540646615,62161000
2021-09-23,52.186153411865234,53.13186135373417,51.33302728647028,52.37793687931176,47485400
2021-09-24,51.37932586669922,52.106796304061675,50.923001253856434,51.776127464750914,26631600
2021-09-27,52.113407135009766,52.463915270757106,50.59232857148113,51.98113658196928,38386300
2021-09-28,49.50111770629883,51.45206662825778,49.30932919932355,51.240438800837715,35896000
2021-09-29,50.1293830871582,50.790720568278466,49.50110945273121,50.10953872441676,39704900
2021-09-30,50.420379638671875,51.80918765641363,50.08310107926986,51.18753371349641,39151000
2021-10-01,50.3939323425293,51.128017616787474,50.050038947535725,50.75767010747034,23191700
2021-10-04,49.92437744140625,50.92299869878848,49.891313586497795,50.65184784226778,25090000
2021-10-05,49.567256927490234,50.327796265998934,49.567256927490234,50.25504871780034,21889400
2021-10-06,50.962669372558594,51.101549650907714,48.88606989430124,48.978656746533986,27318400
2021-10-07,52.4837532043457,53.1517056041201,51.39254513724639,51.809186015692795,33115300
2021-10-08,52.80781936645508,54.12388010205586,52.63587013530511,53.87257356853415,37172600
2021-10-11,53.97838592529297,54.957162914518605,53.39640550894723,54.163559677546125,28327900
2021-10-13,52.377933502197266,53.43607765020548,52.35809418240303,53.43607765020548,32052800
2021-10-14,52.377933502197266,53.06572518016051,52.3316400741423,52.900390787734885,24030000
2021-10-15,53.35671615600586,53.53527508253879,52.444072112027506,52.56972282121538,26927200
2021-10-18,52.85409927368164,53.17154353870074,51.901776569835185,52.84748953058103,20912800
2021-10-19,52.245670318603516,53.065727528556366,52.120014560205526,52.72183419715854,20804500
2021-10-20,50.70475769042969,51.82903475108319,50.44683640408813,51.82903475108319,27576600
2021-10-21,49.706138610839844,49.70613861083985,48.244578010813576,49.269653353867874,37556500
2021-10-22,50.314571380615234,50.98913358711356,49.36224351675311,49.382082839649236,35142600
2021-10-25,50.92298889160156,51.29995107507883,50.506348071633475,51.055254376974176,17950000
2021-10-26,50.38070297241211,50.96929308419844,50.30795542640653,50.929614439324816,16674100
2021-10-27,49.23658752441406,50.74444165066477,49.23658752441406,50.24843839805238,20087300
2021-10-28,48.74058151245117,49.38869461257305,48.641384904029316,49.23658473698333,22719000
2021-10-29,47.35839080810547,48.38346621172572,46.968198960278784,48.29087429625021,30268500
2021-11-01,47.82793426513672,48.18505716889696,47.054170496458894,47.616306438346065,19649600
2021-11-03,44.19718933105469,46.88883293663503,44.05169426389818,46.69042965494796,77316900
2021-11-04,43.694576263427734,44.71965159060203,43.396976353270354,44.2368729089095,30122100
2021-11-05,42.39835739135742,44.08477042689283,42.32560984578651,43.93266054644295,35954600
2021-11-08,44.7064323425293,45.070170135082776,42.5438600498759,42.59015349205482,27722000
2021-11-09,43.608604431152344,44.50802400117203,43.139055324769444,44.47495510181319,20961500
2021-11-10,43.44326400756836,43.83345072880259,42.59013798746739,42.72901826344593,22492600
2021-11-11,44.977569580078125,45.80424154315908,44.706418754297054,45.27516946854517,28795100
2021-11-12,45.16936111450195,46.022482197563406,44.316234985834924,44.42866116941907,24542500
2021-11-16,43.86653137207031,45.017257570944714,43.77394449662101,44.970964133220065,17207900
2021-11-17,42.986942291259766,44.77916651054581,42.986942291259766,44.30300265017655,25487600
2021-11-18,41.22117233276367,42.755475307621936,40.90372807614235,42.4644851595195,51343900
2021-11-19,42.34544372558594,42.854676479132365,41.53861360710582,41.84282828330001,26849500
2021-11-22,44.69981002807617,45.645523083923976,43.08614956830674,43.35068564149046,44693500
2021-11-23,45.87698745727539,47.5964640705593,45.77117102785235,46.6970446028837,30391600
2021-11-24,46.94175720214844,46.94175720214844,45.96958987155381,46.36639152500288,20764100
2021-11-25,46.62430191040039,47.146759232315844,46.16136759761737,47.146759232315844,17199200
2021-11-26,45.39421463012695,45.87037853218375,44.64029013373894,44.64029013373894,22664200
2021-11-29,45.96296310424805,46.690433453611455,45.73811074260709,46.478805623876546,18164000
2021-11-30,46.260562896728516,47.25256929233189,45.4272811572576,45.63229419775522,42668700
2021-12-01,46.445743560791016,47.583240035938715,46.27379436575476,47.15337461675656,28194700
2021-12-02,48.60169982910156,48.64799326024688,46.36638051070498,46.93513126226483,24888400
2021-12-03,47.53032684326172,49.163826192212866,46.95496141513745,48.33715433631256,34451500
2021-12-06,50.10953903198242,50.25503408601864,47.58984482804211,48.19166436144563,28848800
2021-12-07,50.47990417480469,52.781356377619,50.32779429481818,51.76951057762255,37125100
2021-12-08,50.102935791015625,50.916378177795096,49.58709329293981,50.916378177795096,24281000
2021-12-09,49.7193717956543,50.228599638466484,49.23659302246828,49.527583244421855,16925200
2021-12-10,50.03019714355469,50.3939298448617,49.49451018486384,49.930995481159634,16827100
2021-12-13,51.49174880981445,52.06711437030348,51.18091931319185,51.25366685689526,31699100
2021-12-14,51.485145568847656,52.17293747093047,51.075119371210874,51.92824067398728,21063500
2021-12-15,51.19414520263672,51.70337292626205,50.393922279559874,51.63724017646212,22112200
2021-12-16,53.1980094909668,53.211234025717516,51.88855854395788,52.24568152950576,30125700
2021-12-17,52.35810089111328,53.35010737277411,52.2919681347904,52.84087959892147,38744500
2021-12-20,51.76951217651367,52.17954334972748,51.10817450426264,51.58433843558035,19195400
2021-12-21,53.131858825683594,53.16492772296952,52.34487053545283,52.77474097214326,19590300
2021-12-22,52.85409927368164,53.006209140287865,51.96790932007925,52.83425995316896,18655600
2021-12-23,52.344871520996094,52.94668610720934,52.113404372452536,52.873938568294875,13121200
2021-12-27,52.212608337402344,52.543277180693316,51.756288764672966,52.15970515713645,11371400
2021-12-28,50.95606231689453,51.9348391051389,50.6386180599255,51.92161457366761,18923700
2021-12-29,51.08832550048828,51.57110412981479,50.493120699128575,50.51296001823972,12113500
2021-12-30,51.55787658691406,52.23244373693011,51.32640944547925,51.577715906807725,26568500
2022-01-03,51.58433532714844,52.88717127027205,51.58433532714844,52.245672959547775,18557200
2022-01-04,50.97590255737305,52.29196294636004,50.8568615895608,51.92161551121324,18178700
2022-01-05,51.45867156982422,52.03403703706378,51.008961847817474,51.16768648777627,22039000
2022-01-06,52.496978759765625,53.13847706213557,51.789347704138144,52.00759033093309,22044100
2022-01-07,55.55236053466797,55.55236053466797,52.768129737153124,53.17154609230333,35213100
2022-01-10,54.891021728515625,55.73091827465659,54.42808741892699,54.553738134040735,25056700
2022-01-11,55.935951232910156,56.31291356965906,55.09604941791776,55.20848067636399,28418800
2022-01-12,56.54435729980469,57.25860302401053,56.167395119630186,57.19908002419098,27335400
2022-01-13,55.684627532958984,56.36580954368754,55.35395871139603,56.107883220911106,23154200
2022-01-14,56.00868606567383,56.16740568570927,54.83150587966667,55.36718775078986,21183400
2022-01-17,55.717689514160156,55.94915665138875,55.552355123910424,55.552355123910424,9688500
2022-01-18,57.08005142211914,57.457013683867224,55.86980734741587,55.9359401038337,24080200
2022-01-19,58.33658981323242,58.85904712917757,58.11834719158341,58.51515379298364,29332500
2022-01-20,57.34458923339844,58.83921379270081,57.29829579794069,58.72678759881858,22748800
2022-01-21,56.154170989990234,57.35780506909811,55.77720376152208,57.18585590190989,32752300
2022-01-24,55.46638870239258,55.525906667049334,54.28259374225321,55.353957470920335,29040100
2022-01-25,55.5920295715332,56.24675734039371,54.92408231812088,55.59202957153321,22490500
2022-01-26,55.750770568847656,57.24539014982333,55.43332625027211,56.80890988808901,25806800
2022-01-27,55.87641906738281,56.51791742309673,55.069586291973806,56.21370269633049,20994900
2022-01-28,55.32749557495117,57.10648995151522,54.77858425981005,56.59726231588127,28453000
2022-01-31,53.48237991333008,54.851348706938104,53.48237991333008,54.851348706938104,31397700
2022-02-01,56.4187126159668,56.43194219434405,53.813045737889425,53.89901781491845,24131300
2022-02-02,56.73616027832031,57.06682911893604,56.028529161226885,56.544371745290455,17489000
2022-02-03,56.70970153808594,57.390878486873326,56.425326156537196,57.07343925132468,19179400
2022-02-04,58.19771194458008,58.31013813170946,56.577436755274405,56.70970226417888,24535400
2022-02-07,59.606353759765625,59.67910129659257,58.29690818809119,58.29690818809119,24915800
2022-02-08,60.439640045166016,60.499163050108365,59.18971244303415,59.81798111552818,26598600
2022-02-09,60.45287322998047,60.710794493711475,59.07728979301144,59.520384779871826,24815300
2022-02-10,62.07976531982422,62.483181678911876,60.862901453472965,61.14066204791197,47888900
2022-02-11,60.82322692871094,61.76894000814334,60.57853017193261,61.74248589560465,34555300
2022-02-14,60.55868911743164,60.955490702954485,60.06268587412661,60.25447440034392,22804400
2022-02-15,58.75984573364258,59.480706353413886,57.999306471801404,58.87227191657761,29624900
2022-02-16,59.18972396850586,59.930424006652885,58.925187880195764,59.15004532122152,20774700
2022-02-17,56.64356994628906,58.85905003395147,56.458396214153325,58.75984837870568,36259300
2022-02-18,56.76260757446289,57.556210678395004,56.498071524617025,57.1660239152166,22690600
2022-02-21,56.808902740478516,58.19109594860571,56.54436668255014,57.27183705764896,14561000
2022-02-22,57.79430389404297,57.80091868412113,56.74277932390604,57.33136950070089,23591200
2022-02-23,57.18585968017578,58.42255768947909,56.57743033528607,58.257223299306546,24413800
2022-02-24,57.893497467041016,58.224166286218356,55.37380267950354,55.96239277399074,37212500
2022-02-25,61.02824020385742,61.1142173313055,56.279835467355156,57.218933760482514,51028300
2022-03-02,65.90229797363281,65.93536182884056,64.18943083272674,65.45258816883951,42191500
2022-03-03,65.93534851074219,66.96703846958914,65.80308302541545,66.26601726966388,38621400
2022-03-04,67.43661499023438,67.51597229553603,64.89046551779933,65.26081306415878,30533200
2022-03-07,69.48674774169922,70.03565921050249,68.69314456785796,69.07010683227344,55305300
2022-03-08,66.43798065185547,70.83587709558975,65.94859219671329,70.75651476005078,53060200
2022-03-09,64.68621826171875,65.79190727523681,63.56679105199054,65.78503817713172,41051200
2022-03-10,66.82205200195312,66.82205200195312,64.61067397248154,64.89911321817262,33107000
2022-03-11,66.47179412841797,67.58435212035613,66.45119207590568,66.91132204730033,24321500
2022-03-14,62.90751266479492,65.37985931737698,62.6671465751639,65.22877580360019,37172800
2022-03-15,61.10132598876953,61.5202519821949,59.94069444243489,61.11505894808074,47128500
2022-03-16,62.584716796875,64.47331524281593,61.33480821678119,63.106658198110146,37906100
2022-03-17,64.76175689697266,65.22875597468733,63.5736545299856,63.8002875911382,40663500
2022-03-18,65.99107360839844,65.99107360839844,64.41839048562535,65.5240796607365,46080900
2022-03-21,67.85905456542969,68.28484953811022,66.71903063925161,66.84264819650815,25374600
2022-03-22,66.3413314819336,67.96209323412805,66.05976126306966,67.6530518554453,29489800
2022-03-23,66.23829650878906,67.9483403385802,66.1284171413394,66.95939983360088,26309600
2022-03-24,66.55422973632812,67.02809282063484,65.45540433369798,66.06662321312739,23122800
2022-03-25,65.40045928955078,67.50882202170085,64.7617693288884,67.09675992610923,22505500
2022-03-28,65.47599029541016,66.1627533834153,64.28789308732969,65.72322542625894,16274200
2022-03-29,64.912841796875,65.69575650172747,64.14367052690757,65.47598729363814,38228800
2022-03-30,65.83998107910156,66.69156586631097,65.42791902245139,66.14902238200249,22007500
2022-03-31,65.65454864501953,66.54047363678129,65.48972697479928,66.21769415455958,17981400
2022-04-01,66.58856201171875,66.95941478388772,65.97734315747387,66.46494442099576,22457700
2022-04-04,67.26158905029297,67.47448396425013,66.30698862762476,66.45807212939565,16914000
2022-04-05,65.31804656982422,67.15170300575463,65.11888461856623,66.86326372721018,25764400
2022-04-06,66.30699157714844,66.4237400680868,65.46913960295525,65.46913960295525,22615800
2022-04-07,66.7052993774414,67.08989028420542,65.33864224764781,65.58587738785799,19946600
2022-04-08,65.34552001953125,66.89073723115638,64.98153635912688,66.36879572814519,26887400
2022-04-11,64.55574798583984,65.0433492833653,63.81404238977801,64.42526128664711,16515800
2022-04-12,64.12307739257812,65.6614253860718,64.03379482947673,65.3111747114451,16822600
2022-04-13,64.1436767578125,64.81670168441151,63.738483790520306,64.20548292390173,23674700
2022-04-14,63.2440071105957,64.55572705837908,62.74267301548087,64.08185887458082,24980700
2022-04-18,62.200130462646484,63.18220185320917,61.81554482368589,62.91436467756356,14812600
2022-04-19,60.215389251708984,61.59578455974526,59.63850551896486,61.59578455974526,34550900
2022-04-20,58.649574279785156,59.5217611781663,57.96281112718718,59.480557065678276,29635700
2022-04-22,55.250091552734375,57.27604592412202,54.9959925487055,57.17303040700285,39058200
2022-04-25,54.309226989746094,54.67321059296623,53.25161119119729,53.526317478023294,38943700
2022-04-26,53.56752395629883,54.47405107520657,53.464508439234734,54.30922939165612,37069400
2022-04-27,56.431331634521484,56.795315297012266,55.0440722575512,55.25696717570525,49408800
2022-04-28,57.8254508972168,58.75258527345403,55.51106260463082,58.388596429370885,56032800
2022-04-29,57.20050048828125,59.88574154387102,57.20050048828126,59.18524547185227,47492200
2022-05-02,56.9463996887207,57.13869253423798,55.38058052998053,57.11122661881014,31473600
2022-05-03,56.657958984375,57.83232332366434,56.44506408788941,56.96700030118227,27364600
2022-05-04,56.18408966064453,56.43819390351241,54.83803456245286,56.2665031220147,34032200
2022-05-05,55.16767501831055,57.13868154538782,54.30922123764315,56.005526746575704,30906600
2022-05-06,54.77623748779297,55.559147162201775,53.73922352834044,54.3916465104852,25204100
2022-05-09,52.530513763427734,53.5537946661889,52.24894358639836,53.24474809383505,37050200
2022-05-10,51.87809371948242,52.83956326524245,51.417963624444496,52.37942793061703,31905000
2022-05-11,54.0413932800293,54.86550695397509,52.96317535748319,53.13486614285414,33933400
2022-05-12,53.49884796142578,53.49884796142578,52.10471966966439,52.91510035881063,27737200
2022-05-13,53.437034606933594,54.49465039924581,53.43017074850371,53.85596051296592,26086800
2022-05-16,55.03719711303711,55.38057867987142,53.924638950242645,54.034523566631336,23828800
2022-05-17,54.80369567871094,56.25963004963246,54.15813670921239,56.211556843792344,29305300
2022-05-18,53.41643524169922,54.42597787789437,53.16920009652543,54.05512516013369,30631700
2022-05-19,54.83803939819336,55.202023048731505,53.203544900453004,53.41643981161593,29984300
2022-05-20,55.8063850402832,56.630498872184155,55.33938580498254,56.32145749511829,38372000
2022-05-23,56.9463996887207,57.44773909846538,56.500002589005845,56.52060988495733,27632800
2022-05-24,57.715579986572266,57.74991500283756,55.62781922874303,56.19096484345051,35176800
2022-05-25,57.894134521484375,58.23751608984528,57.282915748968904,57.688103484633054,24607700
2022-05-26,57.85979461669922,58.134500920957024,57.07001595680315,57.79798844902436,27450600
2022-05-27,58.86934280395508,58.97922219223124,58.16884140029318,58.30619718512269,19834500
2022-05-30,59.50802230834961,60.02996371955303,59.068494353521416,59.253918080882535,16147900
2022-05-31,59.20584487915039,60.04369668047738,58.381731273680266,59.89947706149943,41369800
2022-06-01,60.59998321533203,60.97083597155878,59.061635116589066,59.19212180107275,26258900
2022-06-02,61.74000549316406,62.00097359233211,61.12191763767472,61.808680757199156,25142400
2022-06-03,60.751060485839844,61.67818958154338,60.682385226822255,61.46529470671292,18431900
2022-06-06,60.8128776550293,61.664462474714036,60.8128776550293,61.56144695662298,14932800
2022-06-07,62.234474182128906,62.41989791422884,60.51069732922856,60.599974646226805,27004800
2022-06-08,60.09177017211914,62.035310967758164,59.64537311720895,61.6575891736988,26959100
2022-06-09,58.0589485168457,59.748384980651714,57.99713711814295,59.748384980651714,36291100
2022-06-10,58.07269287109375,58.36800124831605,56.57554892789957,57.2554482491522,28689500
2022-06-13,56.232154846191406,56.912054016411005,55.009717494689475,56.383243550684654,31050500
2022-06-14,56.12228012084961,56.86398550983736,55.55226550303939,56.54120602168974,22634500
2022-06-15,56.08794021606445,57.53014165491691,55.99866290075367,56.38324855389125,33610300
2022-06-17,53.16233825683594,54.494655212443526,52.269544060957394,54.494655212443526,56914600
2022-06-20,51.85061264038086,52.31761174526841,50.992158788718925,51.919287900596515,26725700
2022-06-21,52.19399642944336,53.320287512174936,52.02917474990835,52.74340901400903,20981000
2022-06-22,51.74760055541992,52.22833788792234,50.39467635731729,50.820471382175974,32228300
2022-06-23,49.859012603759766,53.09366699290729,49.74226410477623,52.49618629835158,31943300
2022-06-24,51.24626541137695,51.42482004836971,49.85900098805327,49.9826185580565,22394300
2022-06-27,53.60186767578125,54.233688536583344,52.23520519086216,52.5373826632402,28825700
2022-06-28,54.563323974609375,55.099003572022404,54.10319397386974,54.94104576004425,26052000
2022-06-29,54.110076904296875,55.00286598237707,53.59500446862408,54.673222557715626,18636600
2022-06-30,52.57858657836914,53.60186747339026,52.310749361440706,52.87389495082705,27471300
2022-07-01,51.5759162902832,52.55798789525454,50.683127256410394,51.864355582476534,26721000
2022-07-04,51.28060531616211,51.51410752159715,50.53203596608707,50.820475243753386,12474200
2022-07-05,51.0265007019043,51.10890892101471,49.838398227058164,51.05396661521666,26472200
2022-07-06,51.50722885131836,51.81627012859176,50.50455542509638,51.26686283126279,23138800
2022-07-07,53.004371643066406,53.71860583350141,52.79834063520751,53.0593139437736,34251200
2022-07-08,51.781944274902344,53.47138105117022,51.713269005542614,52.764015821549336,24149200
2022-07-11,50.0169677734375,50.93036413551352,49.831538765407316,50.92349503606375,22076800
2022-07-12,50.16804885864258,50.250457081098034,48.801386454271615,49.44694547463605,22460000
2022-07-13,49.9963493347168,50.573227749394945,49.65983168656858,50.099359594776494,22980800
2022-07-14,46.66555404663086,48.64343527620352,46.39771683672407,48.41680217871715,57715800
2022-07-15,46.95399475097656,47.0364029691457,45.772761387743955,46.35650897131729,36589000
2022-07-18,47.201229095458984,48.34125309095937,47.18062180167465,48.34125309095937,22131300
2022-07-19,47.30424880981445,47.57208604702761,46.69302996185749,46.84411870891878,21785500
2022-07-20,46.28096008300781,47.029534508844556,45.44997744706559,47.015796314102914,40427400
2022-07-21,47.09135055541992,47.125690809899254,45.765897422160535,46.226027490495284,26987300
2022-07-22,47.5308723449707,48.588488121525316,47.36605067213739,47.93606528851965,27884000
2022-07-25,48.40993118286133,48.91813966753521,48.1008898726459,48.526684896121814,19833200
2022-07-26,48.32065963745117,49.04862695980793,47.78498517461601,48.979951687062716,19791500
2022-07-27,48.43053436279297,48.499214868512745,47.599551591535814,48.05281777926896,21666900
2022-07-28,48.54729461669922,49.42635071659182,48.28632123482709,49.07610000068261,21778700
2022-07-29,47.901729583740234,48.29318436860453,46.720496130581466,47.84678727438703,77006600
2022-08-01,46.75483703613281,47.97040551990631,46.651821514555074,47.3454537709523,38874000
2022-08-02,48.245113372802734,48.396202110667176,45.99940008065436,46.92652932531035,32636900
2022-08-03,46.37024688720703,48.17643737585983,46.37024688720703,48.11462596603552,31934600
2022-08-04,46.1024055480957,46.73423158946357,45.889510661309735,46.473258255120314,40540800
2022-08-05,46.69989013671875,47.21496245440315,46.35650859159582,46.62434577762478,36129300
2022-08-08,47.09821701049805,47.482802689060314,46.5350714499232,47.269907794082904,35705300
2022-08-09,48.073421478271484,48.18330609950935,46.80291067283459,47.10508290206448,35174600
2022-08-10,48.10775375366211,48.6296898992178,47.46906390750793,48.574752837297275,30202200
2022-08-11,49.7834587097168,50.580106469650104,48.4511417768021,48.622832562347696,51158600
2022-08-12,50.420616149902344,50.420616149902344,49.33707860093158,49.68380753035432,35608400
2022-08-15,49.33708190917969,49.51767151278407,48.42690876388956,49.1203721803915,26735800
2022-08-16,50.43507385253906,50.81792300310379,49.92219994223929,50.20391933647214,22070200
2022-08-17,49.28651809692383,49.69826218152001,49.04091336495627,49.35152771025917,29131700
2022-08-18,48.918113708496094,49.56101226960841,48.91088858107982,49.337082920120906,27692000
2022-08-19,48.36912155151367,48.71585603529653,48.02239257888846,48.39801655109204,45903800
2022-08-22,47.66120910644531,48.333002631132715,47.55285424546532,48.25354276715786,19335700
2022-08-23,50.71677780151367,50.781792917160715,48.145183904526135,48.239088503619975,37223500
2022-08-24,49.08425521850586,50.745681883201875,48.983125474862554,50.40617252476035,28773800
2022-08-25,50.03776931762695,50.153349319396824,49.300966095396404,49.77050020806031,24956700
2022-08-26,49.28651809692383,51.43191800435185,49.28651809692383,50.31226574470274,28510100
2022-08-29,48.3330078125,49.04814115377985,48.289662556767034,48.75919666391031,22128100
2022-08-30,46.9316291809082,48.094626721409675,46.51988508658615,47.632317756246586,34469300
2022-08-31,46.59211349487305,47.44449656685343,46.59211349487305,47.25668185305251,33242900
2022-09-01,46.15148162841797,46.21649400012552,44.71398983427607,46.21649400012552,40922200
2022-09-02,45.4507942199707,46.82327643362999,45.4507942199707,46.58489681265151,49910300
2022-09-05,47.11221694946289,48.02239010015018,46.39708365807299,46.555997880815006,24319700
2022-09-06,45.992557525634766,47.3505948306115,45.93477028713835,46.7149159181008,24525000
2022-09-08,46.59934616088867,46.73659052177104,45.913105067424794,46.3537414167726,24144700
2022-09-09,50.24003219604492,50.30504181092281,47.84902198875775,48.07295685492708,49273400
2022-09-12,50.68067169189453,50.99850566352737,50.03054798216749,50.63010130948911,24797600
2022-09-13,49.30096435546875,51.287450098729394,49.18538435777793,50.07388767876386,29457800
2022-09-14,48.39801788330078,49.828290090433136,48.015168772874844,48.9397867402034,31018300
2022-09-15,49.37319564819336,49.57545511886056,48.52803764098087,48.97590183399913,36958800
2022-09-16,49.30096435546875,49.734378324494095,48.101846679635756,48.600275775151594,65178000
2022-09-19,50.897369384765625,50.96960411853496,48.63638970195971,48.70862443572904,34136800
2022-09-20,50.167789459228516,50.637323528794745,49.40931643407444,50.42061931210386,35289700
2022-09-21,49.4454345703125,50.557867264276034,49.41654508162155,50.16779303305575,44482000
2022-09-22,50.579532623291016,51.07073655457387,50.044988951681134,50.68788748526582,34529500
2022-09-23,49.53211975097656,49.878854239270574,48.99757602971611,49.633249495237784,44160700
2022-09-26,49.64046859741211,50.14611725734013,48.86032022681711,48.90365996590892,18503200
2022-09-27,48.90367126464844,49.28652592265702,48.53527237493876,48.86033151554338,31646600
2022-09-28,49.36597442626953,49.72715365564929,48.71585622231211,48.9108905812678,24371000
2022-09-29,49.430992126464844,49.68381649795978,48.6508436277165,49.06981287828409,34889700
2022-09-30,52.03870391845703,52.65993263254678,49.30818983200369,49.47432919091277,55575000
2022-10-03,53.45452117919922,53.57732078355479,51.381350603502874,52.905527256396944,42688100
2022-10-04,54.7475471496582,55.079831372665865,53.49786461622806,53.59899435752789,41717500
2022-10-05,55.592708587646484,56.242832329224306,54.98593010294578,55.10872972325551,42621400
2022-10-06,54.34302520751953,56.03334122906965,54.11909035448784,55.76606663532864,76852200
2022-10-07,54.5452880859375,57.38415701401533,54.29246373074637,54.436933216239126,83593200
2022-10-10,53.44730758666992,55.636053112010906,53.07890869409853,55.19541946665052,45515900
2022-10-11,53.086124420166016,53.58455354684271,52.031481675512275,52.87663979462303,33885800
2022-10-13,52.139835357666016,52.587699599719365,51.323572258487246,52.19040023086899,32960000
2022-10-14,50.44229507446289,52.99221968234969,50.27615019555209,52.450450810606334,34091700
2022-10-17,51.236881256103516,51.460810595325455,50.03054405728756,50.71678232912348,25840500
2022-10-18,51.98090362548828,52.60935734282232,51.09962560043018,52.226508318103505,27494000
2022-10-19,51.366905212402344,52.103708340396324,50.98405615003195,51.74252914779676,22651000
2022-10-20,52.02424621582031,52.8694096782464,50.796239218821796,51.27299837768559,37240700
2022-10-21,53.54842758178711,53.94572691644285,51.60528718352207,51.86533665508631,36846800
2022-10-24,51.95924377441406,53.41840542539814,51.417474934354615,52.92720145663127,32035800
2022-10-25,51.95924377441406,52.92720145663127,51.22966019334321,51.728089289768334,28158100
2022-10-26,53.115020751953125,54.06853377176975,51.374139595760106,51.489714092414005,40845700
2022-10-27,51.222442626953125,52.09649572922626,50.15334964820409,52.00981072733055,52613000
2022-10-28,48.72307586669922,49.87885381030082,48.1451924060561,49.54656406926287,52793500
2022-10-31,48.49191665649414,50.131673285330535,47.32891920962477,47.67565366116054,39184100
2022-11-01,49.965538024902344,51.14298595187814,49.80661826706574,50.16779753081867,42670000
2022-11-03,48.506370544433594,49.07703437568076,48.09462645241444,48.86032463834118,34390300
2022-11-04,52.19038772583008,53.01387575562885,51.14297038423796,51.39579468967504,61191100
2022-11-07,51.91590118408203,52.75383407829241,51.605286845700185,52.00980579385986,29445500
2022-11-08,53.490638732910156,54.126312105342464,51.75697756763658,51.75697756763658,39756500
2022-11-09,52.840518951416016,54.01796117921307,52.38542962461729,53.52675723850094,42208500
2022-11-10,53.851810455322266,54.51637873144816,51.56193058401025,51.64861555917473,47658100
2022-11-11,59.45009231567383,59.948515812033065,55.77328557786672,56.33672418923773,80174100
2022-11-14,60.17967987060547,60.99594843491612,58.78552786101069,59.515111428507836,43822500
2022-11-16,59.55122756958008,61.234318433599455,58.90110391488129,60.186900970198245,32935300
2022-11-17,60.02798080444336,60.1652306614224,58.32321457173668,58.417124689104284,31790500
2022-11-18,58.38822937011719,61.03205818381109,58.29431925326779,60.930928451171035,44324400
2022-11-21,57.73088073730469,57.92592058726883,56.54621342821764,57.138547082761164,27745900
2022-11-22,57.889801025390625,58.84331388125447,57.348032232032594,57.752551167502965,27105100
2022-11-23,58.460472106933594,58.771086474311694,57.74533875363345,58.460472106933594,22415800
2022-11-24,58.836097717285156,59.51511647197227,58.229319221643216,58.87944297494386,12420900
2022-11-25,58.43880844116211,59.86907529967336,58.279888676625646,59.233401752685964,20477000
2022-11-28,58.72774887084961,59.478996868915424,57.44194609798156,58.22209460884764,16166300
2022-11-29,60.99595642089844,61.89167946061504,59.68126410846537,59.84740348516304,42574300
2022-11-30,61.91333770751953,62.570686495864855,61.227099433036955,61.400463905646525,59932800
2022-12-01,62.25285339355469,62.66459750251974,61.20543581267309,62.426217883866876,34319300
2022-12-02,62.70071792602539,63.379731145929654,61.37880059216711,62.67182292564426,30213600
2022-12-05,62.635704040527344,64.28268051683521,62.61403416760086,63.49531240766403,21896500
2022-12-06,63.545875549316406,64.23933901985005,62.75850195045072,62.83796182312041,21335700
2022-12-07,61.28489303588867,62.426220798646355,60.57698478588517,62.05782192842655,45441000
2022-12-08,62.0361442565918,63.02577735786099,61.65329514411153,61.76165001830504,29827900
2022-12-09,64.10208892822266,64.67997790727532,63.228035842994885,63.610884949375226,37713000
2022-12-12,62.18783187866211,63.78424878909236,61.67495807708946,63.675893927090875,34995000
2022-12-13,62.450225830078125,63.34899722434255,62.06606823366053,62.51545669574975,31559400
2022-12-14,62.97935104370117,63.29827230520496,61.97185581840338,62.15306007518233,34564000
2022-12-15,63.18229675292969,63.90711375511059,62.979348877105416,63.34175737819587,24782100
2022-12-16,62.102317810058594,63.2910171907949,61.25428328781035,63.05907598308817,37762100
2022-12-19,61.877628326416016,62.02983923047865,61.058581589902865,61.609444049782944,27508500
2022-12-20,62.15306091308594,63.24028646841689,61.83413964728268,61.877632429838215,22657300
2022-12-21,62.50822067260742,63.34901110266642,62.20379883961995,62.98660257865793,39183700
2022-12-22,62.15306091308594,62.80539735226754,61.384756623558246,62.53721305784979,19429200
2022-12-23,62.566200256347656,62.71116143751793,61.66742876727987,61.81238994845015,18656500
2022-12-26,63.13880157470703,63.45047306770815,62.57344526877805,62.638676136424856,18407500
2022-12-27,64.64642333984375,64.9798384619063,63.39973734348816,63.7838894291273,26720300
2022-12-28,64.50146484375,65.38574248995222,64.29126724506956,64.64643156520978,23314500
2022-12-29,64.42172241210938,65.19727625381876,64.38548488599672,64.50870242862486,40110800
2023-01-02,64.79862976074219,65.16103819840863,64.16803708843358,64.27676072571629,12783800
2023-01-03,64.68266296386719,65.29875626437698,64.42897813776486,64.79863633003652,25332600
2023-01-04,64.79862976074219,64.97983397957542,63.74764197356117,64.72614917919168,26395300
2023-01-05,65.88587188720703,66.45122830945418,64.50871836665493,64.84213355080286,29085600
2023-01-06,66.9295883178711,67.2195161770366,65.95833634906771,65.95833634906771,31420600
2023-01-09,67.00208282470703,67.40072884233076,66.13954885635016,66.34249672421892,19285800
2023-01-10,67.82837677001953,68.06031799081597,66.92959970075776,67.03832335767498,19821100
2023-01-11,67.58917999267578,68.48070726649219,66.87161276686685,68.12554298257942,23834100
2023-01-12,67.9443359375,68.3502371694876,67.36448572452575,67.75588752148832,18058600
2023-01-13,68.00233459472656,68.33574977014041,67.66891941931272,67.90811037012543,16905800
2023-01-16,66.86436462402344,66.96583855612744,65.83512586701742,66.68316038384994,19563900
2023-01-17,66.77738952636719,67.57469266590591,66.55994774005978,67.05282353090419,18719500
2023-01-18,67.6544189453125,68.29951118972004,67.34275293104128,67.4514710616405,16737300
2023-01-19,67.9443359375,68.40097413224677,67.63991416094495,67.98782871266086,21712500
2023-01-20,68.12554931640625,68.54594450997135,67.77039052938778,68.06031843977458,27103900
2023-01-23,68.3502426147461,68.64016497937337,67.91534800797591,68.38648014536719,13534300
2023-01-24,69.07505798339844,69.07505798339844,67.55293795484974,68.35748521682622,17439800
2023-01-25,69.72737884521484,69.87234553334433,68.69089052722238,69.0025619943086,18282900
2023-01-26,71.03206634521484,71.03206634521484,69.86511052715026,69.94484083993095,26876000
2023-01-27,69.08955383300781,71.24226113345705,68.7343950636483,70.92333989489727,34682400
2023-01-30,68.8431167602539,69.79987491884003,68.2705107027033,69.50994703110479,23820000
2023-01-31,68.5024642944336,68.77064307690486,68.0240823636759,68.3574975593939,20658600
2023-02-01,67.74138641357422,69.00256626381015,66.38597682774528,69.00256626381015,28818100
2023-02-02,64.61018371582031,66.65416733270048,64.40723585072668,66.45846918562151,37844400
2023-02-03,64.47245788574219,65.79162435794449,64.28400948250888,65.05956330633252,22545600
2023-02-06,63.66791915893555,63.96509676711342,62.81264045422356,63.92885370712091,17888700
2023-02-07,64.08831787109375,64.27677183964127,63.05182933895471,63.48671843336717,16259700
2023-02-08,64.30575561523438,64.77688770154622,63.493958704513766,64.5811840437346,14411000
2023-02-09,64.06657409667969,64.90736446984552,63.39974378480566,64.30576503351978,19782200
2023-02-10,62.91412353515625,64.472475802985,62.595202256571774,63.91436909537753,18099100
2023-02-13,62.848880767822266,63.13880867085937,61.8268916837621,62.276274680050555,13798500
2023-02-14,63.13156509399414,63.5809536639139,62.718419589197794,63.05908449366265,20072400
2023-02-15,64.50871276855469,64.68266729955441,62.740157525327184,63.13155936751269,28465800
2023-02-16,64.64642333984375,65.42197722875135,64.43622576790806,64.71890392639399,28740800
2023-02-17,63.805633544921875,65.0523195509066,63.45047479714252,64.94359590528434,26381400
2023-02-22,63.320003509521484,64.11005125973202,62.74739750684033,63.09531204476692,16864400
2023-02-23,63.022830963134766,63.83462792982244,62.00809166716819,63.05907402223975,21485100
2023-02-24,61.63844299316406,62.68218132146915,61.355764784233976,62.37050976676223,17183900
2023-02-27,61.63844299316406,61.88487813739428,60.630947729558834,61.29052837375727,14422200
2023-02-28,61.84138107299805,62.69666528302666,61.131058038941305,61.65292712030309,21127300
2023-03-01,64.65367889404297,65.1248110843187,63.421492116320564,63.617190287402494,30916600
2023-03-02,64.50871276855469,65.33500370319692,64.08831758288342,64.65367395606866,21740900
2023-03-03,64.72616577148438,65.4509828326212,64.3710014299883,65.30601610244463,19783400
2023-03-06,62.4429817199707,63.711411390016885,62.42123809612766,63.37074653670388,27298600
2023-03-07,61.848628997802734,63.348999798265496,61.46447691569074,62.950348281028,20898200
2023-03-08,62.41398239135742,62.63142966875896,61.8993630667487,62.044324231740404,22274800
2023-03-09,61.59495162963867,62.68942132763252,61.47897825426944,61.703669756653696,24439300
2023-03-10,61.39199447631836,62.464726013361066,61.08032296142683,61.31951388609315,21820200
2023-03-13,61.64569091796875,62.33426488790397,60.92087388438847,61.15281511393756,23460200
2023-03-14,62.20690155029297,62.48096976783218,61.406906731371485,61.56986926685814,18077900
2023-03-15,60.33284378051758,61.54764833156844,59.33285298745662,60.740250157973904,34103400
2023-03-16,60.5550537109375,60.85134868199627,59.78468904672732,60.16246527611116,20573400
2023-03-17,61.280982971191406,61.851346191993485,61.20690498161228,61.41431544053383,39906400
2023-03-20,61.78468322753906,62.21430505286049,60.599503202031535,61.27357448282287,19650900
2023-03-21,61.26615524291992,61.80689396240737,60.39949715748908,61.64393145375756,15692200
2023-03-22,60.503211975097656,61.29579789707809,60.451360770906696,60.74024685873599,18085500
2023-03-23,58.94766616821289,60.87357517253444,58.37729730974659,60.38468757956332,26000100
2023-03-24,58.273597717285156,59.15507382211707,57.84397023330345,59.029150278957445,27801900
2023-03-27,58.177303314208984,59.31803541660804,57.79952703938711,58.895816868756725,14202900
2023-03-28,58.79210662841797,59.1846950581405,58.2143288992543,58.31062801312647,13866800
2023-03-29,59.63655471801758,59.880992883981534,59.14025815369167,59.25136949350665,17345200
2023-03-30,60.60690689086914,60.703200357788695,60.1106160476306,60.518016701234906,14249000
2023-03-31,59.47359848022461,60.866177886361875,59.19212128735291,60.44395927137528,22468400
2023-04-03,59.4884033203125,59.54766345400473,58.82174659602583,59.11063268357869,13510200
2023-04-04,57.80693435668945,59.392106099250896,57.592120624108716,59.22914356754433,20485600
2023-04-05,56.95509338378906,57.59953463842644,56.22176757772414,57.5921257086883,25382600
2023-04-06,56.85139083862305,57.406941889163335,56.503244609400596,56.792130703572944,13976800
2023-04-10,57.947689056396484,57.96991019739318,56.81436000333969,56.851399005906416,13849000
2023-04-11,61.00690841674805,61.44393916328966,59.30321640002902,59.62914146616656,34226000
2023-04-12,59.70321273803711,61.33283238828404,59.473586800824,61.29579339457232,32702000
2023-04-13,58.89581298828125,59.799510156052605,58.49581560329933,59.258771380607556,21361900
2023-04-14,58.37730026245117,59.110631688999504,57.77730696014554,58.592114004953046,22693200
2023-04-17,57.681007385253906,59.58469514881653,57.36989454717258,58.87359058572166,21479200
2023-04-18,58.177303314208984,58.46618939161477,57.525458820562605,58.362486986974595,15193400
2023-04-19,56.48101806640625,57.49582658943216,55.56991194411501,57.258791723273326,31128000
2023-04-20,55.303253173828125,56.63657218898923,55.2069540498614,56.22176258223116,31112800
2023-04-24,53.30327224731445,53.732899761183056,53.02919835370358,53.481047005986476,29754000
2023-04-25,51.85142517089844,52.74030448471396,51.63661144559904,52.74030448471396,31799200
2023-04-26,52.051422119140625,52.91067703817671,52.051422119140625,52.59216090803154,25907200
2023-04-27,53.155113220214844,53.16992542471006,51.244016713030746,51.62919619482414,31717800
2023-04-28,53.62919998168945,53.644012190907254,52.63661242335762,53.058831028039606,33277500
2023-05-02,51.51069259643555,53.03660429607771,51.347730055433495,52.81438727309458,37367900
2023-05-03,51.11069869995117,51.91069360114584,51.00699628513236,51.80699118632702,19958300
2023-05-04,49.5255241394043,51.355139813403426,49.414412800441596,51.147734994730364,35996200
2023-05-05,51.14031982421875,51.29587341924064,49.79959194472764,50.140329198302744,27107300
2023-05-08,51.82920837402344,52.71068448414521,51.74031817465875,52.369941545592596,24917600
2023-05-09,52.3625373840332,52.37734959133207,50.873659065099865,51.48106128878374,18717400
2023-05-10,51.37736129760742,52.63660807739528,50.88107038509695,52.51068452968799,24792600
2023-05-11,50.37736892700195,50.5847737404218,49.895890237930246,50.369959997563434,27709000
2023-05-12,50.42921829223633,50.79217670249142,49.932927413734475,50.295885823989565,17578100
2023-05-15,51.155128479003906,51.94771425653434,51.0514260895219,51.33290884784996,21020000
2023-05-16,50.103294372558594,51.258838689589695,50.07366430656328,51.110694010970356,23990300
2023-05-17,51.76253890991211,52.02920385457914,50.96995300530657,51.199584605710406,30913100
2023-05-18,51.836612701416016,52.08845976688761,51.199580457584915,51.76253471617677,23710600
2023-05-19,51.2662467956543,52.303276483407934,51.20698666461531,52.22179521606862,33892200
2023-05-22,50.444034576416016,51.03662462793334,50.1995907563133,50.666257258574404,18936200
2023-05-23,49.30330276489258,50.14033664269684,49.26626941849761,49.999595232866184,39413300
2023-05-24,48.18479537963867,48.72552855579999,48.0144239089155,48.72552855579999,33304700
2023-05-25,48.036643981933594,48.740345335070145,47.9847927791852,48.740345335070145,36934900
2023-05-26,49.132930755615234,49.65885167964591,48.82182355853064,49.44403795269982,38181700
2023-05-29,48.76256561279297,50.14773585525287,48.69589655251529,49.881070916856466,17320700
2023-05-30,47.61442184448242,49.12552119108562,47.3107207545387,49.12552119108562,39920700
2023-05-31,47.26628112792969,48.05146090896219,47.0440584625411,47.614424507393224,103408900
2023-06-01,48.26627731323242,48.718120295480716,47.51813365984886,48.10331476978675,51982400
2023-06-02,50.32551574707031,50.51810269404913,49.903297207375076,50.36995801924125,39185700
2023-06-05,49.910701751708984,50.7255144379004,49.355150730046056,50.71810550856487,21478500
2023-06-06,50.07366180419922,50.65884286280927,49.92551713298322,50.221812126772186,31884200
2023-06-07,50.866249084472656,50.87365801364758,49.925518528113415,50.07366320346921,27377500
2023-06-09,50.63662338256836,51.703283134534864,50.555142115328856,51.60698400887519,30056800
2023-06-12,49.71811294555664,50.22181274579933,49.40700008999716,50.22181274579933,26651200
2023-06-13,50.24403762817383,50.79217974093111,50.081075084861745,50.59218385227556,34288100
2023-06-14,51.12550735473633,51.56254377368538,50.73291886144689,51.10328621758521,53775600
2023-06-15,51.52550506591797,51.59217412910184,50.63662566675387,51.184767774526485,31874100
2023-06-16,51.60697937011719,51.99956781260623,51.26624212472373,51.40698351027891,39953600
2023-06-19,51.406982421875,51.59216607206089,50.87365260512259,51.59216607206089,14894300
2023-06-20,50.08107376098633,51.12550675432487,49.85885108937015,51.11069454685053,35748700
2023-06-21,49.577369689941406,49.881067953689076,49.421816093676966,49.68107208745103,27336800
2023-06-22,49.31070327758789,50.26625161264867,49.11070741739221,49.384775609091605,21394900
2023-06-23,48.814422607421875,48.96256730128588,48.36998287447204,48.88849495435388,23510900
2023-06-26,48.918121337890625,49.110713946490094,48.38479143798895,48.56256618750371,15030400
2023-06-27,49.503299713134766,49.836628056520766,49.221816919615215,49.5551509143583,22737400
2023-06-28,47.94034957885742,49.49589128259008,47.94034957885742,49.46626121711286,37628600
2023-06-29,48.5255241394043,48.83663130809709,47.666269310035965,47.940343140373734,24841800
2023-06-30,47.56998062133789,48.93292967884386,47.56998062133789,48.67367367892229,42992000
2023-07-03,49.05885696411133,49.25885282733966,47.88108596532358,47.932937163298085,22738400
2023-07-04,48.814422607421875,49.22923227132735,48.740350260489876,48.76997467817642,12573200
2023-07-05,48.384788513183594,48.78478591393046,48.15516257346776,48.59960224606749,27363600
2023-07-06,48.036643981933594,48.584786075467704,47.73294569479505,47.94035050578864,18579200
2023-07-07,48.488494873046875,48.59219728340649,47.63664880107218,47.76257800052958,57287600
2023-07-10,47.74775695800781,48.2884957628551,47.6514634837669,47.777387023472045,36698500
2023-07-11,49.318119049072266,49.63663520495355,48.05886663336041,48.20701696828044,35550200
2023-07-12,49.666263580322266,50.429219412262796,49.629224585014434,50.36995928031316,22864300
2023-07-13,50.82180404663086,50.9625454365103,50.310695337158634,50.53291798945703,24187200
2023-07-14,50.82180404663086,51.325503827331325,50.56254805318727,51.25143149368413,20342500
2023-07-17,50.25884246826172,50.61439756985193,49.65144031036908,50.61439756985193,15322300
2023-07-18,49.94032669067383,50.5699499869814,49.83662429605172,50.16995826564278,16950600
2023-07-19,49.80699157714844,50.347730307148794,49.59958679896408,49.992175222149655,14512600
2023-07-20,49.918113708496094,50.73292079274699,49.888483640714185,50.48107369363715,20992700
2023-07-21,50.22181701660156,50.49588525017143,49.614414763305305,49.95515206136345,24852700
2023-07-24,51.74031066894531,52.0884568350898,50.006994417957685,50.14773014900593,30616400
2023-07-25,53.340301513671875,53.82178014644758,53.05141546427778,53.110669938785726,31556700
2023-07-26,53.155113220214844,53.518071569587335,52.40696973769279,53.147704292289156,19066400
2023-07-27,52.16253662109375,52.769938853737045,51.9180928118775,52.740308787345015,28254500
2023-07-28,50.09588623046875,51.866241729169694,50.09588623046875,51.866241729169694,45938800
2023-07-31,51.22921371459961,51.614393265611085,50.25143850152096,50.36995876420583,26065700
2023-08-01,50.51810073852539,50.969949325962844,50.295883734915456,50.940319261876816,30015700
2023-08-02,49.69588851928711,50.19218506540523,49.55515276861835,50.177367206582865,29547300
2023-08-03,50.00699996948242,50.288477114183586,49.25144742900262,49.51811236665935,35512300
2023-08-04,50.04403305053711,50.614401917508566,49.747743700344095,49.777368114277714,22954300
2023-08-07,50.2958869934082,50.49588287474985,49.54033443865699,50.11070331939076,23057700
2023-08-08,49.96996307373047,50.481071834266906,48.95515448216957,49.62181685431332,43405600
2023-08-09,49.51811218261719,50.30329478562472,49.35514964894851,49.96996078911412,21859000
2023-08-10,48.93293380737305,49.76255872847547,48.844049257818895,49.48848484751618,28372300
2023-08-11,48.5255241394043,49.169959610074166,48.318119360275766,49.02922388215488,42335100
2023-08-14,47.23475646972656,48.10466910653269,47.23475646972656,48.05888315846506,41056900
2023-08-15,46.76927947998047,47.28054283691313,46.65481605721232,47.27291330049394,28611000
2023-08-16,46.58613586425781,47.25764855602246,46.54798236253921,46.845583751240135,30508600
2023-08-17,47.24238586425781,47.92916052858968,47.097401395532444,47.761281630436216,39481200
2023-08-18,46.71586227416992,47.372112997263656,46.5632453530672,46.70060029096708,34201900
2023-08-21,46.77690505981445,47.11266285237415,46.56324312704047,46.921892437847234,17695300
2023-08-22,47.7536506652832,47.96731259404674,47.333953432461314,47.341585879017416,30995800
2023-08-23,48.10466766357422,48.58540700469899,48.10466766357422,48.26491411061581,19128500
2023-08-24,47.463680267333984,47.83758865402795,47.181340865616534,47.83758865402795,17821500
2023-08-25,47.36447525024414,47.906262494154916,47.2347527739241,47.82232305139473,11395300
2023-08-28,48.04362106323242,48.28017742797272,47.517095760853046,47.63918871115517,14173600
2023-08-29,49.577415466308594,49.623198502070935,48.249652121616926,48.364115532873704,28625700
2023-08-30,49.585052490234375,50.26419475204045,49.394282061146114,49.760558024758744,21812600
2023-08-31,49.66135787963867,50.49311412887793,49.66135787963867,50.03526627835211,31011100
2023-09-01,52.56869888305664,52.65263833745868,50.844132576957705,50.88992143871884,57288600
2023-09-04,52.957862854003906,53.45386704572647,52.56105717188568,52.866290968472676,22397800
2023-09-05,52.72894287109375,53.0418091540706,52.33214295950362,52.64500342062929,19253500
2023-09-06,51.88192367553711,53.10285324346641,51.7979842219434,52.767101250942986,28466500
2023-09-08,50.905181884765625,51.00438041452999,50.546532537526716,50.89754943729095,19989200
2023-09-11,51.63772964477539,52.02690288463832,51.53853113423603,51.96585496037541,19493800
2023-09-12,51.59958267211914,52.08795445672306,51.46222774383361,51.88955159989931,14201300
2023-09-13,51.401187896728516,51.72168083916656,51.2409414255095,51.63774137969205,15448400
2023-09-14,53.507286071777344,53.93460992222647,52.690788959325864,52.881559367112196,62390300
2023-09-15,53.064701080322266,54.35431099112992,53.064701080322266,54.17879964194289,37901700
2023-09-18,52.43897247314453,53.45387247560404,52.30924998851916,53.06469919987689,21849000
2023-09-19,52.53817367553711,52.843407518715836,52.04980185519167,52.400818737199245,43870300
2023-09-20,52.889183044433594,53.24019987657788,52.68315357711973,52.86629152827099,14372200
2023-09-21,51.50800704956055,52.24056467342113,51.50800704956055,52.11847464703627,21686000
2023-09-22,51.88955307006836,52.553436212566496,51.83613758654674,52.18715445281037,17063700
2023-09-25,50.82123947143555,51.149364831537774,50.18788027047174,51.134105759327774,34715000
2023-09-26,50.02763366699219,50.56179434239381,49.882652104943524,50.13446463770226,24178800
2023-09-27,50.134464263916016,50.50837848046475,49.83686287317803,50.43969810160532,17109300
2023-09-28,50.89754104614258,51.15699182084316,50.3328622849952,50.44732569083808,26072300
2023-09-29,51.56906509399414,51.62248058261715,51.15700025810878,51.363029765125646,19018000
2023-10-02,51.118839263916016,51.67589144267702,50.83650277299084,51.569060474999745,11175900
2023-10-03,50.80598449707031,51.09595346725856,50.416811173036066,50.42444362068232,15268800
2023-10-04,50.264190673828125,50.958591952005996,50.00473988395601,50.66862301918516,14377000
2023-10-05,50.28708267211914,50.70677409295786,50.10394470342318,50.26419115376353,11556300
2023-10-06,51.01963806152344,51.4698534270935,50.22603247059493,50.27944795162614,22711400
2023-10-09,50.65335464477539,50.65335464477539,49.89790548891532,50.15735626095703,14392200
2023-10-10,50.95859146118164,51.48511966066612,50.89754353217021,51.17225339087072,18261700
2023-10-11,51.401187896728516,51.45460338713486,50.88992451400328,50.98149059935597,13659400
2023-10-13,50.813602447509766,51.355395522710474,50.714403932451575,51.27908270298029,16302700
2023-10-16,51.35539627075195,51.69878067713651,51.26382437885235,51.431703269742876,13103300
2023-10-17,51.775089263916016,51.9277090884291,50.8136047459622,51.12647101982574,24031000
2023-10-18,49.87501907348633,51.35539939576592,49.85212755458117,51.30961053610441,34907300
2023-10-19,49.15772247314453,50.09631554020124,49.15772247314453,49.829238105462,22855500
2023-10-20,47.82996368408203,48.43279895715308,47.31106786813806,48.31833553181145,58015100
2023-10-23,47.7383918762207,48.020731288246985,47.39500453136407,47.60866647441902,17595000
2023-10-24,48.829593658447266,49.04325266749853,48.50909786755701,48.83722319376414,21768800
2023-10-25,48.7838134765625,49.73766560474349,48.64645853723039,49.37138382590739,26091800
2023-10-26,49.8292350769043,49.88265056060562,48.53962519944952,48.68460966793517,30936700
2023-10-27,51.561431884765625,51.70641927539393,49.3790176872364,49.95896142789806,47989100
2023-10-30,52.02690887451172,52.568696165557554,51.920077905677395,52.19478777463742,26604100
2023-10-31,52.65263366699219,52.835771632237375,51.561426678410925,51.71404067914008,20961400
2023-11-01,53.65990447998047,53.94987342778415,52.843407300414896,52.85103974747195,31543500
2023-11-03,54.33140563964844,54.6442718788984,54.12537617666337,54.36956204701807,28599600
2023-11-06,54.560340881347656,54.789267717282634,54.33141404541268,54.33141404541268,19096300
2023-11-07,53.476768493652344,54.2551092887491,52.83577681958604,54.049079785351914,37073000
2023-11-08,53.51491165161133,54.07196379308674,53.278358213566655,53.50728502718136,21047900
2023-11-09,53.77437210083008,54.285635478432454,53.58360166245441,53.79726362193888,16542700
2023-11-10,54.59849166870117,54.73584659173862,54.10248745651867,54.484028262528184,22200500
2023-11-13,54.484039306640625,55.31579563785306,54.12538994479605,54.94188720228933,14410500
2023-11-14,56.170448303222656,56.69697657577719,54.865579204234734,54.95714528860822,52233600
2023-11-16,56.54434585571289,56.72748381108486,55.712589699433444,55.78126424950394,31235400
2023-11-17,56.65118408203125,56.96405037519962,56.5443531092058,56.64355745672328,24538600
2023-11-20,58.03999328613281,58.49021452461815,57.55925390232607,57.84159623228641,28810100
2023-11-21,59.44406509399414,59.940069359189245,58.6428269869981,58.97858479516426,45317800
2023-11-22,58.878997802734375,59.83868318225978,58.37555727601359,59.66562437592117,33715300
2023-11-23,58.50928497314453,58.69807968023241,58.2733005915118,58.50142302812943,10279200
2023-11-24,58.01371383666992,58.60368380789029,57.73839571706406,58.60368380789029,16667000
2023-11-27,57.667598724365234,58.100245789461574,57.34508491341763,57.76986403147082,17312300
2023-11-28,57.79344940185547,58.029433748868854,56.76297061648411,56.85736195469592,22019000
2023-11-29,57.777713775634766,58.2103607493655,57.1956118485566,58.05303785063645,15853100
2023-11-30,58.09237289428711,58.55648570653921,57.99011359737682,58.218236030316376,29712900
2023-12-01,59.170047760009766,59.37457233550561,58.54074414378442,58.78460244585088,25025200
2023-12-04,57.84065246582031,58.60368122183204,57.455207115381,58.39915662708512,22402300
2023-12-05,57.30574417114258,57.71479334656752,57.054023909913546,57.604666107372594,25179500
2023-12-06,56.92817306518555,58.14744077702365,56.731516401842136,57.817059022963136,20503900
2023-12-07,57.10908889770508,57.48667229933682,56.967495872278754,57.17988841116053,17535800
2023-12-08,57.266414642333984,57.628262131375664,56.8966992074589,57.50239900397809,16083200
2023-12-11,57.31361770629883,57.61253367019393,56.44832959903616,56.700049884812294,15443400
2023-12-12,57.41587829589844,58.09237770435853,57.109094378281085,57.89572103914305,11036300
2023-12-13,57.42374038696289,57.675460652709376,56.88096612584394,57.030427096641226,25288200
2023-12-14,57.73838806152344,58.414887352277795,57.70692228038555,58.210362775623565,29454300
2023-12-15,58.10023880004883,58.44635641048823,57.824920701510415,58.257561713075226,23279500
2023-12-18,58.37554931640625,58.94192133211245,57.9822360834418,58.25755414622019,16333400
2023-12-19,58.784603118896484,59.067783147807646,58.50141708850119,58.76099928179343,21763700
2023-12-20,58.5958137512207,59.31951478431987,58.5958137512207,58.78460845628206,14147900
2023-12-21,60.54664993286133,60.60958150077136,59.2487148517689,59.35097414850923,24202600
2023-12-22,60.09040069580078,61.514192807639155,60.01173924237866,60.67250265290557,26277000
2023-12-26,60.302791595458984,60.92422126177434,60.302791595458984,60.69610485344715,12149500
2023-12-27,60.884891510009766,61.00288668377497,60.45224454003196,60.45224454003196,13821200
2023-12-28,60.72757339477539,60.93209799885433,60.37359381210619,60.570250469474615,16545800
2024-01-02,60.60957336425781,61.498459136091455,60.247719898094346,61.04221433221911,18021800
2024-01-03,60.29492950439453,60.49158615248356,59.665625829915776,60.34212517946082,25315100
2024-01-04,59.48469924926758,60.28705565424417,59.28017467486804,60.12186480620441,18707000
2024-01-05,58.72167205810547,59.03632387250979,58.30476095465053,59.020587980973275,21082500
2024-01-08,58.42275619506836,58.650878634141904,57.82492428730817,58.16317397262622,23013300
2024-01-09,57.68333435058594,58.336235917977554,57.54174131189239,58.28903423742295,15257400
2024-01-10,56.81803512573242,57.25854404828185,56.597774662973755,57.25854404828185,21354600
2024-01-11,57.1169548034668,57.35294517124143,56.519116939526256,56.991091673591164,20289100
2024-01-12,56.39325714111328,57.187745605270656,56.35392341451838,56.79443234525783,16343400
2024-01-15,56.283138275146484,56.401127469502654,55.61450083254175,56.023550044593,12745700
2024-01-16,55.55157470703125,56.47192642271284,55.26838864043924,56.32246544271014,22620300
2024-01-17,54.552555084228516,55.42571111554879,54.27723696657907,55.27625013675987,43086400
2024-01-18,54.27722930908203,55.37850762579499,54.27722930908203,55.22117872255942,30490600
2024-01-19,53.56926345825195,54.67840970414124,53.52993573413603,54.67054175872448,60583000
2024-01-22,53.333290100097656,53.47488313935928,52.79051578268055,53.09729970083322,23318900
2024-01-23,54.43455505371094,54.88293194875205,53.844585139105035,54.237898415508965,33886800
2024-01-24,54.985198974609375,55.71676193183772,54.86720378767232,55.29985080594669,36922100
2024-01-25,53.632198333740234,55.38637817810274,52.987164803825735,55.06385841240335,47637000
2024-01-26,54.670555114746094,54.914407468883304,53.097301730149084,53.41195360736556,27397200
2024-01-29,54.41095733642578,54.66267759381574,53.671532456177715,54.66267759381574,15866100
2024-01-30,54.10417556762695,54.74920912740544,53.404078386946075,54.59188621096565,34371300
2024-01-31,53.30181884765625,53.94685240448496,53.30181884765625,53.56926900467776,34753400
2024-02-01,53.057960510253906,53.702994066886816,52.821976136745015,53.38834823554162,21060300
2024-02-02,51.98028564453125,52.916367190080024,51.84656056680778,52.908505245379466,32589900
2024-02-05,51.53190612792969,52.07467435754148,51.40604300127616,51.83868999729241,24103300
2024-02-06,52.44439697265625,52.63319168849257,51.744299738847026,51.97242218603549,27505600
2024-02-07,52.54665756225586,52.75117615049889,52.31066718937915,52.56238745308822,19863400
2024-02-08,52.08253860473633,53.089419540525064,51.89374992964689,53.089419540525064,25812100
2024-02-09,51.85442352294922,52.381461899422625,51.42964444293816,51.99601654961957,18534800
2024-02-14,51.69710159301758,52.02748332773378,51.53191072565947,51.9094881363395,12497900
2024-02-15,51.53190612792969,51.81509216141593,51.1621906952402,51.524038182142796,17360200
2024-02-16,53.4906120300293,53.74233231717004,52.18480891446576,52.30280411188784,40947100
2024-02-19,53.08942413330078,53.16808558793608,52.42079276667426,52.735444586699764,12571600
2024-02-20,51.92522048950195,52.200538582996636,51.280186955535406,52.03534772689982,44417200
2024-02-21,52.318538665771484,52.41293002010371,51.602705554166036,51.61844144754466,20362800
2024-02-22,52.87704086303711,53.33328573010607,52.54665913232565,52.578118914930364,35910500
2024-02-23,53.002899169921875,54.332300070041875,52.89277192391623,53.6872664856582,42133700
2024-02-26,51.72069549560547,52.34999913416853,51.48470513077326,52.34213118827831,33864400
2024-02-27,53.081565856933594,53.23102083062306,52.20054190027826,52.31066914467459,28141800
2024-02-28,52.49945831298828,52.87704172674367,52.17694452340231,52.54665999063568,20331500
2024-02-29,52.696109771728516,53.081561094014475,52.3027965051802,52.34999817817523,20717000
2024-03-01,52.60958480834961,52.75117783630372,52.208409563716856,52.61745275475947,22423300
2024-03-04,52.4915885925293,52.86129800351396,52.22413246376071,52.66464137998677,13148000
2024-03-05,51.79935836791992,52.145475978752046,51.602701725671565,51.917353553565825,24436500
2024-03-06,52.507320404052734,52.76690859696828,52.0510755804104,52.09040930714939,33510700
2024-03-07,52.32639694213867,53.22315675581321,52.27920126828166,53.06582784048238,19036200
2024-03-08,51.92522048950195,52.68824920681888,51.83869108847729,52.074675453693736,23188200
2024-03-11,50.3126335144043,50.95766704658316,50.12384482245749,50.95766704658316,58622400
2024-03-12,49.99915313720703,51.420890675383106,49.851226398208745,51.248310524875414,44680100
2024-03-13,50.31966018676758,50.45115027352086,49.547156318963424,49.80191659862674,32769200
2024-03-14,49.678646087646484,50.24569649533238,49.44853608607332,50.2128231901118,30085800
2024-03-15,49.111595153808594,49.50606856746827,48.78287148905366,49.39101199308439,57064200
2024-03-18,50.048465728759766,50.13064586142941,49.317048754127114,49.711522168860476,21371000
2024-03-19,50.45936965942383,50.99354675993204,50.377186396673466,50.73056658907272,16888900
2024-03-20,50.79631423950195,50.804530998459796,50.064897293414596,50.467587451710536,18210000
2024-03-21,50.67304229736328,51.47020274184626,50.6155155781708,51.30583934345158,18445500
2024-03-22,50.08955764770508,50.59086462645607,50.073120993569006,50.541554664047844,11058400
2024-03-25,49.98271942138672,50.39362635719882,49.843012567996745,50.147082822705784,10478200
2024-03-26,49.34992218017578,49.73617570159085,48.97188855303016,49.563595541585826,27142700
2024-03-27,49.801918029785156,49.85944474845718,49.054067552077825,49.14446757712559,23927000
2024-03-28,49.99094009399414,50.204610324555766,49.36635978625184,49.818356795688054,18467000
2024-04-01,50.31144714355469,50.870280837270506,50.130647085302165,50.62373416330027,16740100
2024-04-02,50.90314865112305,51.33871212263935,50.377188289640976,50.43471500824239,22583000
2024-04-03,50.17173385620117,50.65660414286267,49.760826939876885,50.43471403185104,22319900
2024-04-04,49.61289596557617,50.36896625727989,49.44853258607791,50.04845939149217,22990500
2024-04-05,49.07050323486328,49.70330026271258,48.988323105520145,49.53893686905532,15379000
2024-04-08,51.74961853027344,51.881108619331215,49.966280866520634,50.21282439163259,40281300
2024-04-09,51.40445327758789,52.489247257870126,50.960673067025816,52.292013698712026,37026100
2024-04-10,50.62372970581055,51.32227332893317,50.484022862168565,51.22365654901113,21206800
2024-04-11,50.837406158447266,51.04285962456775,50.4018458134626,50.77987943873122,16338700
2024-04-12,50.64838790893555,52.08656213097841,50.467587860688006,51.60990859831526,25740900
2024-04-15,50.94424057006836,51.6509978286751,50.91958402345151,51.19900085033174,28567300
2024-04-16,50.49223709106445,50.62372716936264,49.884096654549374,50.237476827782764,29973800
2024-04-17,51.04285430908203,52.160521549981524,50.9195809882587,51.80714137425681,34220700
2024-04-18,51.23187255859375,51.54416268124626,50.878492372822166,51.519506135398125,19932500
2024-04-19,52.070125579833984,52.22626908137171,51.02642162331291,51.149694953717606,32882400
2024-04-22,52.04547119140625,52.2509246482459,51.19900081744664,51.7989245352219,27171200
2024-04-23,51.593475341796875,51.8482387779199,50.9606782662432,51.494858552156536,23160500
2024-04-24,52.2344856262207,52.670042796802846,51.89754209768579,52.2344856262207,25212800
2024-04-25,51.13325500488281,51.80714206172558,50.878491601453646,51.5112885958003,27231000
2024-04-26,51.13325500488281,51.13325500488281,51.13325500488281,51.13325500488281,0
2024-04-29,52.5139045715332,52.554994635710806,51.609907484771306,51.67565409543222,18487200
2024-04-30,52.01259994506836,52.382416809014764,51.716746453911234,52.18518010325298,15597400
2024-05-02,52.530338287353516,52.801538354896245,51.95507111675554,52.34954137729599,17852900
2024-05-03,52.587867736816406,52.94124479534817,52.0619042584845,52.73579134028711,23681200
2024-05-06,52.744014739990234,53.17135519614832,52.55499792496654,52.77688804737813,13423600
2024-05-07,53.07273864746094,53.56582569148439,52.84263177824612,53.212445493778226,21315200
2024-05-08,52.587867736816406,52.78510443306223,52.259140954730334,52.308450912534525,18245800
2024-05-09,53.01521301269531,53.3603733235655,52.41528614575631,52.513906064551534,19672800
2024-05-10,52.83441162109375,53.376805485834275,52.72757808090262,53.212445228626095,13705000
2024-05-13,53.14669418334961,53.458987423906926,52.91658733448088,53.17134759287963,14504100
2024-05-14,53.11381530761719,53.21243520533083,52.6125084666358,52.9823283806064,13313500
2024-05-15,52.95768737792969,53.12204764267642,52.15230703280942,52.96590100220749,21292100
2024-05-16,53.34394073486328,53.55760782439608,52.93303380430334,53.40146745434399,16647700
2024-05-17,54.38764190673828,54.52734875918258,53.557608146432486,53.62335476050353,32338800
2024-05-20,54.36298751831055,54.73280124342433,54.00960731144849,54.354767624213636,22222300
2024-05-21,54.20683670043945,55.14370391710108,54.157529879544086,54.85607034530876,23042800
2024-05-22,53.779502868652344,54.52735024680105,53.48364936720339,54.23971663982078,17404000
2024-05-23,53.45899200439453,53.74662559012553,53.07273850215207,53.59869885032931,16445800
2024-05-24,53.483646392822266,53.960299926419985,53.33571965032442,53.41789978061388,11731900
2024-05-27,53.66444778442383,53.66444778442383,53.17957434468017,53.34394087931454,5119400
2024-05-28,52.50568389892578,53.65622448865885,52.0619036884598,53.648004594962686,22173900
2024-05-29,51.97150802612305,52.37419504753014,51.74961791566627,52.13586828426498,16496900
2024-05-31,51.93863296508789,52.14408641579238,51.60168943133137,51.68386955762482,23383600
2024-06-03,50.845619201660156,51.650996353795044,50.697692466066925,51.64277959513803,18846500
2024-06-04,50.327880859375,50.459370948162935,49.8841006341016,50.4511510541925,19865100
2024-06-05,49.61289596557617,50.278566241807304,49.56358914620619,50.21281963601972,18000800
2024-06-06,50.30322265625,50.40184257082224,49.604682170369934,49.94162570773116,17888300
2024-06-07,49.64576721191406,50.023800774620675,49.53071379152254,49.875874052697114,14822100
2024-06-10,50.18817138671875,50.38540808939083,49.637557614001395,49.80191787542858,14762900
2024-06-11,50.11420822143555,50.16351818104936,49.07050425522603,49.63755781838621,24588400
2024-06-12,49.42388153076172,50.50045873953726,49.23486473257442,50.26213198466032,21969600
2024-06-13,49.99094009399414,50.17173701678592,49.48963312290316,49.57181325735659,13692600
2024-06-14,49.818355560302734,50.03202892053691,49.52250206765302,50.00737237283536,12282100
2024-06-17,49.62112045288086,49.678647170785666,49.17734022764005,49.341703622355645,13976100
2024-06-18,49.85123062133789,50.03203068097909,49.4896336370267,49.59646718593176,12239900
2024-06-19,50.00737380981445,50.196393762749736,49.61290351993663,49.72795696261293,8744100
2024-06-20,50.45936965942383,50.64016656753278,49.98271614038448,50.17173294225394,19497200
2024-06-21,49.99094009399414,50.426500449545436,49.91697671899758,50.155300362901,39134100
2024-06-24,50.048465728759766,50.196392475542,49.63755879546936,49.69508551533233,13669000
2024-06-25,49.84300994873047,50.16351684022579,49.53893657502945,50.1224267757981,13962500
2024-06-26,50.45936965942383,50.60729639740356,50.05667950937435,50.18816959480401,17096700
2024-06-27,50.59086227416992,50.59086227416992,50.015591946040125,50.50046224811039,13755300
2024-06-28,51.13325500488281,51.404451925333774,50.656601502009686,50.6894748059949,22429400
2024-07-01,51.88932418823242,52.04547082069978,51.44554397222668,51.53594399418758,20236800
2024-07-02,51.716739654541016,52.053683167399534,51.330486187982224,51.840012971306365,24335300
2024-07-03,52.744014739990234,53.28640863703482,52.144090987531264,52.15230774689267,29884200
2024-07-04,52.48103332519531,53.17135395439264,52.45637991271571,53.12204712943344,7984300
2024-07-05,52.267356872558594,52.47281032431389,51.93041333707875,52.02081335744642,13138400
2024-07-08,51.856449127197266,51.971505691687916,51.503068945117356,51.84001561009801,18662500
2024-07-09,51.79071044921875,51.963290609477774,51.53594702099988,51.74962038272439,9794400
2024-07-10,51.092166900634766,51.568820451023996,50.820969953149024,51.503073836499496,17384000
2024-07-11,50.96067428588867,51.519507941820805,50.820967439391126,51.297617831232664,13413600
2024-07-12,51.708526611328125,51.708526611328125,50.91958605743591,51.009986083709805,13141700
2024-07-15,51.766056060791016,51.92219956451556,51.29761927967527,51.60990942209541,10198000
2024-07-16,51.22365951538086,51.23187627461232,50.43471582540397,51.19078620851285,22363900
2024-07-17,50.747005462646484,50.96889557932746,50.60729861231276,50.85384214141237,23145000
2024-07-18,50.270347595214844,50.878491173948085,50.17995071247129,50.70591103193205,20625500
2024-07-19,50.2292594909668,50.44293283843332,49.67042584601409,50.295006100947546,20553900
2024-07-22,50.17173385620117,50.35253390257457,49.90875368055131,50.22926057368889,13095200
2024-07-23,49.49785232543945,49.80192259989063,49.30883549889026,49.80192259989063,22512000
2024-07-24,49.801918029785156,49.92519136120866,49.48141113004931,49.52250119553346,17817300
2024-07-25,49.77726364135742,50.28678734030545,49.52250022439791,49.7197369238135,17959500
2024-07-26,50.51689529418945,50.73878539640791,50.138858563574196,50.50045864199132,72721200
2024-07-29,50.607295989990234,50.78809289664368,50.253915800435855,50.697692875831514,28005900
2024-07-30,49.48963165283203,50.22104548664318,49.47319499943535,50.155298873056466,28562300
2024-07-31,50.64838790893555,50.689477973999715,49.93340760994083,50.056680940104336,34433100
2024-08-01,49.514286041259766,50.84562364291748,49.48963262816443,50.82918698919688,40469400
2024-08-02,48.82395553588867,50.00736622605454,48.78286547473159,49.83478608821236,35296000
2024-08-05,48.57164764404297,48.88682578511456,47.6175930483839,47.96684538024531,24635900
2024-08-06,48.81868362426758,48.997568262560996,47.958328126676385,48.333137749188936,23930200
2024-08-07,48.7249755859375,49.057190804218806,48.571644985270204,48.81867798073346,19243400
2024-08-08,48.42683029174805,48.980524476936885,48.40127627533711,48.58016088920054,14584800
2024-08-09,48.60572052001953,48.690902745196155,48.12869161034707,48.65682855532807,21989300
2024-08-12,48.35868453979492,48.64830863685148,48.145725740473736,48.639788465162326,18421500
2024-08-13,48.145729064941406,48.54609267514828,48.145729064941406,48.54609267514828,26100900
2024-08-14,47.7027702331543,47.77943552958017,47.25981554819295,47.6686960459665,51693500
2024-08-15,47.8986930847168,48.009432570988,47.43870129512267,47.617589157404886,28153700
2024-08-16,47.77092361450195,47.779440537444906,47.302411615297345,47.66018411928144,44280200
2024-08-19,48.537574768066406,48.99756660770839,48.00943779449252,48.1457313118501,28349600
2024-08-20,48.7249755859375,49.057190804218806,48.392760367656194,48.878306186604796,19475800
2024-08-21,49.66199493408203,49.883473921068365,49.49162723243723,49.619403821044244,23200300
2024-08-22,49.73014450073242,49.73014450073242,49.27866959318079,49.61088808158458,17719100
2024-08-23,48.89534378051758,49.73014192073699,48.7675671954918,49.62791935291895,24018700
2024-08-26,49.44903564453125,49.87495326980627,49.44903564453125,49.832362157177485,17168700
2024-08-27,50.93974685668945,51.22937096914812,50.33494461433249,50.85456463222837,35232600
2024-08-28,50.57345962524414,50.68419912141808,49.985694452309296,50.57345962524414,21280300
2024-08-29,50.51382827758789,51.08455956903474,50.34346058240256,50.6075306724145,19175500
2024-08-30,50.75234603881836,50.880119377337344,50.32642841143449,50.36049935201005,36685200
2024-09-02,50.03680419921875,50.15606061473937,49.764213928679844,50.10494932973327,13155000
2024-09-03,48.17128372192383,49.36385439609002,48.10313859026804,49.36385439609002,29504400
2024-09-04,48.54609298706055,48.92941625517536,48.10313826110118,48.29905998132469,19501800
2024-09-05,48.89534378051758,49.09978241716658,48.324612483427586,48.46090599102476,16585500
2024-09-06,48.28202438354492,48.9975661554409,48.19684215454287,48.98052905974174,17917900
2024-09-09,48.28202438354492,48.84423554364221,48.273504210948474,48.64831381734249,10204400
2024-09-10,47.7027702331543,48.469423197413036,47.643142030322316,48.41831191663134,17580600
2024-09-11,49.057186126708984,49.10829740522255,48.30757028930927,48.33312755331265,25592400
2024-09-12,49.500144958496094,49.86643436160801,49.37236837620367,49.491624786613414,17929800
2024-09-13,49.83236312866211,50.25828076224042,49.43199951326053,49.491627722002,15045100
2024-09-16,49.83236312866211,49.874954242121206,49.47459387621329,49.772734919920644,10548000
2024-09-17,49.593849182128906,49.87495312425338,49.32126216270788,49.72162251964236,12056600
2024-09-18,49.01460266113281,49.55125654647458,48.93793735615632,49.057193775121156,14429800
2024-09-19,49.60236740112305,50.130504358866716,49.551256115085785,49.891991523013516,19328400
2024-09-20,48.85274887084961,49.54273657315592,48.51201673042786,49.15941007187463,30842600
2024-09-23,49.00607681274414,49.28718398159797,48.2138698362385,48.6312705037657,18164700
2024-09-24,51.399742126464844,51.7404775462258,50.80345676663006,51.28900262761846,44910100
2024-09-25,51.62973403930664,52.17490806900668,51.467883265212635,51.72343643494137,21557700
2024-09-26,54.730411529541016,54.8411477657632,53.19710882141364,53.324882151553105,61449300
2024-09-27,54.48338317871094,55.403366831577294,53.810432534428365,55.113739459828686,37237900
2024-09-30,54.10005569458008,55.641878678207995,54.10005569458008,55.641878678207995,28980300
2024-10-01,54.3641242980957,54.730413708164306,53.79339625186863,54.09153728355538,18091500
2024-10-02,54.66226577758789,55.667431620499954,54.491901329224675,54.87522458753547,20310600
2024-10-03,53.614505767822266,54.3470845522212,53.180071250058894,54.20227412946453,26675400
2024-10-04,53.22266387939453,53.67413550381313,53.06933328063095,53.597470204431346,16268300
2024-10-07,53.69117736816406,54.29598289457262,53.188594416342,53.580441119936005,22467400
2024-10-08,52.06416702270508,52.06416702270508,51.663806684449874,51.800100187801455,38028100
2024-10-09,51.927879333496094,52.01306481356209,51.32307704774968,51.68084631554542,22758400
2024-10-10,52.174903869628906,52.34527155257125,51.74898628701969,52.34527155257125,17192100
2024-10-11,52.92452621459961,53.04378263243475,51.94491435467897,51.95343452709215,20939400
2024-10-14,52.75415802001953,53.256740954430654,52.24305816276812,53.086373252182305,44954000
2024-10-15,52.10675811767578,52.132315383573314,51.5956582926332,52.04712991307059,25559300
2024-10-16,53.10340881347656,53.13748300284074,52.45601546302502,52.754156496227665,29731800
2024-10-17,51.75750732421875,52.234536224488,51.65528800612303,51.97898630450193,20345200
2024-10-18,51.5786247253418,52.36231486008628,51.5019594213939,52.12379877586301,21823500
2024-10-21,51.39122009277344,52.28564641883475,51.34010881004379,52.2600891527232,19044900
2024-10-22,51.4593620300293,51.67232082062692,51.02492752698719,51.23788631758481,14814000
2024-10-23,50.55642318725586,51.02493519658767,50.38605872876475,51.016415023966864,18289900
2024-10-24,50.85456466674805,50.85456466674805,50.43716396782086,50.54790345929028,11331700
2024-10-25,52.58378982543945,53.21414934300832,51.55306994825315,51.59566106104305,38466000
2024-10-28,53.56340026855469,53.56340026855469,52.97563187912214,53.239701970714556,16572400
2024-10-29,53.37600326538086,54.040433803078386,53.36748634160007,53.8785862552914,14941700
2024-10-30,53.21414566040039,53.40154719360584,52.91600139251648,53.239699676407184,12263300
2024-10-31,52.86490249633789,53.31637418777691,52.6434234876929,53.103415352268854,16553300
2024-11-01,52.83934020996094,53.18859253705708,52.634901566998806,52.93304260860759,15236400
2024-11-04,53.3845100402832,53.55487772895654,52.91600133355156,53.15451739749159,12360000
2024-11-05,52.9160041809082,53.75932249799797,52.77971067253439,53.62302898962416,16368800
2024-11-06,52.31971740722656,52.4986052722025,51.740472449877636,52.21749809116422,19726800
2024-11-07,54.14264678955078,54.50893618759215,52.81378270018023,52.83081979421627,38173300
2024-11-08,51.64677047729492,52.856374934126535,50.85456345999228,52.805266900425394,48764700
2024-11-11,49.960140228271484,50.9993770551501,49.960140228271484,50.897157731906596,24483700
2024-11-12,48.82719802856445,49.90902922496611,48.724978704741204,49.90051230193655,26967600
2024-11-13,48.69089889526367,49.16792776721802,48.648307786042984,48.82719239446587,20354900
2024-11-14,48.41831588745117,48.84423351374843,48.41831588745117,48.690902908321924,17967600
2024-11-18,49.02311706542969,49.21903877930498,48.529054319460144,48.631273637679094,14300000
2024-11-19,49.13385772705078,49.3894076534372,48.94645293127038,49.23607704770662,12902100
2024-11-21,49.08274841308594,49.2360790249741,48.733496074783716,48.98052908832507,15428500
2024-11-22,49.559776306152344,49.636441610490245,48.76756924449193,48.92941677609698,12590500
2024-11-25,49.55125427246094,49.883472745108676,49.5086631604272,49.55977444456382,17444500
2024-11-26,48.920902252197266,49.823848853179456,48.6823894045579,49.65348114079684,21406600
2024-11-27,49.51718521118164,49.76421497014693,49.06571030791332,49.2957062210137,22121200
2024-11-28,49.00607681274414,50.08790788011736,48.78460109595991,49.321258168639645,20467000
2024-11-29,50.07087707519531,50.437166508163735,49.53422318460843,49.61940541341766,31023600
2024-12-02,50.19013214111328,50.58197883174679,49.99421042054335,50.130503932656936,18972100
2024-12-03,49.80680465698242,50.56493745704396,49.80680465698242,50.51382617576699,15957500
2024-12-04,48.83571243286133,49.815320940239644,48.520531076602225,49.747175815571005,25109200
2024-12-05,49.23607635498047,49.23607635498047,48.44386931968296,48.94645224261908,14160000
2024-12-06,48.392757415771484,49.11681601403895,48.34164613550226,48.95496850075971,17897900
2024-12-09,50.965301513671875,51.271959455723845,49.72161965357191,49.832359139295164,40440600
2024-12-10,50.91419219970703,51.059002629370596,50.50531167834144,50.88863818258841,13089300
2024-12-11,50.12198257446289,50.76085896524063,49.789767371177405,50.68419366836757,30138500
2024-12-12,48.73874282836914,49.57239898781701,48.704364511207075,49.33175732467609,28841800
2024-12-13,48.00822448730469,48.73874573889075,47.87071448894154,48.541075321149776,18532800
2024-12-16,47.98244094848633,48.592641343021135,47.56131474697124,47.99962682908159,18958500
2024-12-17,48.223079681396484,48.472317555305416,47.82773888184921,48.02540928162285,22987600
2024-12-18,47.105812072753906,48.016814527445085,47.06283753708247,47.930872013095765,34658200
2024-12-19,46.211997985839844,47.41520964398602,46.06589176938461,47.28629586552229,29529900
2024-12-20,46.94252014160156,46.94252014160156,45.83384719995905,45.91119350143682,64919500
2024-12-23,47.14019012451172,47.46677760120821,46.753445506722976,46.98549096599743,18587900
2024-12-26,47.2776985168457,47.61288220123499,46.75344391802495,47.14018852267197,13155800
2024-12-27,47.045650482177734,47.33785961356381,46.805005546714874,47.03705426385941,16635300
2024-12-30,46.882362365722656,47.43240239723478,46.882362365722656,47.18316776192267,11250900
2025-01-02,46.62453079223633,47.355052083112135,46.60734163170432,47.01987164898095,17623900
2025-01-03,45.75649642944336,46.409668093404484,45.44709811759449,46.32372557500065,23608700
2025-01-06,45.172080993652344,46.229189773947944,45.1033243517646,45.962762704378626,21689500
2025-01-07,44.733760833740234,45.455689104190945,44.63922210046147,45.2322365988476,22070200
2025-01-08,44.304039001464844,44.94002471842238,44.20090733440296,44.71656894820895,24423800
2025-01-09,44.029022216796875,44.9056496463754,43.95167264129004,44.73376133652723,15865200
2025-01-10,44.278263092041016,44.957220158614604,44.02902518985623,44.29545225203621,25833900
2025-01-13,44.2696647644043,44.95721801747854,43.719624784742415,44.690790967987425,30845300
2025-01-14,44.56187438964844,45.060350175604825,44.372800193679566,44.64782018644967,21379000
2025-01-15,45.206451416015625,45.275208050876465,44.3727985285571,44.81111060105618,35137700
2025-01-16,45.2666130065918,45.78227794593527,44.69079092792967,44.940028818020835,220262800
2025-01-17,46.83079528808594,46.83079528808594,45.53304159478176,45.67914781334112,54658700
2025-01-20,46.658905029296875,46.83079334107456,46.203400511311486,46.598744611949215,12317600
2025-01-21,46.426856994628906,46.684687826903655,45.765089115409,46.65890572722525,28798700
2025-01-22,45.25802230834961,46.65890770366201,45.051755666694355,46.65031148440714,34645400
2025-01-23,44.96581268310547,45.54163806287438,44.55328268253075,45.507259743202226,25097300
2025-01-24,45.576011657714844,45.71352165354259,45.20645292920958,45.20645292920958,20520600
2025-01-27,46.37528991699219,46.3924790764251,45.180671203628684,45.45569119756142,24531300
2025-01-28,45.24943161010742,46.22059461022648,45.154892864600896,46.05730249975889,22932900
2025-01-29,45.37834548950195,45.98854594817574,45.23224253960705,45.37834548950195,19220300
2025-01-30,47.29488754272461,47.78476710049485,45.79087055134306,45.80805971037847,40562400
2025-01-31,46.55577087402344,47.44958748780768,46.409667937528255,47.26051329225492,25477600
2025-02-03,46.590145111083984,46.65030552419357,45.83384183813592,46.17761515897687,27216400
2025-02-04,46.426856994628906,47.01986823671053,46.24637573988627,46.521395731445594,32648700
2025-02-05,46.67609786987305,46.805011655001664,46.28934995749297,46.332321219202505,21674800
2025-02-06,47.38083267211914,47.819144746624104,47.24332268026495,47.61288139809123,32789000
2025-02-07,47.12300109863281,47.93946481814266,46.89095237634693,47.52693484913334,24395500
2025-02-10,47.61288070678711,47.61288070678711,47.13159410303698,47.157376201605054,15566300
2025-02-11,47.4066162109375,47.43239831066298,46.74484833050918,47.191756637233375,18198300
2025-02-12,47.088623046875,47.518342176826046,47.01127347234394,47.27769723467565,35432600
2025-02-13,47.14878845214844,47.26910929670779,46.521398849448154,47.14019223268156,21749900
2025-02-14,47.84492874145508,47.96525285778013,47.26910665227858,47.45818412800672,49803200
2025-02-17,47.58709716796875,48.059787571457946,47.50974759077984,47.8191458995355,12391400
2025-02-18,47.90509033203125,48.102760739555,47.7074166460107,47.78476622099797,27608200
2025-02-19,47.86211395263672,47.896492268750755,47.028461097099594,47.5269335667665,26472500
2025-02-20,49.62397003173828,49.98493255240443,48.54107591274581,48.816095912823926,76934000
2025-02-21,49.984928131103516,49.984928131103516,49.46926649619295,49.7614756302414,37134700
2025-02-24,49.5294303894043,50.33730121509958,49.40051333237453,49.93336416300347,19081700
2025-02-25,49.04814147949219,49.366132719292224,48.893442329644216,49.2458118868542,19554800
2025-02-26,48.74734115600586,49.58099407302571,48.74734115600586,49.305974080823724,25399100
2025-02-27,48.38637924194336,48.979393811396,48.13714132952115,48.51529630795407,18658000
2025-02-28,47.39802551269531,48.24886762885452,47.39802551269531,48.07697930606064,46789400
2025-03-05,47.77617263793945,48.317619655563874,47.60428433155905,48.25745924010524,13843400
2025-03-06,48.30043029785156,48.57545027552714,47.74179412404363,47.81914369767093,17678400
2025-03-07,49.00517272949219,49.28878566639428,47.741797367254485,48.111356102079164,25480600
2025-03-10,48.212066650390625,48.7121340476796,47.55125892424693,48.426380275956284,23626600
2025-03-11,48.61390686035156,48.86394397218958,47.69413709572765,48.29243641333768,23060100
2025-03-12,48.00667953491211,48.667487283100286,47.46196373132977,48.667487283100286,18825700
2025-03-13,48.667484283447266,49.256851846768484,47.953099874338754,48.11383679219487,20584600
2025-03-14,50.265926361083984,50.37308318068646,49.25685637433686,49.29257644968898,31789300
2025-03-17,50.98923873901367,51.11425900173479,50.13197737622054,50.26592595448053,23191800
2025-03-18,51.36429214477539,51.40001221944252,50.56060749703391,51.07853836034593,18165300
2025-03-19,51.274993896484375,51.39108244031422,50.765994735824066,51.212485466680754,23211900
2025-03-20,51.1142578125,51.337503166770006,50.70348377173833,50.935660847793244,17283200
2025-03-21,51.301780700683594,51.301780700683594,50.74813320171387,50.85529001296042,30524100
2025-03-24,51.03388977050781,52.00723965942807,50.864221119729855,51.748274228785576,18646500
2025-03-25,51.20355224609375,51.56967447406708,50.99816693834809,51.18569220979583,15615800
2025-03-26,51.51609420776367,51.828639732341856,51.24820047702066,51.257132198369135,29401600
2025-03-27,51.92687225341797,52.19476600492601,51.44466145683118,51.79292367443702,15345300
2025-03-28,51.40000915527344,52.1322536100285,51.40000915527344,51.88221650871812,31146000
2025-03-31,50.632049560546875,50.91780335577945,50.03375020984159,50.64990959855565,20469300
2025-04-01,51.069610595703125,51.730418402434154,50.85529694400133,50.989242124701434,12354800
2025-04-02,50.837432861328125,51.16783503518416,50.54274735561186,51.08746657057552,13197700
2025-04-03,48.99789047241211,50.399871055357146,48.89966196935354,50.00696044957672,32351100
2025-04-04,47.042259216308594,47.79236370930146,46.07783769398049,47.52446997747264,45819600
2025-04-07,46.47968292236328,47.756646644509274,45.69385830724563,46.17606909878059,35942800
2025-04-08,43.934688568115234,47.15835218777055,43.77395163259834,46.74757812675297,46815300
2025-04-09,46.30108642578125,46.48861511758988,43.55070535454985,43.89003925646836,56491900
2025-04-10,47.131561279296875,47.54233534773785,45.95282600184051,46.52433360224918,38010400
2025-04-11,47.917381286621094,48.35494366688469,46.93510311947526,46.93510311947526,22129900
2025-04-14,48.5424690246582,49.00681975737314,48.39066041662944,48.578189097894814,19994800
2025-04-15,48.05133056640625,48.80143508188145,47.801293456945366,48.560329694072955,17471900
2025-04-16,46.93510818481445,47.899526419454745,46.81008791520835,47.792369594817835,23105900
2025-04-17,47.22085952758789,47.61377013508567,46.935105739143346,47.13155933966531,23172400
2025-04-22,48.06026077270508,48.47996313908495,47.11369922107633,47.4708931592448,16780900
2025-04-23,48.63176727294922,49.42652019101877,48.57819056792668,49.02468127753463,18377400
2025-04-24,49.390804290771484,49.71227474526423,48.49782285767714,48.622839713277735,19621700
2025-04-25,48.08705139160156,48.774647540779405,47.89952609813143,48.66749071686133,26162200
2025-04-28,48.256717681884766,48.38173453805509,47.890595428905726,48.13170082571444,12001900
2025-04-29,48.07811737060547,48.524608058145844,48.07811737060547,48.408519525578335,11816200
2025-04-30,47.202999114990234,47.551261328986826,46.62255982069337,46.97082203468996,18774400
2025-05-02,47.14942169189453,47.828089527607666,46.926176320809375,47.560192357142256,17135800
2025-05-05,47.29229736328125,47.39945759126229,47.086912035998495,47.238720655744665,12201600
2025-05-06,47.3280143737793,47.845945222778816,47.256574226419204,47.319086058586144,12065000
2025-05-07,47.23871612548828,47.819151975678295,47.02439909653342,47.819151975678295,11240100
2025-05-08,47.09584426879883,47.59591171231594,47.033332431905215,47.23872116786857,15414600
2025-05-09,47.28336715698242,47.399455696093355,46.89045314966966,47.32801554696238,15558800
2025-05-12,48.47102737426758,49.29257200095111,48.47102737426758,48.72106447271226,26482400
2025-05-13,49.265785217285156,49.49796230310525,48.33708709336652,48.658560962068854,21187200
2025-05-14,49.02467727661133,49.73012995131475,48.97109716950771,49.56046472183354,16297800
2025-05-15,49.51581954956055,49.69441651171069,48.97110034790677,49.11397723633614,13955400
2025-05-16,49.55154037475586,49.7122738960295,48.944312738108664,49.29257494603348,18163800
2025-05-19,49.4175910949707,49.53367963144187,48.99788874450445,49.11397728097562,14475200
2025-05-20,49.42652130126953,49.58725823285528,49.19434762589782,49.40866467016343,10499200
2025-05-21,48.79250717163086,49.381874807938544,48.61391019562314,49.24792963077324,14486300
2025-05-22,48.42638397216797,48.79250623303661,48.19421029234192,48.774646195134004,18476000
2025-05-23,48.506752014160156,48.61390883418225,47.85487596547377,48.22099822313198,14747300
2025-05-26,48.22992706298828,48.30136721474875,48.042401774297936,48.16741863342483,7194500
2025-05-27,48.07811737060547,48.408519525578335,47.88166037802255,48.22099425436024,17943000
2025-05-28,47.69413757324219,48.033471467128074,47.49768057049976,47.988823077355825,17700600
2025-05-29,47.7298583984375,48.11384068813572,47.622701580007764,47.97989211025816,10246100
2025-05-30,46.52433395385742,47.676280885767355,46.47968556094819,47.64056080885836,28286100
2025-06-02,46.93510818481445,47.104773441027405,46.66721101354111,46.95296822332961,19267700
2025-06-03,46.90830993652344,47.00653843154505,46.31894237284728,46.37252248098278,12824900
2025-06-04,47.12262725830078,47.62269805134256,46.98867869034832,46.98867869034832,11714700
2025-06-05,47.24764633178711,47.91738239020771,47.211926257789116,47.328014795055736,12594000
2025-06-06,47.310157775878906,47.74772019413126,47.0690523706934,47.461966396827094,16638900
2025-06-09,47.58698272705078,47.58698272705078,46.98868337867529,47.229788781174015,13029200
2025-06-10,47.90845489501953,48.10490849246387,47.426244107153444,47.5959093518676,18890600
2025-06-11,47.48875427246094,48.05133354556035,47.319089021537465,48.05133354556035,13639700
2025-06-12,47.17620849609375,47.363733770553374,46.85473465047516,47.238716920913625,11136800
2025-06-13,46.55112075805664,46.89045123319851,46.39931215058483,46.49754064839829,13264900
2025-06-16,48.069190979003906,48.26564457299357,46.71185882579815,46.71185882579815,41210000
2025-06-17,45.90817642211914,48.122770019662035,45.88138806855959,47.890596340420096,43657300
2025-06-18,45.75636672973633,48.12276530768066,45.61348984731876,47.8905916511722,20499000
2025-06-20,44.577632904052734,45.79208823620966,44.577632904052734,45.75637156666982,39947200
2025-06-23,45.14020919799805,45.14020919799805,44.49726490482993,44.66693014491738,17288800
2025-06-24,45.131282806396484,45.318808091294294,44.77408886772592,45.309879775731766,18576300
2025-06-25,45.077701568603516,45.184858384948704,44.39903718981229,44.87231625125283,23319900
2025-06-26,46.43503189086914,46.702925624333425,45.3991736234079,45.3991736234079,40488400
2025-06-27,47.21192932128906,47.40838633457206,46.35466792843339,46.604701649736135,26016900
2025-06-30,47.01547622680664,47.35480673614276,46.827947527332036,47.14049308882037,19961900
2025-07-01,47.64949035644531,47.962032498998596,46.88152577022426,46.97082255196695,21844300
2025-07-02,49.38187026977539,49.73906418896493,48.04239818249511,48.05132990402437,63100200
2025-07-03,49.14970016479492,49.89980472423053,48.95324315437367,49.56047081708125,18256300
2025-07-04,49.29257583618164,49.29257583618164,48.89073350960644,49.140767221051526,5449600
2025-07-07,48.56925964355469,49.27471579386669,48.399594397441376,49.15862725365557,13174500
2025-07-08,48.73892593383789,49.64083563950043,48.542468937841555,48.685345824078794,26632000
2025-07-09,48.256717681884766,48.84608529415477,47.99775224755832,48.84608529415477,12209400
2025-07-10,49.364013671875,51.0070996829879,49.292576926933,49.41759378542193,46597200
2025-07-11,50.006961822509766,50.203418834020596,49.12290867716494,49.292577334907556,18313200
2025-07-14,49.43545150756836,49.92659060282014,48.997889116899906,49.88194221351611,15141300
2025-07-15,48.140628814697266,49.43545257109256,47.79236660159831,49.05147028320043,25029100
2025-07-16,48.57819366455078,48.685350487880356,48.14063124240284,48.31029649654584,26394100
2025-07-17,48.4888916015625,48.926454006822055,48.32815466954502,48.57819178960214,20252800
2025-07-18,48.7210693359375,48.91752293934567,48.19421014204239,48.26564688697611,23714000
2025-07-21,50.05160903930664,50.73920515699922,49.417593034346666,49.51582153779616,40484000
2025-07-22,51.346435546875,51.76613793619301,50.81957633283151,50.85529640989135,40945900
2025-07-23,51.274993896484375,51.70362799578626,50.89994331766265,51.301785656724455,17914800
2025-07-24,50.48023986816406,51.15890767226247,50.26592622952005,50.8463621234303,21651200
2025-07-25,49.73906326293945,50.25699068902265,49.35508099921834,50.1676939141146,21918900
2025-07-28,49.25685501098633,49.399731901986314,48.79250426362291,49.06039800844117,19175100
2025-07-29,48.95323944091797,49.739064016538606,48.90859105278747,49.60511544569346,14648700
2025-07-30,48.07811737060547,48.83715017684266,47.62269836815388,48.5067480218698,35607800
2025-07-31,47.73878479003906,47.88166167767194,46.76543492852333,47.33694247905482,20790000
2025-08-01,47.99774932861328,49.02467928148135,47.83701240718256,48.435311705053266,40510900
2025-08-04,48.38173294067383,48.57818994042885,48.051330773638895,48.56925821873794,16198100
2025-08-05,48.3192253112793,49.08718987957881,48.3192253112793,48.372802016493075,21037600
2025-08-06,48.0156135559082,48.76571811923707,47.97989347992732,48.67641792928487,17954300
2025-08-07,48.36387634277344,48.658561863360276,48.13170265910676,48.31029622817929,20298800
2025-08-08,49.46223831176758,49.739063767114324,48.39065996974097,48.39959169119448,24205600
2025-08-11,49.40866470336914,49.99803231742833,49.38187294378427,49.54260987547804,22304000
2025-08-12,49.92659378051758,50.15876746354801,49.73906848963292,49.96231385681579,25851300
2025-08-13,49.996273040771484,50.37524261481594,49.8576241736386,50.1903786339678,19720000
2025-08-14,49.37697982788086,49.552602198493716,49.062715640441446,49.49714194577589,42823200
2025-08-15,49.284549713134766,49.52487394947972,48.98876874993114,49.41395344378795,34201900
2025-08-18,49.17362976074219,49.645029540479484,49.01649415017176,49.08119601158694,12733400
2025-08-19,49.21060562133789,49.617303559171795,48.98876813870938,49.46016794106261,17724400
2025-08-20,48.988765716552734,49.23833154992531,48.859361993912216,48.89633549352008,9687300
2025-08-21,49.40471267700195,49.478656156075,48.9425544733368,49.00725633977094,10813800
2025-08-22,50.64329528808594,50.73572551565758,49.2753074693001,49.3862244475835,20706700
2025-08-25,50.76345443725586,51.207129407245326,50.59708073099382,50.99453353471457,10397400
2025-08-26,51.216373443603516,51.216373443603516,50.541622870208926,50.671026606752086,18891500
2025-08-27,51.18864059448242,51.32728593178077,50.94831636825264,51.04075011910527,8789100
2025-08-28,51.20712661743164,51.937333845868494,51.14242475574719,51.76171501072315,22059500
2025-08-29,51.355018615722656,51.60458445791093,51.25334325120294,51.29031675211686,13885400
2025-09-01,51.391990661621094,51.391990661621094,50.66178338207478,50.966805961938476,7765400
2025-09-02,51.19788360595703,51.355019223707934,50.87437428409805,50.93907614846985,9578500
2025-09-03,51.391990661621094,51.59534139885506,51.05923971794813,51.19788506298172,11832100
2025-09-04,51.4936637878418,51.90960685680399,51.345773310653804,51.6230675146329,8442100
2025-09-05,51.96506881713867,52.38100837379411,51.78020483307669,51.94658206613375,14014700
2025-09-08,52.0944709777832,52.3347916816282,51.97430886286715,51.97430886286715,9701900
2025-09-09,51.93733596801758,53.166678442226704,51.80793223936128,52.44571279629182,24300300
2025-09-10,52.297821044921875,52.73224733398892,52.02052331770354,52.1961456817401,13463700
2025-09-11,52.70452117919922,52.93560027756857,52.048257386067206,52.177661116996084,14107200
2025-09-12,52.68603515625,53.08349149301648,52.40874093957245,52.40874093957245,12303800
2025-09-15,53.148189544677734,53.194404656475704,52.66754462480743,53.129702794761144,12457500
2025-09-16,53.33305358886719,53.665808035834836,52.86165028033402,53.397755450667894,15618500
2025-09-17,53.42548751831055,53.628838255781694,53.01878956935552,53.18516680437968,23116700
2025-09-18,53.32381057739258,53.68429692664131,53.05576150752319,53.46245944448726,17700400
2025-09-19,53.53640365600586,53.78596950460929,53.19440757872879,53.58262229632988,25374600
2025-09-22,53.6103515625,54.017049511894584,53.434732714667916,53.44397432729602,21947300
2025-09-23,53.30532455444336,53.97083348400394,53.296082941971555,53.61035065582103,17652400
2025-09-24,53.50867462158203,53.73975371635548,53.3053238898655,53.56413487368304,13005700
2025-09-25,53.8044548034668,54.11872250885776,53.64732271376487,53.78596805303355,13631100
2025-09-26,52.769222259521484,53.5548897718926,52.260848955870344,53.370029316737394,29037000
2025-09-29,52.94483947753906,53.37926929099375,52.80619414042742,53.148190203153945,15580200
2025-09-30,53.222137451171875,53.4069979015135,52.7692208854659,53.30532253823336,18280700
2025-10-01,53.896888732910156,54.22963966384172,53.38851190929152,53.38851190929152,18278300
2025-10-02,54.25736999511719,54.405260468837284,53.68429485020019,53.9431022977136,14824500
2025-10-03,54.155696868896484,54.64558342219459,54.07250825362066,54.257372234898845,19240200
2025-10-06,55.080013275146484,55.431254487141146,54.349802488047935,54.35904762640912,26102900
2025-10-07,54.303585052490234,55.10773928216138,54.303585052490234,54.996822308479466,26072300
2025-10-08,54.71953201293945,54.89515086095685,54.432992657344165,54.64558500788753,24609500
2025-10-09,54.63634490966797,55.810227202500506,54.63634490966797,55.32958223430225,18184600
2025-10-10,54.41450500488281,55.27411953144469,54.41450500488281,55.061527184422225,22970400
2025-10-13,55.227901458740234,55.514440794241324,55.04303748506169,55.153954458874004,23294500
2025-10-14,55.227901458740234,55.57914265613076,54.73801492558106,54.811958399460266,19329000
2025-10-15,56.2538948059082,56.36481178295993,54.959850478351825,54.987582367105105,45104600
2025-10-16,55.73627853393555,56.3185988565462,55.52368618383676,56.02281788893161,21358500
2025-10-17,55.57914352416992,55.736275612359215,55.27411743393835,55.36655118521477,17325300
2025-10-20,56.290870666503906,56.70681022937991,55.58838822175985,55.58838822175985,17798400
2025-10-21,56.19843292236328,56.429512008002916,55.98584058669325,56.05978758657171,13432700
2025-10-22,57.19669723510742,57.529451688231404,56.54967507914269,56.57740344157399,25267300
2025-10-23,57.085777282714844,57.80674644675001,57.002588668633365,57.51096549134634,11217700
2025-10-24,57.058048248291016,57.427776201186475,56.68832382138264,57.298372475469186,11127600
2025-10-27,56.99334716796875,57.45550535244011,56.75302646347798,57.36307512594069,12018100
2025-10-28,57.49247741699219,57.80674511562025,56.91940226984231,56.99334574399695,15797400
2025-10-29,58.536956787109375,58.86970771497023,57.96387810504364,58.06555346882908,30844900
2025-10-30,58.980628967285156,59.1562478086116,58.16722957264035,58.33360680168104,25586000
2025-10-31,60.32088851928711,60.58894111388402,59.036085798077266,59.41505537023639,38988400
2025-11-03,60.404075622558594,60.44104912497485,59.75705696021042,60.17299652143789,16985400
2025-11-04,59.72932815551758,60.08981098644713,59.183977813871294,59.94191697787374,22055700
2025-11-05,60.75532150268555,61.16201593290066,59.61840920109808,59.72932971041565,22505400
2025-11-06,60.542720794677734,61.051097606873064,60.320886845707996,60.78304501971317,15939100
2025-11-07,59.87721252441406,59.951159525505005,59.17473011799846,59.94191438737509,20800300
2025-11-10,60.2746696472168,60.579695741819734,59.997378967374885,60.13602078130871,12689400
2025-11-11,60.11753845214844,60.690617148849135,59.85873099298501,60.27467054492989,25496500
2025-11-12,60.78304672241211,60.95866203811116,60.320888535460625,60.320888535460625,26550300
2025-11-13,60.69985580444336,61.420821462294576,60.3671013389775,60.78304794679704,19058500
2025-11-14,60.33012771606445,60.579697090650626,59.72008256524994,59.94191652445755,16374400
2025-11-17,60.28391647338867,60.79228625998674,59.997380647270234,60.63515416514594,20150800
2025-11-18,60.09904861450195,60.34861798907195,59.43354673692228,59.57218855393403,22468700
2025-11-19,60.03434753417969,60.320890414357464,59.80326843350621,60.09904940028928,16523800
2025-11-21,60.228458404541016,60.330126718016174,59.27640661424385,59.664624851402834,20272600
2025-11-24,60.16374969482422,60.561206019679375,59.87721387410573,60.089809744040764,20462800
2025-11-25,60.635154724121094,60.92169760485554,60.22846030148836,60.22846030148836,18275300
2025-11-26,61.540985107421875,61.827520923163725,60.93093292322725,60.99563478652297,33408500
2025-11-27,61.309906005859375,61.605686959726185,61.13428364038483,61.46703809498176,9739100
2025-11-28,62.29892349243164,62.67788952946496,61.966169041782116,62.576214166656825,46007200
2025-12-01,62.77956771850586,62.97367331479404,62.391356525929496,62.66865426461229,15657000
2025-12-02,63.29719161987305,63.519025586384416,62.631682668364306,62.94594686659085,22567200
2025-12-03,65.33992767333984,65.7188937250973,63.61145349041851,63.648426992146575,42361200
2025-12-04,66.47683715820312,66.91126701649434,65.33993187779942,65.34916996484507,38019900
2025-12-05,64.90550231933594,66.85581059515802,64.6282045632383,66.51381096956757,40196800
2025-12-08,64.46182250976562,65.49705939637482,64.23074341425259,65.09035793164009,20860900
2025-12-09,64.49879455566406,65.09960160083372,63.68539869652578,63.87025914797451,23081300
2025-12-10,65.68191528320312,65.94996786158961,64.93322132245133,64.93322132245133,24454800
2025-12-11,66.55078125,66.89278085902333,65.13657827675343,65.38614060357213,25687700
2025-12-12,66.73731231689453,67.09721595538872,65.87160517944477,65.90078515153705,36483700
2025-12-15,67.1458511352539,67.4960256654397,66.63031847168956,66.77622576279249,16841700
2025-12-16,67.39875793457031,68.11855785134482,67.36957796000765,67.4376670410383,21953000
2025-12-17,68.25473022460938,68.83835192982464,67.54465949996245,67.73919759465001,29375000
2025-12-18,68.42981719970703,69.17880444562543,68.3909080966974,68.67299352765279,18430200
2025-12-19,68.91617584228516,68.99399405506442,68.45900311864852,68.57573043781741,37147100
2025-12-22,70.92967224121094,71.36739410078732,68.87726336190397,69.0912597259876,27853000
2025-12-23,70.91022491455078,71.52302664295073,70.5989594844051,71.23121947658785,17140900
2025-12-26,71.12422180175781,71.34793988879946,70.6378690998285,70.87131631883165,16368800
2025-12-29,70.1515121459961,71.72729005520061,69.74297026106082,71.19230656819585,19963700
2025-12-30,69.99588012695312,70.85185821263912,69.9472493093439,70.52114193674451,17085400
2026-01-02,70.40441131591797,70.5697768672664,69.69434055865366,70.35578050058852,28418900
2026-01-05,71.12422180175781,71.4938471836089,70.32660366743987,70.42387272359508,24958100
2026-01-06,73.79915618896484,73.9158760792331,70.89076190390179,71.44520364613423,39536600
2026-01-07,74.23686981201172,75.22902597426004,73.5559790556798,74.02287345397806,41501600
2026-01-08,73.51707458496094,73.73107095647953,72.16501469707872,73.73107095647953,31894900
2026-01-09,72.68054962158203,73.6435259021957,72.17473865115127,72.85563689270755,24801200
2026-01-12,72.69999694824219,73.41007513044943,72.47627886999611,72.95290242122528,13129800
2026-01-13,73.29335021972656,73.97424845069018,72.25255574121458,72.4373721415145,24539200
2026-01-14,76.76590728759766,76.93126542215286,73.5754348086713,73.76997291742413,44225300
2026-01-15,76.69781494140625,77.46625305421793,76.36709868637868,76.74645317709987,35503900
2026-01-16,76.72699737548828,76.72699737548828,75.45275570789285,76.2503738192443,45910100
2026-01-19,76.42546081542969,76.50327902630127,75.74457002318589,76.37682257834668,10678500
2026-01-20,77.89424896240234,78.0206979907569,75.29712736717866,75.70566184754242,31198500
2026-01-21,80.2481918334961,80.54000640862452,78.30278112238103,78.77940466868141,83134600
2026-01-22,80.71509552001953,82.0963353755021,79.83965919571611,80.24819367334001,62515300
2026-01-23,82.69940948486328,83.39975855721748,81.40571694853739,81.46407689751584,25432600
2026-01-26,80.8026351928711,83.78884039684876,79.93692800293691,83.22466949835254,35741300
2026-01-27,82.58268737792969,83.77911082690436,81.07499108632085,81.30843829714344,30922500
2026-01-28,84.59618377685547,85.10198728338366,82.67995308847922,82.96203852484882,28473800
2026-01-29,85.02417755126953,87.05712815496966,84.4405484088391,85.59807014119922,42013200
2026-01-30,82.01851654052734,85.50080354785878,81.70725111882557,83.33166730642073,41681400
2026-02-02,82.50486755371094,83.50675287759827,81.74615856751093,82.11578392918064,22289400
2026-02-03,86.56105041503906,86.57077954684361,84.06119786429656,84.06119786429656,37709700
2026-02-04,86.98904418945312,87.14467319440085,85.1603607096862,86.09415700283229,51744400
2026-02-05,84.09037780761719,86.50269043469063,83.8861105667157,85.58834499538126,57049000
2026-02-06,83.29275512695312,85.17007671950444,82.87449153624523,84.05147152168001,28889600
2026-02-09,84.9269027709961,85.28680642650686,82.32005210431089,84.28492109115467,26531100
2026-02-10,84.67400360107422,85.34516524551742,83.8958363533932,84.35300905481934,14177200
2026-02-11,87.63101959228516,87.85474508342786,86.06497083889711,86.2303289638728,28395300
2026-02-12,86.79450225830078,89.119267467514,86.64859497054056,87.39757483001871,51472200
2026-02-13,84.65454864501953,85.73425221830468,83.67211412620583,85.17981044454905,28644800
2026-02-18,81.62943267822266,82.82586354582905,81.2792581521502,82.77722530898171,20898700
2026-02-19,81.18199157714844,82.04769878714946,80.08283714969237,80.7637279594168,28410900
2026-02-20,84.4405517578125,84.4405517578125,81.14308110960346,81.51271390395634,40577200
2026-02-23,85.00472259521484,85.90933889578776,84.06119718888951,84.4405516935343,21193900
2026-02-24,85.33544158935547,86.28868865381735,85.0144470504202,85.0144470504202,19760700
2026-02-25,87.5143051147461,87.86447964879457,86.09415613606198,86.59995967349136,28707500
2026-02-26,86.7750473022461,86.94040543813797,84.66427837848772,86.51242011119153,24503100
2026-02-27,86.05524444580078,87.05712977990574,85.85097721059859,86.70695525637254,17328300
2026-03-02,85.75370788574219,86.72641324331465,84.90745155303908,85.52025325669469,13952600
2026-03-03,82.17415618896484,82.98149603807671,80.29683445340352,82.92313608832613,36088800
2026-03-04,81.79479217529297,83.29275935713433,81.2987177727021,83.0593121429061,17605800
2026-03-05,79.07122039794922,81.99906563883562,78.35142050225312,81.8337000859009,37872100
2026-03-06,76.7075424194336,78.9836693147015,76.26009886107715,78.69186217028782,29504600
2026-03-09,77.09662628173828,77.91369519411445,74.46059573659228,75.59865918789595,30576600
2026-03-10,78.36114501953125,78.7794086403539,77.49543780313256,77.97206879461525,17172800
2026-03-11,77.67052459716797,78.73077734068518,76.64918838128798,77.6121646480186,20865000
2026-03-12,77.0771713256836,77.59270398362864,75.54030248345678,77.59270398362864,29136500
2026-03-13,76.16283416748047,78.29305390175858,75.89047042750848,77.13553954677829,14416400
2026-03-16,76.6880874633789,78.01096735431524,76.65890748979477,77.22307838293146,13591400
2026-03-17,76.80481719970703,77.53434624691681,76.48382263785795,76.94099536149393,14222300
2026-03-18,75.02476501464844,76.52273222486589,74.9469542225338,76.50328138212555,19412200
2026-03-19,74.53840637207031,74.6162245791354,72.0385539840375,72.14555216346383,27262900
2026-03-20,73.4878921508789,74.60649736630313,72.67081579799151,74.12987382279132,44208900
2026-03-23,75.37493896484375,76.27955527885045,73.89643003006076,74.47032265083705,23384500
2026-03-24,75.9682846069336,76.26982830489568,74.47031751178076,74.87885938947896,15700300
2026-03-25,77.37871551513672,78.05960630887125,76.84372459066454,77.03826269711638,18658300
2026-03-26,76.75618743896484,77.4176199932311,75.88075108603401,75.9974709856559,13518900
2026-03-27,76.8437271118164,77.73861430470001,76.0363798433623,76.32819443376722,11101700
2026-03-30,77.330078125,78.8474961511744,77.12581088464215,78.0596071639151,18776700
2026-03-31,80.22874450683594,80.48164256713127,78.39032447682295,78.53623177077995,24956400
2026-04-01,80.73454284667969,81.74615728614027,80.32600838684544,81.03607912591647,28514000
2026-04-02,81.26953887939453,81.48352783294365,79.13931168541612,79.28521897918165,14019800
2026-04-06,80.82208251953125,81.92124429485193,80.54000450370579,81.74615703814659,8680700
2026-04-07,81.40571594238281,81.41543765299025,80.34546321507516,80.78318509046301,15312500
2026-04-08,83.25384521484375,84.35300698176675,82.41732546270126,84.13901062285599,24942400
2026-04-09,82.37841796875,83.20521602702604,81.96015437392997,83.03012876823735,17973100
2026-04-10,83.25384521484375,84.0320124434006,82.27141817970276,82.6799526351764,24002400
2026-04-13,84.97554016113281,84.97554016113281,82.60213672701688,82.78695311870217,24661900
2026-04-14,85.88988494873047,86.12333215365325,84.80045229050275,85.1117177041174,18528400
2026-04-15,86.02606201171875,86.64859283104832,85.49107111019204,85.74397657465491,24527300
2026-04-16,85.05335998535156,86.95013248967896,84.72263630032731,86.46377980434855,13618900
2026-04-17,87.30030822753906,87.30030822753906,85.40353569690616,85.79261191364398,30119000
2026-04-20,86.30815124511719,86.9987711712774,85.62725302948309,86.37624032456529,16067700
2026-04-22,84.83936309814453,86.30815027679252,84.83936309814453,85.54943385854347,13222100
2026-04-23,83.62348175048828,84.79072522468991,83.37057627665514,84.27519256656497,12637500
2026-04-24,83.52621459960938,84.61563988802817,83.40948728107028,83.62348365448203,11436400
2026-04-27,83.16630554199219,83.94447277283449,82.5729546982343,83.79856548940747,8656600
2026-04-28,82.08660888671875,82.97177437122303,81.75589260975231,82.38814518879443,13687500
2026-04-29,77.27171325683594,80.6470019160327,77.08689687064219,80.54000373677871,43296200
2026-04-30,78.96421813964844,79.47002164051838,78.0206927922798,78.8183108574822,17593900
2026-05-04,76.51300811767578,79.13930965340869,76.50327898603369,78.9642223896163,18555600
2026-05-05,76.25037384033203,77.25225919035084,75.84183936343848,77.25225919035084,16295600
2026-05-06,79.01286315917969,79.41166851545128,77.91370130413776,78.15687765491295,17424200
2026-05-07,77.884521484375,79.44084864820171,77.42734875662362,79.07122326590327,18912100
2026-05-08,78.59459686279297,79.55757310114969,78.16660412523308,78.37087136239039,16782600
2026-05-11,81.17225646972656,81.63915829141877,78.97394777664368,79.16848587334303,24868900
2026-05-12,80.97772216796875,81.69752206487229,79.5089349792515,80.88045311506065,16503000
2026-05-13,81.99906158447266,82.72859057571831,80.74427082899182,81.21116522754355,31641800
2026-05-14,80.60809326171875,83.0787656871776,80.37463863959867,82.67995294025366,31954300
2026-05-15,81.22090148925781,81.22090148925781,78.04987978432914,78.44869256337608,36318900
2026-05-18,79.59648132324219,81.31816654369356,78.84749404082355,80.73454481241274,22668800
2026-05-19,78.80858612060547,79.06149159571837,77.98178803709939,78.5945971721363,20334400
2026-05-20,79.7618408203125,79.9661080587042,78.6432281538458,79.22684989512966,15669300
2026-05-21,80.37464141845703,80.61781775904178,79.00313071655857,79.1393088735938,15156600
2026-05-22,80.83181762695312,80.87072673367018,79.61593587136973,80.0828377308212,11443900
2026-05-25,81.30844116210938,81.30844116210938,80.19955759518841,80.57891210907435,7059500
2026-05-26,80.8026351928711,81.82397880493654,80.05365531953535,80.95827161500236,10409000
2026-05-27,81.17225646972656,81.64888742259954,80.2579185098564,81.39598195996824,10613200
2026-05-28,81.66834259033203,81.7558899332916,79.99528815393495,80.88045360946137,12798900
2026-05-29,80.55945587158203,81.97960477585058,80.13146314769327,81.71697759965242,20839400
2026-06-01,79.47002410888672,80.00501501972903,78.38059886666655,79.88828770613992,16605900
2026-06-02,82.6799545288086,82.7577727376771,79.8007475910496,79.9758348504273,18457400
2026-06-03,79.55757141113281,81.50298210976575,79.55757141113281,81.32789485004268,19308800
2026-06-05,76.55191040039062,78.58486850260371,76.19201415950326,78.58486850260371,23008500
2026-06-08,75.9391098022461,77.11608243828516,75.20958075684685,76.76590790280126,15671500
2026-06-09,76.35736846923828,76.63945390571392,74.73295234784834,76.63945390571392,17523500
2026-06-10,75.5792007446289,76.01692259334227,75.09284808238252,75.79319710340175,12469100
2026-06-11,76.64918518066406,76.89236152016979,74.99558161933341,75.98774524036239,17725500
2026-06-12,77.00907897949219,77.62188808521482,75.99746454858514,76.51300460581055,12112600
2026-06-15,78.94477081298828,80.48163964625257,78.44868899999983,78.57513802555835,22329400
2026-06-16,79.21712493896484,79.94665394096812,78.40004859772174,78.53622675107012,19713900
2026-06-17,77.60243225097656,79.11985023424026,77.09662873027298,78.15687400802699,20268200
2026-06-18,77.75807189941406,78.18605722819677,76.72699913103682,77.33007914947811,19651900
2026-06-19,78.54595947265625,78.85722489755935,77.33007774707333,77.5051650124034,26305900
2026-06-22,78.70159149169922,79.35330227906647,77.9234242624096,78.35141698063416,18089300
2026-06-23,77.21334838867188,77.79697753844596,76.66863576477918,77.30089572959916,18415100
2026-06-24,75.60839080810547,76.707545191982,75.05394905041157,76.4157306158682,22558900
2026-06-25,76.51300811767578,77.0577207511841,75.30684811326013,76.06555711597618,13882800
2026-06-26,76.01692199707031,76.7269927225348,75.78347479894595,76.04610196919178,25251100
2026-06-29,75.99746704101562,76.41573064230857,75.04421994486617,76.21146340741942,11791900
2026-06-30,75.75428771972656,76.15310046344699,75.14148603917735,75.968284077708,11289500
2026-07-01,75.84183502197266,76.76590210792816,74.93721877711877,74.9858495904491,15414700
2026-07-02,76.1044692993164,77.15499292455756,75.59866575076697,76.45464384106346,17199300
2026-07-03,76.6880874633789,76.88263298919483,75.88074764999004,76.28928212247399,7793500
2026-07-06,75.666748046875,76.6297242397425,75.38466261236782,76.15310070889028,12389100
2026-07-07,74.12014770507812,75.4819367344919,73.721342354417,75.4819367344919,16866100
2026-07-08,70.7156753540039,73.16689697027054,70.37522996873155,73.16689697027054,29276700
2026-07-09,71.15339660644531,71.48411285757365,69.96669491257964,71.40630207099522,18980500
2026-07-10,72.15528106689453,72.62218288665875,71.12421580057075,71.98019381212704,22142400
2026-07-13,70.86158752441406,72.15528749878527,70.47250387678659,72.15528749878527,16237900
2026-07-14,71.98992919921875,72.65136917235837,71.18258193090138,71.4160291504938,14780100
2026-07-15,72.47628021240234,72.95290377245954,71.78566028056143,71.97046925706753,15456000
2026-07-16,70.988037109375,72.05801147097176,70.56004439627526,71.83428598335527,12989700
2026-07-17,70.94913482666016,71.12422209692747,70.13205842502829,70.98804393351438,13491600
2026-07-20,69.9666976928711,71.25066848684595,69.75270132368311,71.00749214388743,13137000
2026-07-21,70.39469146728516,70.97831321474447,69.61652418990396,70.36550407193201,12581400
2026-07-22,73.0501708984375,73.19607818636183,71.33820739050807,71.60084199300246,17992800
2026-07-23,73.61434173583984,74.96640158876761,72.47627824889828,72.50545822223222,15826900
2026-07-24,73.18634796142578,73.46843340155758,72.79726433982495,73.10853717402787,8637800
2026-07-27,73.62406921386719,73.6532491865458,72.21364202479434,72.33036933666156,10921700
2026-07-28,73.62406921386719,74.16878182694208,72.95290015764795,74.02287454239622,12270800
2026-07-29,73.00154113769531,74.12014637858259,72.57354839924263,73.93533740428506,12265200
2026-07-30,74.01314544677734,74.47031814203663,72.57354570548506,73.90615468728846,16732800
2026-07-31,74.19796752929688,74.83022753038442,73.18635301178746,73.63379661010163,17353300
2026-08-03,72.60272979736328,74.39251157597096,71.93156070274125,74.29523509993928,23582200
2026-08-04,74.22714233398438,74.81077147658415,73.73106795238851,74.03260423388633,19784000
2026-08-05,74.56759643554688,74.8496744592407,73.24471655268408,74.22714362273503,15107500
2026-08-06,73.33226013183594,74.460601967522,73.32253099983083,74.40223459664467,21991700
2026-08-07,72.92372131347656,74.05205566104325,72.48599945306519,73.8380667177043,13038800
2026-08-10,73.8575210571289,74.24660469998082,72.66109015406109,72.85563568606365,15094700
2026-08-11,72.36927795410156,74.606495757871,71.69810890239437,74.22714127329373,36211800
2026-08-12,73.18000030517578,73.54000091552734,72.66000366210938,73.11000061035156,24930300
2026-08-13,71.9000015258789,73.19999694824219,71.5,72.19999694824219,19535200
2026-08-14,71.30000305175781,71.9800033569336,71.08999633789062,71.55000305175781,22933800
2026-08-17,71.41000366210938,71.80000305175781,70.69000244140625,71.19999694824219,10007400
2026-08-18,71.55000305175781,72.70999908447266,70.8499984741211,70.98999786376953,12466800
2026-08-19,72.12999725341797,73.8499984741211,71.76000213623047,72.5999984741211,18624200
2026-08-20,74.0199966430664,74.0999984741211,71.25,71.48999786376953,24999800
2026-08-21,75.02999877929688,75.80999755859375,74.51000213623047,74.80000305175781,28372500
