Price,Close,High,Low,Open,Volume
Ticker,WEGE3.SA,WEGE3.SA,WEGE3.SA,WEGE3.SA,WEGE3.SA
Date,,,,,
2015-01-02,4.708353042602539,4.86580756906682,4.670136498617609,4.708353042602539,3116360
2015-01-05,4.740458011627197,4.748101096923073,4.650265890484208,4.740458011627197,3908840
2015-01-06,4.670136451721191,4.720582531864103,4.555484925688243,4.719054218842273,4307160
2015-01-07,4.616635799407959,4.69765616260438,4.586061555364569,4.664024911107451,1829880
2015-01-08,4.694596290588379,4.725169760352529,4.615104662728022,4.648735138327203,1586000
2015-01-09,4.67319393157959,4.749628157485227,4.636505321202854,4.676250936731756,1813240
2015-01-12,4.647207260131836,4.714470118345344,4.630392398432066,4.662494566261397,2717520
2015-01-13,4.664022445678711,4.7236410718623425,4.636506360772564,4.660965060795141,1899040
2015-01-14,4.738928318023682,4.824534721529794,4.667079768381725,4.696125305793629,2895360
2015-01-15,4.738928318023682,4.797018634755477,4.719055693977232,4.761858706207285,3128320
2015-01-16,4.738928318023682,4.7771456316630205,4.723641392567946,4.757272628570564,2713880
2015-01-19,4.763386249542236,4.766443254849846,4.711411094578225,4.754214475527577,2163720
2015-01-20,4.823005199432373,4.844406891389334,4.777144809999112,4.784787892366371,3791320
2015-01-21,4.771032333374023,4.86275314902589,4.754216711520947,4.816892741199957,3078400
2015-01-22,4.8107757568359375,4.8459349191737076,4.755742837902638,4.790903137378165,3037320
2015-01-23,4.867337226867676,4.891796684095612,4.763386902686238,4.787845601822241,4569760
2015-01-26,4.8092474937438965,4.861222270741128,4.746570355103455,4.861222270741128,2490800
2015-01-27,4.8902692794799805,4.8902692794799805,4.777146021867461,4.793961641242294,3045640
2015-01-28,4.937657833099365,4.968232064556825,4.829121415130824,4.8917974335282395,2005120
2015-01-29,5.049253463745117,5.085941336316641,4.914728863690862,4.914728863690862,3386240
2015-01-30,4.904027938842773,5.107344113074689,4.891798773574202,5.046195633408922,4946240
2015-02-02,5.035494804382324,5.044666203185863,4.910142372520678,4.952945771367216,2069600
2015-02-03,4.995748519897461,5.050781458283282,4.962117279772793,5.001862911783165,1620840
2015-02-04,5.020207405090332,5.05383864642428,4.986576163756383,4.995748699529891,3271320
2015-02-05,5.006449222564697,5.029379993670129,4.97129004616582,5.015621758434513,4990960
2015-02-06,4.995748519897461,5.046194621992357,4.966702978925558,5.004920297249044,4041440
2015-02-09,5.003389835357666,5.030906673866896,4.981988144663979,5.023262833858946,3581240
2015-02-10,5.134858131408691,5.200591147415393,4.9819888893188,4.994218807731968,5055960
2015-02-11,5.098169326782227,5.1363862568604945,5.046193407327312,5.059952017657997,3399760
2015-02-12,5.040079593658447,5.156259847644852,4.936129259037249,5.105812993828147,3221400
2015-02-13,4.959060192108154,5.079826546216574,4.842879916473955,5.044666232201467,4907240
2015-02-18,4.952945232391357,4.997276940183626,4.891797526407494,4.956002238644518,3576560
2015-02-19,5.044665336608887,5.044665336608887,4.922370690433089,4.975874929800258,3195920
2015-02-20,4.968231201171875,5.024792060211767,4.954472590931691,5.024792060211767,2158520
2015-02-23,4.9452996253967285,5.0339641532758925,4.934599537939742,4.972816464425384,2050360
2015-02-24,4.968231201171875,5.029378516322468,4.957529975641519,5.029378516322468,3264560
2015-02-25,4.877097129821777,5.007871549306137,4.849404486309551,4.995562987165378,3592160
2015-02-26,4.857095718383789,4.923252175805285,4.824787132289178,4.923252175805285,3018080
2015-02-27,4.7047810554504395,4.864786931040804,4.7047810554504395,4.832477593802378,5079360
2015-03-02,4.781708240509033,4.790938991364958,4.638625689251411,4.724782924417291,6914440
2015-03-03,4.877097129821777,4.890944214544705,4.757093131379414,4.770939834618935,7074080
2015-03-04,4.869403839111328,4.9509451367445,4.854018616636518,4.854018616636518,6588400
2015-03-05,4.815556049346924,4.904790348760303,4.806325296408214,4.877096564010718,11430640
2015-03-06,4.840172290802002,4.889404235802358,4.7417068748681155,4.821710025314399,4772560
2015-03-09,4.778633117675781,4.844789984751534,4.686322505397747,4.803250247374768,4503200
2015-03-10,4.723243236541748,4.79863003573792,4.707858019773884,4.775552592069306,2976480
2015-03-11,4.789402008056641,4.803249092497538,4.761708983625046,4.792479053158306,2511600
2015-03-12,4.869403839111328,4.88632758383362,4.787862541478156,4.830941164407626,3182400
2015-03-13,4.846324443817139,4.8924797112529435,4.80478435979006,4.8540166704871295,2286440
2015-03-16,4.723243236541748,4.861709805969349,4.707858019773884,4.846324589201485,4793360
2015-03-17,4.737091064453125,4.801709377017844,4.697089488069393,4.714013231924049,4258280
2015-03-18,4.806325435638428,4.855557772498959,4.720168941503342,4.720168941503342,3010800
2015-03-19,4.783247470855713,4.860173203590065,4.769400388813196,4.804786401353331,1829360
2015-03-20,4.82940149307251,4.877094908429801,4.761706911773634,4.8632489744635645,3814200
2015-03-23,4.746324062347412,4.846327653078207,4.715553227874998,4.846327653078207,6585800
2015-03-24,4.7309370040893555,4.787861938594894,4.717089924122313,4.744783702573121,4303000
2015-03-25,4.777763843536377,4.800904156225172,4.70679904488858,4.757708574353304,1535040
2015-03-26,4.691371440887451,4.759251194707954,4.583382297049035,4.714512900693028,3281200
2015-03-27,4.780847549438477,4.827128158164525,4.628119015995299,4.702169214028355,3724760
2015-03-30,4.9119791984558105,4.928949043235372,4.746909655190486,4.746909655190486,6712680
2015-03-31,4.905807971954346,4.981400905226577,4.876496808922228,4.9150646320203055,5260320
2015-04-01,4.989114761352539,5.038481581587528,4.9088936784706805,4.936662897375335,5945160
2015-04-02,4.986026763916016,5.100187094317271,4.976770872417464,5.044649832714585,4787900
2015-04-06,4.998372554779053,5.0724216543359235,4.979859992997916,5.056995284563428,5193240
2015-04-07,5.019969463348389,5.112531494345101,5.013798992801447,5.050823346173124,2448940
2015-04-08,5.013798236846924,5.1063602538876145,4.924320880830855,5.053908775750679,3775980
2015-04-09,4.94900369644165,5.069334925514195,4.930491140811654,5.026139344899969,3537040
2015-04-10,4.973687648773193,5.026139508914038,4.949003857938613,4.958260518578109,1259440
2015-04-13,4.964430809020996,5.013798006386584,4.939747784121849,5.004541346081061,3296280
2015-04-14,5.013798236846924,5.038481262880632,4.9212354547613355,4.9397480111784535,2365740
2015-04-15,5.007627964019775,5.044653083965568,4.976774079920804,5.001457110695477,2344680
2015-04-16,4.918150424957275,5.013798640818956,4.893467396934804,5.013798640818956,3211780
2015-04-17,4.908892631530762,4.986028271696894,4.847184501920246,4.908892631530762,3488420
2015-04-20,4.853355407714844,4.9459170147973035,4.853355407714844,4.921233996079781,2854280
2015-04-22,4.828672885894775,4.918150245861883,4.797819388882083,4.825587842211478,5937100
2015-04-23,4.856441497802734,4.893466607648233,4.810159727973444,4.862612349443651,3156140
2015-04-24,4.9119791984558105,4.952089740662047,4.853357245875673,4.881125700265203,4073940
2015-04-27,4.890380859375,4.94591852916955,4.859527363422933,4.936662633392911,2221440
2015-04-28,4.8440985679626465,4.902721261185276,4.785475492217697,4.902721261185276,2499120
2015-04-29,4.890380859375,4.902722946296241,4.828672719903508,4.865697833099874,3131440
2015-04-30,4.94900369644165,4.9736874864707445,4.881125090843195,4.921235245519088,5409040
2015-05-04,5.121786594390869,5.131042488649603,4.945917718071908,4.945917718071908,4570800
2015-05-05,5.186580657958984,5.186580657958984,5.0724198997966035,5.115616627389386,4040660
2015-05-06,5.131043910980225,5.226692130898954,5.10636088191079,5.1834961606130765,3028220
2015-05-07,5.140298843383789,5.189665267435702,5.124871716329327,5.1526401625049925,1884740
2015-05-08,5.214349269866943,5.214349269866943,5.1279569722505585,5.168067504258488,1916720
2015-05-11,5.251373767852783,5.269886321639136,5.211263234649019,5.2143494253248655,4189120
2015-05-12,5.291483402252197,5.319252612744721,5.217434341898823,5.269885807464425,4914780
2015-05-13,5.232861042022705,5.306911254733525,5.192750510137677,5.291483744563056,3444480
2015-05-14,5.371706008911133,5.390218566226401,5.220520889214715,5.242118872749193,2559180
2015-05-15,5.343937397003174,5.448841120300836,5.306912283470501,5.380962510535847,2031900
2015-05-18,5.322337627410889,5.384045746727594,5.272970443417336,5.371704046359787,3227900
2015-05-19,5.245203971862793,5.322339240010236,5.229776459206372,5.322339240010236,2103400
2015-05-20,5.282230377197266,5.359365664226302,5.229777739379659,5.245205255812511,3335020
2015-05-21,5.306911468505859,5.3223385967753805,5.220519932718938,5.288398914582434,2598180
2015-05-22,5.337765693664551,5.380961652565264,5.2452033071139885,5.303826011671133,3418480
2015-05-25,5.473525047302246,5.510550166926277,5.319254863103009,5.319254863103009,1875640
2015-05-26,5.282230377197266,5.470440263335494,5.263717816504888,5.464269792293904,5146180
2015-05-27,5.365532875061035,5.374789532305227,5.208176969833547,5.239031218906507,2909920
2015-05-28,5.306911468505859,5.328509065560792,5.269886360659009,5.306911468505859,2301520
2015-05-29,5.276057243347168,5.374790475178628,5.251373457236339,5.279142668795725,3688620
2015-06-01,5.313081741333008,5.353192273354398,5.245203144495422,5.353192273354398,2433600
2015-06-02,5.4457573890686035,5.476611657781401,5.328511167959974,5.34393868483892,4558060
2015-06-03,5.4457573890686035,5.516722207108037,5.430329872189657,5.461184523425002,6748560
2015-06-05,5.513633728027344,5.538317515280807,5.451925598722049,5.507463259366965,2720900
2015-06-08,5.5012946128845215,5.600028271377343,5.464269873472255,5.4766115807838585,5870280
2015-06-09,5.56608772277832,5.649393857560221,5.479696543952099,5.5074650005310595,3898180
2015-06-10,5.600027561187744,5.6092834579750805,5.50129391521622,5.566087487862538,2913300
2015-06-11,5.661736488342285,5.667906959544128,5.596942906758741,5.600028333620936,3334760
2015-06-12,5.5938544273376465,5.664819598670646,5.5815134899805825,5.6185385971861175,6738680
2015-06-15,5.553744792938232,5.6308800575924245,5.538318046025334,5.6308800575924245,1546480
2015-06-16,5.64630651473999,5.689502086566925,5.572256307284067,5.572256307284067,3020420
2015-06-17,5.6895036697387695,5.711101270400848,5.615454206722413,5.67099111272345,1820780
2015-06-18,5.711101055145264,5.751211593833326,5.6524783426620795,5.677162133607949,4195100
2015-06-19,5.782065391540527,5.791321285823643,5.683332154804192,5.720356879503823,6715540
2015-06-22,5.859200954437256,5.862286380199899,5.785150736133819,5.794406630899338,5997680
2015-06-23,5.8098344802856445,5.911652771332443,5.806749054343473,5.862286721302563,4089020
2015-06-24,5.815657615661621,5.911554080894137,5.815657615661621,5.8404048060155915,3819920
2015-06-25,5.905366897583008,5.914647621448601,5.79091013364866,5.843498345441455,3069820
2015-06-26,5.942486763000488,5.982701177537921,5.877524780429719,5.877524780429719,2316600
2015-06-29,5.865152835845947,5.970329656333918,5.809470786666907,5.9393955680846675,1999660
2015-06-30,5.880619525909424,5.970328712820365,5.880619525909424,5.914647439474612,5268640
2015-07-01,6.026010036468506,6.063131392306238,5.917739798791897,5.9270197542345535,3439800
2015-07-02,6.05385160446167,6.1002529170266575,6.01673024759625,6.01673024759625,2898480
2015-07-03,6.134282112121582,6.2394585448993025,6.041478700523238,6.063132829896185,3343600
2015-07-06,6.128091812133789,6.15593320714124,6.100251567676445,6.1435594242564635,4835220
2015-07-07,6.186868190765381,6.186868190765381,6.090971359304403,6.1559341125205345,9544340
2015-07-08,6.115718841552734,6.242549350027135,6.0755040468795265,6.1806808186619815,4496700
2015-07-10,6.0600385665893555,6.140467795624348,6.044571333406315,6.094066479592043,3050320
2015-07-13,6.081692695617676,6.109532948325291,6.04457133596268,6.109532948325291,2237040
2015-07-14,6.109532833099365,6.1528418522470165,6.06622496450214,6.0878790905591575,3774940
2015-07-15,6.106439590454102,6.137374055340097,6.063131723130505,6.1157203134366975,8097440
2015-07-16,6.1219072341918945,6.131187190764361,6.0847858738347345,6.106440000709744,4344080
2015-07-17,6.072412967681885,6.125000795471331,6.0476646266138205,6.1157208387252595,3404700
2015-07-20,6.063131809234619,6.1002531676249845,5.995076369035753,6.075505595364741,2738320
2015-07-21,6.1219072341918945,6.174495828031204,6.063132130476548,6.063132130476548,6587100
2015-07-22,6.155935287475586,6.1930566486746965,6.094066735660567,6.12500081980966,3279900
2015-07-23,6.118813514709473,6.2023361882726915,6.072412583365293,6.128093470868225,6696040
2015-07-24,6.168309211730957,6.202337129035986,6.06313277982187,6.168309211730957,3885440
2015-07-27,6.0785980224609375,6.2239892180728305,6.069317300903005,6.149746513743279,2606760
2015-07-28,5.877525329589844,6.112626480839476,5.877525329589844,6.084785080683905,5891600
2015-07-29,5.682716369628906,5.903313970550866,5.654753580999002,5.84117396946278,7426120
2015-07-30,5.67650032043457,5.744853946103274,5.620573996379413,5.682713971241344,5023200
2015-07-31,5.813210964202881,5.866030297578938,5.651646329663908,5.651646329663908,6458920
2015-08-03,5.831852912902832,5.903314361870624,5.782140985776955,5.872243781467692,2726620
2015-08-04,5.921956539154053,5.940598656465471,5.806996815733637,5.81010383528554,3813420
2015-08-05,5.800782203674316,5.980988537519684,5.763497975209971,5.9592397894483,3597100
2015-08-06,5.738642692565918,5.813210385390772,5.660967210041035,5.794568269584801,3242720
2015-08-07,5.654752731323242,5.7914604050159015,5.654752731323242,5.738641855006921,1922180
2015-08-10,5.747963905334473,5.757285349312796,5.682716879082631,5.744856885741549,1589380
2015-08-11,5.751070022583008,5.77592694749033,5.692037040825348,5.77592694749033,1809600
2015-08-12,5.564650058746338,5.7634985258206894,5.549114576869208,5.747963429143081,3285360
2015-08-13,5.546008586883545,5.617470039900555,5.443477322102184,5.580185803543854,3149900
2015-08-14,5.409299373626709,5.536687163944686,5.384443219418323,5.530472354993562,2072200
2015-08-17,5.319197177886963,5.496296525961808,5.281912942418761,5.372016511466915,3490760
2015-08-18,5.437262535095215,5.549114065263174,5.31919619643015,5.31919619643015,7984860
2015-08-19,5.431049346923828,5.499404171596101,5.337839518042111,5.452799257155243,2708680
2015-08-20,5.166951656341553,5.561541873643298,5.126560413446271,5.465224679630911,4049500
2015-08-21,5.2384138107299805,5.312982269467391,5.0302446856865215,5.204236600475333,4107740
2015-08-24,5.132776260375977,5.210451358008653,4.878001447085416,5.126561451350365,8944000
2015-08-25,5.017815113067627,5.235306017698944,4.961888781396869,5.21977054036877,6397560
2015-08-26,5.027136325836182,5.126560541006721,5.011602002427271,5.058206898651253,3987880
2015-08-27,5.173166275024414,5.21666453825297,5.017815720121885,5.017815720121885,8059480
2015-08-28,5.2011284828186035,5.281910962721874,5.157630609608563,5.2477333744864625,3784300
2015-08-31,5.2042365074157715,5.275697945761286,5.070635843498704,5.157631606737748,7620860
2015-09-01,5.05510139465332,5.151419005123366,5.03956629619041,5.03956629619041,4079400
2015-09-02,5.24152135848999,5.278805591619085,5.076850099235553,5.083063752890871,5626400
2015-09-03,5.24152135848999,5.384443481752454,5.19180943285073,5.27569857219166,4005560
2015-09-04,5.126561641693115,5.247735014210834,5.045779521747813,5.157632221179123,4045340
2015-09-08,5.073742389678955,5.281911892602171,4.977425185729368,5.281911892602171,3090620
2015-09-09,4.996068000793457,5.157632241314817,4.986746557271591,5.083063774736158,4570800
2015-09-10,4.971209526062012,5.120345619244195,4.9401393461493255,4.971209526062012,6396780
2015-09-11,4.983640193939209,5.03645953138622,4.943248935891495,5.002282313038154,4993300
2015-09-14,5.1048126220703125,5.111027045799886,5.011602814518425,5.0147098337834555,5545020
2015-09-15,5.126561641693115,5.15141856752136,5.067528657748346,5.120347988035353,6241820
2015-09-16,5.166951656341553,5.20112886186833,5.1420958920669735,5.151417333319171,8956740
2015-09-17,5.2042365074157715,5.3129821744632935,5.182487374006267,5.198022854498257,9001460
2015-09-18,5.107919216156006,5.24462806274732,5.024030467055809,5.2384140242658965,4952480
2015-09-21,5.048886775970459,5.216665036919803,5.042672352572882,5.21355801782076,2352740
2015-09-22,5.129669666290283,5.129669666290283,4.977426092518361,5.048887542647828,4559620
2015-09-23,5.0748419761657715,5.162123836652446,5.040552370179654,5.162123836652446,4230720
2015-09-24,5.065491199493408,5.065491199493408,4.925215909943472,5.053021864047878,4278820
2015-09-25,4.918981552124023,5.102897795446742,4.909630225899418,5.056139618458324,5077280
2015-09-28,4.875340461730957,4.890926649066576,4.806761623920573,4.8784573127317445,3895580
2015-09-29,4.831698417663574,4.922097517815421,4.809878145109479,4.816112232649021,3921320
2015-09-30,4.816112518310547,4.925215819883736,4.775588434869077,4.841050029346689,9410960
2015-10-01,4.953270435333252,4.971973857958731,4.8316985747339265,4.8316985747339265,2544100
2015-10-02,5.0935468673706055,5.10913305640719,4.950154314700404,4.975092217158939,3989960
2015-10-05,5.218234062194824,5.261875378579947,5.1184828683522365,5.205765114656217,3415360
2015-10-06,5.205766201019287,5.268111338189051,5.106015759292849,5.159008024458067,3137940
2015-10-07,5.249406814575195,5.367860656726995,5.208882735097362,5.296164981352585,4400500
2015-10-08,5.065491199493408,5.261875986517225,5.0561391012926835,5.22446913957956,4895280
2015-10-09,4.975090980529785,5.143420620885055,4.853519122729205,5.143420620885055,5965440
2015-10-13,5.0935468673706055,5.106016205066251,4.968857741544306,5.018733159994999,5886400
2015-10-14,5.034317493438721,5.130951829847215,5.021848546805367,5.0904277532888145,5135520
2015-10-15,5.046789169311523,5.074843925793651,4.9220992586293635,5.074843925793651,3016000
2015-10-16,4.987559795379639,5.077959280439681,4.943918864557345,5.077959280439681,3809520
2015-10-19,4.959505558013916,5.046788601613141,4.9376852801970745,4.987561084272991,3874780
2015-10-20,4.971974849700928,4.9937955137831445,4.8597542915638146,4.959505512330436,4436380
2015-10-21,4.881575107574463,4.984444342201434,4.859754442813125,4.984444342201434,2705040
2015-10-22,4.940802574157715,4.959506002361921,4.878458199943434,4.881575437977468,3042000
2015-10-23,4.940802574157715,5.043671042814442,4.922099145953509,4.9439205851245625,3302000
2015-10-26,4.878457069396973,4.965740100589142,4.831698896188726,4.912747066291303,3027180
2015-10-27,4.8659892082214355,4.903396058383684,4.812995784025241,4.90027804793748,5716360
2015-10-28,4.725714683532715,4.766238391404633,4.700777165790921,4.766238391404633,1327820
2015-10-29,4.5293288230896,4.760003264819286,4.5293288230896,4.69142480498402,7052500
2015-10-30,4.488802909851074,4.5885540856255425,4.448278837690805,4.548030013465273,5552820
2015-11-03,4.4856858253479,4.54179608100731,4.339176486280746,4.51997542602865,13520000
2015-11-04,4.479454040527344,4.644666883034761,4.463867463925068,4.485688130115287,5850000
2015-11-05,4.797408580780029,4.825464098928317,4.485686441289204,4.485686441289204,7158060
2015-11-06,4.694540977478027,4.837933511517438,4.678954790466534,4.794292187885256,5359640
2015-11-09,4.650899410247803,4.772471266001599,4.638430075861519,4.697657578481555,4523480
2015-11-10,4.51062536239624,4.650900678274876,4.367233195154096,4.647783440444987,10455640
2015-11-11,4.532446384429932,4.544915336732228,4.398405920113064,4.50750886629175,5462860
2015-11-12,4.442046642303467,4.532445761130661,4.42646006760264,4.529328523483768,6538480
2015-11-13,4.379700183868408,4.482568599691589,4.339176496705463,4.4545130853282755,7088120
2015-11-16,4.426458835601807,4.463865676953213,4.373465810353981,4.385935143937367,4691440
2015-11-17,4.4950385093688965,4.551148782019906,4.4389290096505345,4.442046247020035,5218980
2015-11-18,4.404638290405273,4.529326980881716,4.404638290405273,4.504389474666164,3266900
2015-11-19,4.582321643829346,4.59479020816919,4.420226056281347,4.429577382919639,6540040
2015-11-23,4.582321643829346,4.650900486797135,4.5511492668138205,4.610376396676952,4542460
2015-11-24,4.710128307342529,4.722597258954079,4.554266412198159,4.554266412198159,6020820
2015-11-25,4.8129963874816895,4.825465725565527,4.663370127471488,4.707011071666164,5773560
2015-11-26,4.78494119644165,4.825465285502723,4.7101278800260244,4.825465285502723,2773940
2015-11-27,4.881575107574463,4.881575107574463,4.747534654116151,4.769355318877489,4601220
2015-11-30,4.738181114196777,5.102896669253323,4.738181114196777,4.881573624012099,15144220
2015-12-01,4.953270435333252,4.953270435333252,4.788057641740766,4.800526203691461,6023940
2015-12-02,5.009382247924805,5.031202914383247,4.8628728317795105,4.937685772418493,8338720
2015-12-03,5.143421173095703,5.165241834665809,4.962622178733181,5.024967312542667,6073860
2015-12-04,4.8628716468811035,5.140304221244378,4.8628716468811035,5.140304221244378,5639660
2015-12-07,5.024965763092041,5.043668408595372,4.865987479320657,4.865987479320657,3078920
2015-12-08,4.841049671173096,5.034317976051431,4.841049671173096,5.024966651646191,4248140
2015-12-09,4.816112518310547,4.9782080791438235,4.7880577700866,4.900277535914991,9145760
2015-12-10,4.987559795379639,5.049904534363304,4.803643588310369,4.816112149640831,4011800
2015-12-11,5.118484020233154,5.118484020233154,4.915864350065113,5.018732803942217,4407520
2015-12-14,4.887810707092285,5.112251091279459,4.88469385526539,5.112251091279459,2999880
2015-12-15,4.8005266189575195,4.9875604749252505,4.738181871479501,4.915864015325529,4042220
2015-12-16,4.897163391113281,4.959746808769208,4.76886736552122,4.787642507202462,2828020
2015-12-17,4.818933963775635,4.991039039157349,4.818933963775635,4.934713614794829,3621020
2015-12-18,4.756350517272949,4.912810041178757,4.756350517272949,4.834580279225853,7468500
2015-12-21,4.7532219886779785,4.878388839119694,4.725059660700135,4.787643085920993,5074680
2015-12-22,4.840839862823486,4.862744199856708,4.743835329624664,4.756351317747043,2987660
2015-12-23,4.865871429443359,4.972263104821954,4.843967101239706,4.85961227406031,2621840
2015-12-28,4.931584358215332,4.972263439670577,4.850225419408498,4.865871757127215,2321800
2015-12-29,4.875258922576904,4.947230291278353,4.81580431364962,4.881517690412157,5472740
2015-12-30,4.678121089935303,4.881517659062925,4.603020531772611,4.881517659062925,38969580
2016-01-04,4.581118106842041,4.771997995631431,4.55921415621984,4.6499599258296636,7878780
2016-01-05,4.803290367126465,4.803290367126465,4.543568634516979,4.599893693992499,7329660
2016-01-06,4.693767070770264,4.815805110821453,4.646829601795643,4.646829601795643,6549660
2016-01-07,4.5592122077941895,4.706283356590171,4.534177912801299,4.577987347116612,6017700
2016-01-08,4.537308216094971,4.631183143793695,4.496629132485282,4.58737487006417,5050500
2016-01-11,4.434046268463135,4.606150985580204,4.434046268463135,4.593633834503666,5662800
2016-01-12,4.6311821937561035,4.64682814114569,4.430914843065631,4.462206737844802,5268380
2016-01-13,4.459079742431641,4.684380312253636,4.449691782247254,4.6624763649843,5277740
2016-01-14,4.462209701538086,4.537310298888124,4.383980300580167,4.452821738920961,4653480
2016-01-15,4.418399810791016,4.518533516452149,4.296361772152835,4.430916184543956,7095400
2016-01-18,4.368333339691162,4.4465631175809435,4.368333339691162,4.430917162002987,2390960
2016-01-19,4.402753829956055,4.493499575801365,4.377720306716947,4.437174924409828,3833960
2016-01-20,4.340169906616211,4.402753319509961,4.202485544763958,4.371461031140813,5618860
2016-01-21,4.534176826477051,4.577986250296249,4.318264327791411,4.340168651752939,8118500
2016-01-22,4.615538597106934,4.67812280648816,4.5185344497825355,4.565471927908912,6072560
2016-01-26,4.440302848815918,4.599890738067806,4.3964941956380015,4.537307335761758,4458740
2016-01-27,4.621796607971191,4.7062843650784245,4.415270807065399,4.415270807065399,6351280
2016-01-28,4.609278678894043,4.740704660104673,4.556083224300387,4.649958149268762,5186480
2016-01-29,4.837709903717041,4.897164140186923,4.649959234082575,4.649959234082575,7321080
2016-02-01,4.718799114227295,4.790769684535616,4.6217942562996,4.746961426967932,6109480
2016-02-02,4.524791717529297,4.715671162043669,4.524791717529297,4.690638027584144,5097040
2016-02-03,4.612409591674805,4.690639371614529,4.4935007141147505,4.590505253291682,5926700
2016-02-04,4.593632698059082,4.818933602732814,4.587374705991425,4.693766390364276,7796360
2016-02-05,4.568601131439209,4.709414342098959,4.552954788090002,4.593634272132331,7375680
2016-02-10,4.568601131439209,4.681252010325657,4.5216636531848335,4.537309608585729,3259100
2016-02-11,4.465338706970215,4.5779895982997605,4.430917601286187,4.518534961209167,4725240
2016-02-12,4.490370750427246,4.518533854308902,4.41840014116064,4.474725573027433,3698500
2016-02-15,4.3871073722839355,4.584245974554751,4.3871073722839355,4.562341642308192,3800940
2016-02-16,4.3808512687683105,4.490372201333972,4.3589469270758245,4.409013605853122,5525260
2016-02-17,4.377721309661865,4.440305132097716,4.318267066296123,4.440305132097716,11231480
2016-02-18,4.4277873039245605,4.446562447789986,4.355816695003611,4.374591838869037,5108220
2016-02-19,4.3808512687683105,4.412142797523478,4.362076118746179,4.4027556104607966,5585320
2016-02-22,4.568601131439209,4.593634272132331,4.430917111859638,4.437175881968308,5790200
2016-02-23,4.524791717529297,4.659346512522683,4.49037023627044,4.587375135600432,5262400
2016-02-24,4.11285924911499,4.326840856147249,4.075097582509948,4.251317522937165,18643560
2016-02-25,4.153770446777344,4.185238135752566,4.01531128883622,4.1128623340698365,13858780
2016-02-26,4.043630599975586,4.273346317877705,4.027896566530459,4.200970544294611,11267880
2016-02-29,4.150620460510254,4.210409776270435,4.07195147859074,4.119153179848185,8755760
2016-03-01,4.169502258300781,4.232438394662864,4.10656651207096,4.1757966522015115,9728160
2016-03-02,4.295374393463135,4.333135290376871,4.1663553297710765,4.1695017460703765,15279420
2016-03-03,4.263904571533203,4.352014733225443,4.204115658641641,4.333133900691658,13445640
2016-03-04,4.320546627044678,4.358308288248373,4.106564270355789,4.298519381474571,15909140
2016-03-07,4.392923355102539,4.4621534730592245,4.323694407542262,4.358309271454536,6546280
2016-03-08,4.57858419418335,4.616345864537115,4.3331345072803025,4.411804263718504,8435180
2016-03-09,4.364603042602539,4.6320803758500855,4.342575401125974,4.613199540298745,9118980
2016-03-10,4.3299880027771,4.45585985591797,4.188382119227099,4.408658154822749,8293740
2016-03-11,4.285933017730713,4.38033719820238,4.260758959737097,4.333134717834384,5729880
2016-03-14,4.248170852661133,4.336281801010716,4.204115963684516,4.301666548721737,7247760
2016-03-15,4.248170852661133,4.311106575541492,4.1411802408041565,4.2513176583117565,5846100
2016-03-16,4.339428424835205,4.358309259645286,4.169500911544473,4.232437027578078,5475860
2016-03-17,4.493621826171875,4.531383501651881,4.3079610353262385,4.449566538111869,6943300
2016-03-18,4.531381607055664,4.5628496567987,4.462152287753018,4.550262436901486,8463260
2016-03-21,4.597464561462402,4.641519839058157,4.515648007488104,4.559702894951755,5028400
2016-03-22,4.657253742218018,4.676134574968395,4.553409552223036,4.594318023182186,8344440
2016-03-23,4.4315080642700195,4.6399761293303365,4.396764169950407,4.6336581320471595,4377880
2016-03-24,4.390445709228516,4.47572848207356,4.333591963180809,4.47572848207356,3680040
2016-03-28,4.494680404663086,4.5167914400857585,4.377813103364793,4.485204973873159,3781700
2016-03-29,4.611548900604248,4.6399767594775225,4.491522208136851,4.5009984221581245,4293380
2016-03-30,4.583120346069336,4.782110986425212,4.510472397578246,4.646292083596876,7117240
2016-03-31,4.437824726104736,4.437824726104736,4.437824726104736,4.437824726104736,10400
2016-04-01,4.523107051849365,4.523107051849365,4.523107051849365,4.523107051849365,1300
2016-04-04,4.377813339233398,4.377813339233398,4.377813339233398,4.377813339233398,21580
2016-04-05,4.371494293212891,4.371494293212891,4.371494293212891,4.371494293212891,14040
2016-04-06,4.4504594802856445,4.4504594802856445,4.4504594802856445,4.4504594802856445,11700
2016-04-07,4.422030925750732,4.422030925750732,4.422030925750732,4.422030925750732,16380
2016-04-08,4.384128093719482,4.519948157788562,4.346224820025786,4.504154735487747,5961540
2016-04-11,4.21672248840332,4.21672248840332,4.21672248840332,4.21672248840332,72540
2016-04-12,4.254627227783203,4.254627227783203,4.254627227783203,4.254627227783203,48360
2016-04-13,4.377813339233398,4.377813339233398,4.377813339233398,4.377813339233398,50960
2016-04-14,4.403080940246582,4.529424829008212,4.330432979041396,4.42519118930903,8751340
2016-04-15,4.51678991317749,4.655767419726338,4.390445265823928,4.390445265823928,8681140
2016-04-18,4.422030925750732,4.627339521228948,4.399920684971064,4.453616592412334,5912400
2016-04-19,4.4630937576293945,4.4630937576293945,4.4630937576293945,4.4630937576293945,7540
2016-04-20,4.418874263763428,4.538901337938019,4.396764404852823,4.440984514269274,5369260
2016-04-22,4.459936618804932,4.475729656513846,4.32095827856177,4.393606252022774,7881380
2016-04-25,4.4504594802856445,4.516790616482309,4.422032409908789,4.472569728486133,4871880
2016-04-26,4.583120346069336,4.58627895252547,4.485203545929171,4.510472397578246,5422300
2016-04-27,4.801063537597656,4.848443035039228,4.5799626100289075,4.5799626100289075,7861360
2016-04-28,4.823172569274902,4.851600417200689,4.7220983437734665,4.820013963015939,6022380
2016-04-29,4.794747829437256,4.883188455976557,4.756844535950993,4.8263342989377875,9751560
2016-05-02,4.823172569274902,4.857917238123491,4.744208587586205,4.775793866985586,4252040
2016-05-03,4.804222106933594,4.85160081308899,4.744208974711384,4.772636041766559,4073940
2016-05-04,4.747367858886719,4.8294912483030865,4.687354718204237,4.813698213493168,3450460
2016-05-05,4.7726359367370605,4.816856035402619,4.684195347810797,4.79790439671946,3981120
2016-05-06,4.731576442718506,4.794748211973625,4.6999899706979305,4.782113388208188,3226080
2016-05-09,4.778954029083252,4.8168573165306166,4.665244949931657,4.750526955092978,4045080
2016-05-10,4.921092510223389,4.974788850963275,4.737893621647384,4.816858828617805,6348420
2016-05-11,4.892663478851318,5.028482405965689,4.883187266193309,4.993738511925885,5518240
2016-05-12,4.9589924812316895,5.015847000495851,4.867393294220194,4.9589924812316895,4654780
2016-05-13,4.848443031311035,4.946359066794424,4.7947467113931275,4.927408207660899,4663100
2016-05-16,4.769477367401123,4.826332283892988,4.72841548326811,4.794745827580137,4040920
2016-05-17,4.718940734863281,4.813698958386098,4.718940734863281,4.722100125504583,5912920
2016-05-18,4.775794982910156,4.804222837478468,4.59891416586319,4.684196163187269,5386940
2016-05-19,4.766317844390869,4.8010617257089745,4.608387942766615,4.753683420933323,4953260
2016-05-20,4.82633113861084,4.876868046976523,4.7536832069993835,4.756841421126564,3249220
2016-05-23,4.671560287475586,4.801062361885271,4.6431332225243835,4.7852701136608955,13097500
2016-05-24,4.693671226501465,4.741049936166124,4.649451123587461,4.696829833252121,2640040
2016-05-25,4.690511703491211,4.756842040702626,4.668401852150811,4.718938767098899,4421300
2016-05-27,4.611548900604248,4.77263749025098,4.611548900604248,4.709465340744312,5348720
2016-05-30,4.649450302124023,4.6652433330869965,4.5357404791906175,4.636815485758531,1731340
2016-05-31,4.545217514038086,4.699988070771119,4.545217514038086,4.621024076414538,7846020
2016-06-01,4.703146934509277,4.772635883984308,4.573644071605774,4.573644071605774,6690060
2016-06-02,4.665245532989502,4.709465648942764,4.6083905947127795,4.703148825173983,3488940
2016-06-03,4.684196472167969,4.703148115400129,4.567328397164886,4.693671902188809,3572140
2016-06-06,4.722099781036377,4.747368247203904,4.639976384902619,4.7094649605597505,3417180
2016-06-07,4.687354564666748,4.7378914912126975,4.662085709798577,4.6905127799300725,2643160
2016-06-08,4.766317844390869,4.816855146625981,4.6841944835118925,4.6968285153743645,4327180
2016-06-09,4.681035995483398,4.820013482229672,4.668401571707805,4.778951996554078,3609840
2016-06-10,4.526265621185303,4.709464020194644,4.500997160063271,4.6747193477085,4203940
2016-06-13,4.545217514038086,4.5610105478665135,4.447300704301836,4.456776916194078,5338060
2016-06-14,4.415716171264648,4.5894383981543765,4.38728831394068,4.54521828750496,5820360
2016-06-15,4.380970478057861,4.500997136233927,4.352543410496679,4.428348793461444,10693280
2016-06-16,4.507314205169678,4.548376092871421,4.35886047128451,4.35886047128451,6240780
2016-06-17,4.447301387786865,4.55785303317121,4.390446457266757,4.48520467480027,4932980
2016-06-20,4.488364219665527,4.598915496548662,4.453619532645114,4.500999042904642,3096860
2016-06-21,4.557851791381836,4.608388710440406,4.425190322978611,4.472569027241766,3990220
2016-06-22,4.55469274520874,4.668402583841967,4.500997215711164,4.535741105436536,5715840
2016-06-23,4.608389377593994,4.608389377593994,4.500997527958421,4.557852451219226,3201640
2016-06-24,4.472568988800049,4.570485394470461,4.412555467895358,4.456776348578161,6485440
2016-06-27,4.422030925750732,4.48836125649467,4.365176020888727,4.450457986586667,2981940
2016-06-28,4.339909076690674,4.472569784360489,4.305164400512996,4.450459535883784,6614920
2016-06-29,4.361080646514893,4.430908204831008,4.342036552334748,4.386472378582877,5740280
2016-06-30,4.361080646514893,4.418212929055327,4.291252694693236,4.357906630818202,6383780
2016-07-01,4.351558685302734,4.4340827090023,4.3102964767001595,4.386472861812606,5738460
2016-07-04,4.300775527954102,4.380125942136703,4.294427888325143,4.35473420310392,3524300
2016-07-05,4.253164768218994,4.30712264487962,4.215076577513447,4.300774613095363,6254820
2016-07-06,4.253164768218994,4.272208863571768,4.176988780313466,4.24681634292917,4810780
2016-07-07,4.297600746154785,4.3515582262394075,4.253164526193614,4.253164526193614,7772960
2016-07-08,4.34838342666626,4.354732243955901,4.272207850332848,4.319817683917599,4953780
2016-07-11,4.253164768218994,4.370602569216633,4.253164768218994,4.370602569216633,10199540
2016-07-12,4.192858695983887,4.300774445089508,4.18333625517392,4.278556728218086,7493720
2016-07-13,4.2499918937683105,4.2880793041655485,4.1928595976555485,4.196033614106257,5237440
2016-07-14,4.373777866363525,4.389647160606294,4.278557378839596,4.281731001584784,6346080
2016-07-15,4.386474132537842,4.443606437922932,4.37060404770865,4.38964814950368,4477200
2016-07-18,4.491215229034424,4.503911687379001,4.300775043461041,4.386473087618502,4798300
2016-07-19,4.513433933258057,4.5324780330091645,4.421387844633358,4.491215816881764,4348500
2016-07-20,4.561044216156006,4.595957609266146,4.481693806789209,4.522956019659944,5696860
2016-07-21,4.640394687652588,4.649917132832235,4.53247888902633,4.551522992374163,4138680
2016-07-22,4.653090476989746,4.716570418794451,4.589610535185042,4.634046376396633,3745040
2016-07-25,4.5991315841674805,4.681656016225635,4.54517408867923,4.662612703531218,4382560
2016-07-26,4.63404655456543,4.6562642792726106,4.561044953163093,4.59913197529666,6986980
2016-07-27,4.824484825134277,4.846702936152927,4.586435209670991,4.634045054062536,6485440
2016-07-28,4.856226921081543,4.856226921081543,4.729267033338551,4.824486358887265,4731220
2016-07-29,4.84670352935791,4.884791724337343,4.7800495816495125,4.856225971608378,6675500
2016-08-01,4.92506742477417,4.92506742477417,4.791441050718371,4.848709496742285,4950920
2016-08-02,4.909159183502197,4.960063676448623,4.864617061898201,4.883706542585628,4717440
2016-08-03,4.91552209854126,4.931429999597138,4.858253654740099,4.880525505105065,4338360
2016-08-04,4.969610214233398,5.109599384352278,4.896433850939444,4.9314312420800315,4984200
2016-08-05,5.055510997772217,5.100052724209393,4.944156484457602,4.995061371020567,5247840
2016-08-08,5.195499897003174,5.230496487265158,5.030058529914405,5.039602875238886,5705180
2016-08-09,5.300492763519287,5.313218691463811,5.1955009982622,5.1955009982622,6012760
2016-08-10,5.281402111053467,5.319581069767491,5.220952487532926,5.300491590410479,4767360
2016-08-11,5.450024604797363,5.475476847387273,5.255949430749052,5.255949430749052,5527860
2016-08-12,5.430936336517334,5.472296880907481,5.338671295610697,5.472296880907481,4938960
2016-08-15,5.465933322906494,5.539109270911041,5.427754756072683,5.453207002480772,7128420
2016-08-16,5.440480709075928,5.53274573704459,5.383212271027797,5.437298340297707,5766540
2016-08-17,5.4754767417907715,5.491385034073025,5.275038806792971,5.440480155431627,6553040
2016-08-18,5.450024604797363,5.497747904791329,5.418209597392448,5.488203560347173,5510180
2016-08-19,5.408664226531982,5.51683714028594,5.3959375141309955,5.427753703468544,4096300
2016-08-22,5.281402111053467,5.424572811787726,5.230496438324773,5.40866491232355,5473260
2016-08-23,5.268675804138184,5.341852541770935,5.230496842474152,5.275039753302241,4000880
2016-08-24,5.281402111053467,5.332306994895503,5.198681428283079,5.224133672982432,2780960
2016-08-25,5.230497360229492,5.297310944198634,5.154140612673125,5.2559507927451445,3588520
2016-08-26,5.10641622543335,5.33230763610126,5.071419236847131,5.208226399803342,7429500
2016-08-29,5.354578971862793,5.456389158939182,5.170048870631831,5.170048870631831,9001460
2016-08-30,5.255951404571533,5.3418536923750946,5.243224686832235,5.319582626607352,3626220
2016-08-31,5.259130954742432,5.306854257810863,5.1414128953234295,5.255949769351637,8984560
2016-09-01,5.24958610534668,5.290946645432116,5.2114083285978445,5.252768474239938,6912360
2016-09-02,5.335489749908447,5.341852910625161,5.249586685789423,5.2941295996931945,4584060
2016-09-05,5.268675804138184,5.395938615241593,5.259131458165535,5.3450337274662445,3184220
2016-09-06,5.430936336517334,5.4754780668018,5.252769020936084,5.306855097790277,7624240
2016-09-08,5.446844577789307,5.478659591959137,5.348215588313873,5.440481417177988,5632900
2016-09-09,5.214590549468994,5.386395115047379,5.189137509919613,5.351397728026684,6080620
2016-09-12,5.370485305786133,5.408664259894759,5.1509575029913774,5.170046980045691,4702880
2016-09-13,5.2973103523254395,5.370486300138984,5.20822610957791,5.284584031932935,5426200
2016-09-14,5.3100361824035645,5.33230724268835,5.195500089825649,5.265494456277342,4163380
2016-09-15,5.392756462097168,5.4150275207014475,5.2432230003550675,5.281401957962404,2976740
2016-09-16,5.290947437286377,5.36412378838926,5.125506041071011,5.275040323759511,7013760
2016-09-19,5.364123821258545,5.408665948289758,5.281403122643981,5.297311025155129,4108000
2016-09-20,5.462751865386963,5.491385690476506,5.37048604689213,5.399120660868345,5089500
2016-09-21,5.437298774719238,5.4945672173429205,5.357760454405317,5.47229655076596,5238480
2016-09-22,5.577288627624512,5.602740875837195,5.475478057000244,5.494567538992294,6957600
2016-09-23,5.56774377822876,5.669553945214798,5.5422911378714135,5.660008810637445,5146440
2016-09-26,5.439463138580322,5.461808437169728,5.37561982408306,5.38200379935042,3907540
2016-09-27,5.465000152587891,5.532035251073441,5.413924793018808,5.442654855920607,3491280
2016-09-28,5.637378692626953,5.669300950531827,5.465001824310108,5.465001824310108,6309420
2016-09-29,5.602264881134033,5.729951525562379,5.5096914900740455,5.646955087956485,3922360
2016-09-30,5.637378692626953,5.691645858276178,5.579919340763067,5.630994715955904,4765280
2016-10-03,5.653339385986328,5.733143636652279,5.615033155702722,5.615033155702722,5488340
2016-10-04,5.640568256378174,5.704411555230512,5.532034371298538,5.682066262116863,4938700
2016-10-05,5.698029041290283,5.7618723564984675,5.646954468275372,5.675683742452052,4151160
2016-10-06,5.745910167694092,5.784216385866797,5.682066470739581,5.70441176467366,3677440
2016-10-07,5.739527702331543,5.781026119120843,5.682068356007898,5.781026119120843,5183360
2016-10-10,5.800179958343506,5.841678380311229,5.7363366279975985,5.774642863660112,3226600
2016-10-11,5.682068347930908,5.800179226317176,5.611841049596078,5.796987040414844,5576740
2016-10-13,5.694836616516113,5.755488139386349,5.646954231060941,5.646954231060941,8881600
2016-10-14,5.560765266418457,5.80017796996025,5.500114143169824,5.733142476289851,7819500
2016-10-17,5.662914752960205,5.71399011883049,5.500114868760726,5.589495274940479,5861440
2016-10-18,5.704413414001465,5.742719643249723,5.637377908575229,5.685261090893768,7118280
2016-10-19,5.662914752960205,5.723566279968307,5.615032759996522,5.7076061433246785,6355700
2016-10-20,5.726759433746338,5.832101167093357,5.586303657364243,5.627801676102031,3975140
2016-10-21,5.71718168258667,5.77783280723936,5.653338372649199,5.69164420030842,3878160
2016-10-24,5.624609470367432,5.739526960894891,5.589495034169748,5.717182058191573,4635020
2016-10-25,5.611839294433594,5.64376153923112,5.570340890682351,5.589494000106002,3645200
2016-10-26,5.57672643661499,5.646954519312725,5.528844048715636,5.643762729493747,5569720
2016-10-27,5.560765266418457,5.618223808698059,5.551188315027661,5.5735336115038425,2507700
2016-10-28,5.516073226928711,5.583109499345391,5.458614695594618,5.538418519148247,4184700
2016-10-31,5.618224143981934,5.669299506162281,5.397964934318976,5.522459373456692,5031000
2016-11-01,5.442653656005859,5.640567909865605,5.426692733333768,5.618222618124677,5352880
2016-11-03,5.3820037841796875,5.509690808572474,5.362850671157042,5.410733057955473,4633980
2016-11-04,5.420309543609619,5.484152852430876,5.369234579946095,5.382003320861976,6193720
2016-11-07,5.4937286376953125,5.627800408168563,5.433077518239345,5.464999764110145,6444100
2016-11-08,5.426694869995117,5.506499119018968,5.378812478884095,5.461808913699228,4310540
2016-11-09,5.337313175201416,5.4075408551620185,5.203241394283793,5.289430000544113,6649760
2016-11-10,5.267083644866943,5.353273025316659,5.133013078176385,5.2926219133287615,8761480
2016-11-11,5.193664073944092,5.334119798244194,5.0755536414714255,5.177703151210209,8674120
2016-11-14,5.196857929229736,5.238356341679164,5.091516201077843,5.164935677741216,5220800
2016-11-16,5.292623519897461,5.346889883363349,5.161743910822565,5.206434113285068,5075980
2016-11-17,5.177703857421875,5.337312710772447,5.1266292934652125,5.276661196111145,4514120
2016-11-18,5.2447404861450195,5.273470552986696,5.094708550892185,5.145783521707246,4203680
2016-11-21,5.091516971588135,5.254318064691661,5.08513299523416,5.241548924708956,4682080
2016-11-22,5.05640172958374,5.180896560582005,4.9638291473581,5.142590336964644,5416580
2016-11-23,5.12024450302124,5.1713198582475375,4.967020416132929,5.05640119944413,6173960
2016-11-24,5.0117106437683105,5.139397241702189,4.970212242197043,5.126628898515271,3251820
2016-11-25,4.925522327423096,5.059592906577878,4.884023923528371,4.979789470977736,3944720
2016-11-28,5.145783424377441,5.155359585465933,4.813797703391694,4.899985923495497,6973460
2016-11-29,5.075554370880127,5.136205490226998,4.9510595514227385,5.136205490226998,4736420
2016-11-30,4.970213413238525,5.126630106410389,4.922331026671182,5.091516066038339,5047640
2016-12-01,4.657381534576416,4.9510614823461765,4.62865225408033,4.915947433590845,15614560
2016-12-02,4.698879718780518,4.762723044811124,4.510541531019885,4.574384857050491,8086520
2016-12-05,4.615881443023682,4.733991885667457,4.599920123157222,4.727607120266015,6750380
2016-12-06,4.7212233543396,4.781874873707064,4.532885217293773,4.587152761959652,7119580
2016-12-07,4.8233723640441895,4.871254341866298,4.698877559522797,4.749951721967457,5985980
2016-12-08,4.826564788818359,4.925522525155304,4.76272148371394,4.874447168707142,5280080
2016-12-09,4.836142539978027,4.8808327422189,4.756338296452175,4.848910886505283,6705140
2016-12-12,4.70526123046875,4.82337205390877,4.654186675550033,4.730799101565181,3247140
2016-12-13,4.785068035125732,4.810605126416268,4.638227880353558,4.647804833755075,5205980
2016-12-14,4.644609451293945,4.8010264784720444,4.6382254785957215,4.785065557331422,5524740
2016-12-15,4.7276082038879395,4.775491382946495,4.583960249745029,4.670149655443878,5138380
2016-12-16,4.679725646972656,4.832949360713641,4.670149486417362,4.753145912042588,5243160
2016-12-19,4.70819616317749,4.804478675738212,4.67931180730378,4.685730641474494,4017520
2016-12-20,4.656844615936279,4.765963961925781,4.637588120328357,4.73707961640826,3762980
2016-12-21,4.688939094543457,4.688939094543457,4.688939094543457,4.688939094543457,3005080
2016-12-22,4.640798568725586,4.717824170399199,4.624751087587787,4.708195522558739,3330340
2016-12-23,4.765964031219482,4.83015235084581,4.650425055892093,4.669681551779991,3223740
2016-12-26,4.7242431640625,4.810897018623614,4.7178243305472725,4.7852216845627025,1049620
2016-12-27,4.801268100738525,4.810895950980271,4.7242421156495435,4.769173542390406,1495780
2016-12-28,4.81410551071167,4.9039695679861115,4.749917580477506,4.81410551071167,2236520
2016-12-29,4.974575519561768,4.974575519561768,4.7595458318914385,4.826943172928742,5409040
2017-01-02,4.846199035644531,4.945690525059485,4.785220136971095,4.942480711445493,2133040
2017-01-03,5.090114116668701,5.115789045954632,4.87508364942814,4.891130728915821,5048160
2017-01-04,4.9681572914123535,5.112580625795385,4.936062730789629,5.09653314653682,5267860
2017-01-05,4.955318450927734,5.035553845159447,4.903968594408124,4.977784361312614,4526340
2017-01-06,4.997042655944824,5.048393724644959,4.929645298406897,4.990624219988605,3394560
2017-01-09,4.94248104095459,5.058020014564994,4.94248104095459,5.019507023361525,2682940
2017-01-10,4.887922286987305,4.987414199635715,4.862247352585379,4.987414199635715,3397680
2017-01-11,4.804479122161865,4.936064439099179,4.740291172384993,4.8622486350661385,9334260
2017-01-12,4.9681572914123535,5.0355546352474185,4.897549735515646,4.955319228426621,5379140
2017-01-13,4.862246513366699,4.997041188868314,4.833361371624396,4.98420312704153,2675400
2017-01-16,4.862246513366699,4.936062285189345,4.833361371624396,4.865455929349802,1953900
2017-01-17,4.974575519561768,5.045182276738675,4.8494090859059735,4.894340513966046,5776160
2017-01-18,4.9264349937438965,5.006670402419398,4.920015763155441,5.006670402419398,3941860
2017-01-19,4.9296441078186035,4.9585284552762605,4.87187461711451,4.9585284552762605,4061980
2017-01-20,4.955318450927734,4.990622422284031,4.84940852633056,4.955318450927734,3067740
2017-01-23,5.025925636291504,5.093323771191767,4.894340374116386,4.974575377419492,4420000
2017-01-24,5.022716999053955,5.054811562403831,4.961738482583064,5.029136627933921,3808220
2017-01-26,5.167139530181885,5.192814460599534,5.009879337953859,5.022716206321119,13016640
2017-01-27,5.179978370666504,5.234537655739838,5.154303038496054,5.199234869794341,8289320
2017-01-30,5.135046005249023,5.196024912811152,5.0419729358120895,5.17997783187375,4423640
2017-01-31,5.1061601638793945,5.167139063108386,5.077276217928027,5.167139063108386,3804840
2017-02-01,5.06764554977417,5.196022536455692,5.013086295327989,5.138253071501402,5121740
2017-02-02,5.11578893661499,5.199233748167465,5.025925293404633,5.0323445229568655,6278220
2017-02-03,5.215281009674072,5.25700341690921,5.106160469780115,5.122207947380302,3829800
2017-02-06,5.192813873291016,5.263421416057731,5.189604855509329,5.244164922001627,3360240
2017-02-07,5.196023941040039,5.237746343674275,5.138254460469558,5.218489850150782,3117400
2017-02-08,5.215281009674072,5.221699443662037,5.112580097451173,5.20244294801505,2948400
2017-02-09,5.228118419647217,5.244165499795345,5.157511664889825,5.2152811534230885,1862380
2017-02-10,5.237746715545654,5.311562483504537,5.163929753903726,5.228118070205969,4389580
2017-02-13,5.276258945465088,5.298725653806813,5.218490649726327,5.247374996542898,3232320
2017-02-14,5.260212421417236,5.308353262516435,5.202442934624964,5.301934828544989,6068920
2017-02-15,5.462406158447266,5.472034807184439,5.28588942001485,5.292307856015484,7224360
2017-02-16,5.375751495361328,5.455986907059329,5.346867145044477,5.455986907059329,4086420
2017-02-17,5.427102565765381,5.427102565765381,5.327610655094448,5.350076570407239,3087240
2017-02-20,5.423891544342041,5.481660227977814,5.388587973582687,5.423891544342041,1928940
2017-02-21,5.616457462310791,5.622875897500479,5.4046367663235015,5.423893265575881,4631120
2017-02-22,5.488081455230713,5.626085577205768,5.430311954771377,5.600410243668286,9146800
2017-02-23,5.375751495361328,5.533012504394981,5.334029081278367,5.500918339715781,5338060
2017-02-24,5.44956636428833,5.504125631335804,5.327608974666683,5.356493315920893,5852600
2017-03-01,5.669815540313721,5.814782587388899,5.476526809867424,5.553842381924415,7074600
2017-03-02,5.663374423980713,5.750354515228344,5.611830828919789,5.669817023894918,7456800
2017-03-03,5.705254077911377,5.7890126718316814,5.569951887498761,5.669817181348103,13784160
2017-03-06,5.660152435302734,5.779347912177979,5.644044938427701,5.705253426552827,4771780
2017-03-07,5.511963844299316,5.71491669194425,5.502298947515744,5.71491669194425,3763500
2017-03-08,5.508742332458496,5.5635070187639535,5.441090451484004,5.54095692429566,6944600
2017-03-09,5.540955543518066,5.608606608849456,5.424982402776343,5.505518662603829,7569120
2017-03-10,5.589278697967529,5.669815772127721,5.528071016852336,5.573171602649396,5402280
2017-03-13,5.428207874298096,5.624718217488557,5.338005455916796,5.566731205281532,6085040
2017-03-14,5.424983501434326,5.540956665662728,5.373439118480532,5.434647598959706,5441540
2017-03-15,5.453977584838867,5.495857079100125,5.38954799306016,5.437870087046076,6642220
2017-03-16,5.434647560119629,5.502298638668108,5.3476674878737605,5.476527046463971,7074600
2017-03-17,5.4314284324646,5.5602880473133265,5.379884426768086,5.466865335773508,6503380
2017-03-20,5.502298355102539,5.595721819825262,5.47330526544302,5.47330526544302,5977660
2017-03-21,5.412099361419678,5.524851073660094,5.350891254826947,5.502300970847541,5088200
2017-03-22,5.283238887786865,5.412098070875176,5.241359393678068,5.412098070875176,6254040
2017-03-23,5.347668647766113,5.437870238525985,5.283239054192624,5.283239054192624,5438160
2017-03-24,5.434647560119629,5.46364065127333,5.350888986823325,5.3541100863805084,2995460
2017-03-27,5.491337776184082,5.523677534404939,5.420189426020956,5.420189426020956,3410680
2017-03-28,5.572189807891846,5.588359090326892,5.43636109957292,5.494573403138173,3915600
2017-03-29,5.646571159362793,5.6595076272287415,5.526912540337549,5.578657208968441,6510920
2017-03-30,5.643336772918701,5.720953169363681,5.578656843492158,5.69831545467817,3779360
2017-03-31,5.627165794372559,5.753292017569648,5.533380132155911,5.6142301313022775,7749300
2017-04-03,5.656272888183594,5.708016748318115,5.565720030351496,5.610996258795421,4747340
2017-04-04,5.701549530029297,5.720953630705302,5.614231477931581,5.662741328677287,2296060
2017-04-05,5.669209003448486,5.785633199192067,5.614231122623499,5.691846718526844,3365700
2017-04-06,5.662740707397461,5.756526381819972,5.607762428180647,5.64333660885035,4134780
2017-04-07,5.513976573944092,5.675676988952609,5.468700746421567,5.617464695209613,11613160
2017-04-10,5.497807502746582,5.546316954559074,5.455765282872261,5.539849321676578,8049080
2017-04-11,5.446060657501221,5.559250385738197,5.416954120239211,5.497804498900058,6662240
2017-04-12,5.4654669761657715,5.5527850197672,5.43312641057495,5.4751686246154705,8563360
2017-04-13,5.423424243927002,5.488104567040025,5.407254163148747,5.44282753897245,5276960
2017-04-17,5.536614418029785,5.604527955527746,5.407254172523689,5.4492963826200445,4254120
2017-04-18,5.471933841705322,5.5721883380671455,5.410487938427772,5.507508418777923,3723980
2017-04-19,5.423424243927002,5.5301463761192595,5.368445969280933,5.488104567040025,2994160
2017-04-20,5.478403091430664,5.504274824330418,5.4201907902815405,5.4201907902815405,4686760
2017-04-24,5.546316146850586,5.568954261947669,5.4913386692176305,5.510742767872273,4735380
2017-04-25,5.5786566734313965,5.614230854050897,5.504274295772443,5.562486591331624,5500300
2017-04-26,5.7726969718933105,5.811505169706907,5.530146938391145,5.562486702291538,6782620
2017-04-27,5.695080757141113,5.80180370546228,5.6498049258649,5.80180370546228,6367400
2017-04-28,5.724186897277832,5.762995093543675,5.633634840268453,5.688612717367476,4337580
2017-05-02,5.879420757293701,5.902058478064316,5.70801863762606,5.746826846280341,5382000
2017-05-03,6.0314178466796875,6.144608437877442,5.889122306292617,5.908526407640803,6222320
2017-05-04,5.911758899688721,6.037885133529441,5.856780622987582,6.037885133529441,6306300
2017-05-05,5.982907295227051,6.015247460362159,5.889121618223786,5.947332712634158,3216980
2017-05-08,5.982907295227051,6.092863054797869,5.927929816385915,5.982907295227051,2085980
2017-05-09,6.079928398132324,6.186650151853156,5.979673876196165,6.012014445506982,4103840
2017-05-10,6.2480974197387695,6.2480974197387695,6.118737528534325,6.14137524888126,5832060
2017-05-11,6.358053207397461,6.42920078222802,6.231926940521308,6.241628590947766,3423160
2017-05-12,6.4744744300842285,6.532685909512185,6.396858054995849,6.400092070624531,5294640
2017-05-15,6.603837013244629,6.607070629084228,6.387157888722928,6.464774291536672,4286100
2017-05-16,6.306308269500732,6.584432492334327,6.241627537006116,6.5811984757568105,7818980
2017-05-17,6.20281982421875,6.400093622572483,6.173713275558445,6.273967383413889,6475300
2017-05-18,6.0314178466796875,6.138140805039034,5.552785752423681,5.659507908894385,17152980
2017-05-19,6.1122660636901855,6.286902924271395,5.953800485625028,6.031416066217161,10555480
2017-05-22,6.1219706535339355,6.1219706535339355,5.960270201090794,6.073459996573347,7750860
2017-05-23,6.164011001586914,6.267499115350705,6.037884775230745,6.112266343288687,5398380
2017-05-24,6.060525894165039,6.254565752663948,6.060525894165039,6.254565752663948,9159020
2017-05-25,6.1478424072265625,6.202820693954601,5.976439914254053,6.0605243527792885,13091780
2017-05-26,6.225457191467285,6.3354133424379215,6.164011283988505,6.193117029139381,6779240
2017-05-29,6.225457191467285,6.225457191467285,6.225457191467285,6.225457191467285,0
2017-05-30,6.319243907928467,6.322477523547917,6.134905364740104,6.134905364740104,3515980
2017-05-31,6.1446075439453125,6.390391990043059,6.1446075439453125,6.303073145735253,8213400
2017-06-01,6.186649799346924,6.277201864669293,6.144607983810265,6.151075616170735,4818060
2017-06-02,6.1446075439453125,6.254563300366436,6.1446075439453125,6.254563300366436,3166800
2017-06-05,6.109032154083252,6.157541588905764,6.037884207851478,6.157541588905764,3328000
2017-06-06,6.066989421844482,6.157541053949458,6.041117698790553,6.125201700840157,2030080
2017-06-07,6.1122660636901855,6.1898824461707225,6.0605226105915655,6.099330801831834,7124000
2017-06-08,6.060525894165039,6.1381423186979065,6.018483664209736,6.083163617042706,2470000
2017-06-09,5.953802585601807,6.121970671736111,5.927930849927228,6.054056714055785,3581500
2017-06-12,5.921459674835205,5.9764379434333295,5.8406096807821495,5.937630154778839,3796520
2017-06-13,5.879420757293701,5.960270791045737,5.834144513863707,5.950569139826549,7153640
2017-06-14,5.902058124542236,6.04112086389048,5.850314651324629,5.892356473904159,8997040
2017-06-15,5.902058124542236,5.902058124542236,5.902058124542236,5.902058124542236,0
2017-06-16,5.850313663482666,5.973205895165126,5.850313663482666,5.872951379074882,9705020
2017-06-19,5.9149932861328125,5.9926096816270435,5.869717456372115,5.869717456372115,3474900
2017-06-20,5.866481781005859,5.992607987074529,5.853545317803977,5.918225629092606,5456100
2017-06-21,5.788866996765137,5.902056770707633,5.788866996765137,5.882652671993743,2266420
2017-06-22,5.746825218200684,5.869717443179402,5.730654734898128,5.843845311406142,2239120
2017-06-23,5.740357398986816,5.801803714236127,5.711250848713911,5.7468254321709535,2608320
2017-06-26,5.7759294509887695,5.853545831344528,5.720951983458491,5.801802379662406,4776460
2017-06-27,5.653037071228027,5.795333363110215,5.643335424934045,5.795333363110215,4163640
2017-06-28,5.633635520935059,5.71771995633696,5.601295353472788,5.633635520935059,3035760
2017-06-29,5.659508228302002,5.711251699595455,5.620700023415397,5.653039392265548,2740920
2017-06-30,5.724186897277832,5.837376667831365,5.678911069245269,5.698315167378191,3823300
2017-07-03,5.824977397918701,5.919085629530214,5.7665655446955775,5.7665655446955775,3088800
2017-07-04,5.847691535949707,5.896367998772163,5.847691535949707,5.867162282007246,1909960
2017-07-05,5.876896858215332,5.941798938395714,5.873651734090245,5.893122478840769,3333460
2017-07-06,5.75033712387085,5.909348197820871,5.737357432680882,5.889877454071889,4439500
2017-07-07,5.828221321105957,5.863917692131661,5.747093607459875,5.792524950080252,4250220
2017-07-10,5.97749662399292,6.000212094035337,5.847692041378099,5.847692041378099,6056700
2017-07-11,6.048890113830566,6.091076744764263,5.98723273015824,6.019684387044152,3787680
2017-07-12,6.123528003692627,6.159224786060416,6.003458764040374,6.084586498187616,4471480
2017-07-13,6.230616092681885,6.230616092681885,6.133262339057335,6.146243241862097,3198000
2017-07-14,6.165712833404541,6.2403498925082745,6.104055467700863,6.20465432753318,2756000
2017-07-17,6.224124431610107,6.230614277639697,6.1494865755740635,6.172202042481054,3257540
2017-07-18,6.360419750213623,6.389625067318923,6.204654572199645,6.227370042349006,5971160
2017-07-19,6.269556999206543,6.422077060769231,6.191674003697306,6.392871339774717,5156320
2017-07-20,6.318232536315918,6.3896244670168745,6.246840203293571,6.246840203293571,3196960
2017-07-21,6.243595123291016,6.33770291893274,6.243595123291016,6.327967948810887,1808040
2017-07-24,6.2836222648620605,6.322670529798544,6.143696827670459,6.254335057577589,2638220
2017-07-25,6.2348103523254395,6.325925254155136,6.182745731535754,6.325925254155136,2505880
2017-07-26,6.1990180015563965,6.29663990026688,6.156715232572914,6.195763104504614,2112240
2017-07-27,6.150205612182617,6.277114712933903,6.111156533972095,6.251082397559799,1910480
2017-07-28,6.09163236618042,6.172983799769886,6.062345156183657,6.143697396638885,2866760
2017-07-31,6.16322135925293,6.179491805825767,6.101393662276148,6.101393662276148,2787980
2017-08-01,6.231557369232178,6.329180057094395,6.146951443184468,6.182746428733948,4247360
2017-08-02,6.351956844329834,6.404021862648931,6.234809645388095,6.234809645388095,5018520
2017-08-03,6.238065719604492,6.397516124467092,6.186001088147841,6.364974822082626,3764280
2017-08-04,6.228304862976074,6.296640358418775,6.212034410862817,6.264099857625241,2427360
2017-08-07,6.36171817779541,6.439816303920743,6.225047263941583,6.225047263941583,2712580
2017-08-08,6.280368804931641,6.377991500491317,6.2543360861157264,6.32267156957459,3401320
2017-08-09,6.225047588348389,6.277112605045796,6.159966216618436,6.277112605045796,3629600
2017-08-10,6.254334449768066,6.296637606775975,6.176237524051881,6.225048052195397,4359680
2017-08-11,6.264097213745117,6.30314628233554,6.192507254662674,6.30314628233554,2731300
2017-08-14,6.2966389656066895,6.391007566989314,6.2250493955768995,6.241320247524037,3726580
2017-08-15,6.381242275238037,6.482119014621045,6.329177668228389,6.358464060100407,3470740
2017-08-16,6.63180685043335,6.667601825591069,6.400767363099051,6.4365623382567705,6644820
2017-08-17,6.543948173522949,6.628554495419813,6.504899101878244,6.628554495419813,5034380
2017-08-18,6.609030246734619,6.683874303971995,6.469104400595177,6.576488948850726,3098680
2017-08-21,6.622045040130615,6.693634587577794,6.547201000574311,6.628553217483337,1647360
2017-08-22,6.778242588043213,6.859594834978108,6.670858428954977,6.69689074454123,3793140
2017-08-23,6.778242588043213,6.846578475468525,6.677366205276855,6.801021217184983,2570360
2017-08-24,6.716413974761963,6.797765802408298,6.6936357534926305,6.726176645924298,5086120
2017-08-25,6.677364826202393,6.7684797273844515,6.648078426787256,6.709906121688519,1536600
2017-08-28,6.690380573272705,6.748954170098317,6.631806976447093,6.716412879540209,1712620
2017-08-29,6.605775356292725,6.683873493505255,6.599267581624491,6.667602644819834,2683200
2017-08-30,6.709905624389648,6.752208780923671,6.55370935411018,6.622045625790247,2806960
2017-08-31,6.657839775085449,6.797765196639624,6.628553781372378,6.7131596907224,4050540
2017-09-01,6.761972427368164,6.827053820379022,6.664350539568331,6.7033988105687765,3324360
2017-09-04,6.872609615325928,6.976739660610167,6.742446453571398,6.804273743602569,2670980
2017-09-05,7.045078277587891,7.204527075081987,6.95070885999654,7.03206111062196,4650880
2017-09-06,6.973486423492432,7.106904094110272,6.963724961776379,7.061346840728571,7499180
2017-09-07,6.973486423492432,6.973486423492432,6.973486423492432,6.973486423492432,0
2017-09-08,6.875863552093506,6.966978045705647,6.840068572460165,6.937691244187459,7021820
2017-09-11,7.019044399261475,7.119921184988727,6.918168420400045,6.924676600124384,6768580
2017-09-12,7.006031036376953,7.084128410612122,6.9507106845641635,7.058095683578374,2881060
2017-09-13,7.110158443450928,7.175240236374379,6.950708050788472,6.973486678311679,4293380
2017-09-14,7.272862434387207,7.347706499495877,7.0938883029496695,7.1101587518863365,4183660
2017-09-15,7.445326805114746,7.529932305583392,7.2305569480356455,7.2793682791899865,9406020
2017-09-18,7.689382553100586,7.7121611763972,7.367229351636851,7.474613483169556,4220060
2017-09-19,7.6308112144470215,7.728433914683487,7.546205681107942,7.70240119462043,4048980
2017-09-20,7.373734951019287,7.7414461175844576,7.367227581363817,7.588503969343414,6995560
2017-09-21,7.305400371551514,7.468104794977865,7.285875840740351,7.425801644887014,5641480
2017-09-22,7.1459527015686035,7.311911275355221,7.1361912393881095,7.276117095718003,18626920
2017-09-25,7.100394248962402,7.191508734345972,7.035312473688423,7.110156515253499,3563560
2017-09-26,6.947453498840332,7.1557143912843,6.947453498840332,7.1557143912843,4542980
2017-09-27,6.869357585906982,7.061348095259189,6.869357585906982,6.996266293151361,3355560
2017-09-28,6.859594345092773,6.970232586157055,6.840069807222764,6.866102524382776,3535220
2017-09-29,6.963724136352539,7.061346003733421,6.853085912405455,6.940945512361684,4217460
2017-10-02,6.940269470214844,7.116467999723493,6.917428815214827,7.008790626151986,2353520
2017-10-03,7.211092948913574,7.256774254976335,6.927217070300685,6.982687227662609,4363060
2017-10-04,7.243720531463623,7.387290328464065,7.237195440662682,7.246983481395451,4009200
2017-10-05,7.273090362548828,7.517810908793845,7.2665644597406125,7.328560536418664,10319400
2017-10-06,7.240458965301514,7.25677452714154,7.103415851036271,7.214356169920934,5794620
2017-10-09,7.240458965301514,7.279614371966689,7.181725855303751,7.260036668634101,4853940
2017-10-10,7.325295925140381,7.367714283782004,7.253511819578994,7.341610678464082,3050840
2017-10-11,7.423184394836426,7.423184394836426,7.263299813346384,7.341610628770078,3987100
2017-10-12,7.423184394836426,7.423184394836426,7.423184394836426,7.423184394836426,0
2017-10-13,7.488443851470947,7.553702059128477,7.374240572210126,7.429710736422525,6125340
2017-10-16,7.423184394836426,7.592857019191537,7.33508472748477,7.55370161147969,4248140
2017-10-17,7.3546624183654785,7.514546190510559,7.335084714544094,7.387291924734452,4814420
2017-10-18,7.3677167892456055,7.4917081476073015,7.338350223276557,7.390557451665976,4728360
2017-10-19,7.220880031585693,7.357923122499832,7.1490959406605405,7.3416091815653175,6795360
2017-10-20,7.308981418609619,7.485179951392162,7.263300107760794,7.263300107760794,4334200
2017-10-23,7.060996055603027,7.462337274048506,6.982686067286046,7.462337274048506,4983160
2017-10-24,7.273090362548828,7.341612342035096,7.145835257788618,7.145835257788618,4360460
2017-10-25,7.260035514831543,7.4460236669329225,7.060996371645441,7.361186965974398,4755140
2017-10-26,7.031628608703613,7.318767353367797,6.963107478808687,7.292663757574452,5798260
2017-10-27,7.0446858406066895,7.139310628417578,6.999004517977851,7.047947983159902,3475680
2017-10-30,6.868484973907471,7.044684323238205,6.747756599169741,7.041421372324673,6000800
2017-10-31,6.943532943725586,7.0479465653814675,6.793438008630208,6.89132572836616,4631640
2017-11-01,6.907641410827637,7.162150810821204,6.907641410827637,7.021844709763311,4601740
2017-11-02,6.907641410827637,6.907641410827637,6.907641410827637,6.907641410827637,0
2017-11-03,6.999002933502197,7.0903647490137125,6.793437837272601,6.933743106886058,6482580
2017-11-06,7.08383846282959,7.145832900934339,6.963109300696753,6.98268700266424,3561220
2017-11-07,6.891324520111084,7.116467287811383,6.852169924519456,7.064260890668269,5621980
2017-11-08,7.0936279296875,7.181726797175294,6.891325777782041,6.891325777782041,4625140
2017-11-09,7.074049472808838,7.204566689224677,6.963109960214809,7.113204880452457,5115760
2017-11-10,7.0642619132995605,7.1425719248819,6.972898480150449,7.015316841333312,4716400
2017-11-13,6.950058460235596,7.106679288565619,6.87827354309716,7.09689043622856,5917340
2017-11-14,6.842381000518799,7.012053629881702,6.816277394607135,6.966373128599205,6633640
2017-11-15,6.842381000518799,6.842381000518799,6.842381000518799,6.842381000518799,0
2017-11-16,7.096890926361084,7.178464701470308,6.819540900052705,6.819540900052705,5833620
2017-11-17,7.2828779220581055,7.3872923484274375,7.06426183497319,7.09689053415067,4713800
2017-11-20,7.2828779220581055,7.2828779220581055,7.2828779220581055,7.2828779220581055,0
2017-11-21,7.560227394104004,7.632011498052816,7.3416105135403695,7.34487346413181,7268820
2017-11-22,7.667902946472168,7.690743597609429,7.4329713438374,7.560226400173567,6572020
2017-11-23,7.6026458740234375,7.66464112719465,7.49170555213083,7.66464112719465,1422980
2017-11-24,7.504754543304443,7.645060559368368,7.488440605259298,7.635272520166316,2091700
2017-11-27,7.472130298614502,7.524337526037302,7.3807684596877605,7.462341443472727,4221880
2017-11-28,7.436233997344971,7.6483249403814995,7.436233997344971,7.488442006924454,3451240
2017-11-29,7.439496994018555,7.579803846286944,7.348135201604209,7.455811744282321,5749900
2017-11-30,7.465604305267334,7.550440230550574,7.410134132810137,7.494970058093378,9799400
2017-12-01,7.393815040588379,7.527595980941702,7.3252939045920336,7.42970829706292,5225740
2017-12-04,7.5537004470825195,7.6613778016917164,7.387290799021983,7.4068684998600185,4742660
2017-12-05,7.765794277191162,7.85389396363577,7.485181270171406,7.570017196203146,6041620
2017-12-06,7.7821044921875,7.919148383145954,7.677691717201656,7.7494758034029285,5036460
2017-12-07,7.5243330001831055,7.749475723958383,7.468863663474108,7.6776916384930125,4186000
2017-12-08,7.5537004470825195,7.7005332033677885,7.514545045406448,7.6156964997363,3577600
2017-12-11,7.547175407409668,7.658115724809092,7.48517934768646,7.556964258944911,2559440
2017-12-12,7.651591777801514,7.651591777801514,7.273090999883458,7.498233857432899,4659980
2017-12-13,7.733163356781006,8.003987460479712,7.612434178802932,7.6972708984632,8819460
2017-12-14,7.547175407409668,7.762529332122162,7.51454590229219,7.74947753007517,5110560
2017-12-15,7.700533390045166,7.713584381857474,7.511282277356302,7.511282277356302,11858860
2017-12-18,7.679945945739746,7.76498744890154,7.627611402909727,7.722466291808836,4320160
2017-12-19,7.545839786529541,7.738820397721208,7.490235203643806,7.679944957018666,2214420
2017-12-20,7.6210713386535645,7.660321641840724,7.572008459669614,7.594904469862124,5312060
2017-12-21,7.915447235107422,8.033197337283829,7.5491126827544575,7.614529856754533,5967780
2017-12-22,7.938342571258545,8.000488881276262,7.846759346466626,7.886008836506785,2025920
2017-12-25,7.938342571258545,7.938342571258546,7.938342571258546,7.938342571258546,0
2017-12-26,8.078994750976562,8.134598569380806,7.889285649833159,7.889285649833159,2386280
2017-12-27,8.075716972351074,8.183655289027838,8.036467486401282,8.118238127405556,1558960
2017-12-28,7.88601016998291,8.160761512864763,7.886010169982909,8.10188686233735,5631600
2017-12-29,7.88601016998291,7.886010169982909,7.886010169982909,7.886010169982909,0
2018-01-02,8.1836576461792,8.232720531527567,7.964510902646965,7.964510902646965,4812860
2018-01-03,8.059364318847656,8.160760118729089,8.04301002676619,8.144406637671281,4652960
2018-01-04,7.980862617492676,8.150946420687223,7.980862617492676,8.105155220190513,3317600
2018-01-05,8.013575553894043,8.06263926604362,7.944888303342404,8.052825874794449,2552680
2018-01-08,8.078994750976562,8.128056848271578,7.8696604865054764,8.016848400438903,3346200
2018-01-09,8.209824562072754,8.213095421113392,8.0233864077802,8.075719341406593,6190340
2018-01-10,8.144407272338867,8.170573330684592,8.062635805559346,8.157489895999868,3699800
2018-01-11,8.301406860351562,8.340657164376625,8.128052161931265,8.200011052643877,4098640
2018-01-12,8.363554954528809,8.43224300118707,8.235992250330217,8.25888826588297,4456140
2018-01-15,8.419160842895508,8.44859858165025,8.340660206216196,8.373368804832577,1006460
2018-01-16,8.520554542541504,8.589243393367573,8.392991851075415,8.415887864342833,4740580
2018-01-17,8.471491813659668,8.585971060130642,8.448595802160723,8.53690817834719,3092960
2018-01-18,8.353738784790039,8.549990262293528,8.298135010520928,8.464947955375349,3894800
2018-01-19,8.468222618103027,8.491118634098939,8.330846522127556,8.366825975835418,2761200
2018-01-22,8.373367309570312,8.569618866223246,8.327575279684627,8.491118243562074,2283840
2018-01-23,8.131325721740723,8.40934798991725,8.09207540467712,8.36682681309835,3763240
2018-01-24,8.144407272338867,8.32757373587755,8.046281512203441,8.249073938792932,7904780
2018-01-25,8.144407272338867,8.144407272338867,8.144407272338867,8.144407272338867,0
2018-01-26,8.180384635925293,8.245800988163158,8.114967472663833,8.173842919599148,6563440
2018-01-29,7.9187164306640625,8.144405633563522,7.820590690272993,8.144405633563522,12206740
2018-01-30,7.850028991699219,7.951425587110331,7.800965311928371,7.850028991699219,4711720
2018-01-31,7.7519049644470215,7.948155671710002,7.68648779168479,7.850030723590368,9448140
2018-02-01,7.686487197875977,7.817321533293016,7.686487197875977,7.768258657511626,5784220
2018-02-02,7.4411749839782715,7.61452968003141,7.408466397737357,7.588362000014968,7425860
2018-02-05,7.359403610229492,7.522945732451543,7.333236740910168,7.418278255174249,5345340
2018-02-06,7.581820487976074,7.666861994383624,7.23184026521037,7.31688177161792,9471800
2018-02-07,7.490239143371582,7.702844202266931,7.457530547999384,7.634156963009253,5872360
2018-02-08,7.271090030670166,7.585090788346485,7.238380638425383,7.52948620027045,4989400
2018-02-09,7.169695854187012,7.3495923007338195,7.025778048130477,7.267820820019879,6881160
2018-02-14,7.490239143371582,7.581823210413736,7.303800960773991,7.352863853832288,7269860
2018-02-15,7.657047748565674,7.74863094201534,7.486963979853393,7.572005458697842,5426980
2018-02-16,7.480423450469971,7.679945799174165,7.398652807106605,7.6570497919458145,6077240
2018-02-19,7.513134479522705,7.545843071931856,7.428092950282778,7.545843071931856,1340820
2018-02-20,7.506592273712158,7.621071516319802,7.444445958883702,7.457528582560706,3787420
2018-02-21,7.470612525939941,7.621072035243188,7.470612525939942,7.506592784840583,6453720
2018-02-22,7.519672870635986,7.673402375911595,7.483694245929911,7.5458397329847715,4885920
2018-02-23,7.800964832305908,7.840215124890554,7.5294852639757455,7.565464698845004,6830200
2018-02-26,7.902364253997803,8.052822951812379,7.817322733939031,7.9285311251001245,6846840
2018-02-27,7.784614562988281,7.954698423260773,7.7519059723543755,7.8860103829295705,4828720
2018-02-28,7.657047748565674,7.8009638478337004,7.572005458697842,7.8009638478337004,10039120
2018-03-01,7.614527225494385,7.751902432399723,7.47060949242613,7.578547792227321,8476780
2018-03-02,7.572007179260254,7.6145283338561125,7.437901999381008,7.591632327535266,4411940
2018-03-05,7.470947265625,7.595681547757719,7.405297215075744,7.595681547757719,4134780
2018-03-06,7.4578166007995605,7.54644417093291,7.441404087811904,7.510337456270948,3995420
2018-03-07,7.408576488494873,7.477508197616093,7.296972265115914,7.451249002752611,5894720
2018-03-08,7.369187355041504,7.520181609606613,7.303537325269452,7.421706564948535,3162380
2018-03-09,7.549723148345947,7.608808167513005,7.3724689047552765,7.3724689047552765,3613220
2018-03-12,7.516903877258301,7.667899041533718,7.516903877258301,7.582553948682396,2598960
2018-03-13,7.4512505531311035,7.625222333546528,7.349492997959229,7.536594785493606,4755400
2018-03-14,7.5661396980285645,7.582552212125793,7.4545354160783495,7.470947930175578,2334020
2018-03-15,7.58254861831665,7.648198643590214,7.516898593043087,7.566136111998259,5119400
2018-03-16,7.615372657775879,7.726978512317379,7.553006762891414,7.628503476466529,7056920
2018-03-19,7.61865758895874,7.7007193223309285,7.513618342347339,7.592397573828213,3405480
2018-03-20,7.5595703125,7.687587848287146,7.5595703125,7.674457030706201,3613220
2018-03-21,7.5989603996276855,7.671174606628185,7.553006200231178,7.595677898677187,3111420
2018-03-22,7.615372657775879,7.713847693626729,7.523463438225622,7.628503476466529,4097600
2018-03-23,7.55300760269165,7.730261059110481,7.487356757580992,7.513617583971632,3486340
2018-03-26,7.4386677742004395,7.639357966884493,7.4057685583835715,7.639357966884493,3543800
2018-03-27,7.307072639465332,7.481442090757282,7.165603238562645,7.481442090757282,7028320
2018-03-28,7.369581699371338,7.4617010117422735,7.2445615254643805,7.267591557499872,4562740
2018-03-29,7.4386677742004395,7.471568621558671,7.297199269915339,7.369578523637267,4608500
2018-04-02,7.343261241912842,7.464991404266875,7.293911991864626,7.464991404266875,3588520
2018-04-03,7.343261241912842,7.3959013121199915,7.264301136602117,7.3860312989561505,2954380
2018-04-04,7.346547603607178,7.4452476863063835,7.19191828981567,7.214948309112152,4720820
2018-04-05,7.316941738128662,7.497890340889254,7.254431657187799,7.497890340889254,3933540
2018-04-06,7.159021377563477,7.353130808903176,7.126121335680318,7.300490741890122,5372380
2018-04-09,7.007682800292969,7.221532281164147,7.001102791165517,7.185342230963157,4023240
2018-04-10,7.073480606079102,7.135990679801649,7.004391340367145,7.060321406329425,3897140
2018-04-11,7.109671592712402,7.221531739488645,7.027421484788694,7.027421484788694,3555760
2018-04-12,7.191922187805176,7.211662215044022,7.03071196535459,7.1886321832653675,4296760
2018-04-13,7.254430770874023,7.300490009116395,7.076770562537295,7.155730655131396,5144100
2018-04-16,7.287333011627197,7.363003131700893,7.172183644677549,7.208373702104099,3448380
2018-04-17,7.320229530334473,7.379449595719472,7.208370222600273,7.221530237130272,2364960
2018-04-18,7.300489902496338,7.402480020607537,7.162310558245556,7.241269833915641,6794840
2018-04-19,7.382741928100586,7.435382002824918,7.218242510358104,7.270882585082437,4323280
2018-04-20,7.537371635437012,7.599881726690057,7.333392153435003,7.336682974008885,4188600
2018-04-23,7.507761478424072,7.626200820889155,7.461700601116835,7.566980741771119,3354780
2018-04-24,7.4715704917907715,7.636069875134192,7.425510436038766,7.534079751683322,3239340
2018-04-25,7.313651084899902,7.561716405170384,7.275158120050096,7.48045338873514,6381200
2018-04-26,7.664364337921143,7.690026043563178,7.382083128546008,7.403467747285886,7503400
2018-04-27,7.668644428253174,7.754183752485133,7.583104288249982,7.719967859638103,3500400
2018-04-30,7.604487895965576,7.677196752690285,7.536056126785972,7.677196752690285,3161600
2018-05-02,7.70285701751709,7.865382234894244,7.424852905393311,7.608763556485146,6977000
2018-05-03,7.527502536773682,7.70713614877499,7.527502536773682,7.664366085770659,4596000
2018-05-04,7.356422424316406,7.531778932321194,7.352145336832018,7.501840135701502,3209200
2018-05-07,7.236665725708008,7.459069358868929,7.198172757823581,7.399190955620406,3613400
2018-05-08,7.211004734039307,7.322206561645832,7.035648225521217,7.292266949167476,9631200
2018-05-09,7.2452168464660645,7.343587360371295,7.0912450398174585,7.262324371776686,5960000
2018-05-10,7.591652870178223,7.608761211878105,7.262324634391173,7.275155890666085,5679000
2018-05-11,7.608764171600342,7.741350608266511,7.484731093340641,7.518946974279361,3122600
2018-05-14,7.651534080505371,7.818337228477587,7.5403322537809006,7.608764837417592,4698000
2018-05-15,7.955201625823975,8.040740937035176,7.570272685945788,7.570272685945788,7290400
2018-05-16,8.16049575805664,8.20326581529201,7.852552814349764,7.873937435081953,3832400
2018-05-17,7.993691444396973,8.151939556314023,7.8867667357829925,8.147662470076968,6030800
2018-05-18,7.826889514923096,7.989415553157426,7.737073137823264,7.87821374167365,7126000
2018-05-21,7.668644428253174,8.006526268146194,7.6558131625213255,7.873939785335356,6023000
2018-05-22,7.715689182281494,7.89532195191845,7.651533689387177,7.74990506446534,5752200
2018-05-23,7.7071380615234375,7.83117037766998,7.677199254721558,7.7114151504624635,5223200
2018-05-24,8.049294471740723,8.062125734497359,7.719966069593114,7.80122910217639,7041000
2018-05-25,7.997968673706055,8.310188632659049,7.916705665289932,8.01507620318951,6308400
2018-05-28,7.561715602874756,8.053569104494587,7.540330171465583,7.8910439046388525,5369800
2018-05-29,7.429131507873535,7.8568304801783295,7.429131507873535,7.634426818794784,13530800
2018-05-30,7.3478684425354,7.58310254996427,7.309375469934887,7.471900719759572,26881800
2018-06-01,7.292266368865967,7.69858067525738,7.1810653658795855,7.467622863429597,7908200
2018-06-04,7.185341835021973,7.416299653206236,7.159680127147383,7.364975421686072,7279800
2018-06-05,7.014263153076172,7.275159793568069,6.962939731984334,7.22811264442466,8077200
2018-06-06,7.270881175994873,7.2837124364535635,6.954384093285251,6.971491624792607,13898800
2018-06-07,7.027093410491943,7.382083482692142,6.787581834991755,7.270881665214001,9004600
2018-06-08,7.057033061981201,7.159680717717492,6.796136835013413,7.091248947226632,8326600
2018-06-11,6.87312126159668,7.108356148424884,6.830351615897838,7.078416539876227,4764200
2018-06-12,6.796135425567627,6.962938137460147,6.770473313012839,6.8945063811613,5044800
2018-06-13,6.676380157470703,6.877398768989687,6.612225481057542,6.821797859085054,7070200
2018-06-14,6.522406101226807,6.714870461981025,6.466805213384864,6.6122228572968185,7808400
2018-06-15,6.749088764190674,6.749088764190674,6.466807545564955,6.4796383988064505,14773600
2018-06-18,6.530964374542236,6.706320911329688,6.522410198169395,6.6678279334230615,5532600
2018-06-19,6.505300998687744,6.697765443216334,6.44542299928275,6.522408940248385,6971200
2018-06-20,6.586564064025879,6.6036720067420935,6.471085552662807,6.595118239326751,5895800
2018-06-21,6.616501331329346,6.684933082146506,6.530961642807895,6.5908392208302065,6340000
2018-06-22,6.603672504425049,6.667827600360025,6.552348672408404,6.6336117123489275,5942200
2018-06-25,6.7661967277526855,6.860291011465604,6.629333205011287,6.629333205011287,4881800
2018-06-26,6.826074123382568,6.864566679858805,6.6849335259800595,6.851736235585495,4013000
2018-06-27,6.723428249359131,6.851738028171948,6.637888532779099,6.838906764770787,4980000
2018-06-28,6.890229225158691,6.911613842873035,6.650717672634926,6.740534453845658,4737200
2018-06-29,6.950108528137207,7.027094476203023,6.8902309310953855,6.924446817372295,6415400
2018-07-02,6.71395206451416,6.988340651058624,6.71395206451416,6.988340651058624,3220600
2018-07-03,6.859719753265381,6.872582022189988,6.752536632120609,6.752536632120609,5298200
2018-07-04,6.81684684753418,6.954041121949893,6.81684684753418,6.954041121949893,1049000
2018-07-05,6.851146697998047,6.915456423945062,6.69680311040245,6.773975108635882,5561000
2018-07-06,7.005489349365234,7.0483627643454465,6.795410515478808,6.795410515478808,3197200
2018-07-10,7.288453102111816,7.288453102111816,6.996914847188558,7.031213417312329,6771000
2018-07-11,7.206993103027344,7.292739930207509,7.185556805103476,7.219855372427073,6483800
2018-07-12,7.309890270233154,7.322752542211068,7.159834519203377,7.2027071236447355,5233400
2018-07-13,7.352762699127197,7.352762699127197,7.185557274714766,7.258441837258564,3271200
2018-07-16,7.4770965576171875,7.5156825559252605,7.322752564384896,7.33990226040738,5505800
2018-07-17,7.798647880554199,7.88439392813382,7.477098362209523,7.477098362209523,9695600
2018-07-18,7.918690204620361,8.23166559948177,7.862955330811944,7.888679055820254,8757000
2018-07-19,8.05159854888916,8.103046003122678,7.764347673233972,7.8886797024170905,5159000
2018-07-20,7.995861053466797,8.188791007783948,7.910115043125453,8.12448129559235,8147800
2018-07-23,8.113166809082031,8.17345547108777,7.89354277001216,7.96675078303545,4271800
2018-07-24,8.182066917419434,8.337095816588292,8.100246018261283,8.182066917419434,7137600
2018-07-25,8.139001846313477,8.259579949571346,8.139001846313477,8.151921192817541,5388200
2018-07-26,7.996893882751465,8.151922785606514,7.85047787924865,8.095939761188284,6683600
2018-07-27,7.945215225219727,8.083018279000088,7.915070088505656,8.070098934694057,4466800
2018-07-30,8.009811401367188,8.0485686182241,7.893539750796451,8.044262169532098,13438400
2018-07-31,7.971054553985596,8.070100414379311,7.910765912245271,7.949522309527522,4939000
2018-08-01,7.8849263191223145,8.057180148274783,7.8849263191223145,7.96674719598388,3880400
2018-08-02,7.734200954437256,7.966744150938828,7.734200954437256,7.867698339704781,4816600
2018-08-03,7.807412624359131,7.897846406519557,7.695448240916508,7.7686562278573765,5871000
2018-08-06,7.859086990356445,7.988277132882439,7.790185471493128,7.811716888123829,4309200
2018-08-07,7.979668140411377,8.05287613514437,7.863396474416997,7.8806214500988245,10229000
2018-08-08,7.807412624359131,8.065793803054616,7.71697966356983,8.065793803054616,8031200
2018-08-09,7.7772698402404785,7.876316539574108,7.626547387783577,7.772963390584991,6617400
2018-08-10,7.4629082679748535,7.772965328114781,7.432763934243797,7.67391942546374,5386400
2018-08-13,7.5920939445495605,7.656689845315838,7.376776465651296,7.411227229420178,4197400
2018-08-14,7.566257476806641,7.790187893416509,7.527500257725273,7.695448480868249,5169400
2018-08-15,7.5920939445495605,7.68252771279975,7.454290889474031,7.475823130186456,7495600
2018-08-16,7.6222429275512695,7.682531589224303,7.523196213039469,7.600710675974177,4431800
2018-08-17,7.536114692687988,7.635160574377057,7.454293788897693,7.557646120404284,3677400
2018-08-20,7.510273456573486,7.5576427406401425,7.411226797806586,7.471516246919254,3651800
2018-08-21,7.536114692687988,7.65669282346467,7.493051015884079,7.493051015884079,5005600
2018-08-22,7.695446014404297,7.785878949028769,7.497353533548822,7.497353533548822,4058800
2018-08-23,7.699753761291504,7.820331862038491,7.626545775368532,7.7428174273705075,6023600
2018-08-24,7.613628387451172,7.807413681688063,7.566258265553355,7.768657279937673,3181200
2018-08-27,7.751434326171875,7.803110916416497,7.665306949554683,7.716983539799306,2555000
2018-08-28,7.9624433517456055,7.966749801554247,7.6825306851544495,7.751432239350078,5171000
2018-08-29,8.074407577514648,8.091633374604863,7.910766612013685,7.9624423605419,4650800
2018-08-30,8.113166809082031,8.134698239406534,7.945219352710948,8.009814465055872,5435800
2018-08-31,8.242353439331055,8.242353439331055,8.035648841421368,8.035648841421368,7649600
2018-09-03,8.095934867858887,8.220819368869957,8.005501943433595,8.19928795487464,3739800
2018-09-04,8.031346321105957,8.13039222004316,7.906462540135456,8.13039222004316,3768000
2018-09-05,7.996893882751465,8.052876907169695,7.902154453990763,7.953830207361586,3275600
2018-09-06,8.393075942993164,8.543798355319979,7.996891715257199,8.031342481957235,8037400
2018-09-10,8.418911933898926,8.556715791317636,8.367236206066433,8.444750619186056,4577400
2018-09-11,8.225127220153809,8.427525338924326,8.18637001124889,8.25527153344187,3798400
2018-09-12,8.095934867858887,8.319865187441694,8.087322795083235,8.315558740368472,8334400
2018-09-13,8.070100784301758,8.1949853437697,7.91076627486404,8.190678894680683,4690800
2018-09-14,8.268194198608398,8.298338524006923,8.039957301293297,8.06148872761474,5884000
2018-09-17,8.311257362365723,8.393078263918271,8.18206715685858,8.263888058411128,4300400
2018-09-18,8.246660232543945,8.418914071336424,8.216515913426647,8.216515913426647,4508800
2018-09-19,8.177760124206543,8.27249954673352,8.108858576664879,8.199292371170335,3381200
2018-09-20,8.220819473266602,8.319865293096127,8.143305067705825,8.238044440407439,3613200
2018-09-21,8.375853538513184,8.401691416117794,8.24235605791817,8.298339084328033,6937800
2018-09-24,8.323765754699707,8.496368293247809,8.293559590299193,8.371230938404295,3265000
2018-09-25,8.418697357177734,8.44890270002276,8.198628801120437,8.220203810857209,3507600
2018-09-26,8.49205493927002,8.630136999577825,8.384178226775296,8.41438357458838,4733600
2018-09-27,8.58698558807373,8.630136434854794,8.50068471754555,8.539520397345113,4275800
2018-09-28,8.522258758544922,8.591299776315742,8.440272241304378,8.483423083169603,4031600
2018-10-01,8.410065650939941,8.543832500142022,8.379860313026606,8.543832500142022,3325800
2018-10-02,8.517943382263184,8.630135239136012,8.474792541460737,8.474792541460737,4698800
2018-10-03,8.384175300598145,8.738010662402635,8.202942453938075,8.634449153315984,9137200
2018-10-04,8.246095657348633,8.504999092923915,8.181368975420863,8.435958067032646,4519000
2018-10-05,8.241777420043945,8.492051251423835,8.211572085348145,8.36691392421707,4150000
2018-10-08,8.220202445983887,8.565408305691678,8.082120431314262,8.565408305691678,14482200
2018-10-09,7.8965744972229,8.280616127679888,7.8922601532816055,8.267670626754166,9621000
2018-10-10,7.939725399017334,8.05191727205001,7.810273680997912,7.896574551999543,4561400
2018-10-11,7.952671527862549,8.077808088755797,7.9008903427465045,8.013082224636253,3906400
2018-10-15,7.8965744972229,8.056232383171034,7.814588793795159,8.056232383171034,3746400
2018-10-16,8.090751647949219,8.155477496526048,7.900888445494541,7.918149110733065,6823800
2018-10-17,8.047603607177734,8.2806177307469,8.047603607177734,8.11664464607954,6555400
2018-10-18,7.944037914276123,8.069175246553062,7.88362724243687,8.064860080988304,5716400
2018-10-19,8.02602767944336,8.069178529613799,7.935410811782035,8.017397344802468,5525400
2018-10-22,8.047603607177734,8.129590149511415,7.982877736086556,8.09938479787114,3892400
2018-10-23,8.284934043884277,8.366919774517735,7.939727978619139,7.939727978619139,7738600
2018-10-24,8.349653244018555,8.410063907320563,8.172735596033908,8.362597915849808,10796000
2018-10-25,8.20294189453125,8.509311235140256,8.20294189453125,8.388489894295535,13028200
2018-10-26,7.80164098739624,8.237462846697937,7.797325821696179,8.237462846697937,15550600
2018-10-29,7.551367282867432,7.7067099589143515,7.434860275832242,7.577257454530679,13586000
2018-10-30,7.8965744972229,7.896574497222901,7.6031505502120265,7.654930907847027,10193400
2018-10-31,7.767123699188232,8.043287834010698,7.728288014849568,7.9397262834522735,10170200
2018-11-01,7.853423595428467,7.9354092896891935,7.663560384916649,7.775752244626639,8679200
2018-11-05,8.073491096496582,8.194313285767638,7.853423372840541,7.853423372840541,7289600
2018-11-06,8.069177627563477,8.224519518563833,7.948355425199717,7.987191103708286,6576200
2018-11-07,8.13822078704834,8.259042198091736,8.090754762404643,8.090754762404643,5896200
2018-11-08,8.02602767944336,8.3065069710002,7.978561661952474,8.155479406920668,8205000
2018-11-09,8.02602767944336,8.095068710502458,7.8577394460820456,8.047602693011573,5786200
2018-11-12,7.961298942565918,8.151161297942352,7.961298942565918,7.974243616821663,3269800
2018-11-13,7.823218822479248,8.077807929630428,7.797328641948246,8.047602581838593,6143400
2018-11-14,7.948355674743652,8.000136855392089,7.775753110972107,7.853424470427789,5997200
2018-11-16,8.004451751708984,8.133904300746464,7.918150875384668,7.961301725063827,9100400
2018-11-19,7.853423595428467,8.004450307505518,7.793012087563794,8.004450307505518,5475200
2018-11-21,7.749861240386963,7.883628932469521,7.711026388046376,7.874998599489901,6170600
2018-11-22,7.603147983551025,7.775750489124002,7.603147983551025,7.749859496012805,2984200
2018-11-23,7.6290411949157715,7.736917906782716,7.564315332402403,7.616095693199499,4667000
2018-11-26,7.65493106842041,7.749862274765196,7.534108859681078,7.672191736683442,7784800
2018-11-27,7.788697242736816,7.8102730760916375,7.60315001408868,7.7153410553982,6095800
2018-11-28,7.827531337738037,7.831846503536873,7.680818992712483,7.775750994219442,3854200
2018-11-29,7.857737064361572,7.9397235725314745,7.728285376121736,7.818902216316631,5761000
2018-11-30,7.689453601837158,7.870686551036836,7.641987574679044,7.857741046438938,8021400
2018-12-03,7.749861240386963,7.810272748210453,7.711026388046376,7.758491573366583,7259200
2018-12-04,7.784382343292236,7.905203709316998,7.732601169971747,7.767121677840797,7323200
2018-12-05,7.702397346496582,7.836164237973442,7.667876831824038,7.836164237973442,3045000
2018-12-06,7.693763256072998,7.732598918999784,7.616091930219425,7.667873088466337,5643600
2018-12-07,7.633357524871826,7.775754773304862,7.60746651749555,7.728288749482476,5918800
2018-12-10,7.4262309074401855,7.719655634459564,7.4262309074401855,7.65492978538972,4977400
2018-12-11,7.508218288421631,7.547053966952422,7.4176022538723965,7.525478955783725,6163200
2018-12-12,7.465068340301514,7.702397606852175,7.400342475981886,7.5384245393394975,8927800
2018-12-13,7.495273113250732,7.529793622648851,7.348560742550258,7.469382113926744,7142600
2018-12-14,7.486645221710205,7.555686263022318,7.426233693286506,7.439179197170327,7909000
2018-12-17,7.301095485687256,7.534108742372343,7.301095485687256,7.486643551455981,7331000
2018-12-18,7.262259483337402,7.374451351217769,7.253629149723395,7.335615672988645,8605600
2018-12-19,7.37876558303833,7.585888625325839,7.279519228154792,7.279519228154792,7952000
2018-12-20,7.443490028381348,7.499585533127095,7.344243692197673,7.378764192741284,6261400
2018-12-21,7.482327461242676,7.547053312167047,7.396025777987614,7.495272960641089,6919600
2018-12-26,7.357428550720215,7.495921191362654,7.31414939414914,7.396379709086057,3030800
2018-12-27,7.413688659667969,7.552182084380914,7.3401143631408745,7.400705494415602,6220400
2018-12-28,7.5911383628845215,7.729631055740714,7.405038497303426,7.435333670680523,7181000
2019-01-02,7.781564235687256,7.868122568480531,7.573825227561125,7.625760392333377,4751200
2019-01-03,7.95900821685791,7.95900821685791,7.660383696908839,7.7902203729317865,8316400
2019-01-04,8.049895286560059,8.084518458364299,7.790221085287503,7.963336944308697,8340200
2019-01-07,7.924385070800781,8.119140910871627,7.876778729713485,8.114812911594337,5860200
2019-01-08,7.859466075897217,7.976319570175891,7.807531739872064,7.950352402163315,6306800
2019-01-09,7.946022987365723,7.9936293159923615,7.833497512053341,7.859464675438894,7333400
2019-01-10,8.006614685058594,8.045565849564957,7.898417189314558,7.950352350483503,7390600
2019-01-11,8.088845252990723,8.123468419636982,7.967663756988114,8.010942921666288,18957600
2019-01-14,8.179732322692871,8.223011495661083,8.023928455681494,8.045567629424818,7294800
2019-01-15,8.019599914550781,8.244650112928833,7.950353572668073,8.218682941093194,6071600
2019-01-16,8.188386917114258,8.214354086246146,7.997959084023762,8.041238249564524,4427000
2019-01-17,8.13645076751709,8.223009088110786,8.09749960579806,8.201369920703023,4677800
2019-01-18,8.093175888061523,8.26629177767896,8.093175888061523,8.188389420980695,4663600
2019-01-21,8.145106315612793,8.175401478505941,7.989301677326567,8.0888439881657,2517000
2019-01-22,8.032581329345703,8.192713975821377,8.010942161799871,8.145106816642953,4864400
2019-01-23,8.123472213745117,8.158095396562306,7.954683475214755,8.093177031965302,5339000
2019-01-24,8.145106315612793,8.218680636416702,8.049892828594142,8.123467149398051,4605600
2019-01-28,8.274944305419922,8.322550639157622,8.114811658807666,8.179729986981862,8445200
2019-01-29,8.313896179199219,8.461044857192256,8.279273009405651,8.300913006452557,7113600
2019-01-30,8.404781341552734,8.4394045065089,8.235993515576594,8.387469346333967,7054400
2019-01-31,8.153762817382812,8.491339279420664,8.153762817382812,8.439404121614329,7442800
2019-02-01,8.495665550231934,8.495665550231934,8.162417947676554,8.162417947676554,8556200
2019-02-04,8.525961875915527,8.629831359140695,8.38746840613403,8.478354719881848,6665400
2019-02-05,8.67743968963623,8.67743968963623,8.469700675307003,8.525963840947083,5926200
2019-02-06,8.370160102844238,8.634162312316407,8.352848103641414,8.564915966468224,6501600
2019-02-07,8.296584129333496,8.499995127166335,8.274944960057315,8.417765623531732,5674600
2019-02-08,8.223010063171387,8.512979398418267,8.0672053978204,8.287928398573824,10514600
2019-02-11,8.17540168762207,8.270616002557457,7.997957878582322,8.210024849740039,6597800
2019-02-12,8.166749954223633,8.32255383660381,8.067207598933221,8.32255383660381,6670200
2019-02-13,8.075860977172852,8.257632802161494,8.028253815122067,8.257632802161494,8431600
2019-02-14,8.153762817382812,8.19271397936723,7.9546790088534145,8.075860493413975,4958400
2019-02-15,8.179732322692871,8.218683495816107,8.075862802858097,8.1018299764464,4641800
2019-02-18,8.257636070251465,8.296587249984675,8.114815353056931,8.179733710785046,3785000
2019-02-19,8.391796112060547,8.422091273760495,8.287926632454475,8.287926632454475,4774400
2019-02-20,8.132122039794922,8.469697609516773,8.106154053292345,8.37448413545082,7179600
2019-02-21,8.171073913574219,8.19271390641806,8.062876425798981,8.19271390641806,4277000
2019-02-22,8.244647979736328,8.244647979736328,8.09749933493794,8.210024817753254,4649000
2019-02-25,8.024224281311035,8.245912061540128,8.01553127688037,8.215484473308809,5965800
2019-02-26,7.967718601226807,8.115510502561783,7.880781896056868,8.037267633726811,6948000
2019-02-27,8.076385498046875,8.154628332295268,7.898166077409757,7.998142663798482,4463200
2019-02-28,8.006839752197266,8.145937812273118,7.976412155191903,8.115510215267756,7745400
2019-03-01,7.972064971923828,8.128550698847333,7.972064971923828,8.06769467777163,4650600
2019-03-06,8.076385498046875,8.12854766390897,8.015530328782347,8.102466166433173,4628800
2019-03-07,8.05030345916748,8.150280028536077,8.019875879715244,8.054650374673422,4268200
2019-03-08,8.172015190124512,8.193749771412682,8.01987726655483,8.063344770952167,3931600
2019-03-11,8.250260353088379,8.29372869884347,8.167671408152415,8.19809900145406,3213800
2019-03-12,8.263296127319336,8.319804362394754,8.219827807751733,8.263296127319336,5294800
2019-03-13,8.337194442749023,8.450211774806217,8.219830194563922,8.250257778369805,4996200
2019-03-14,8.298074722290039,8.389357492360126,8.23287262522717,8.37631757040134,3716600
2019-03-15,8.371970176696777,8.371970176696777,8.258952827981023,8.280686582734607,5117400
2019-03-18,8.298074722290039,8.398051326392414,8.228525708211027,8.258953298234388,6523600
2019-03-19,8.298074722290039,8.371970653385196,8.27199404928282,8.332849229329545,3512600
2019-03-20,8.154627799987793,8.33284720899133,8.093772634695691,8.271992043699228,5918200
2019-03-21,8.067689895629883,8.219828614503847,7.998140909131383,8.172013375377633,6398600
2019-03-22,7.9199018478393555,8.06334680415342,7.867740497774084,7.998144702026975,7319000
2019-03-25,7.870401382446289,7.988065393458675,7.809390783198566,7.918338756830685,3732400
2019-03-26,7.852968215942383,7.992421455050553,7.770167543519331,7.974989384558596,4135600
2019-03-27,7.604567050933838,7.870399477017186,7.595851015663729,7.809388892540167,7087200
2019-03-28,7.86604118347168,7.953199870701835,7.574060661819558,7.5827766967839425,5405200
2019-03-29,7.844254016876221,7.983707288627556,7.805032680295275,7.940127933403498,4381800
2019-04-01,7.874759674072266,7.961918388481675,7.818107091551122,7.931413087800513,2713800
2019-04-02,7.953202247619629,8.044718148475848,7.913980909764937,7.922696947334223,5046200
2019-04-03,8.049074172973633,8.175454192794321,8.0185688802464,8.036000951065896,5614400
2019-04-04,8.197242736816406,8.275685386264561,8.04471545524575,8.088294797295482,4374000
2019-04-05,8.310550689697266,8.358488060586286,8.227750003036324,8.293119447414812,5234000
2019-04-08,8.17109489440918,8.310548114280682,8.123157538375818,8.310548114280682,5057600
2019-04-09,8.066507339477539,8.175455303277278,8.027286006013073,8.16673926668362,4783600
2019-04-10,7.988063335418701,8.12751657274603,7.9532000260868685,8.12751657274603,5020200
2019-04-11,7.944486618041992,8.07086667566564,7.931413392223776,8.018571278771374,2825600
2019-04-12,7.948841094970703,8.101368367470302,7.874756467254141,7.91397778964566,4754800
2019-04-15,8.018568992614746,8.149307031972409,7.988063699460027,8.049074285769464,4465800
2019-04-16,8.17109489440918,8.24517952136676,7.992420352547972,8.031641674537678,4311600
2019-04-17,8.066507339477539,8.301834509057336,8.009853932825756,8.236465897018894,9438000
2019-04-18,8.118800163269043,8.258254225373273,8.092652890277485,8.11444297710947,3473800
2019-04-22,8.17109489440918,8.280042826334634,8.140589606463132,8.153662826321863,3826600
2019-04-23,8.388992309570312,8.458718932400059,8.214675752495948,8.214675752495948,6381800
2019-04-24,8.19288444519043,8.450001640347992,8.110084612395598,8.445643623168245,8197800
2019-04-25,8.30183219909668,8.354127572900598,8.06214707791174,8.214674351032505,4724000
2019-04-26,8.31490707397461,8.367202452958598,8.214675164729385,8.280043765054234,3559800
2019-04-29,8.17109489440918,8.367201504357702,8.131873572419474,8.367201504357702,7049600
2019-04-30,8.097013473510742,8.266972048624368,7.948844160927089,8.205961448574776,7653200
2019-05-02,8.179816246032715,8.240826861586925,8.066510223426828,8.097015531203933,6513000
2019-05-03,8.127516746520996,8.223391472638584,8.127516746520996,8.179812127240305,4381600
2019-05-06,8.001137733459473,8.105727665969198,7.961916404867464,8.105727665969198,4186400
2019-05-07,7.905261516571045,7.9837041589831035,7.844250941897995,7.974988125113599,4258800
2019-05-08,8.110087394714355,8.114445413389204,7.913980710381573,7.93576997254874,5450600
2019-05-09,8.083940505981445,8.118803829448908,7.96191928944893,8.02728791704952,3783800
2019-05-10,8.031641006469727,8.101367610605653,7.944482335696476,8.001135721061095,3707800
2019-05-13,7.844254016876221,7.927054708681226,7.822464754867724,7.88783337210028,6029400
2019-05-14,7.848609924316406,7.900904471552878,7.82246265069817,7.86604116299295,4351400
2019-05-15,7.844254016876221,7.883475353457167,7.71351678241111,7.844254016876221,5409000
2019-05-16,7.844254016876221,7.857328072805558,7.700442726481773,7.757095306428104,8926200
2019-05-17,7.900908946990967,7.957562374996233,7.761455633758484,7.770171673637342,5355400
2019-05-20,8.053431510925293,8.179811520078825,7.91833629830451,7.944483571119896,5611400
2019-05-21,8.19288444519043,8.288759160731288,8.088294526496863,8.123157832728053,6699600
2019-05-22,8.179816246032715,8.27133216936403,8.110089590768677,8.219037593519648,3312200
2019-05-23,8.062149047851562,8.275686949914686,8.04035978831313,8.179813044255825,4138800
2019-05-24,7.927055358886719,8.144951321672554,7.918339320885573,8.13623528367141,4027600
2019-05-27,7.970632076263428,8.044715881100815,7.927052731906779,7.93141074946313,3097600
2019-05-28,8.21467399597168,8.23646324924424,7.94884078377144,8.009851357899995,17242400
2019-05-29,8.319265365600586,8.384633968079253,8.118800709298213,8.15802203702679,5511800
2019-05-30,8.306191444396973,8.458718740071573,8.249538876338521,8.367202861390947,5615400
2019-05-31,8.30183219909668,8.388990878367622,8.266968893629656,8.288758979050776,9479200
2019-06-03,8.341052055358887,8.380273371015345,8.28875752195469,8.319262804974908,5628800
2019-06-04,8.288761138916016,8.3802770279114,8.214676491592947,8.375919009691575,4877600
2019-06-05,8.232107162475586,8.345413134713803,8.123159208155021,8.323623876332462,5466400
2019-06-06,8.232107162475586,8.345413134713803,8.210317904094245,8.28004452836285,4140000
2019-06-07,8.367202758789062,8.44128739685359,8.236464722153897,8.280044067698952,5445000
2019-06-10,8.380278587341309,8.493584588520179,8.297478719377901,8.301835907201541,4950200
2019-06-11,8.441286087036133,8.554591204182314,8.423854019040258,8.45000128982732,9129600
2019-06-12,8.580738067626953,8.733265315747975,8.45435808651888,8.47614816836853,11246600
2019-06-13,8.715834617614746,8.715834617614746,8.567665362618754,8.659182058331226,7690600
2019-06-14,8.685333251953125,8.842218611909585,8.633037854898593,8.707122515855017,7302800
2019-06-17,8.846577644348145,8.946810440335215,8.637397674927607,8.694051102816905,6131400
2019-06-18,8.994744300842285,9.042681674500596,8.877081122819163,8.9119444406051,7507600
2019-06-19,9.225711822509766,9.264933148384374,8.959878576294503,8.994741884715616,6065600
2019-06-21,9.339017868041992,9.39567043304156,9.208279836862697,9.32594381556201,9411200
2019-06-24,9.404389381408691,9.413105419095483,9.164704163471637,9.339020761171959,4972400
2019-06-25,9.225711822509766,9.417460434429309,9.225711822509766,9.391312329708345,8019000
2019-06-26,9.216996192932129,9.317228105149804,9.190848918268143,9.269291573466974,4782000
2019-06-27,9.308517456054688,9.42618066522285,9.125484781428648,9.190853415679245,4822600
2019-06-28,9.308517456054688,9.513339398361833,9.308517456054688,9.4131074370971,4775200
2019-07-01,9.423306465148926,9.549940733538609,9.384006232398962,9.549940733538609,6828600
2019-07-02,9.414568901062012,9.52373598286011,9.410202117844639,9.427669250714128,4536800
2019-07-03,9.475706100463867,9.53247263490727,9.37963850434256,9.414571948510579,4501000
2019-07-04,9.69404125213623,9.768274932128303,9.528106751975557,9.563040199449528,5196800
2019-07-05,9.78137493133545,9.951676224844388,9.694041724831573,9.694041724831573,8561800
2019-07-08,9.838142395019531,9.903642508704577,9.768275496038264,9.781375019047793,3160800
2019-07-10,10.344674110412598,10.423274551731344,9.938572385518295,9.938572385518295,10135400
2019-07-11,10.305376052856445,10.43200947598908,10.222408810396368,10.353409018172062,5915200
2019-07-12,10.08267593383789,10.344677205668127,10.08267593383789,10.340310420635063,5054200
2019-07-15,9.78137493133545,10.11760990021714,9.78137493133545,10.056476572376514,7545400
2019-07-16,9.829405784606934,10.03027284883859,9.790105561973979,9.825039000661175,12979800
2019-07-17,9.838142395019531,9.947309528787653,9.816308468538427,9.886175367519693,6163800
2019-07-18,9.934211730957031,10.012812220770353,9.881811126788367,9.890544699629702,3995200
2019-07-19,9.951677322387695,10.021544228447876,9.912377083618942,9.912377083618942,5632000
2019-07-22,9.868707656860352,10.012808219642265,9.868707656860352,9.99534108093948,2134800
2019-07-23,9.859972953796387,9.969140059499571,9.838139865807317,9.894906394306249,3183200
2019-07-24,10.043375015258789,10.187475579988645,9.929841110792989,9.999708000790553,10416200
2019-07-25,9.951677322387695,10.24424447096519,9.873076844850187,10.087044348769394,6953600
2019-07-26,10.200577735900879,10.305378089407908,9.982243457874777,9.995342981513671,7518600
2019-07-29,10.336065292358398,10.366748982709936,10.191413012081249,10.235247213755386,4127000
2019-07-30,10.520169258117676,10.616603841999297,10.309766073611627,10.36236645170417,5944600
2019-07-31,10.441267013549805,10.708654894855822,10.366749120533433,10.594686303415026,9391600
2019-08-01,10.270313262939453,10.616601661818155,10.213328556295414,10.507016587883365,8699000
2019-08-02,10.40619945526123,10.528935050077372,10.230863488429485,10.257163674437287,5095000
2019-08-05,10.213332176208496,10.520170826405892,10.16073179027458,10.344834813179405,6521600
2019-08-06,10.476333618164062,10.564002017740794,10.257163455290053,10.257163455290053,7127600
2019-08-07,10.656054496765137,10.682355521763741,10.252781310200453,10.388667431156113,10405200
2019-08-08,10.713041305541992,10.888377326077029,10.673590596413096,10.739341499605224,8289000
2019-08-09,10.599071502685547,10.778791008225873,10.528937102282883,10.774407503692206,5316000
2019-08-12,10.410585403442383,10.612221603627978,10.35360151436716,10.436885595625712,5506000
2019-08-13,10.642909049987793,10.67359275527907,10.305386619647205,10.37990454795528,4901200
2019-08-14,10.121280670166016,10.568388112716935,10.116897165505552,10.564004608056473,10295400
2019-08-15,9.796910285949707,10.248400463273168,9.792526780646703,10.2308672781293,11417800
2019-08-16,9.994160652160645,10.130046776315632,9.84950835553433,9.994160652160645,7060200
2019-08-19,9.880195617675781,10.21771717909624,9.867045101230238,10.138815752559344,5509600
2019-08-20,9.906492233276367,9.989777135187406,9.69170555872085,9.928408916694487,5638400
2019-08-21,10.108131408691406,10.108131408691406,9.880194990579723,10.011696802416006,5846000
2019-08-22,9.963475227355957,10.191412393369308,9.94594204939144,10.178261882845066,3986400
2019-08-23,9.739924430847168,10.00731237104499,9.669790026216273,9.954711149537792,5443600
2019-08-26,9.446237564086914,9.906495596745904,9.446237564086914,9.818827161172335,5917200
2019-08-27,9.503222465515137,9.678558503684236,9.446237730567567,9.468155257881318,10621400
2019-08-28,9.682941436767578,9.726775652735762,9.292818670393803,9.406786461415702,8979000
2019-08-29,9.818826675415039,9.906495106651473,9.61280694889798,9.72239206990946,7083800
2019-08-30,9.862662315368652,9.950330759265894,9.74431016692785,9.849511797963594,7836400
2019-09-02,9.985395431518555,10.094980540501588,9.770608718239972,9.862659808473065,4758400
2019-09-03,9.726773262023926,10.130046444889397,9.726773262023926,10.002927333432664,7725400
2019-09-04,9.91964340209961,9.95471060248798,9.796908618774319,9.86265951499401,5811800
2019-09-05,9.985395431518555,10.143197419927862,9.972244917456099,10.002928614200464,4203600
2019-09-06,10.011698722839355,10.121283865746031,9.915264098066066,10.081833147414164,3640200
2019-09-09,9.897723197937012,10.103742822495084,9.897723197937012,10.04675895564037,3430800
2019-09-10,10.0511474609375,10.222099982649732,9.906495134242197,9.950329349982496,5923000
2019-09-11,10.116898536682129,10.336068783001991,9.972246207553745,10.125665547191277,7131200
2019-09-12,10.103745460510254,10.274698777844497,9.954709663894723,10.248397752982042,5927800
2019-09-13,10.397436141967773,10.445653863503031,10.108131484892494,10.160732711664425,6664000
2019-09-16,10.187032699584961,10.441270145658141,10.14319848417894,10.401819435399533,5812200
2019-09-17,10.432502746582031,10.432502746582031,10.103747397390563,10.187032319951467,3760600
2019-09-18,10.520169258117676,10.564003463906753,10.327299254286496,10.375516964261275,4662200
2019-09-19,10.384284019470215,10.691121789241855,10.384284019470215,10.603454213336217,4954400
2019-09-20,10.695509910583496,10.695509910583496,10.39305467838273,10.436888903292282,9981800
2019-09-23,10.625638008117676,10.735406992344219,10.537822485748086,10.58173024693288,3812600
2019-09-24,10.485136985778809,10.67833070586024,10.476356100184676,10.64759551260276,4554800
2019-09-25,10.643207550048828,10.731023129678865,10.463186365531541,10.49831242988927,4842200
2019-09-26,10.643207550048828,10.766149194036593,10.577346284062017,10.691506202592493,4058600
2019-09-27,10.594904899597168,10.722237358265629,10.594904899597168,10.656376117131064,2260200
2019-09-30,10.638814926147461,10.735412215243862,10.568562809061694,10.638814926147461,3984400
2019-10-01,10.638814926147461,10.774929135788518,10.515874139983017,10.537827612520584,3819800
2019-10-02,10.463181495666504,10.722236413784941,10.463181495666504,10.647593457081815,4599600
2019-10-03,10.397321701049805,10.568561104138055,10.322678734003693,10.49830899838538,4092000
2019-10-04,10.366589546203613,10.406106471949277,10.28316483213261,10.406106471949277,4212800
2019-10-07,10.032890319824219,10.366588298472669,10.024108595721845,10.322680515432106,6334200
2019-10-08,10.015326499938965,10.243646293299632,9.936292660893251,10.041671671268386,5305800
2019-10-09,10.041672706604004,10.133878303349912,10.002155783006799,10.050453593814547,3710200
2019-10-10,10.085578918457031,10.1646127598791,10.024108525116,10.054843721786515,3928000
2019-10-11,10.392928123474121,10.480743651449192,10.12948237701985,10.18217186129908,7072400
2019-10-14,10.428058624267578,10.608079779836178,10.318289586117393,10.43244948629014,4442000
2019-10-15,10.441228866577148,10.52904357490262,10.375366788494157,10.428056283466328,4202000
2019-10-16,10.700284957885742,10.713456704944056,10.353414435849308,10.485136931259659,6086400
2019-10-17,10.643207550048828,10.788102670208385,10.599299760233809,10.669551888949265,5246600
2019-10-18,10.695893287658691,10.695893287658691,10.546607357496505,10.586124270625975,3755400
2019-10-21,10.731019020080566,10.739799904703656,10.56416965017515,10.656376057222062,5808000
2019-10-22,10.86274528503418,10.972514337030246,10.673942381605519,10.700287557063987,7038000
2019-10-23,11.345727920532227,11.398416590187,11.086672921894221,11.192051098675075,16478200
2019-10-24,11.459885597229004,11.67503277108381,11.314990527593272,11.350116579702808,9002200
2019-10-25,11.156925201416016,11.534530968455865,11.156925201416016,11.411589341694414,8593400
2019-10-28,11.231569290161133,11.446716530109967,11.192052364714264,11.214006677446635,6520600
2019-10-29,11.20522403717041,11.407198672983604,11.15253452838752,11.231568372826189,6168600
2019-10-30,11.350116729736328,11.47305749500925,11.214003380696528,11.222784265736628,5801000
2019-10-31,11.196438789367676,11.525745812584372,11.196438789367676,11.328161263665926,5870800
2019-11-01,11.36329174041748,11.574048953876973,11.284258727525488,11.36329174041748,6839200
2019-11-04,11.47305679321289,11.609170971397866,11.442321603774705,11.451103325748786,4862200
2019-11-05,11.74089527130127,11.797975635510804,11.42036990679652,11.47305857186707,6522600
2019-11-06,11.929698944091797,11.929698944091797,11.609173557866178,11.833102493268967,7060200
2019-11-07,12.333645820617676,12.333645820617676,11.907742370558262,11.925304976374294,6821200
2019-11-08,12.399507522583008,12.720032837342353,12.166796915136182,12.289738510339033,12025600
2019-11-11,12.772724151611328,12.807850207035447,12.20631556574231,12.399509289310567,7479800
2019-11-12,12.513670921325684,12.88249497337299,12.390729291486137,12.720036420994706,10546800
2019-11-13,12.825414657592773,12.88688589151495,12.443418854689229,12.500498388897672,12015600
2019-11-14,12.847368240356445,13.0317802567241,12.768334399417267,12.882494298832604,12256000
2019-11-18,12.8649263381958,13.018603104175137,12.8649263381958,12.952741872318564,10214600
2019-11-19,12.821023941040039,12.957137313324651,12.698082317300564,12.913229530741175,6212600
2019-11-21,12.680519104003906,12.847368513415358,12.566360039633517,12.842977651328601,9195600
2019-11-22,12.759552955627441,12.785898128166565,12.702473423401965,12.733208620559632,6226800
2019-11-25,12.77711296081543,12.88688197106733,12.711251722158506,12.76394037809561,7224400
2019-11-26,12.570749282836914,12.777115600729886,12.513669754199848,12.724426096435375,13020200
2019-11-27,12.755160331726074,12.939572326671398,12.57953005974748,12.623437837109927,9989000
2019-11-28,12.922008514404297,12.922008514404297,12.759550004539115,12.76394086561343,3993600
2019-11-29,13.356694221496582,13.356694221496582,12.781504798319963,12.922009008182544,8840000
2019-12-02,13.242537498474121,13.541109434343571,13.242537498474121,13.356697405569578,7874000
2019-12-03,13.484026908874512,13.510372078400568,13.229362799087811,13.299615747019413,5404200
2019-12-04,13.971403121948242,13.971403121948242,13.52354524273192,13.53232696682745,6209200
2019-12-05,14.388522148132324,14.45438254969954,13.931882660854017,13.984572154567319,13509800
2019-12-06,14.375353813171387,14.511466346999857,14.226067855950504,14.441214230363123,10097000
2019-12-09,14.010918617248535,14.344615724210785,13.96701083870996,14.305100482215625,10103800
2019-12-10,14.037261962890625,14.1382500976736,13.967009857154478,14.01091763260736,9318200
2019-12-11,14.520247459411621,14.520247459411621,13.879196712732137,14.050436135138334,12522600
2019-12-12,14.84077262878418,14.897852993782585,14.520247259849643,14.533419007563703,8871600
2019-12-13,14.950545310974121,15.051532642978666,14.880293181103877,14.928591834441463,8422000
2019-12-16,14.704657554626465,15.095434968561966,14.704657554626465,14.976884234849702,7110600
2019-12-17,14.911025047302246,14.928588494576188,14.673923533931596,14.744177323027362,7659400
2019-12-18,14.884682655334473,15.016405169773886,14.608064202551855,14.950543075082857,14175400
2019-12-19,14.752958297729492,14.880290786044142,14.542201942041086,14.853947288422233,10801200
2019-12-20,14.880292892456055,15.047142325764927,14.774915537166246,14.823212514624073,11154200
2019-12-23,14.85313892364502,15.006988459553007,14.677309445320878,14.945448645189812,10050200
2019-12-26,15.319086074829102,15.34985598579539,14.8311624822918,14.888305644466685,6580400
2019-12-27,15.534477233886719,15.534477233886719,15.345461107048123,15.385022660963978,6005400
2019-12-30,15.235564231872559,15.59601310883766,15.235564231872559,15.560848223609685,5838200
2020-01-02,15.490519523620605,15.591620892228448,15.261941860180771,15.341064962018955,5876000
2020-01-03,15.292713165283203,15.494915920960441,15.239963308018725,15.385022900244408,7345800
2020-01-06,15.332273483276367,15.428978193459896,15.11688244223695,15.253150380595299,6366600
2020-01-07,15.450952529907227,15.459742492051298,15.235561567036534,15.345454539007898,6303600
2020-01-08,14.86633014678955,15.481731834475259,14.86633014678955,15.472940190155784,8153800
2020-01-09,14.646537780761719,14.971821773581642,14.602581254871936,14.945446851947384,9843000
2020-01-10,14.945446014404297,15.077317261517557,14.72126506199514,14.725660043604233,6283800
2020-01-13,15.086112976074219,15.134466171003037,14.94984503371431,14.980616620624378,8200200
2020-01-14,15.385015487670898,15.385015487670898,14.9850051520648,15.138854636208064,10054000
2020-01-15,15.486113548278809,15.486113548278809,15.239952748770996,15.4069904940382,6277600
2020-01-16,15.767452239990234,16.04438315854178,15.512501269972901,15.512501269972901,9387200
2020-01-17,16.176252365112305,16.211418936733,15.824595033077468,15.833386675982641,11728200
2020-01-20,16.6729736328125,16.6729736328125,16.105925093981973,16.17625657870891,4490200
2020-01-21,16.479562759399414,16.738910428306347,16.44439617799886,16.63780734519721,6133800
2020-01-22,17.099353790283203,17.099353790283203,16.505930503684098,16.633406803416612,5166200
2020-01-23,17.429031372070312,17.429031372070312,16.782859962066855,16.967479406734018,8711200
2020-01-24,18.211469650268555,18.224656274808403,17.32353393317671,17.451010226509403,10146000
2020-01-27,18.009273529052734,18.352139307674832,17.50376482948463,17.934545383270947,11136200
2020-01-28,18.46641731262207,18.637851785663123,17.90376574007899,18.000472107922565,8750200
2020-01-29,18.633464813232422,19.464255981694784,18.620278184156774,18.620278184156774,16032600
2020-01-30,18.009273529052734,18.769733232078718,17.82025734934187,18.37411758225717,16845200
2020-01-31,17.323532104492188,18.233445992044032,17.24880567087556,17.934536903909372,19359800
2020-02-03,17.87738800048828,18.05761408554248,17.43781610952766,17.494960924865975,12672200
2020-02-04,17.811464309692383,18.497197490085778,17.767506087134308,18.312576309011323,11099200
2020-02-05,18.18509292602539,18.33894413005764,17.952120305744142,17.952120305744142,10505000
2020-02-06,18.831266403198242,19.156550453067236,18.312571257925743,18.42685925138366,12966000
2020-02-07,18.0664119720459,19.064240803414688,18.0664119720459,18.844454761531722,7877000
2020-02-10,18.25542640686035,18.593897081147027,17.72354463733883,18.05762032900315,9330400
2020-02-11,18.923572540283203,18.927969198909672,18.352129327720956,18.475208939918808,6558200
2020-02-12,19.58732795715332,19.859862114191984,19.06863288860081,19.077424529387095,12719000
2020-02-13,20.03129768371582,20.084045858883893,18.989512420766513,19.473040992948082,11401600
2020-02-14,20.03129768371582,20.87967185315935,20.03129768371582,20.114815767468126,16366800
2020-02-17,20.123607635498047,20.47526661212641,19.754367051505685,20.06646447710507,7865400
2020-02-18,19.648876190185547,20.088448356960015,19.560961421463706,20.04449013418172,15460200
2020-02-19,21.459903717041016,21.662106423399425,20.22031087985735,20.22031087985735,43934000
2020-02-20,20.875282287597656,21.802778122056257,20.875282287597656,21.121441620148502,14499600
2020-02-21,21.89068603515625,22.035745605142527,20.659884727200502,20.848900828000346,17025400
2020-02-26,20.654741287231445,21.37366441881074,20.45185338413018,20.72972031908235,21268200
2020-02-27,19.393310546875,20.645914672034237,19.26981322805523,20.645914672034237,23533000
2020-02-28,19.031648635864258,19.706466669495516,18.370061800538764,19.296282696993522,25501800
2020-03-02,20.725311279296875,20.725311279296875,19.080163846142042,19.362442312965133,19950000
2020-03-03,21.1354923248291,21.863238483399908,20.74736261059344,20.901732192107367,19387200
2020-03-04,21.373661041259766,21.964678573198327,21.100205670512675,21.83236156686922,12223400
2020-03-05,20.59740447998047,21.47952028912308,20.112239775450604,21.254579815590382,12970600
2020-03-06,19.415369033813477,19.89612221394377,19.119859364787256,19.410957512595356,18766600
2020-03-09,17.53204345703125,18.299484590168035,17.21007154009791,17.64671771795893,16133200
2020-03-10,18.484737396240234,19.03164995841652,17.818740676031982,18.52443267641837,17062400
2020-03-11,17.28946876525879,18.497966381598292,16.323550957360904,18.017213238090385,14382800
2020-03-12,14.554906845092773,15.908954104869434,14.347609148595383,15.878080194646662,15260000
2020-03-13,15.22972583770752,17.029242533362986,14.069744152567946,16.53966808873607,24048600
2020-03-16,12.089395523071289,14.193241655875287,12.089395523071289,13.972712732300472,18168000
2020-03-17,12.649537086486816,13.121468769826649,12.129088778831356,12.57455723129491,25259800
2020-03-18,11.674799919128418,12.521630947345866,11.074961870027192,11.42339710221638,23966400
2020-03-19,12.671590805053711,13.399336030519972,11.366060078308301,11.568946269119674,27771000
2020-03-20,14.277040481567383,15.437022963959771,13.474315422041633,13.738950269674,29764200
2020-03-23,15.539752960205078,16.45801019404986,13.888653502976743,14.965841978542674,37510400
2020-03-24,15.919414520263672,17.74710070682793,15.919414520263672,17.1687741929809,28304000
2020-03-25,16.49332618713379,17.06723708407108,16.1975402909424,16.224029107998,18366400
2020-03-26,16.75379180908203,17.217335109839656,16.100416217259156,16.68757061579884,12023000
2020-03-27,15.610387802124023,16.11366360131581,15.407311897901952,16.11366360131581,14009800
2020-03-30,15.018819808959961,16.45359828404316,14.789255050857584,15.720757653363686,15186600
2020-03-31,14.820152282714844,15.645700962815642,14.550855231176502,15.049716954779086,14126600
2020-04-01,14.316882133483887,14.776011655105998,13.92397383127719,14.30363856323103,12914800
2020-04-02,15.054129600524902,15.513258904559768,14.46255960450011,14.7230270285127,11949600
2020-04-03,14.519954681396484,15.221892370281205,13.870993787274093,15.120354425860794,11340600
2020-04-06,14.69212818145752,15.495603836126277,14.436076333083793,15.491189874979842,10996000
2020-04-07,16.466838836669922,16.639011952677915,15.561825224271988,15.67219277905406,17376800
2020-04-08,17.654396057128906,17.69412844703386,16.555134392475384,16.555134392475384,14631400
2020-04-09,16.908309936523438,18.276868697552167,16.859747940437778,17.897204019873715,12680000
2020-04-13,17.332117080688477,17.43807065604731,16.599276710354296,16.83767099185546,7358400
2020-04-14,17.17319107055664,17.870713095278294,17.17319107055664,17.663221567002648,11528000
2020-04-15,16.775869369506836,17.239412791586037,16.775869369506836,16.8200157205333,11864600
2020-04-16,16.780282974243164,17.177606861335867,16.656671846736682,16.850918144829055,14079000
2020-04-17,16.978944778442383,17.208509501981304,16.678744884897277,17.18202068170075,13740000
2020-04-20,17.261486053466797,17.4645636478005,16.30791038347612,16.634599108562668,11819400
2020-04-22,18.064964294433594,18.188577126525352,17.301220859479006,17.349782863078385,10783800
2020-04-23,17.477800369262695,18.51967001766093,17.177600582975927,18.343081313701173,11686400
2020-04-24,17.089313507080078,17.411586597556735,15.561826798549488,17.07606993807055,21408400
2020-04-27,17.923688888549805,18.12676645412676,17.142288140854664,17.35860758904029,12788000
2020-04-28,18.356327056884766,18.674184374891933,17.83539221861708,18.54174368538272,14772200
2020-04-29,18.276866912841797,19.446761929785858,18.276866912841797,19.075926895250436,14893600
2020-04-30,17.632322311401367,18.228308197631637,17.30563524849778,17.94576748893379,14006200
2020-05-04,17.588176727294922,17.654397945578495,16.868579670520614,17.20851200183025,9817200
2020-05-05,17.221757888793945,17.976673479302555,17.1422947738688,17.79125505360852,8225000
2020-05-06,17.142288208007812,17.318875272758742,16.64342642403808,17.243826149156497,13304600
2020-05-07,17.25707244873047,18.05171857613799,17.09372892484804,17.31887801538461,19214200
2020-05-08,16.881818771362305,17.702951811145407,16.775865197542753,17.658805471097633,10146600
2020-05-11,17.142288208007812,17.32329091772071,16.8420883454486,16.912723508163996,9810000
2020-05-12,16.555133819580078,17.385098333276108,16.400619910894118,17.212925211004524,8326800
2020-05-13,16.775869369506836,17.023093313850904,16.52864542516277,16.736136979952885,10642200
2020-05-14,16.488916397094727,16.80236161595382,16.034202489336383,16.687578385364382,12531600
2020-05-15,16.073928833007812,16.515399003300885,15.892926130550654,16.369714722823197,11708800
2020-05-18,16.166645050048828,16.546309851138528,16.148987514521487,16.506577449069237,8356800
2020-05-19,16.29907989501953,16.775868546269635,16.0386140790397,16.210787197299375,12138400
2020-05-20,16.6169376373291,17.071651392898616,16.356470158568623,16.356470158568623,10447600
2020-05-21,16.528648376464844,16.79794554440697,16.32115846870134,16.700823217991843,9976000
2020-05-22,16.440353393554688,16.965702402125032,16.201959046509156,16.515402530175276,9672200
2020-05-25,16.79353141784668,17.018680540601324,16.608113007276124,16.824434205595832,7400600
2020-05-26,17.84422492980957,17.901616528168077,16.996602942092476,17.13345931230886,14517000
2020-05-27,17.91486358642578,18.091450676306536,17.48222125864084,18.029645110644505,9770000
2020-05-28,17.959007263183594,18.16649878906833,17.725028604003004,17.822150899546305,9316000
2020-05-29,18.466705322265625,18.466705322265625,17.48664061838701,17.747108189054043,17605800
2020-06-01,18.612388610839844,18.983223746743914,18.45787467257799,18.493191422434005,11069400
2020-06-02,18.727163314819336,18.894922446586804,18.45786793276302,18.727163314819336,6678600
2020-06-03,18.80663299560547,19.33639766113142,18.67860789606435,19.11566252416856,9185800
2020-06-04,19.336393356323242,19.362882173128813,18.21947435085193,18.585893720916104,11617800
2020-06-05,19.57037925720215,20.0559959148088,19.446766427715936,19.645428400037037,12198000
2020-06-08,20.219337463378906,20.431242984960015,19.539472862425733,19.81759959628392,10325600
2020-06-09,20.223751068115234,20.34294822773971,19.358468170553316,19.746962429617327,8358800
2020-06-10,19.861753463745117,20.590178592275812,19.632188660281685,20.276735021500617,9695600
2020-06-12,19.535057067871094,19.702816221576928,18.850778569540374,19.226027579699895,11432400
2020-06-15,19.543888092041016,19.8308427429572,18.98322067467664,18.98322067467664,7985400
2020-06-16,19.76020622253418,20.382679162735368,19.76020622253418,19.95445419631981,8981200
2020-06-17,20.37826919555664,20.749104318830682,19.8926525340653,19.8926525340653,9489200
2020-06-18,20.365020751953125,20.60341337952235,20.192847643790568,20.378264319019426,5245200
2020-06-19,20.400341033935547,20.749102955882748,20.303218718462297,20.660808563936243,16633200
2020-06-22,20.131032943725586,20.61665099318546,20.09571621660688,20.44006230536832,5950400
2020-06-23,20.36060333251953,20.656389215799695,20.166357068149356,20.440068096142557,6466800
2020-06-24,20.329702377319336,20.63431789318939,19.967696947971728,20.197261654107436,7259400
2020-06-25,21.729169845581055,21.85278099716587,20.334123691710865,20.351781224740385,15542800
2020-06-26,22.073503494262695,22.5900226676726,21.59671501043078,21.71591213138876,16495800
2020-06-29,22.05506134033203,22.408509197426458,21.741377968256803,22.271548068534152,6827400
2020-06-30,22.359905242919922,22.744277767001773,21.891588112346636,21.953440968478894,11076000
2020-07-01,23.234689712524414,23.234689712524414,22.443852752327793,22.443852752327793,8931800
2020-07-02,23.667661666870117,23.968091333623015,23.42024850443706,23.552792293283083,9707400
2020-07-03,23.857633590698242,23.9769219608954,23.508604842939583,23.676492366035273,6579800
2020-07-06,23.504194259643555,24.29944860416142,23.429085996659406,24.29944860416142,11117000
2020-07-07,23.817869186401367,23.919484824046005,23.04028784881626,23.539529674805504,9594400
2020-07-08,23.99017906188965,24.29944506340582,23.76927501585869,23.857636971343897,7611600
2020-07-09,24.060867309570312,24.19782841926424,23.91065249697067,24.131556534007554,7494000
2020-07-10,24.166900634765625,24.39664102265464,23.826708234547112,24.118301479682415,7340200
2020-07-13,24.272932052612305,24.69265000938613,24.122717258146846,24.211079199367205,10160200
2020-07-14,23.85321617126465,24.55569100313985,23.77810793012178,24.078537523965505,10352000
2020-07-15,24.012266159057617,24.16689998336927,23.89297947207731,24.096210764798315,9234400
2020-07-16,24.100629806518555,24.617546123201194,23.711838234225052,23.919488565796133,10235800
2020-07-17,25.664634704589844,25.828103243115713,24.166905392219828,24.312701200806604,12941400
2020-07-20,26.57917594909668,26.57917594909668,25.713232454109985,25.80159441357814,10472000
2020-07-21,26.455469131469727,26.963547428175477,26.071094876360526,26.729389677753005,10126600
2020-07-22,30.13129997253418,30.440567551049266,27.617413416281266,27.701358002992468,35528000
2020-07-23,29.592308044433594,30.838206752585997,29.42883783384262,30.042950823668164,19799600
2020-07-24,29.473018646240234,29.9634259185414,28.898670125041438,29.517198783143467,13169400
2020-07-27,30.963335037231445,31.43696992623783,29.98065586143311,30.016065259218674,14433600
2020-07-28,29.74161720275879,30.919062966879025,29.7017769967094,30.896932520982467,13152600
2020-07-29,29.648664474487305,30.12229929607116,29.21486648617192,29.993930538071172,12695400
2020-07-30,30.100154876708984,30.100154876708984,28.59514645744425,29.272399401826775,8646000
2020-07-31,29.81244659423828,30.365758533170496,29.65751992676687,30.272802532687653,8574200
2020-08-03,29.46717643737793,29.89211954285426,29.25913063657077,29.81686994001053,11196200
2020-08-04,29.56455421447754,29.892113829122277,28.99353607581829,29.17059651354276,12716800
2020-08-05,30.188684463500977,30.66674657430219,29.90096508634235,30.05146424503169,10752000
2020-08-06,30.910207748413086,30.93676563115548,30.237378783666465,30.361320072660096,8070000
2020-08-07,30.299362182617188,31.069574877834484,30.17984828282044,30.55609974768962,9435800
2020-08-10,30.538381576538086,30.702163072542785,29.785878937142677,30.339190694682525,7186400
2020-08-11,29.821298599243164,30.95448026015724,29.821298599243164,30.750861891533475,7934000
2020-08-12,30.100154876708984,30.2993457272404,29.26354790104276,30.144419134921918,9532400
2020-08-13,30.49855613708496,31.39270678513893,30.2772313514416,30.32149563314063,14880200
2020-08-14,30.61806297302246,31.17580224979705,30.193119887862395,30.529534430044404,8972000
2020-08-17,30.086881637573242,30.80397153707174,29.723909248019893,30.53838256032611,9522200
2020-08-18,29.967365264892578,30.688886002096528,29.799159696116288,30.67117961951789,10616400
2020-08-19,29.161745071411133,30.2993540431568,29.108629297836103,30.10459057813611,10875800
2020-08-20,29.75489616394043,30.07360430394168,28.42252039199248,28.767786417944748,14736400
2020-08-21,29.92310333251953,29.927530772796544,29.259129131159717,29.70620603900994,9185000
2020-08-24,29.422916412353516,30.365758747165142,29.32553297007147,29.99393474261343,10499200
2020-08-25,30.22852325439453,30.339185587273196,29.462738424929736,29.462738424929736,10089800
2020-08-26,29.405216217041016,30.427735822027284,29.12634815490352,30.228544831521763,13845600
2020-08-27,29.34324073791504,29.785890313004153,29.002398673893406,29.61325724889126,6952600
2020-08-28,29.74161720275879,30.091310668537915,29.254700112973143,29.568984189888333,7708200
2020-08-31,28.604013442993164,29.710637252464686,28.604013442993164,29.710637252464686,16136400
2020-09-01,29.626535415649414,29.70178503091745,28.856326120877668,29.08207496668177,7938000
2020-09-02,29.573410034179688,30.157707199971266,29.188307156339352,29.746043057448965,10639800
2020-09-03,28.51991081237793,29.754903469531474,28.063982313491284,29.524723810950128,13634400
2020-09-04,28.546466827392578,28.83861713395892,27.386725548522566,28.77221902999858,14754000
2020-09-08,27.886924743652344,28.4136788472755,27.70986422858042,28.4136788472755,9884400
2020-09-09,28.741226196289062,28.980257281864727,28.00200080687694,28.11266315887603,9206000
2020-09-10,27.63018035888672,28.72795258017478,27.63018035888672,28.72795258017478,8470400
2020-09-11,27.484106063842773,28.515478466044993,27.2804877099074,27.917902348190474,14508600
2020-09-14,28.03299331665039,28.23661167900395,27.714285140045643,27.88691817284861,6660600
2020-09-15,28.364980697631836,28.54646523604872,27.860358850526435,28.19677341526337,7764200
2020-09-16,27.86035919189453,28.882880154682525,27.86035919189453,28.43580320975198,8811000
2020-09-17,27.807241439819336,27.953316585255482,27.444268985102276,27.599195634588643,5729800
2020-09-18,27.439842224121094,28.086110064749448,27.338031356974945,27.577062483313796,11991000
2020-09-21,28.0639705657959,28.232176109618358,26.890949066873326,27.134405881204426,10113800
2020-09-22,28.604013442993164,28.87845398636747,27.979875993420254,28.165789671469913,10047200
2020-09-23,27.66559600830078,29.139619774138556,27.66559600830078,28.701394301820546,9798000
2020-09-24,28.546466827392578,28.825338188596422,27.67002097341534,27.67002097341534,10135200
2020-09-25,28.44022560119629,28.449077103765553,27.93117808621238,28.245460461774965,6179000
2020-09-28,27.85317039489746,29.2792674459778,27.720304598279853,28.83195051367285,14994000
2020-09-29,28.76108741760254,28.814231703487483,27.729159733174093,27.901885420220548,13647000
2020-09-30,29.09768295288086,29.106542587657252,28.34477618699798,28.880669206308134,12749000
2020-10-01,29.629152297973633,29.629152297973633,28.7610938517378,29.159689600885383,10384600
2020-10-02,29.69557762145996,29.841727777821127,29.141968817025287,29.44313214179615,11590400
2020-10-05,31.081817626953125,31.081817626953125,29.726584146737277,29.78415825481895,14472600
2020-10-06,31.657583236694336,32.01632084061771,31.134976128047587,31.183693997588005,15523200
2020-10-07,32.40605545043945,32.8578022843909,31.74615447185989,31.79044251584542,15518000
2020-10-08,33.29624938964844,33.46454525644581,32.472479185661086,32.49019507358083,14436600
2020-10-09,34.05801010131836,34.182017917500794,33.01722635383346,33.18995200908178,11578600
2020-10-13,35.054508209228516,35.196231920067596,34.25731022390883,34.49203980320857,12152600
2020-10-14,35.68783950805664,35.86499500488169,35.103228733806006,35.103228733806006,13237400
2020-10-15,35.7719841003418,35.997857432849145,34.58947653544081,35.27152297043326,12250400
2020-10-16,36.33888626098633,36.919067254445636,35.83399526016703,35.90042561899041,12823400
2020-10-19,36.34331130981445,37.11836367009221,35.92256995153344,36.764056047055604,11687600
2020-10-20,37.003211975097656,37.18036408042059,36.08200615999519,36.71533473550816,12935000
2020-10-21,34.722347259521484,38.62418129818606,34.68248566582269,38.53117541816915,41216600
2020-10-22,36.36545944213867,36.6179049497514,34.74449106139142,35.27595759986478,26272600
2020-10-23,36.17057800292969,36.874770041782014,35.71440496479135,36.42745325629516,16192800
2020-10-26,36.64891815185547,37.198097368988584,35.98458730922365,36.09087929793555,12633800
2020-10-27,36.86591720581055,37.3530922864711,36.55589762147021,36.74633918869643,13495800
2020-10-28,35.050086975097656,36.62233762818837,35.01022875555211,36.31674442916338,16259600
2020-10-29,35.444252014160156,36.13958458562459,35.12980259689512,35.16523437378814,17743200
2020-10-30,33.58412551879883,35.75869915822566,33.58412551879883,35.577117226372586,19195400
2020-11-03,34.24402618408203,34.91278656813771,33.712563081668506,34.54075969328025,18073800
2020-11-04,36.40531539916992,36.533753053522496,34.56290696543678,34.78435049798395,14900200
2020-11-05,37.977569580078125,37.977569580078125,37.0696496554425,37.15822910457991,17481600
2020-11-06,37.20250701904297,37.90226927154193,36.85705570878539,37.547958329300556,11714200
2020-11-09,36.37431716918945,38.207869536355226,36.192735210942665,38.08829150326203,15212400
2020-11-10,35.001365661621094,36.555900270515174,35.001365661621094,36.51603867594851,16707800
2020-11-11,35.6922721862793,35.74541985830733,34.78435559711803,35.00136934471804,9087200
2020-11-12,35.785282135009766,36.250311602962505,35.49297500175886,35.66127089792832,10121400
2020-11-13,36.70205307006836,36.932352862002034,36.02000657005217,36.06429460169785,9011800
2020-11-16,36.1307373046875,36.99879578040517,35.656848152664054,36.96336399471194,7536600
2020-11-17,36.17943572998047,36.20157804992326,35.4973894271003,36.05099811005895,6310400
2020-11-18,35.91371154785156,36.53818394998866,35.68784157083029,36.11744257730016,6797000
2020-11-19,35.842857360839844,36.11744861161545,35.603697893188986,35.718849498864024,4583800
2020-11-23,34.77105712890625,35.65240125735839,34.77105712890625,35.57711128304467,6936400
2020-11-24,34.07572937011719,34.806490270752256,34.00043600656432,34.806490270752256,10542800
2020-11-25,34.24402618408203,34.7223450036302,34.0580144361333,34.062444252692075,7049200
2020-11-26,34.41232681274414,34.6382001830977,34.10673700704747,34.248460745924895,3714200
2020-11-27,34.102317810058594,34.859654592313085,34.01374171278591,34.53191897765032,6573800
2020-11-30,32.58319854736328,34.27945667724879,32.58319854736328,34.204166693363916,21049400
2020-12-01,32.596492767333984,33.47341078963906,32.46362865295854,32.70721455212721,12850400
2020-12-02,32.432613372802734,32.995078321883334,31.808141141051845,32.995078321883334,12416400
2020-12-03,32.742652893066406,33.212112273362166,32.39720139594603,32.46363515592181,10316200
2020-12-04,31.79929542541504,32.95080122026307,31.799295425415043,32.81793373745118,13194400
2020-12-07,31.715150833129883,32.53449143008177,31.31212188247341,31.883446742997307,12857600
2020-12-08,32.1978874206543,32.22446294154293,31.568988615970895,31.91886979352407,9338600
2020-12-09,31.444976806640625,32.375038825129614,31.316539171955245,32.19788335042704,6400200
2020-12-10,31.444976806640625,31.83028971069676,30.780646310725682,31.542412486675023,9902600
2020-12-11,31.444976806640625,31.546842302756488,31.002089809363994,31.35640075876915,5523200
2020-12-14,31.245691299438477,31.794870445963557,31.095107904075867,31.61328508375584,5822400
2020-12-15,32.22003173828125,32.24217744157538,30.249185787661073,31.245681614618224,17764800
2020-12-16,32.463626861572266,32.76921667304543,32.038452257942545,32.401622935826374,16225800
2020-12-17,33.55753707885742,33.65054629622093,32.33074192013654,32.46803577031143,16326600
2020-12-18,32.27318572998047,33.90301047073628,32.149174497749435,33.570845129921594,15795200
2020-12-21,31.908445358276367,32.63071555341443,31.2836568084542,31.509644515908057,8072000
2020-12-22,32.267364501953125,32.475627352383604,31.943891767751783,32.19646845240476,5199800
2020-12-23,32.178741455078125,32.781373049185454,32.081256435344486,32.36041531676026,4806600
2020-12-28,33.45490646362305,33.45490646362305,32.32497118443747,32.34712810390043,6838800
2020-12-29,33.29982376098633,33.78281358420515,32.94976533485284,33.61000040152393,6130200
2020-12-30,33.561256408691406,33.964489404443974,33.33970070922428,33.397307354715615,12375400
2021-01-04,33.064971923828125,33.84927756781232,33.01179734194031,33.60999702032439,7219800
2021-01-05,35.094417572021484,35.094417572021484,32.790239904008345,33.078262957677815,16633600
2021-01-06,36.02494430541992,36.98649486193528,34.62027913879811,35.16973949738151,21507400
2021-01-07,37.51380157470703,37.66888984238573,36.26422455339974,36.503505043820034,15129600
2021-01-08,39.78253936767578,39.8755923522915,37.59800011739751,37.64231057949954,17381000
2021-01-11,38.56398010253906,40.074991422999446,38.22721453123526,39.42361720007588,15490800
2021-01-12,39.911033630371094,40.252227835109856,38.36900485849399,38.74122009887984,12690600
2021-01-13,40.004085540771484,40.72635908580458,39.35271142276993,39.96863582725572,13782800
2021-01-14,39.82242202758789,40.5136747174927,39.70278005853721,40.394036129113644,8477000
2021-01-15,38.178470611572266,40.292109990799645,37.846137141961805,39.547682883645365,14086600
2021-01-18,40.85930252075195,40.90361298541191,38.46207156172913,38.48422510372324,14797400
2021-01-19,39.7027702331543,41.5904252430632,39.45906105619842,41.173899555727,13788600
2021-01-20,39.30398178100586,40.50924538981084,39.17548244361097,40.12374061628245,7016400
2021-01-21,38.838722229003906,39.61859938703597,38.333575407954314,39.436922055965546,8450600
2021-01-22,39.423622131347656,39.72493802111538,38.10758072134265,38.360154086245615,12025000
2021-01-26,39.41476058959961,40.41176131325564,39.1932048732316,39.42805677234612,10328600
2021-01-27,39.29954528808594,40.31427064846668,38.94948692860052,39.428047980606244,12126200
2021-01-28,38.980506896972656,39.50337843722574,38.44434255682125,39.21535537696685,10061600
2021-01-29,37.12830352783203,39.14889037103217,37.02638642131165,38.76781430770279,11440600
2021-02-01,37.46063232421875,38.06326400476485,36.955485677389106,37.84614039918713,13618000
2021-02-02,37.766380310058594,38.69691343103081,37.394165033267,38.10757454816898,13217000
2021-02-03,39.29068374633789,39.29068374633789,37.69991557587037,38.103145158256254,12521200
2021-02-04,37.91704559326172,39.91547912411403,37.91704559326172,39.34829702469823,11447600
2021-02-05,37.44290542602539,38.35571363625343,37.30554200272688,38.311403181705934,8272800
2021-02-08,37.886016845703125,38.4930805548922,37.33212771053203,37.53152644692523,9045200
2021-02-09,37.66890335083008,38.08542579329759,37.17704939647198,37.50938296667762,8388600
2021-02-10,38.12086868286133,38.408891734858074,37.24793878741685,37.797399292376305,9999000
2021-02-11,38.55069351196289,39.28182803056552,38.39117313042516,38.39117313042516,8179800
2021-02-12,38.404457092285156,38.6747552665259,37.974638573224595,38.50637418284767,5732600
2021-02-17,37.19919967651367,38.1031473138645,36.60986409968614,38.049976110925485,11950000
2021-02-18,36.946617126464844,37.57140565089398,36.39716008857259,36.9554812451966,10527600
2021-02-19,36.884586334228516,37.44290755921419,36.618720211125726,37.1770414361114,8151400
2021-02-22,36.654170989990234,37.376441265114984,35.74579138070263,36.40159765863129,14022400
2021-02-23,37.07070541381836,37.367589273028834,36.22879298531625,36.77825023501015,13253800
2021-02-24,38.417747497558594,39.126728266221264,37.54924977468476,38.16517419744055,19885600
2021-02-25,35.44890213012695,38.67918374241526,35.36470990575326,38.59499151804157,30585800
2021-02-26,34.584842681884766,36.42818416456607,34.56711782196737,35.67046415162211,22546000
2021-03-01,34.71808624267578,35.56378389442808,34.495534407786835,35.12758080386228,13016200
2021-03-02,34.29969024658203,34.94064066520877,33.41393482897051,34.34420333355359,14454400
2021-03-03,34.27299499511719,34.68694169388014,32.72403216868633,34.28634756671071,13457400
2021-03-04,32.59494400024414,34.415416422523855,32.29672195360186,34.39761186780853,23642800
2021-03-05,32.510372161865234,33.04004661091663,31.611260855141495,32.719571428158524,17301600
2021-03-08,30.77891731262207,32.270013823933,30.76556474679295,31.92728551612424,18952600
2021-03-09,31.824914932250977,32.54598415742561,30.997021768637364,31.135002830615708,17206800
2021-03-10,32.172096252441406,32.225509921212804,30.93470845748164,32.08307686702762,17999200
2021-03-11,32.0118522644043,32.53707468380015,31.553396068703144,32.47921243439605,13765400
2021-03-12,31.66913414001465,32.105333936029936,31.29079661199706,31.80711522301732,10892400
2021-03-15,32.590492248535156,32.79523953543633,31.468829064450265,31.58455697300192,9744000
2021-03-16,32.67061233520508,32.95993042005272,31.98070024025083,32.82194596353883,12648400
2021-03-17,32.57714080810547,32.648355634073845,31.93619039503146,32.20325193518838,10580200
2021-03-18,31.962894439697266,32.381292989052604,31.82936537211074,32.221055391251475,7945200
2021-03-19,32.025211334228516,32.15874380873812,31.491088227933872,32.05191986665358,13892200
2021-03-22,31.735912322998047,32.189916848223795,31.201785556756114,31.82493175276825,9291200
2021-03-23,31.873882293701172,32.36794776638276,31.357560273435865,31.42432652031464,9329000
2021-03-24,31.388713836669922,32.474768034626365,31.272989310823938,31.958449468888908,16204400
2021-03-25,31.63351821899414,31.84271749072489,31.081590609827092,31.388709838059953,11576600
2021-03-26,32.376834869384766,32.74627167189435,31.602355557275683,31.691374918806947,11134400
2021-03-29,32.106903076171875,32.418622626833525,31.755107190433716,32.15143346985175,9868800
2021-03-30,33.42056655883789,33.59868810576662,31.84861706733108,31.946585956612317,12575400
2021-03-31,33.20236587524414,34.003926522480654,32.96189768107319,33.61650497674115,12085200
2021-04-01,33.425018310546875,34.54274906050491,33.29142714598888,33.522987203026574,12890200
2021-04-05,34.24884796142578,34.36017563770536,33.79017508129503,33.97275410117005,9732400
2021-04-06,34.33346176147461,34.68525769871956,33.879246243515716,34.4047131197554,11274000
2021-04-07,33.914859771728516,34.44477711991453,33.6254071779577,34.33344946057579,9741600
2021-04-08,34.048458099365234,34.40470804330059,33.66994465734096,33.95494325350874,9436200
2021-04-09,33.625423431396484,33.93268560942559,33.015346340246545,33.77237343069206,10629800
2021-04-12,33.625423431396484,34.29784037266259,33.55417206420284,33.759014648706305,7562800
2021-04-13,33.38939666748047,33.950485684605745,33.269160879917266,33.60314389378031,10228600
2021-04-14,33.946044921875,34.40026045829009,33.53190572803246,33.576436130041486,10287600
2021-04-15,34.86783981323242,34.95690062143998,33.9772181413486,34.11526341330593,13788200
2021-04-16,34.31119155883789,35.04595151225618,34.26665776988434,34.77431170740477,8067200
2021-04-19,33.754547119140625,34.44032249970936,33.754547119140625,34.3512617326733,11195800
2021-04-20,32.895111083984375,34.155338106717906,32.81050094206075,33.643233388101144,11508400
2021-04-22,32.45425033569336,33.620965871124994,32.45425033569336,33.17565506488493,11556400
2021-04-23,33.491817474365234,33.57642759489076,32.650180519767325,32.7526034760588,8342800
2021-04-26,33.2335319519043,33.82579592048461,32.97080030419683,33.57196899072884,6897800
2021-04-27,32.9619026184082,33.34041950140997,32.65909115047778,33.171199229728714,6958400
2021-04-28,32.5076904296875,34.6451837621272,32.276130294108334,33.932683719679304,15478700
2021-04-29,31.60816192626953,32.77487404226732,31.37659840881456,32.56112676187232,12148700
2021-04-30,31.180654525756836,31.545809173305248,30.72643909488485,31.545809173305248,12334300
2021-05-03,30.681922912597656,31.394419701510188,30.512702589482213,31.17176424263423,8092900
2021-05-04,30.01394271850586,30.833312799180195,29.92487853748618,30.637378395839136,10593000
2021-05-05,30.91347885131836,30.975822099449278,29.764576025844786,30.058482821992442,7412900
2021-05-06,30.040666580200195,30.717540908234227,29.675511854994305,30.53050778755661,11025700
2021-05-07,29.76456069946289,30.272217940265023,29.443939901649046,30.120810560301113,10181500
2021-05-10,28.775976181030273,29.835814332753277,28.731442396901404,29.764562996107667,9811800
2021-05-11,28.758174896240234,28.85614382474721,28.17036302392444,28.437550547472718,9278900
2021-05-12,27.8497314453125,28.642383943724827,27.8497314453125,28.384104622363996,7253300
2021-05-13,28.321762084960938,28.73144714603953,27.983326673579732,28.045669904724246,7248800
2021-05-14,28.588947296142578,28.998635746783595,28.428636861454578,28.713637153481894,4724500
2021-05-17,28.65129280090332,28.740356991788516,28.188170899380534,28.633483360177777,5398800
2021-05-18,28.85614013671875,28.980826612536465,28.45535975198206,28.517702989890914,5791000
2021-05-19,28.14363670349121,28.767070666997114,28.14363670349121,28.499884925312514,7227300
2021-05-20,28.375202178955078,28.40191973737829,28.063484307120255,28.21489003351284,6534900
2021-05-21,28.24161148071289,28.375206086127452,27.73395741606068,28.375206086127452,9524500
2021-05-24,29.078794479370117,29.31035458361246,28.232703341553012,28.232703341553012,9738300
2021-05-25,29.363788604736328,30.147532989492,29.256911590718815,29.372693323845613,10308900
2021-05-26,29.212387084960938,30.263320819014773,29.158951964638955,29.72894923108476,7778900
2021-05-27,29.221294403076172,29.586449104233804,29.078795090367134,29.30145047881573,14341600
2021-05-28,30.63738250732422,30.65519194846703,29.239106953454662,29.381606264758197,11142100
2021-05-31,30.414724349975586,30.788783734022346,30.06737912520911,30.637379715941872,7598200
2021-06-01,30.450342178344727,30.762061683632954,30.040657180200988,30.63737524049797,9194100
2021-06-02,29.791296005249023,30.566135918937324,29.541919623495424,30.459262268158408,10000900
2021-06-04,30.477066040039062,30.548313986872046,29.826912811976793,29.871443203428797,7217400
2021-06-07,30.39691734313965,30.601759911423336,29.71113827673675,30.414730183527613,7702000
2021-06-08,30.2989444732666,31.09159708130163,29.92488166874526,30.281131635198776,10491800
2021-06-09,30.503786087036133,30.619567832229514,30.23660031904872,30.26331787661205,6855600
2021-06-10,30.218782424926758,30.753153871483672,29.96050142019557,30.557219486386565,5291000
2021-06-11,30.468170166015625,30.63739047796096,30.103015373460767,30.218797155720342,5033200
2021-06-14,31.06487464904785,31.73284068326004,30.530499783207535,30.637376794846162,8404600
2021-06-15,31.581438064575195,31.821906281000057,30.79769357858097,31.109409749436463,9640400
2021-06-16,31.02034568786621,31.715029308248038,30.81549977151922,31.715029308248038,13348900
2021-06-17,30.65519905090332,31.082700481312376,30.441451733151155,31.064887638590967,5679500
2021-06-18,31.340970993041992,31.34097099304199,30.539413639796198,30.601756876244707,7764800
2021-06-21,31.394407272338867,31.9733125952065,31.127221506958165,31.2964383656273,7294200
2021-06-22,30.53941535949707,31.216286277961032,30.44144644028939,31.216286277961032,8705700
2021-06-23,30.236608505249023,30.913479527235307,30.103013886360486,30.86894912008989,6677900
2021-06-24,30.575029373168945,30.637372589341666,30.183153845854157,30.46815237620102,9120300
2021-06-25,29.889265060424805,30.833321874958386,29.65770151906411,30.37019818968911,5979000
2021-06-28,30.29966926574707,30.424432065857484,29.274826151357797,29.90755712260986,4461900
2021-06-29,30.923480987548828,31.074977674284153,29.943195710412333,30.148167015277686,7430800
2021-06-30,30.023408889770508,30.798726469485327,29.925383395347502,30.745255236546907,7280200
2021-07-01,30.522462844848633,30.789812204459245,29.82735382995473,30.165994765680118,8144500
2021-07-02,31.42253303527832,31.627504346268346,30.53136642917872,30.736337740168747,8353100
2021-07-05,31.110628128051758,31.591858942867248,31.01259925101182,31.413624930024728,3054400
2021-07-06,30.7898006439209,31.27103135025293,30.75415316948217,30.97694478542882,4858800
2021-07-07,32.135475158691406,32.260237963376476,31.03042686092234,31.128455750183885,9354100
2021-07-08,30.95021629333496,31.9305016146949,30.80762977016835,31.50273864566421,8290500
2021-07-12,31.70770835876465,31.70770835876465,30.834362123994666,31.190830113677546,6040100
2021-07-13,31.351232528686523,31.609671586598985,30.976940893170227,31.600758019344156,6046800
2021-07-14,31.199737548828125,31.814644607155078,31.06606461406212,31.63641062793668,6491500
2021-07-15,31.119535446166992,31.716618824524947,31.101715106094275,31.190830404580787,4807000
2021-07-16,30.558116912841797,31.4225465817386,30.486821921843312,31.226492155557327,5380000
2021-07-19,30.4600772857666,30.629397730531746,29.943198981434442,30.299667011976005,4756600
2021-07-20,30.7898006439209,31.03932956546173,30.183807176583592,30.3442174120276,4042300
2021-07-21,30.700695037841797,31.164102153075152,30.388784637447305,30.968044381371833,4315700
2021-07-22,31.279949188232422,31.43144929197628,30.66504540129009,30.66504540129009,5262400
2021-07-23,31.012611389160156,31.57404755952094,30.807643384003885,31.342342232278295,3202900
2021-07-26,30.878925323486328,31.35124255311831,30.665043834870733,31.128450893928747,3912400
2021-07-27,30.647214889526367,30.74524374684697,30.246189291183164,30.74524374684697,6733300
2021-07-28,33.151397705078125,33.16922144475578,31.021510106794413,31.35124079200413,28640400
2021-07-29,32.19784927368164,33.596980523037935,32.01961527895783,33.008810720120835,11737100
2021-07-30,31.82355499267578,32.35825693396608,31.716615964229888,31.805731254679728,9472800
2021-08-02,32.806575775146484,33.44211841621813,32.13522704917205,32.448521755430974,10626200
2021-08-03,32.600685119628906,32.84237101606628,32.09941370300806,32.833421204193236,5299900
2021-08-04,32.28739547729492,32.555934265534795,31.51758178025959,32.555934265534795,7646600
2021-08-05,32.09941482543945,32.717054305939676,31.786116764440795,32.475368401051185,6043400
2021-08-06,32.4395637512207,32.6364903391538,31.830874120179477,32.099412859837585,5303200
2021-08-09,32.36795425415039,32.90503177751497,32.2605394324086,32.573834085262,4590500
2021-08-10,32.3052978515625,32.5648868211864,31.947243864863612,32.43956895023855,6652900
2021-08-11,32.359012603759766,32.52908639897031,31.696613637519935,32.26949738418332,8547200
2021-08-12,31.786123275756836,32.46642523953956,31.678708434243443,32.22473928514224,7628100
2021-08-13,32.018856048583984,32.144173919612136,31.463875442035363,31.911441218367838,6207600
2021-08-16,30.801483154296875,31.920397833564646,30.631409352324557,31.920397833564646,9932100
2021-08-17,31.052106857299805,31.096866158765422,29.897389953109986,30.506079574765298,9504700
2021-08-18,30.058517456054688,31.240090764730542,29.94214940476906,31.078966821306047,11291000
2021-08-19,31.49967384338379,31.562332770412723,29.557240276175946,29.754170283784273,9977600
2021-08-20,32.20683288574219,32.367956838547514,30.89098840938398,31.034209321360283,9749500
2021-08-23,32.00094985961914,32.29634488197337,31.571287166367537,32.29634488197337,6477600
2021-08-24,31.920387268066406,32.224732096676796,31.705554218306816,32.224732096676796,7439700
2021-08-25,32.564884185791016,32.57383399813905,31.275892669714615,31.812973606298318,7436300
2021-08-26,32.91399002075195,33.00350181673609,32.28739720489455,32.56488923589521,9935500
2021-08-27,33.03034973144531,33.38840023946064,32.65439277117566,32.8155166949119,7460300
2021-08-30,32.83342361450195,33.05720648896576,32.35005178614277,33.03035363671992,5335600
2021-08-31,31.830886840820312,32.85133650811866,31.311708777299845,32.85133650811866,15163400
2021-09-01,32.48432922363281,32.74391822824798,31.33855836054587,31.94724817118871,8836600
2021-09-02,31.992002487182617,32.64544809641821,31.777169416845528,32.16207624915162,8597200
2021-09-03,32.44852828979492,32.44852828979492,31.66081133658701,32.08152438227593,13005000
2021-09-06,32.564884185791016,33.2093765291736,32.22473326742023,32.42166328563315,7104700
2021-09-08,32.66336441040039,33.343663149388405,32.421678388551996,32.65441117922608,15224800
2021-09-09,34.766910552978516,35.268185464880304,32.627546632403345,32.65439948699695,18308300
2021-09-10,34.60578536987305,35.11601007700792,34.22983176026034,34.91013023155489,9863600
2021-09-13,34.82061767578125,35.19657127711064,34.310392979888064,34.9101294623866,7557600
2021-09-14,35.250282287597656,35.74260396963147,34.775860232119875,34.99069331200777,6674400
2021-09-15,35.66203308105469,35.832106808090316,34.82061084226325,35.42034720706398,9827700
2021-09-16,35.715755462646484,35.85897639512001,34.99964738562245,35.61729043132286,6141500
2021-09-17,35.080196380615234,35.715742234314554,34.713192663665964,35.58147116593953,11435300
2021-09-20,34.81167221069336,35.06230800080015,34.05976142571645,34.51628051730415,7290800
2021-09-21,35.58147430419922,36.04694305705683,34.82956376722238,34.954881620942615,8918000
2021-09-22,36.315494537353516,36.77201363845371,35.19657985869546,35.87688189552726,9876300
2021-09-23,36.85255813598633,37.0405383253132,36.44079851108996,36.521360473757106,7578700
2021-09-24,37.0047492980957,37.28224138949283,35.90373757750483,36.50347425337546,6960700
2021-09-27,36.59341049194336,37.238229381574385,36.09188430930061,36.7725272297706,6418800
2021-09-28,36.42324447631836,37.059109003971756,36.10979277818218,36.36951185170489,7499700
2021-09-29,35.70677185058594,36.7187781563559,35.384362520155406,36.7187781563559,7602400
2021-09-30,35.491844177246094,35.76051755317523,34.84702534192231,35.554534517750646,7873300
2021-10-01,35.9754524230957,36.35159785672484,35.1604746359942,35.62617671667607,5930200
2021-10-04,34.7305908203125,35.805287488533196,34.30071283629753,35.72468515300748,9377000
2021-10-05,33.611106872558594,34.864919887176086,33.49468396502094,34.83805358795441,7446600
2021-10-06,33.59321212768555,33.77232885271262,32.57225123630882,33.13646772441552,7941000
2021-10-07,33.637996673583984,34.15743146143226,33.10960416973604,33.960402705851365,6626600
2021-10-08,34.61418151855469,34.900766954136394,33.92458424657125,34.07683126456308,7309300
2021-10-11,34.587310791015625,34.92763226712443,33.89771353885442,34.596268507327,5608500
2021-10-13,36.3426399230957,36.611313253744775,34.676860490158006,34.68581478742071,10157500
2021-10-14,36.360557556152344,36.85312943721403,35.71574208557927,36.35160325666377,5601000
2021-10-15,35.930667877197266,36.67400090120167,35.841111245653686,36.53070824091205,4586500
2021-10-18,36.14560317993164,36.5665268013565,35.46496058288864,35.75154586068591,5671000
2021-10-19,35.24107360839844,35.814247710267615,34.79328358330383,35.67990933619252,5855200
2021-10-20,35.930667877197266,36.43219389639421,34.936573551777634,35.36645494901302,7935400
2021-10-21,35.24107360839844,35.948582667975934,34.39922959111262,35.24107360839844,10526100
2021-10-22,34.8291130065918,35.303769413565156,33.494700438032524,34.488791578159635,12439500
2021-10-25,35.42019271850586,35.823204451862715,34.84702199389478,35.205255404960205,7140900
2021-10-26,35.518699645996094,35.72468261853364,34.82910269461406,35.25002635209347,8620500
2021-10-27,35.10673904418945,36.566535498942905,35.044048713282876,35.83215670649893,9889100
2021-10-28,33.879798889160156,35.03509469218191,33.60216781133553,34.918671731865565,8346500
2021-10-29,33.13646697998047,34.10369522357674,32.939438245240346,34.094737508524574,6366500
2021-11-01,33.10065460205078,33.74547365805453,32.77824507404891,33.59322319588987,5526100
2021-11-03,33.74546432495117,34.06787376378312,32.64390101985372,32.876750383250375,9360300
2021-11-04,33.781280517578125,33.94248519959323,33.06481374579244,33.74545649571549,5138400
2021-11-05,33.74546432495117,34.34550145671364,33.60217162062226,33.96040167326077,4935300
2021-11-08,33.22603988647461,33.62905185179315,33.109616864780676,33.521583133164526,4916300
2021-11-09,32.94839096069336,33.65590002229588,32.07967721628604,33.00212357738377,6209000
2021-11-10,32.49165344238281,33.23498675987348,32.393139058969076,32.894665276180895,6490400
2021-11-11,32.688682556152344,33.23498711261375,32.625992205381486,32.75137290692321,6100600
2021-11-12,31.927446365356445,33.002140238112155,31.918488647141327,32.4647933017343,6540200
2021-11-16,31.685625076293945,32.30357411894566,31.5781530038934,32.04385506852815,6011000
2021-11-17,32.03489303588867,32.2767000158554,31.255739489128885,32.06175933931848,6058200
2021-11-18,32.16923904418945,32.59912054525701,31.87369935561875,32.21402078714418,4434200
2021-11-19,32.05281066894531,32.303571988608894,31.802045932914975,32.13341300974672,4636600
2021-11-22,31.049762725830078,32.31253404002826,30.906470035876467,32.15132933678454,5763500
2021-11-23,30.593019485473633,31.166190266669908,30.019848704277354,31.121411939957824,8878900
2021-11-24,30.02880096435547,30.476591033809584,29.885508278784837,30.163139351738547,6562700
2021-11-25,30.27061653137207,30.736318744638478,29.930295026221987,30.02880941584712,4754200
2021-11-26,29.27651023864746,29.91237466263781,28.8287202192449,29.786990587457044,6526100
2021-11-29,29.0257511138916,29.625791561734303,29.016796816028418,29.607879549640955,5887300
2021-11-30,28.86454963684082,29.11531100134777,28.282422844427817,28.918285679106894,18230300
2021-12-01,29.09739875793457,29.79595013803331,29.007838698712337,29.178001103051113,10971100
2021-12-02,29.303377151489258,30.24373541874057,28.80185114798424,29.56309274138616,8249600
2021-12-03,29.35711669921875,29.984023497645314,29.016798696491442,29.36607441402943,8404300
2021-12-06,29.56309700012207,29.77803772297808,29.33920197964855,29.44667404926,6809000
2021-12-07,30.951250076293945,30.951250076293945,29.778038893022583,29.84072922790906,12047300
2021-12-08,32.276710510253906,32.33940084955059,30.637797140838902,31.05872091871719,11021000
2021-12-09,32.688682556152344,33.23498711261375,31.64085519352405,32.016997298149214,16902100
2021-12-10,32.061771392822266,33.217070703760605,31.92743640880434,32.99317564736329,5805900
2021-12-13,31.882648468017578,32.74240791392772,31.730401499113068,32.07072287527819,7824400
2021-12-14,31.605022430419922,32.643895205869825,31.452772037479992,32.60807118207608,5036100
2021-12-15,31.891611099243164,31.963255737902344,31.18410192950953,31.605025711871846,5620600
2021-12-16,31.882648468017578,32.50060089004988,31.63188714682579,32.1692338111987,6482000
2021-12-17,31.21095848083496,31.855777108939147,31.004975511605284,31.76622048453189,8382200
2021-12-20,30.486675262451172,30.74663304468658,30.011582599371295,30.486675262451172,4157000
2021-12-21,30.40599822998047,30.683884483412164,30.21775435806249,30.49564061149418,3300100
2021-12-22,30.181896209716797,30.648026316599424,29.904013386801417,30.648026316599424,2736900
2021-12-23,30.002614974975586,30.397031135871988,29.733691290334672,30.37910266226215,2166400
2021-12-27,29.733694076538086,30.423924987415077,29.670946122777178,30.00261778637856,4457200
2021-12-28,29.841264724731445,30.271537870231516,29.527521538559917,29.76955082406127,3670800
2021-12-29,29.34823989868164,29.939865826046315,29.088282171027295,29.939865826046315,3091700
2021-12-30,29.563377380371094,30.04743593322328,29.339276578440288,29.509591956885227,4858300
2022-01-03,28.702831268310547,30.011579137592538,28.702831268310547,29.330314200824628,5475700
2022-01-04,28.559402465820312,28.980713004562933,28.46079758062469,28.88210811936731,4485400
2022-01-05,27.053449630737305,28.469766659243763,26.98173744105673,28.469766659243763,8402200
2022-01-06,27.04448699951172,27.77057317686983,26.85624142182417,27.08930647956641,6043900
2022-01-07,26.36322021484375,27.187911297293535,26.264615307345913,27.0893063897957,6155500
2022-01-10,25.601282119750977,26.39908235495537,25.377181256669026,26.27358470899683,7796200
2022-01-11,26.03155517578125,26.058446183145342,25.21582652074371,25.556460765221587,7274600
2022-01-12,27.08930206298828,27.250654900484278,25.71780636377889,25.986726619770025,10750500
2022-01-13,26.085336685180664,27.18791234707941,25.950876530516805,27.035523715859398,12602100
2022-01-14,27.51957893371582,27.663003308986696,25.753663534843845,25.99569280927098,12708400
2022-01-17,27.205839157104492,27.59129283068206,26.918990388791933,27.438904208796824,5187200
2022-01-18,27.37615966796875,27.591296271028455,26.793496111209098,27.169985594002014,9922400
2022-01-19,27.340295791625977,28.057417620291893,27.295476318491843,27.618180286514853,6666600
2022-01-20,27.55543327331543,27.949851147314224,27.19687234684078,27.403044665844533,6339400
2022-01-21,27.438901901245117,27.564397799389546,27.00862707520793,27.510614087292417,6589400
2022-01-24,26.802459716796875,27.39408578867121,26.291510082883015,27.385121550036303,10710400
2022-01-25,27.07137680053711,27.196872698989836,26.551463022978613,26.775563818646127,7030700
2022-01-26,27.55543327331543,28.093275517904083,27.125160161545853,27.29547724277882,12183300
2022-01-27,29.04346466064453,29.133103611646884,27.564398032558206,27.77953459251996,10350400
2022-01-28,28.344270706176758,28.980717884535675,27.752643005133862,28.980717884535675,9012800
2022-01-31,28.828327178955078,29.133104408003703,28.173953244131514,28.353232860790243,7201500
2022-02-01,28.738691329956055,29.303422952824373,28.47873354955221,28.774544863506005,4459400
2022-02-02,28.47873306274414,29.509594799213062,28.380128153275983,28.873149281109573,4925100
2022-02-03,27.743677139282227,28.783504617630943,27.671964958353115,28.523546893167136,5506300
2022-02-04,27.654033660888672,27.77056530183757,27.286508557449643,27.75263683099833,5170800
2022-02-07,27.78849983215332,28.09327706386689,27.35822669670597,27.698859168163423,5010100
2022-02-08,27.08930206298828,27.73471341297227,26.93691346199243,27.582324811976413,6430500
2022-02-09,27.15205192565918,27.761604624540183,27.1341234525221,27.376152710612775,5009700
2022-02-10,26.659032821655273,27.385118985551344,26.55146538761695,27.152055641883795,8569200
2022-02-11,26.47079086303711,26.901064049675995,26.408041193951153,26.712818461925444,9352700
2022-02-14,27.28651237487793,27.734713950044604,26.443892934833656,26.443892934833656,10962400
2022-02-15,29.473735809326172,29.473735809326172,27.752640025234477,27.788496971039972,11758400
2022-02-16,28.057422637939453,29.733695853379746,27.582329982642605,29.581308933570273,20714400
2022-02-17,27.474756240844727,28.52354799608219,27.403044057142736,28.290482971612384,8085500
2022-02-18,26.721778869628906,27.78849915461777,26.60524720611072,27.636110542476505,6716700
2022-02-21,26.645238876342773,26.979206009512936,26.500820377414435,26.90699676004877,4769200
2022-02-22,26.654268264770508,27.15973306823415,26.654268264770508,26.89797343329481,5137500
2022-02-23,25.814830780029297,27.23193832919018,25.72456879082835,26.72647359991081,7304600
2022-02-24,26.464719772338867,26.690373933728665,24.840010498974163,25.038585541219522,9964800
2022-02-25,26.53692626953125,26.952130778451686,25.99535599431542,26.157827249040615,13633700
2022-03-02,27.30414581298828,27.79155949023475,26.4917914058483,26.536921536732244,10503800
2022-03-03,28.206764221191406,28.33312997398898,27.19583303399803,27.30414776611328,10167600
2022-03-04,28.441444396972656,29.136457751409438,28.044292679005753,28.206763914610587,9286000
2022-03-07,28.053325653076172,28.85665392753356,27.845724234985667,27.990142762492507,11272000
2022-03-08,28.495603561401367,28.973989220218666,28.05332166853047,28.05332166853047,9613000
2022-03-09,29.488483428955078,29.65095469659746,28.45950275096401,28.748339794948432,8949000
2022-03-10,28.630992889404297,29.235745973752444,28.14358090648723,29.21769323174701,6884800
2022-03-11,28.333139419555664,28.946919089084407,28.080407829706065,28.72126490008736,4591900
2022-03-14,27.999164581298828,28.486576601950482,27.92695532929101,28.333131726233333,4247300
2022-03-15,27.259021759033203,28.847625445474495,27.168759755538815,27.89085234028486,10034200
2022-03-16,28.86567497253418,28.901780458548686,26.834787867535173,27.349278992011563,12743400
2022-03-17,29.876598358154297,30.011992181368466,28.44144001516151,28.883721798610253,10140900
2022-03-18,30.048107147216797,30.138367429052575,29.34406386470337,29.813424905309308,12356000
2022-03-21,29.380170822143555,30.048108647999886,28.892757012184276,29.921742869834713,8384300
2022-03-22,29.786348342895508,30.21057925445458,29.524588697754414,29.768295597381385,7019900
2022-03-23,29.560697555541992,29.8766120299968,29.226730333516983,29.714140745074463,8557300
2022-03-24,29.903684616088867,30.219599003314844,29.470429123660995,29.723160633441776,7001100
2022-03-25,29.678030014038086,30.309862221382886,29.262823827766145,30.039074530229026,7154700
2022-03-28,30.361867904663086,30.669101243628553,29.59378628078126,29.819693046283408,8764800
2022-03-29,30.678131103515625,31.093798611728293,30.515478000812795,30.72331175491913,6285900
2022-03-30,30.858863830566406,31.075732383034214,30.596811169859606,30.678137738800906,5573300
2022-03-31,31.509477615356445,31.898037563895574,31.057664042363406,31.057664042363406,11060600
2022-04-01,31.970325469970703,32.376958325216,31.708272802472223,31.807672327872584,12134000
2022-04-04,31.645017623901367,31.988396845501065,31.184165928347987,31.988396845501065,5428600
2022-04-05,31.29259490966797,31.970314963331493,31.2293413137577,31.645008786043007,4841100
2022-04-06,31.02151870727539,31.635981938418563,30.443194491796707,31.039588215107635,8243200
2022-04-07,30.831748962402344,31.202235854716413,30.687168795817904,31.02151323178317,5002100
2022-04-08,30.849821090698242,31.2925997780179,30.416080602521852,30.723313879196336,4997500
2022-04-11,29.41305923461914,30.741392076184148,29.41305923461914,30.46126645501239,8741200
2022-04-12,29.250398635864258,30.027518237653663,29.123891435026483,29.629923685440275,7807000
2022-04-13,29.42209243774414,29.666072108859034,29.105820961678322,29.49438079563208,7557300
2022-04-14,29.178115844726562,29.720290650802394,28.988355007306357,29.422095541579694,4676000
2022-04-18,28.83473777770996,29.250405375396628,28.373887795362737,29.051609777017152,6937300
2022-04-19,28.346773147583008,28.536533946100473,27.714233705462142,28.509424521941696,12091000
2022-04-20,28.39196014404297,28.852810116567024,28.247379963274447,28.41003309752196,5515500
2022-04-22,28.292558670043945,28.473284745292624,27.641947901505556,27.85881815768502,10587900
2022-04-25,28.202194213867188,28.5726828218448,27.940143313822343,28.039542822562545,5920900
2022-04-26,27.09073257446289,28.301592692467754,26.955188891543543,28.17508548488055,11274900
2022-04-27,28.581722259521484,28.75341187816465,27.316644759617482,27.72327761336924,12950700
2022-04-28,28.12990379333496,28.87991402885569,27.876889371998292,28.780516244844062,7984900
2022-04-29,27.199167251586914,28.509425088397567,27.08169480142947,28.482317387231507,9606000
2022-05-02,26.15096664428711,27.361826998364386,25.73529731562553,27.02748424001634,12226000
2022-05-03,25.672039031982422,26.24132492067341,25.527458871829793,26.24132492067341,9842500
2022-05-04,26.15096664428711,26.34976396975809,25.28348380212003,25.66300722240592,8729900
2022-05-05,25.44613265991211,26.09674338938439,25.00335569802426,25.934091999664933,11077900
2022-05-06,24.533470153808594,25.382879928058717,24.334672854954967,25.382879928058717,13021900
2022-05-09,24.090696334838867,24.849743173287276,24.063586903632935,24.30756661389102,10148000
2022-05-10,23.602733612060547,24.452141593265114,23.530443534436085,24.36177856535169,8285600
2022-05-11,23.584659576416016,23.855746924149575,23.40393352890609,23.60273252587327,8726100
2022-05-12,23.864782333374023,23.96418182741967,23.32260593858243,23.593694997743853,8428100
2022-05-13,23.94611358642578,24.45214418339914,23.864787025042187,24.15394736616982,6176600
2022-05-16,23.675024032592773,23.955147872003433,23.41297142020142,23.946111396728067,7571800
2022-05-17,24.316598892211914,24.488288479806968,23.611769314346542,23.97322144055328,10281000
2022-05-18,23.882858276367188,24.41599826367669,23.756351067016276,24.289489330794318,9313800
2022-05-19,23.069597244262695,23.991295446962532,23.06056076770768,23.991295446962532,9109900
2022-05-20,23.485261917114258,23.58466142338204,23.087665615574593,23.223211023587552,9310600
2022-05-23,24.009370803833008,24.144914518665207,23.449122989584765,23.512376608271,8069400
2022-05-24,23.566591262817383,23.928041705407963,23.214177296733027,23.765388575359285,8546100
2022-05-25,22.87079429626465,23.45815138365062,22.50030743851974,23.349717130595774,11060700
2022-05-26,23.232248306274414,23.485264475458347,22.789471302851258,22.897907296367702,7967100
2022-05-27,23.69309425354004,23.828639653383494,23.105737173833365,23.26839027482043,7992800
2022-05-30,23.078632354736328,23.982259274369888,22.90694275741711,23.946113370289392,7458000
2022-05-31,22.925016403198242,23.250320932108995,22.726217371802736,23.123813711062127,29812700
2022-06-01,23.684062957763672,23.882862001789753,22.879835475386827,23.141888133955124,7284500
2022-06-02,23.79249382019043,24.06358117357088,23.385861066588397,23.946110446714382,6323600
2022-06-03,23.42201042175293,23.801533806596236,23.322610906534184,23.801533806596236,4551500
2022-06-06,23.476228713989258,23.891898024340946,23.27743139727514,23.593701187503914,5582200
2022-06-07,23.449121475219727,23.557555750669966,23.223214723911372,23.25935890788421,6091800
2022-06-08,22.057533264160156,23.34972005221202,22.057533264160156,23.277429966619756,15193900
2022-06-09,22.156930923461914,22.644888529480852,21.75933462422065,22.057531417768736,12419700
2022-06-10,21.68704605102539,22.265366727522633,21.569575309936226,22.138859510421753,9086600
2022-06-13,21.52439308166504,21.66897325180891,21.244269217452732,21.415958815822925,14000200
2022-06-14,21.91295623779297,22.13886300313104,21.4069255660246,21.560542235395765,10169400
2022-06-15,21.68704605102539,22.14789598643347,21.370776284741623,22.14789598643347,15840900
2022-06-17,20.629804611206055,21.352705531259755,20.620768134263916,21.289451916196523,16863300
2022-06-20,21.77741050720215,22.11175152377227,21.14487093340163,21.162943886603173,15968600
2022-06-21,22.86176109313965,22.93405118003254,21.696083226550304,21.894880534622853,21113500
2022-06-22,23.30453872680664,23.6750256202851,22.455128952804827,22.68103567924445,13461400
2022-06-23,23.4129695892334,23.81056585259912,23.09669987345456,23.4129695892334,10303100
2022-06-24,23.90996742248535,24.37985383348311,23.376829126525532,23.557553476002816,11421500
2022-06-27,23.469446182250977,24.166379621938823,23.424189755179977,24.121123194867824,6158200
2022-06-28,23.668569564819336,24.003460223717536,23.41514047562132,23.587109721475347,5828100
2022-06-29,23.559959411621094,23.93105351492459,23.460396989539944,23.704776538453856,4724300
2022-06-30,23.940101623535156,24.057764876085507,23.107402391594206,23.261270784225342,10803700
2022-07-01,23.9853572845459,24.33834878271468,23.43324096065634,23.94010258398545,7334800
2022-07-04,23.976306915283203,24.383606141314583,23.922000927264428,23.976306915283203,4041600
2022-07-05,24.456012725830078,24.618932403085942,23.632364780908617,23.81338530180484,9210200
2022-07-06,24.528419494628906,25.38827079061938,24.36549982922803,24.53747077896851,11535800
2022-07-07,24.99003028869629,25.152949990937472,24.25689162861097,24.673242170600254,8539800
2022-07-08,24.682289123535156,25.026229314048493,24.26593865464422,24.990025901215745,5482100
2022-07-11,24.05776596069336,24.39265661611425,23.86769414576844,24.338348903544695,6136000
2022-07-12,24.066818237304688,24.320249060664878,23.867695128750697,24.012512248854737,5197000
2022-07-13,24.19352912902832,24.519368463190908,23.487546206817367,23.831486383489885,7119900
2022-07-14,23.89484977722168,24.284046475888402,23.56901208583733,23.93105492424018,6633600
2022-07-15,24.030614852905273,24.24784227531649,23.397040337667743,23.885797722202046,6464800
2022-07-18,23.64141845703125,24.60083232125029,23.550907324250677,24.347401494735937,6260100
2022-07-19,24.40170669555664,24.573677669648525,23.632366407666222,23.759080953651708,7068400
2022-07-20,23.52374839782715,24.60082702048875,23.32462532970012,24.437907361859413,14736400
2022-07-21,22.9263858795166,23.596165601368522,22.6367515918354,23.578063026799317,12130500
2022-07-22,23.38798713684082,23.75002993396481,22.79061608999718,23.071199041973742,10870400
2022-07-25,24.090269088745117,24.363196143906926,23.562612197692523,23.580807681746684,10255700
2022-07-26,23.83553695678711,24.29041360302185,23.76275676279822,24.099364509290577,6015000
2022-07-27,24.4450740814209,24.45417008822906,23.89012396441222,23.99929339827883,5446300
2022-07-28,25.40941047668457,25.60045784076587,24.4814616748752,24.536046388153174,9270700
2022-07-29,25.50948143005371,26.055331980478513,25.363919316694968,25.39121253830284,10100100
2022-08-01,25.363920211791992,26.091723863403683,25.263848532798075,25.509482330287646,8202200
2022-08-02,25.81879997253418,26.01894682521273,25.218362884932237,25.336631795190804,7214800
2022-08-03,25.582265853881836,25.90977589130773,25.363923515308745,25.800606457238057,6627100
2022-08-04,26.209993362426758,26.26457981243878,25.564069320902355,25.81879914675793,5433900
2022-08-05,26.228193283081055,26.510216381655642,26.046241889358495,26.155413072635447,4063300
2022-08-08,27.046966552734375,27.465453994092716,26.53750516497435,26.61938310490931,9073300
2022-08-09,26.91050148010254,27.419962822089285,26.555698262406707,27.147037536971975,6007000
2022-08-10,27.911231994628906,28.13867032348316,27.11064810534055,27.256208496989935,8105700
2022-08-11,27.410871505737305,28.193260051432922,27.20162862242426,28.12957758566087,6286900
2022-08-12,28.111379623413086,28.165964341378483,27.247114937296182,27.583722722502515,8429300
2022-08-15,27.601911544799805,28.202348503146244,27.42905795521023,27.95671472876366,7390400
2022-08-16,27.829355239868164,28.147769260836597,27.60191690135026,27.60191690135026,5016200
2022-08-17,27.68379020690918,27.902130767103372,27.256205091547763,27.6655947264222,6125800
2022-08-18,28.056795120239258,28.266037986722576,27.738381081772474,27.774772050839267,4327000
2022-08-19,27.156139373779297,28.18415995367453,27.06516368661285,27.911234627392087,7775300
2022-08-22,26.337360382080078,26.946895200744557,26.20999373213889,26.892308749962552,7237300
2022-08-23,26.20090103149414,26.419243406198415,25.955268896581856,26.32826770594116,8786300
2022-08-24,26.19179916381836,26.637578086615203,26.146310456257396,26.24638387767475,5426700
2022-08-25,26.337360382080078,26.728552868050183,26.255482441123895,26.410140581239265,5546600
2022-08-26,26.209993362426758,26.592089836426915,26.028043734703747,26.54660286330036,6257700
2022-08-29,25.809703826904297,26.128116117694272,25.5276790333234,26.09172688526835,6306200
2022-08-30,25.827898025512695,26.03714262267061,25.554972704304106,25.909775968918645,11887500
2022-08-31,25.736919403076172,26.164502791405667,25.655041474534016,26.08262486286351,11184100
2022-09-01,25.81879997253418,26.05533605783447,25.109193451850164,25.727826023371406,7750600
2022-09-02,27.483652114868164,27.547336316784968,25.836998782937883,26.000754688861228,15536400
2022-09-05,28.111379623413086,28.58445180635826,27.574624980305465,27.638307440467912,7376200
2022-09-06,27.55643081665039,28.375208514683663,27.310796986675346,28.12957468470862,7818500
2022-09-08,27.483652114868164,27.920335109069445,27.019679361708118,27.55643405991594,6160600
2022-09-09,27.701990127563477,28.08408660295114,27.55642973076978,27.56552573725468,3199600
2022-09-12,28.930150985717773,29.32134513826801,27.911228376263523,27.97491082245235,8149600
2022-09-13,27.847545623779297,28.666323145460566,27.674692032299046,28.44798258869333,7885400
2022-09-14,27.85664939880371,28.120476978014104,27.54733310923506,27.829356172588756,4667700
2022-09-15,27.301698684692383,27.80206234122399,27.128845059527148,27.792964599350366,3266400
2022-09-16,27.729280471801758,27.87484086258155,26.837722644471334,27.110647943379266,12522000
2022-09-19,27.838449478149414,28.18415494569399,27.347181895872986,27.69288909863416,5470400
2022-09-20,28.320619583129883,28.60264435665726,27.883938413768206,27.90213389629579,7372000
2022-09-21,28.366104125976562,28.711809567175674,27.902129800923955,28.202348277697237,6342700
2022-09-22,28.211456298828125,28.557161866013953,27.365385264525862,28.520772628255123,8889000
2022-09-23,27.8111572265625,27.91123064167683,27.41996304226101,27.674694582908103,5895500
2022-09-26,27.851356506347656,27.851356506347656,27.851356506347656,27.851356506347656,0
2022-09-27,27.377601623535156,28.060902846129792,27.240941726561203,28.024461017875012,7256200
2022-09-28,27.62359046936035,27.915132046178158,27.158945429660143,27.377601612273498,5869400
2022-09-29,27.4595947265625,27.55070189322699,26.94939702605589,27.34115662630593,9294800
2022-09-30,29.281736373901367,29.3181799422097,27.833137550419845,28.106459099557387,15921500
2022-10-03,30.593671798706055,30.639224513578196,28.54376661269062,29.45483654965564,14750100
2022-10-04,30.283905029296875,31.103864230131265,29.992360041269144,30.794100938585213,5980900
2022-10-05,30.67566680908203,30.930768286544094,29.746380237336805,30.393237871268145,6648500
2022-10-06,30.730335235595703,31.14031669094933,30.666560728701803,30.96721495444445,5312700
2022-10-07,30.38412094116211,30.83054585693716,30.08347026355779,30.721218653758235,4132400
2022-10-10,31.222305297851562,31.33163250055586,30.57544775829824,30.593669537990472,5924600
2022-10-11,30.885215759277344,31.559404333176936,30.739444975019353,31.158535545329872,6250100
2022-10-13,30.493453979492188,30.97631901672677,30.10169437271528,30.593672038265264,6147300
2022-10-14,29.937707901000977,30.83055450762409,29.47306107508021,30.502569330609454,6263600
2022-10-17,30.621004104614258,30.90343303474632,29.728157646405734,29.965033859624516,7601300
2022-10-18,31.486528396606445,31.91472822538225,30.948997846251267,30.958107001990967,9402000
2022-10-19,31.568511962890625,31.677839164908466,31.23141425387455,31.41362857420368,4180600
2022-10-20,31.57762336730957,31.741615919758065,31.16764198618833,31.650510490819716,7265000
2022-10-21,32.069602966308594,32.35203189838673,31.40452356353329,31.55940349719555,6512600
2022-10-24,31.81449317932129,32.033151030494885,31.304297318997293,31.75983132311437,8644200
2022-10-25,31.932933807373047,32.652678386329406,31.641392315343662,31.696057648392447,11524300
2022-10-26,34.60237121582031,35.49521767080999,33.354208704558665,33.51820126521488,28711200
2022-10-27,35.37678146362305,35.905199236130116,34.19238997005123,34.46571322269059,10912300
2022-10-28,35.04879379272461,35.75942585684424,34.5112634306356,35.194564561658105,7314600
2022-10-31,36.69782638549805,36.98936793465289,34.11950515851311,34.34727221100592,12566800
2022-11-01,35.90519714355469,36.88915245463203,35.67743009659596,36.48828022769712,11428100
2022-11-03,36.624935150146484,36.89825486143777,34.6205848082626,35.40410386262665,8951600
2022-11-04,37.17158508300781,37.800224419719314,36.706941789979446,36.71605094357034,12213700
2022-11-07,37.2626953125,38.1646509941967,36.71605224059462,36.71605224059462,10878700
2022-11-08,37.17158508300781,38.64751472165931,36.880043511803805,37.26269399616511,13437300
2022-11-09,36.98936080932617,37.98242510591706,36.5702703475774,37.126022404676256,8842100
2022-11-10,35.7412109375,37.12603524593615,34.84836437195234,36.57939562636002,18520800
2022-11-11,36.43362045288086,36.7342711648973,34.957687401510775,35.65921036348185,9507500
2022-11-14,37.044029235839844,37.508672443021446,36.1147393460276,36.442724421896514,6076200
2022-11-16,35.26744842529297,37.06225385262712,34.912132391047976,36.807155874286984,14823500
2022-11-17,36.03274917602539,36.224072677516325,34.18328171071379,34.90302647397925,8238900
2022-11-18,35.78675842285156,36.69782663911926,35.62276586588742,36.04185988671213,6672000
2022-11-21,35.978084564208984,36.29695704240741,35.40411062800246,35.88697565940275,4928900
2022-11-22,35.4405517578125,36.44272531376129,34.88479964070578,36.12385285744552,7992000
2022-11-23,35.47698974609375,35.76853125334602,34.98501562476112,35.33121899246762,5489100
2022-11-24,36.22407150268555,36.962038024366116,35.58632651839932,35.71387551525656,5489500
2022-11-25,35.62276840209961,36.251407740368805,35.16723426153337,36.24229511130566,4690200
2022-11-28,34.16506576538086,35.36767580228625,33.95552044574055,35.36767580228625,7981800
2022-11-29,34.35638427734375,35.076129058363556,33.19021798183297,34.092173639939055,9077200
2022-11-30,35.53165817260742,35.75031605979035,34.192386867803854,34.35637941432875,12458900
2022-12-01,34.90302658081055,35.85053493771562,34.629703320187346,35.35856071458304,6962500
2022-12-02,35.221893310546875,35.877863467793695,34.49303951107766,34.96679534959492,6555700
2022-12-05,34.25616455078125,34.88480386281531,33.92818290263902,34.62970239143864,6914000
2022-12-06,34.35638427734375,34.70259119961715,33.636639496323944,34.620594914748445,5641000
2022-12-07,33.9463996887207,34.62059168762481,33.57286186479325,34.356381074848244,4978700
2022-12-08,33.89173126220703,34.32904349763212,33.43619724920814,33.727738739491535,5710700
2022-12-09,33.800636291503906,34.265283122328995,33.663978116605456,33.90996700196283,4345000
2022-12-12,32.86223602294922,33.745973459239494,32.47958897349366,33.66397716643473,10669500
2022-12-13,32.60713577270508,33.91907289292006,32.29737240711198,32.86223378832887,10196600
2022-12-14,33.76417922973633,34.128604321785964,32.48868271894162,32.61623167493141,14185900
2022-12-15,33.78242111206055,34.329060813204705,33.12645069032719,33.253999722230795,8144300
2022-12-16,34.119510650634766,34.210616096117114,33.49087126027667,33.70042004069602,12123500
2022-12-19,34.7803955078125,35.06323839010881,34.35157346881562,34.388066517740455,6603400
2022-12-20,35.06324005126953,35.711037817008645,34.77127476303498,34.77127476303498,7623900
2022-12-21,35.035865783691406,35.43731714353043,34.625288551753535,35.20009667646656,6900900
2022-12-22,35.5285530090332,35.67453563000637,35.08148275502174,35.08148275502174,5599500
2022-12-23,35.12710952758789,35.93001586275875,34.734780493385145,35.72928840884079,9476400
2022-12-26,34.844268798828125,35.34608746509594,34.588800009092665,34.972006674197075,2339100
2022-12-27,34.68003463745117,35.14535672455126,34.47018479678872,35.12710845834136,4735700
2022-12-28,35.30958557128906,35.88439374147187,34.84426351145037,34.871637649411916,5410500
2022-12-29,35.13623046875,35.57418189201874,34.89900997160522,35.43732163718465,6444500
2023-01-02,34.762149810791016,35.12710817100177,34.43369146320238,35.12710817100177,3017700
2023-01-03,33.8953742980957,35.00849050323147,33.65815035828786,34.77127004392394,5662900
2023-01-04,34.123477935791016,34.38806909268632,33.44830601286643,34.05961074476447,6169800
2023-01-05,34.196468353271484,34.57967498927369,33.99574090200838,34.29683207890304,6660600
2023-01-06,34.69829559326172,34.91727138736176,34.03224929527312,34.205606147415445,4071700
2023-01-09,34.597923278808594,34.94463341687192,33.95925128829892,34.67091635229617,5730600
2023-01-10,34.26033401489258,34.588795836645076,33.8315119524942,34.232963356580136,6556000
2023-01-11,35.218353271484375,35.30959462057208,33.941005708770845,34.205600400372795,5982900
2023-01-12,35.13623046875,35.57418189201874,34.853391046827475,35.16360460801733,5376000
2023-01-13,35.555938720703125,35.911771257656824,34.59792376059534,34.84427016629437,4957200
2023-01-16,34.388065338134766,35.67453837199705,34.004862233814315,35.67453837199705,7545600
2023-01-17,34.95375442504883,35.19097491985498,34.43369103060769,34.62529260108583,4932900
2023-01-18,34.66178512573242,35.391698272102715,34.488428360625434,35.20921911538504,5833500
2023-01-19,34.588802337646484,34.86251941371871,34.269466328979135,34.41544900158442,5522400
2023-01-20,34.05961990356445,34.58880584015665,33.95013027764733,34.57055756917047,6967000
2023-01-23,34.09610366821289,34.77127558859868,33.90450209585372,34.05048474343702,4331400
2023-01-24,33.95011901855469,34.433689338064646,33.54866763149985,34.433689338064646,7500200
2023-01-25,35.32783889770508,35.88439888248316,33.85888640817636,33.89538294368667,12935100
2023-01-26,34.86251449584961,35.546808829751136,33.72202393934706,35.373455518143096,11767800
2023-01-27,34.588802337646484,35.19098129720596,33.913630301533644,34.77128154852845,14610700
2023-01-30,34.07786178588867,34.69828902446536,33.84064124431595,34.670918360572756,8055300
2023-01-31,34.88988494873047,35.34608112311998,33.95924433531578,34.01398564872214,9636200
2023-02-01,35.0267448425293,35.35520667431925,34.41544358486537,34.844265660368116,6318500
2023-02-02,34.70741271972656,35.56506044601376,34.40632151381113,34.78952818674884,7112600
2023-02-03,34.588802337646484,35.21835196066274,34.40632312676452,34.52493513591302,8093400
2023-02-06,34.27859115600586,34.69829093446893,33.959255124675636,34.524937586104194,6881500
2023-02-07,34.369815826416016,34.570543243583415,33.968364472581584,34.21471080805966,8673800
2023-02-08,34.36069869995117,34.962877563223245,34.05961100856558,34.351576307091385,4938900
2023-02-09,34.652671813964844,35.13623879611692,34.30596163858136,34.43369953093441,6409800
2023-02-10,35.218353271484375,35.36433594952311,34.214722795030774,34.57055535521884,7127800
2023-02-13,35.200096130371094,35.74753011079507,34.99936871331547,35.14535134012855,5129800
2023-02-14,34.99936294555664,35.90262921245147,34.826006211940616,35.24570924030063,6066600
2023-02-15,35.473819732666016,35.8935194279203,35.12710962417285,35.473819732666016,10995900
2023-02-16,35.38257598876953,35.546806898422986,34.48843185871227,35.32783467255223,7342600
2023-02-17,36.148983001708984,36.26759497869517,35.054111513799214,35.17272349078541,8000500
2023-02-22,35.23713684082031,36.40252860438455,35.20043065128422,36.24653254959851,8043500
2023-02-23,36.00796127319336,36.28325078511995,35.09950203328994,35.31973574312885,9948300
2023-02-24,35.65924835205078,36.04465284969863,35.191253175769845,35.8335975056779,5112700
2023-02-27,35.60418701171875,36.118063146088055,35.301369709684806,35.714302076049755,4714600
2023-02-28,35.934539794921875,36.09971416046429,35.576663169745046,35.595016265971445,7461500
2023-03-01,36.13642120361328,36.59523811858883,35.503251620630046,35.93454064086555,7934900
2023-03-02,35.934539794921875,36.48511867973313,35.77854372774026,36.1272420545563,4163300
2023-03-03,35.64090347290039,36.448422345236295,35.530788376830515,36.11807355653089,5339900
2023-03-06,36.18230438232422,36.329125663972306,35.512432066023855,35.77854673291585,5594500
2023-03-07,36.32912063598633,36.494294992542066,35.91618474459698,36.06300600592486,4956200
2023-03-08,36.8521728515625,36.99899411788366,36.173122307017685,36.33829666919088,7378100
2023-03-09,36.576873779296875,36.98063128019413,36.576873779296875,36.70534191592354,5384100
2023-03-10,36.28323745727539,36.696173323730456,36.08135692245408,36.54017377396086,4632900
2023-03-13,36.512657165527344,36.971474158809684,35.842784775394634,35.98042777308182,7427900
2023-03-14,36.943931579589844,37.026518753409505,36.43005894292956,36.43005894292956,4704200
2023-03-15,36.76958465576172,37.13663956168272,36.384180154990176,36.751231560416166,6236000
2023-03-16,36.980648040771484,37.063235237532716,36.54936245812575,36.80629884782923,6583700
2023-03-17,36.58605194091797,36.91640060863642,36.44840899636495,36.80628555289511,9680200
2023-03-20,36.47876739501953,37.06683763228094,36.36850510182679,36.846309540720355,5827400
2023-03-21,36.71766662597656,37.01170172067544,36.57064907862712,36.60740434175818,5241100
2023-03-22,36.31337356567383,36.984141424300994,36.184733634591254,36.72686156213584,4920900
2023-03-23,36.653343200683594,37.085208738682134,36.322552874146375,36.38687282595367,6499000
2023-03-24,37.22304916381836,37.31493734617855,36.57984941317577,36.75443170189651,6714600
2023-03-27,37.84787368774414,37.95813950338498,37.25980335836227,37.4711409139104,7311600
2023-03-28,38.013267517089844,38.47269788327958,37.792742904217064,37.82949466957884,6873300
2023-03-29,38.34406280517578,38.72998618441736,37.921387655910785,38.114347592943595,7454100
2023-03-30,38.4635124206543,38.61971706918217,37.728424505161456,38.399192447122154,5155400
2023-03-31,37.259803771972656,38.932130104157224,37.167919096427624,38.5186420538532,10945300
2023-04-03,36.37769317626953,37.480326654351174,36.11122274724122,37.480326654351174,8938800
2023-04-04,36.41444778442383,36.69929233669393,36.06527976322888,36.62578530891218,6442000
2023-04-05,35.605857849121094,36.69011392984389,35.33938736204028,36.487963421689344,7128200
2023-04-06,35.47720718383789,36.00095742854992,35.41288722432412,35.59666003943841,3998900
2023-04-10,35.27506637573242,35.61504389823023,35.07291587335087,35.385328692860604,4469500
2023-04-11,35.91827392578125,36.13880209145451,35.50478580587906,35.513976378085935,7179900
2023-04-12,36.51552200317383,37.14953455907676,36.000958802254395,36.074465828,9407100
2023-04-13,36.1755485534668,36.80956474595612,35.95502392534719,36.56147191043975,6615400
2023-04-14,35.61503982543945,35.853945574602065,35.201555307199214,35.771247969918925,6485300
2023-04-17,36.27662658691406,36.295004224864236,35.670178555262616,35.68855619321278,3679400
2023-04-18,36.08365249633789,36.49714042513123,35.69772926107255,36.30417705491123,5687600
2023-04-19,35.9366340637207,36.304176153946486,35.762048328576974,35.90906937087677,4241900
2023-04-20,36.98413848876953,37.11277840964161,35.74367810301743,36.13878843436735,9536000
2023-04-24,37.07602310180664,37.45275580042466,36.7084809719116,37.07602310180664,8144200
2023-04-25,37.250614166259766,37.82949389203421,37.039276622777365,37.39763174021167,9244600
2023-04-26,36.85550308227539,38.03164365165524,36.460392702528964,37.73760850931027,9771600
2023-04-27,37.07602310180664,37.16791126316161,36.45119762529262,36.91981848526561,5337900
2023-04-28,37.78355026245117,37.78355026245117,36.855502515906835,36.855502515906835,7415000
2023-05-02,37.50788879394531,38.19703423259719,37.08521376614749,37.37924887289162,5799900
2023-05-03,36.66254425048828,37.66410257878492,36.63497604527841,37.360876857704746,5451100
2023-05-04,36.1112174987793,36.93819336344034,35.99176465051166,36.75442055960736,5340400
2023-05-05,36.0377197265625,36.32256431567034,35.651796388979285,35.982586819714726,7852800
2023-05-08,36.01933670043945,36.34093651264982,35.670168686343146,36.23067422063127,4669200
2023-05-09,36.62578201293945,36.68091140252086,36.0101436229401,36.05608945449103,3642300
2023-05-10,36.15717315673828,36.77281175082501,36.14798609048742,36.57066124154638,4335000
2023-05-11,36.12960433959961,36.29499955469327,35.716116301865455,36.00096439567689,6709000
2023-05-12,35.752864837646484,36.414445573387646,35.65178961355548,35.92744708505599,5474100
2023-05-15,36.42362976074219,36.54308260752419,35.807994906509265,35.83555959993025,5580100
2023-05-16,36.47876739501953,36.81874484371595,36.21229697339324,36.285807505638466,4265800
2023-05-17,36.25824737548828,36.80956597454004,36.17554976088931,36.65335781133049,3886400
2023-05-18,36.1112174987793,36.36850082621534,35.90907056922025,36.2490479779477,5386900
2023-05-19,36.873870849609375,37.19547060512385,35.91825514011715,36.26742309265747,11502300
2023-05-22,37.08522033691406,37.56302834632514,36.61659939270246,36.662545234226585,6401900
2023-05-23,36.95657730102539,37.55383463393688,36.77280446583136,37.030084331997834,5552000
2023-05-24,36.58903884887695,37.05765984632946,36.52471886964637,36.84631876579928,3074900
2023-05-25,35.8723258972168,37.011711308022505,35.697740104707734,36.99333367169651,7746200
2023-05-26,36.3041877746582,36.41445359167836,35.8815126582747,36.18473839731658,6524500
2023-05-29,35.72530746459961,36.331755428273226,35.58747694801102,36.30418722185012,3442100
2023-05-30,35.229122161865234,36.07447239017709,35.12804691605063,36.00096535106008,6349200
2023-05-31,34.55835723876953,35.22912524077264,34.55835723876953,35.10967234844508,12497500
2023-06-01,34.172428131103516,34.91670655909473,34.172428131103516,34.76050192276192,10739000
2023-06-02,34.61348342895508,34.82482449003291,33.93352842390905,34.25512829046114,9999400
2023-06-05,34.576725006103516,35.02696473260443,34.40213925057563,34.71455199159003,4888100
2023-06-06,35.10048294067383,35.2199358250328,34.760505429226015,34.806447767771544,6913000
2023-06-07,35.05453872680664,35.33019624850864,34.85238824180991,35.27506334209802,7235000
2023-06-09,34.732933044433594,35.651793725530645,34.668613077170825,35.15560811649616,8603000
2023-06-12,34.686981201171875,34.93507393766873,34.55834130191596,34.8891316172451,7812500
2023-06-13,34.31944274902344,34.85238359101576,34.20918045609144,34.824818894076536,10187500
2023-06-14,34.7972526550293,34.7972526550293,34.37457758729909,34.5215951545607,11544100
2023-06-15,34.769691467285156,34.907521984024065,34.512411574893214,34.834011440383144,6148900
2023-06-16,34.77887725830078,35.19236528819102,34.64105025178771,34.65023731681838,10825900
2023-06-19,34.61348342895508,35.091291448672216,34.5215987542761,34.79725628348869,3436700
2023-06-20,33.951908111572266,34.60429845467326,33.88758813437504,34.60429845467326,6858200
2023-06-21,33.49247360229492,34.1172991659149,33.37302072846819,34.025410991749936,11890100
2023-06-22,33.446537017822266,33.593554616585564,33.17087595311205,33.31789355187534,4656400
2023-06-23,33.63030242919922,33.63030242919922,33.20762732064946,33.52923068990086,5203600
2023-06-26,33.4998893737793,33.74837446429738,32.966098264921584,33.72997102192128,6546100
2023-06-27,33.591915130615234,33.72996550121214,33.104143239835224,33.564306460802555,6131000
2023-06-28,33.66554260253906,33.84960508051601,33.38944186404019,33.72075994162546,6256700
2023-06-29,33.904823303222656,34.05207538065429,33.5274896353812,33.8035868417197,9004800
2023-06-30,34.74231719970703,35.00921266448733,33.831192634368335,34.1257002749727,8007900
2023-07-03,34.687103271484375,34.92639011889332,34.36499041239563,34.85276231637769,4338100
2023-07-04,34.2269401550293,34.77913814348305,34.2269401550293,34.696308620753335,2692200
2023-07-05,34.51224136352539,34.7147143029701,34.12570594542194,34.190128515105854,4665600
2023-07-06,33.95084762573242,34.58587522500477,33.73917292956409,34.512247412024124,5783000
2023-07-07,34.05207443237305,34.687098340344114,33.82199284837053,33.88641541102992,4221200
2023-07-10,33.398658752441406,34.06129162814199,33.325030926936925,34.015275992585664,4546100
2023-07-11,33.08573532104492,33.45386378058094,32.68999468173788,33.3986464425722,6933800
2023-07-12,33.18697738647461,33.33422949728118,32.97530269661311,33.14095824934916,4844700
2023-07-13,33.18697738647461,33.6563423925558,33.11334957568769,33.14095824934916,3046100
2023-07-14,33.131752014160156,33.463070096024445,33.00290687360555,33.242190204526,4424000
2023-07-17,32.48752975463867,33.10415043026755,32.2574480941798,33.08574347613874,12067700
2023-07-18,33.07652282714844,33.5458911617478,32.515126786333,32.533530221116685,10489700
2023-07-19,34.889583587646484,35.05524266753332,32.88327118525492,34.052086466337535,42083100
2023-07-20,35.119659423828125,35.322132379142985,34.364991967721664,35.018422946170695,22364800
2023-07-21,35.791500091552734,36.03078696809544,34.89878218657783,35.147270784171894,14512500
2023-07-24,38.37363052368164,38.50295851437752,36.11961631810165,36.13809224876155,28879300
2023-07-25,37.41291427612305,38.87248151220617,37.39443834002933,38.50296983818084,9924300
2023-07-26,37.39443588256836,37.74547159743086,36.96026022271011,37.34824780733167,7944300
2023-07-27,37.27434539794922,37.9117528403039,37.015689348254206,37.394437216989495,8479800
2023-07-28,37.24663543701172,38.27202701393507,37.1265436109413,37.782427027230064,5882900
2023-07-31,36.87712860107422,37.21892818760503,36.77551622218876,37.21892818760503,7141800
2023-08-01,36.821693420410156,37.08034944277562,36.581509807707356,36.87711769724618,5088200
2023-08-02,36.97874069213867,37.01569256642898,36.39676452972741,36.67389653905535,4455200
2023-08-03,37.348243713378906,37.62537565834529,36.91406810111311,36.99720803699542,5008000
2023-08-04,37.73623275756836,38.2905002452469,37.246632805454674,37.34824868772529,6023600
2023-08-07,37.81013870239258,37.948706463368985,37.32977492797878,37.41291487977972,4166400
2023-08-08,37.560726165771484,37.810146069774255,37.31130626176871,37.54225022577958,6978200
2023-08-09,37.671566009521484,37.93946176624368,37.29281817288545,37.40367377672337,4456500
2023-08-10,37.1727294921875,38.02260130235227,36.83093000321232,37.671565608450976,6334900
2023-08-11,36.76626968383789,37.25587316819618,36.489137697251245,37.20044536130909,6228100
2023-08-14,36.31361770629883,36.90483348742441,36.04572195425004,36.84016948160905,6590800
2023-08-15,36.35057067871094,36.74779449297459,36.17505457256458,36.23048238057502,3892600
2023-08-16,34.74320602416992,36.322861688323876,34.586162316476226,36.322861688323876,12275400
2023-08-17,34.0965576171875,35.09423696726764,33.73628569318888,35.09423696726764,8420400
2023-08-18,33.49610137939453,33.939516764131305,33.16354512672828,33.939516764131305,10409500
2023-08-21,33.292869567871094,33.64390171750522,33.11734996913018,33.48686157539372,4868400
2023-08-22,33.690101623535156,33.76400184866684,33.12659787071662,33.2928777821688,7395500
2023-08-23,33.67162322998047,33.88409120713135,33.209735403846096,33.72704751380494,6666600
2023-08-24,33.237449645996094,33.67162535765331,32.92336576342113,33.67162535765331,7784400
2023-08-25,33.58848190307617,33.902565752926,33.11735436633926,33.237446182908876,6243500
2023-08-28,33.82866287231445,33.88409067919979,33.394490718781405,33.73628671809663,4461100
2023-08-29,33.70857620239258,34.14274837686591,33.570008440458274,33.95799253559502,3816100
2023-08-30,33.533050537109375,33.911798357837725,33.35753445762392,33.8563740821707,4406700
2023-08-31,33.14506912231445,33.67162092616699,33.06192917834173,33.449913234264976,7545200
2023-09-01,33.2097282409668,33.44990830822639,32.85869258211937,33.03420864958124,10375300
2023-09-04,33.37601852416992,33.37601852416992,32.867942571174396,33.34830285565849,3994000
2023-09-05,33.17278289794922,33.5700067027462,33.01574273154893,33.25592284602125,4331200
2023-09-06,32.84021759033203,33.542288928125664,32.84021759033203,33.20048946349707,4726300
2023-09-08,32.701656341552734,32.91412429818343,32.43376058252634,32.840220561655826,4376200
2023-09-11,32.59080505371094,32.96031673744593,32.15663287783559,32.858700848222576,6954500
2023-09-12,32.93260955810547,32.93260955810547,32.40605761997277,32.59080996576135,8096700
2023-09-13,34.11503601074219,34.844819640826735,33.126596318926225,33.218972476994715,14268900
2023-09-14,33.32982635498047,34.38293000723866,33.32982635498047,34.225886318013224,6123300
2023-09-15,33.348289489746094,33.71780104778431,33.209725298424296,33.348289489746094,9770200
2023-09-18,33.06192398071289,33.51457197479639,32.89564411890811,33.4683839073892,4523900
2023-09-19,33.237449645996094,33.551533528571056,32.932605493925365,33.08040946667095,4680200
2023-09-20,33.06192398071289,33.588475701786805,33.06192398071289,33.292867841672454,3614500
2023-09-21,32.31367492675781,32.90489083587903,32.18434688712814,32.81251467155063,8498600
2023-09-22,31.953399658203125,32.47995149322558,31.953399658203125,32.40605127416643,4730200
2023-09-25,33.43384552001953,33.68369753574979,32.388169349747756,32.573245309180955,12727400
2023-09-26,33.3875732421875,33.517125338599136,32.489957245578495,32.563985502086624,9274100
2023-09-27,33.3320426940918,33.97980657581506,33.09144296629471,33.48010270734033,10447500
2023-09-28,33.6744270324707,33.8409949699296,33.13771086845885,33.4060671854504,5738900
2023-09-29,33.56338882446289,33.97055300433822,33.45234468995678,33.887269020951294,5247900
2023-10-02,33.45234680175781,33.813242909207595,33.304286769726374,33.56339094327399,5406700
2023-10-03,32.54547882080078,33.43384264364652,32.42518245804428,33.3320506982141,7549900
2023-10-04,32.53621292114258,32.89710891760974,32.43442101854342,32.66576496807658,5224100
2023-10-05,32.36965560913086,32.86010381335067,32.27711941098626,32.6657756792292,4103700
2023-10-06,32.20308303833008,32.52696674573028,31.70337916750407,32.20308303833008,6279600
2023-10-09,32.24935531616211,32.41592329472148,31.962490987555142,32.09204307531695,3984400
2023-10-10,32.66576385498047,32.76755575411103,32.28635993187553,32.378899626552595,4115100
2023-10-11,32.54547882080078,32.906378499160304,32.30488256525778,32.50846645612263,5169500
2023-10-13,31.962495803833008,32.526975868450855,31.962495803833008,32.39742023113728,5443600
2023-10-16,32.06428146362305,32.46219344652159,32.05502572632988,32.29562547553943,3835500
2023-10-17,31.721887588500977,32.26785956003135,31.721887588500977,32.0457713007816,5700600
2023-10-18,31.731143951416016,32.31412829097461,31.564575988676616,31.684875857328247,8699900
2023-10-19,31.407264709472656,31.823684675676837,30.87054838749934,31.74965642059043,8305700
2023-10-20,31.286964416503906,31.76816036911543,31.19442469675398,31.3424847183245,4624100
2023-10-23,31.370250701904297,31.61084693085563,30.907562659280515,31.018606801101928,6072400
2023-10-24,32.397422790527344,32.48070679893612,31.66637819452857,31.962498328864125,9893700
2023-10-25,29.121583938598633,31.18517389138668,29.121583938598633,31.01860591837991,43128700
2023-10-26,30.222780227661133,30.805768100098224,29.167852145175466,29.45471821295383,19917500
2023-10-27,29.269643783569336,30.68546978024777,29.13083772860433,30.352333836319964,13106900
2023-10-30,29.889646530151367,30.04696229858863,29.362182449562724,29.593526468418432,14193400
2023-10-31,30.546661376953125,30.740993027219748,29.94516907192904,30.03770526346215,13609300
2023-11-01,30.611434936523438,30.80576301860442,30.35232729705339,30.491135087127656,11413500
2023-11-03,31.027851104736328,31.481286824212887,30.815015082950588,30.953822872389807,8785500
2023-11-06,30.731733322143555,31.41651305317381,30.602181258712445,31.231437163974093,8521100
2023-11-07,30.333826065063477,30.79651409426837,30.19502177431972,30.73173805258205,15716300
2023-11-08,30.028453826904297,30.417110077352294,29.85263011643823,30.259797841703207,6569200
2023-11-09,29.99143409729004,30.259793967303633,29.797105996947398,30.083970279349657,5700600
2023-11-10,30.694719314575195,30.916811101196462,30.028451014769775,30.130242936553305,7267300
2023-11-13,30.278301239013672,30.61143713509538,30.028449316952397,30.61143713509538,7939500
2023-11-14,30.963083267211914,31.092635355605577,30.259798988776474,30.491143012345056,8465100
2023-11-16,30.981595993041992,31.111148101425044,30.703983827931136,30.96308804469724,10829700
2023-11-17,30.77800750732422,31.15741156680915,30.398603447839285,31.009351532132825,8961500
2023-11-20,30.981595993041992,31.037119838076244,30.574431719548084,30.778012091279937,6991600
2023-11-21,31.148155212402344,31.148155212402344,30.731735317177204,30.95382710464035,4985800
2023-11-22,31.555320739746094,31.777412536842352,31.16666450736434,31.185172451291475,5651700
2023-11-23,31.518306732177734,31.573827031023715,31.314722889664676,31.55531908806533,3008100
2023-11-24,31.203676223754883,31.63860049279694,31.203676223754883,31.462780344037714,2542400
2023-11-27,31.59233283996582,31.731140637762852,30.75024090740186,31.203676654180423,4968000
2023-11-28,31.805171966552734,31.990247871598225,31.305471611967977,31.58308370452157,5627600
2023-11-29,31.58308219909668,31.99024634676563,31.555318520144198,31.83293412949437,3021400
2023-11-30,31.638599395751953,31.768154981430012,31.222183082601727,31.620091454940805,8086700
2023-12-01,32.18457794189453,32.286369872365306,31.620097985668956,31.638605930302685,5005000
2023-12-04,32.16606903076172,32.64726498669168,31.740396907064618,31.786665002243975,5514000
2023-12-05,32.66576385498047,32.887855592177004,32.166060093809556,32.17531582829147,5143900
2023-12-06,32.74905776977539,33.40607391656526,32.67502952156008,32.786073658897784,5700700
2023-12-07,32.72129440307617,33.12845855333015,32.40666643650701,32.83233852950378,4183000
2023-12-08,32.06428146362305,32.88786558124067,31.7866658252998,32.72129761025851,5927600
2023-12-11,32.26785659790039,32.71203660565419,31.990244534307877,32.055020564811834,4105000
2023-12-12,32.415916442871094,32.49920041454679,32.166064527844,32.29562011825089,3469600
2023-12-13,33.36905288696289,33.4523368508333,32.03650946503635,32.27710915178579,6245100
2023-12-14,33.591148376464844,33.803984434651085,33.20249214761066,33.655924414607206,5864700
2023-12-15,33.34129333496094,34.02607307034916,33.34129333496094,33.77622114784382,11388200
2023-12-18,33.41727066040039,33.83452362684123,33.32454581391841,33.56562687768033,5052100
2023-12-19,33.769622802734375,33.95506900438969,33.426549628781906,33.49145526879745,4893400
2023-12-20,33.52854919433594,34.06634288923038,33.52854919433594,33.71399541799238,6796400
2023-12-21,33.74180603027344,33.84380161477323,33.45436778714711,33.84380161477323,4939500
2023-12-22,33.85306930541992,33.89015924866511,33.5378118620192,33.74180301277604,4733200
2023-12-26,34.047786712646484,34.23322933820639,33.79743492363098,33.908701206385196,3173100
2023-12-27,34.159053802490234,34.29813931203775,33.85306709632228,34.04778751710709,2730800
2023-12-28,34.22396469116211,34.51140647110206,34.03851849562317,34.15905905328728,3536300
2024-01-02,33.9087028503418,34.35377154002777,33.68617027404458,34.2239602810058,3991200
2024-01-03,34.16832733154297,34.576309640014564,33.73253287080066,33.73253287080066,6435500
2024-01-04,33.7139892578125,34.40013556174924,33.621264394380596,34.029246719297234,5461100
2024-01-05,33.35237503051758,33.70471894145601,32.981482607633424,33.408006417985604,9274700
2024-01-08,33.43581771850586,33.658350289782256,33.04638041313499,33.2503715510479,3433300
2024-01-09,32.61058807373047,33.36164358976041,32.49005105062442,33.194742363975976,5964800
2024-01-10,32.74966812133789,32.98147494752918,32.67549177624424,32.78675806243045,3191100
2024-01-11,32.28605270385742,32.80530123949121,32.26750773432501,32.656945020323164,4883200
2024-01-12,32.14697265625,32.53641000833566,31.970800721432603,32.26751321012078,4474600
2024-01-15,31.82244300842285,32.25824100354841,31.72044743193885,32.146971172606754,2592600
2024-01-16,31.16411781311035,31.720452915628538,31.034306524995596,31.711182196659905,7196800
2024-01-17,30.969392776489258,31.136293970986436,30.756127388005115,30.997208463208324,4706900
2024-01-18,30.728317260742188,31.1177546307242,30.50578465254564,31.01575904484577,4085900
2024-01-19,31.043577194213867,31.47010100793375,30.25543521072746,30.904495187353373,6901200
2024-01-22,30.95085334777832,31.210475902549675,30.783952123399015,31.052848933464787,3767000
2024-01-23,31.312471389770508,31.349561336647504,30.96012396862308,31.071390272162052,5512800
2024-01-24,31.034305572509766,31.479374348283,30.93230998152361,31.479374348283,6881200
2024-01-25,30.83030891418457,31.164111320994607,30.793218971851996,31.04357077695952,4835300
2024-01-26,30.75613021850586,31.062116948941245,30.635593206902573,30.969395626616915,3828900
2024-01-29,30.83030891418457,31.312467553233336,30.709768370149487,30.73758759544471,4135300
2024-01-30,30.589237213134766,31.03430599496653,30.366701053672752,30.876675478453386,4833100
2024-01-31,29.98653221130371,30.774674032686836,29.903081609514427,30.598502112061272,6014500
2024-02-01,30.255435943603516,30.80250033952786,29.75473221775566,30.014354799857927,9860000
2024-02-02,30.21834373474121,30.589236141824248,29.903086249848275,30.26470440135356,6217700
2024-02-05,30.839584350585938,30.987940605527537,30.13489302388636,30.21834363835927,7346000
2024-02-06,30.8210391998291,31.229017967485234,30.50578175392928,30.923031238924363,5566400
2024-02-07,31.182645797729492,31.432997518581853,30.802482859492287,30.941564790794448,4950400
2024-02-08,31.34029197692871,31.395926905934726,30.923038852115045,31.01576373379173,5247100
2024-02-09,30.94157600402832,31.340284051682442,30.84885468289132,31.33101333440541,4039600
2024-02-14,31.089935302734375,31.303197192030986,30.867402695247485,30.941579052045775,4030600
2024-02-15,30.7932186126709,31.405188505653907,30.626317411212668,31.247561558216432,4843200
2024-02-16,30.969392776489258,31.127019717352486,30.737585954920004,30.969392776489258,6446000
2024-02-19,31.052852630615234,31.052852630615234,30.64487023929501,30.90449636206946,2780000
2024-02-20,31.77608871459961,31.905900006284337,30.839586903858493,31.006488146622406,8284100
2024-02-21,33.96434783935547,33.96434783935547,32.92585038489981,33.25038216582692,23108000
2024-02-22,32.888755798339844,34.112695638285985,32.39732288922041,33.89015951416319,12996800
2024-02-23,33.36164474487305,33.732537156589565,32.80530966439045,32.91657597306853,8754900
2024-02-26,34.19184112548828,34.49103113962391,33.341018854047654,33.537361632081726,8763800
2024-02-27,34.556480407714844,34.66867934342521,33.89265275458099,34.238590556455094,5350600
2024-02-28,34.50973129272461,34.64062647933762,34.229241097607265,34.50038316509211,3790300
2024-02-29,34.30403518676758,34.67802447355163,34.19183982738283,34.369482776960865,7661800
2024-03-01,34.86502456665039,35.13616666361939,34.37883984448669,34.38818797313571,6122500
2024-03-04,34.72477340698242,34.9959154706603,34.28533651527181,34.799572693497545,4485100
2024-03-05,34.99592208862305,35.108117472986336,34.51908546348188,34.72477997367038,6135700
2024-03-06,34.71542739868164,35.09876484890672,34.6219282848301,34.96786965614106,4409400
2024-03-07,34.5003776550293,34.69672040359087,34.145088229089964,34.593873182927446,3489600
2024-03-08,34.51907730102539,34.724771762574925,34.182491227525404,34.45362971173711,2724400
2024-03-11,34.743473052978516,34.90241975270651,34.26664008704709,34.294688036035325,3755200
2024-03-12,35.16421127319336,35.416653522238356,34.7341260636914,34.79957365789272,5878500
2024-03-13,35.547542572021484,35.67843773782016,35.061357980036554,35.10810574401811,4603100
2024-03-14,35.33250427246094,35.575594814505095,35.14550962732056,35.23900516657765,4046200
2024-03-15,35.528846740722656,36.30487326309269,35.10810968441518,35.678441742229076,9875600
2024-03-18,35.528846740722656,35.678441742229076,35.229656737709824,35.48209897149431,5536500
2024-03-19,36.23942947387695,36.40772433061512,35.547553788732834,35.6223495213793,8934600
2024-03-20,36.30487060546875,36.43576577637668,36.08982446283325,36.3796663174336,4640600
2024-03-21,36.865848541259766,37.27723384699324,36.23006898090988,36.26746861778356,9309100
2024-03-22,37.155696868896484,37.417487239500645,36.75365961882507,36.82845533901499,5473300
2024-03-25,36.554351806640625,37.15360289005798,36.49817067813842,37.041244204871774,3554400
2024-03-26,36.310909271240234,36.872709925123985,36.198550569190985,36.460722064578825,7648500
2024-03-27,36.095550537109375,36.45135723048857,35.80529028382657,36.29217914194324,4968600
2024-03-28,35.76783752441406,36.25472997243612,35.63675178298862,36.039374315548805,5257500
2024-04-01,35.57120132446289,35.89891560812066,35.17794061225576,35.76782989465755,6335000
2024-04-02,35.739749908447266,35.8708392390663,35.393308464216,35.449489605909875,5312400
2024-04-03,35.47757339477539,36.01128166434191,35.28094478426531,35.78656427284997,7117600
2024-04-04,35.674198150634766,36.207906362533315,35.41202669828268,35.4775695613707,4821600
2024-04-05,35.57120132446289,35.76782989465755,35.412023263959256,35.50565489591353,4478300
2024-04-08,35.76783752441406,35.908285002304794,35.33712621063944,35.53375482277761,3081900
2024-04-09,36.32963943481445,36.42327467107387,35.683572377810215,35.7303882100304,3764800
2024-04-10,35.95510482788086,36.71353050424284,35.87083491141635,36.23600335882303,7144900
2024-04-11,35.80529022216797,36.273455607243385,35.61802335377412,35.78656317814674,4135800
2024-04-12,35.56184005737305,36.011278371073864,35.27157625043747,35.58056710025452,6024400
2024-04-15,35.24348831176758,35.67419959284944,35.0843138012097,35.561840904701626,4838200
2024-04-16,36.30154037475586,36.51689599946789,34.672323443179664,34.915771416727544,13386100
2024-04-17,35.78656005859375,36.37644582065853,35.636747291301695,36.301541222921564,6574700
2024-04-18,36.14236831665039,36.19854945185024,35.67420290544083,35.786565175840536,6347300
2024-04-19,36.095550537109375,36.44199192255262,35.889560196158,36.011280624777946,8284900
2024-04-22,35.83338165283203,36.11428019029124,35.68356886139921,35.824016344219466,5350900
2024-04-23,35.57120132446289,35.936369689629494,35.39329622320484,35.65547122194886,4381600
2024-04-24,35.795921325683594,36.170455024924046,35.533749879306114,35.552476921449944,4946800
2024-04-25,36.20790481567383,36.2921747177323,35.56183794777085,35.65547315662359,5460400
2024-04-26,36.7228889465332,36.87270170647967,36.19854250081161,36.39517107852548,5979700
2024-04-29,36.853981018066406,36.95697797800055,36.46072022302864,36.722895276993334,4677100
2024-04-30,37.03188705444336,37.23788099917354,36.66671856829003,36.741626756126095,6934600
2024-05-02,36.37644958496094,37.45323141692492,35.580569846078674,37.1629675875891,12268300
2024-05-03,36.30154037475586,36.50753426440129,35.80528626441153,36.50753426440129,5092600
2024-05-06,36.17045974731445,36.441992964306,35.95510409227083,36.15173270272563,2810000
2024-05-07,36.42326354980469,36.713523764034875,36.04872986276309,36.14236149861451,4895900
2024-05-08,36.601173400878906,36.601173400878906,36.1049191888662,36.236004937562484,3759000
2024-05-09,36.42326354980469,36.45135232619653,35.83337424285045,36.207904358074096,4949800
2024-05-10,36.48881530761719,36.619901058503615,36.25473258908604,36.38581833997247,3462100
2024-05-13,36.5918083190918,36.81652570436755,36.048734756341595,36.60117005522061,11032700
2024-05-14,37.08806228637695,37.256602110337006,36.50753821041367,36.52626168257064,9947400
2024-05-15,37.0974235534668,37.42514146116538,36.8727061722399,37.12551590498394,3768600
2024-05-16,37.07868957519531,37.265956405740276,36.61052428474174,37.19105181661292,3271800
2024-05-17,37.116153717041016,37.116153717041016,36.44199437305644,36.8071663989272,6701800
2024-05-20,37.31278610229492,37.31278610229492,36.769716020669854,36.93825587368223,8148200
2024-05-21,37.228511810302734,37.37832459854429,36.98506736884219,37.191061292106305,6672800
2024-05-22,36.77906799316406,37.219144556053905,36.71352513126363,37.07869352522836,7065600
2024-05-23,36.54499053955078,36.68544159042477,36.329634880877634,36.51690175810342,5413400
2024-05-24,35.898921966552734,36.41390317715055,35.646112229317055,36.41390317715055,9008900
2024-05-27,35.90827178955078,35.964452903125895,35.7022815167432,35.89891005653022,1905700
2024-05-28,35.795921325683594,36.01127695261053,35.589927433919534,35.96446113315999,4937400
2024-05-29,35.327754974365234,35.54311059511591,35.112399353614556,35.48693304211363,7136500
2024-05-31,35.159217834472656,35.421392865004776,34.98131628346227,35.16858314189429,21946000
2024-06-03,34.96258544921875,35.44011249321173,34.94385840822442,35.327753819063595,5074200
2024-06-04,35.3932991027832,35.627381773531525,34.81277507943642,34.92513376128655,4322600
2024-06-05,35.14986038208008,35.346489000075806,34.44761225625076,34.72851079221875,8883900
2024-06-06,35.40266418457031,35.702289715476255,34.9532258882114,34.98131466554068,5135800
2024-06-07,35.440120697021484,35.571210014326844,35.01877467847677,35.04686346056143,6847500
2024-06-10,35.40266418457031,35.83337543877035,35.374571835422955,35.4307529618996,4491300
2024-06-11,35.3932991027832,35.67419759331757,35.318394505489145,35.49629604940336,5918200
2024-06-12,35.6461067199707,35.739738354037655,34.73786486788615,35.4026623283059,12710400
2024-06-13,35.97383499145508,36.02065439850176,35.55248890258911,35.721028766863206,5056600
2024-06-14,36.30154037475586,36.79779448510019,35.80528626441153,35.80528626441153,11832200
2024-06-17,36.30154037475586,36.76970570808237,35.955099028203286,36.14236230407946,6603100
2024-06-18,36.38581466674805,36.59180858124196,35.973826837760214,36.301544753711305,4188300
2024-06-19,37.27532196044922,37.284683694720954,36.53561993936142,36.797791360782824,7729100
2024-06-20,38.183563232421875,38.183563232421875,37.33150247334223,37.33150247334223,10168600
2024-06-21,38.46446228027344,38.77344951705466,37.89330004994281,38.1273826970083,12574100
2024-06-24,38.26783752441406,38.661098304693326,38.04312014009884,38.20229465633725,8649700
2024-06-25,38.92327117919922,39.06372222831975,38.108664381028355,38.24911185833034,7233100
2024-06-26,39.27907943725586,39.4569810109327,38.51128843449667,38.6611012259663,9408900
2024-06-27,39.04499053955078,39.64424161046084,38.74536500409576,39.32588903256261,8056700
2024-06-28,39.503787994384766,39.503787994384766,38.717270122301315,39.044987985896526,11180100
2024-07-01,39.356353759765625,39.81583740777968,39.17818356482375,39.24382408596861,3981200
2024-07-02,39.41260528564453,39.75018706938149,39.33758909878034,39.40322960371372,5461800
2024-07-03,39.48762893676758,39.92836115082484,39.38447853967847,39.68455047095247,4894700
2024-07-04,39.28132629394531,39.67517292091961,39.15942095974619,39.66579366136769,3864100
2024-07-05,39.562644958496094,39.78770069453999,39.35634774235706,39.40323331070049,3948100
2024-07-08,41.700660705566406,41.700660705566406,39.55326811342533,39.56264379596269,11694400
2024-07-09,41.77568435668945,41.822569932026994,41.30682144903381,41.34433134015989,5605400
2024-07-10,41.30681228637695,42.047616374661686,41.18490695582824,41.77567509002968,4993800
2024-07-11,42.160152435302734,42.160152435302734,41.16616534541431,41.16616534541431,5502300
2024-07-12,43.022857666015625,43.56673673147751,42.15077244745762,42.16014813085361,8072900
2024-07-15,43.61362075805664,43.7261504176617,42.91970574285712,43.03223182532251,4646400
2024-07-16,43.77303695678711,44.27003044439516,43.50109563909451,43.669886555100966,8663600
2024-07-17,44.12000274658203,44.41069906247635,43.65113979799531,43.96059106108994,5579100
2024-07-18,44.448204040527344,44.448204040527344,43.6511349698083,44.054357347164284,7334900
2024-07-19,44.34505081176758,44.935815448545604,44.195014837438904,44.72951821955605,4210800
2024-07-22,44.23252868652344,44.504470054196126,44.02623142237554,44.345058369302734,3704000
2024-07-23,44.12000274658203,44.4200747475063,43.88557127228867,43.88557127228867,4935300
2024-07-24,43.74490737915039,44.204390990414346,43.51985162669674,44.02622438686258,3907100
2024-07-25,43.088504791259766,43.59487762367876,42.825939113075655,43.45421731118226,5990900
2024-07-26,43.99809646606445,44.035606359687335,43.08850479712178,43.182275954038644,5986900
2024-07-29,43.58549499511719,44.09186778842344,43.5104787908163,43.81992644641008,3952200
2024-07-30,43.00410842895508,43.61362809049469,42.86344811937041,43.566742513013224,7409900
2024-07-31,47.505184173583984,47.7114849738089,44.20438925568378,44.27940902927091,21911100
2024-08-01,49.5494270324707,49.63382249009158,46.91441647976527,47.448919852317594,13624400
2024-08-02,46.71749496459961,49.549427061004664,46.5768346761039,49.3712604624312,15383100
2024-08-05,45.99041748046875,46.52694068147648,44.776179250542896,45.180925327184845,10892300
2024-08-06,46.09394836425781,46.413979997636666,45.482122021115224,46.413979997636666,5361900
2024-08-07,45.48213195800781,46.253972491142505,45.34094012777157,46.23514667440051,4746100
2024-08-08,46.771671295166016,47.204657911978565,45.41624476477121,45.463307512717186,6144900
2024-08-09,46.78108596801758,47.15759154199238,45.83040194311688,46.846974533229606,7694400
2024-08-12,47.609397888183594,47.78823774365475,46.86579435797814,47.129348585126586,8193400
2024-08-13,48.12709426879883,49.21896637601474,47.83529952981656,47.98590245527196,10203100
2024-08-14,48.51301193237305,48.76715502893029,47.91060026230704,48.15532865677506,7557200
2024-08-15,49.60488510131836,49.96256838498712,48.83304468279836,48.91775905022894,6993700
2024-08-16,50.122589111328125,50.809715254182,49.32251166036798,49.86844597509603,10598700
2024-08-19,48.74833297729492,50.82853705810022,48.74833297729492,50.51791649700755,11183700
2024-08-20,49.990814208984375,50.28260540045121,48.87070141905941,49.20955894909864,6174500
2024-08-21,50.29201126098633,50.452025293891296,49.57664469210435,49.93432797654534,4524500
2024-08-22,51.01679611206055,51.56273043179102,50.3108441462774,50.3108441462774,6979500
2024-08-23,50.649696350097656,51.53448809507521,50.61204472078193,51.29917079783743,4682400
2024-08-26,50.903846740722656,51.016798054163715,50.03787709592116,50.649703592487135,4814100
2024-08-27,50.82853698730469,51.12974284516208,50.263776901486345,50.90384024709756,3857600
2024-08-28,50.82853698730469,51.36506014602923,50.536742241592876,50.837948099450266,3555600
2024-08-29,50.39555740356445,50.84736622072568,50.21671394486124,50.59322308782425,6435200
2024-08-30,50.96973419189453,50.96973419189453,49.849621423343734,50.10376456602356,17140300
2024-09-02,49.275447845458984,51.38389271839619,49.10601907930075,51.28976722193385,5049200
2024-09-03,49.69900894165039,49.990803662213565,49.13424890450648,49.303677633781,4760400
2024-09-04,50.25436782836914,50.461448225340426,49.44487564819862,49.82138480802687,4687100
2024-09-05,50.819129943847656,50.922666548366635,49.75549465338723,49.90609759437352,3816500
2024-09-06,49.774322509765625,50.74382875768248,49.623719562607114,50.63087744497797,4776400
2024-09-09,49.369571685791016,49.91550597043657,49.01188837406362,49.7460772222845,4805900
2024-09-10,49.78373336791992,49.78373336791992,48.89894150673019,49.27544707736823,5643900
2024-09-11,50.357906341552734,50.64970111018716,49.52017725916105,49.52017725916105,6069800
2024-09-12,50.1790657043457,51.092094447830206,49.548413430979096,50.21671374596705,6480500
2024-09-13,50.47085952758789,50.96973470482757,49.86844774213221,50.13200200060471,2955000
2024-09-16,49.88726806640625,50.75323401498696,49.55782527958904,50.47085397047834,2720400
2024-09-17,50.188472747802734,50.33907567404909,49.661360710612,49.88726689531003,4258700
2024-09-18,50.45203399658203,51.082686306634486,49.8402110944215,50.07552842386574,6973800
2024-09-19,50.13199996948242,50.35790617520434,49.717842781425794,50.1696516022123,4842400
2024-09-20,49.435462951660156,50.423794976232806,49.435462951660156,49.8966828874873,11824400
2024-09-23,51.12974548339844,51.12974548339844,49.31309553971441,49.331921355634016,4877100
2024-09-24,52.136898040771484,52.50399243756008,51.27093213969653,51.29916906540123,8896000
2024-09-25,52.40987777709961,52.57930654761681,51.8168770802894,52.28751175602438,6674000
2024-09-26,52.75813674926758,52.842851118978885,51.967470495514355,52.522819454586944,5616900
2024-09-27,52.73930740356445,52.79578484314277,52.24984703252254,52.664007741450085,6450600
2024-09-30,51.25971984863281,53.00324991129737,51.25971984863281,52.428356350992104,6435400
2024-10-01,52.66398239135742,52.98441477694598,51.64613707413978,51.83462734716004,8044000
2024-10-02,52.16447830200195,53.125775379036604,51.96656514956463,52.899589946294704,5130300
2024-10-03,51.457645416259766,51.83462595215475,50.845056539371456,51.6084369115872,4470600
2024-10-04,51.363399505615234,51.81577396892527,51.13721047638389,51.231457403210555,4819200
2024-10-07,50.32670593261719,51.56131005284074,50.289007163792164,51.504765494755674,5409300
2024-10-08,51.18433380126953,51.42936861144484,50.90159662663703,51.03354231920338,6798000
2024-10-09,50.89216995239258,51.18433000007779,50.223033025114326,50.81677241938262,5806100
2024-10-10,51.06181716918945,51.06181716918945,50.43980182495863,50.60944270021728,3762500
2024-10-11,51.05238723754883,51.250303975444844,50.54346824123003,51.07123662187952,3283900
2024-10-14,51.87232208251953,51.87232208251953,50.60944202529818,51.052389997986296,5422800
2024-10-15,53.27656173706055,53.27656173706055,51.721525352414965,52.21159853638064,8123800
2024-10-16,53.89857864379883,53.92685451739111,52.78649015323327,52.78649015323327,10016400
2024-10-17,52.98440933227539,53.80433780123191,52.777069693744004,53.62527403759734,5134400
2024-10-18,52.041961669921875,53.417934410099214,51.778073876694904,53.28599231106201,5431900
2024-10-21,51.87232208251953,52.352968825907425,51.59901138767512,52.33411944055754,5297800
2024-10-22,52.72994613647461,52.72994613647461,51.457639666361715,51.64612991324723,4733100
2024-10-23,52.96556091308594,53.295416166624875,51.94771568190414,52.25872514537168,4913300
2024-10-24,53.03152847290039,53.3425343207428,52.3058433677316,53.01267908891716,3520800
2024-10-25,52.27757263183594,53.04095293234313,52.23987386275713,52.91843732556574,3796300
2024-10-28,53.0221061706543,53.20117353506034,52.645129246675715,52.96556160939148,2063700
2024-10-29,53.662967681884766,53.72893872950842,52.81476695737234,52.89016089959119,4877100
2024-10-30,50.89216995239258,52.19274863559635,50.37382449598199,52.089078825283785,20716600
2024-10-31,50.995845794677734,51.504768417235404,50.18534019471241,50.79793263984509,9694500
2024-11-01,51.55188751220703,52.352966581901065,51.48591646388647,51.78749942625263,6364400
2024-11-04,52.95613098144531,52.95613098144531,51.09951159694216,52.04195922598113,6547400
2024-11-05,52.7864875793457,53.0786476245374,51.759219569342115,52.663971981978534,5779800
2024-11-06,52.86188888549805,53.35196209540948,51.9948351771463,52.41893733910354,5170500
2024-11-07,52.5603141784668,52.95614052834937,51.70268682523483,52.645134624177786,4521400
2024-11-08,51.91944122314453,52.503757759961445,51.74037746375857,51.84404368541204,7160900
2024-11-11,52.29642868041992,52.29642868041992,51.41052546994121,51.51419530054216,3348100
2024-11-12,52.23045349121094,52.27757875565597,51.83462715497363,51.92887049355787,3988000
2024-11-13,51.55188751220703,52.352966581901065,51.37282015663478,51.98541257121433,9208500
2024-11-14,51.22203063964844,51.63670992516787,50.79793205422557,51.50476782346719,6074900
2024-11-18,50.89216995239258,51.18433000007779,50.50576658359717,50.81677241938262,3437300
2024-11-19,51.01469421386719,51.3728217457849,50.45864993571299,50.8827521131446,4176900
2024-11-21,50.63771057128906,50.84505019969419,50.10051571146885,50.64713706084515,6608700
2024-11-22,50.9015998840332,51.12778891918343,50.54347233817839,50.845055321610204,5034900
2024-11-25,49.14864730834961,51.09008720290346,49.08267625922317,50.91102344029635,12443900
2024-11-26,49.74238967895508,50.03454976739565,49.0355538865706,49.158073097226676,8886200
2024-11-27,49.11094665527344,50.194759274464026,48.9130335154846,49.88375342553191,6111900
2024-11-28,49.86491012573242,50.50577488099323,48.56433122886163,48.9224623791904,7146300
2024-11-29,50.835628509521484,51.165487367230874,49.271165444683376,49.714117021676095,8458300
2024-12-02,50.75080871582031,51.21260968441737,50.1476427451119,50.45865222103186,6197600
2024-12-03,51.457645416259766,51.778077793224654,50.420954335277806,50.750809607821296,6016400
2024-12-04,51.83462142944336,52.777069091796875,51.3351253188448,51.41051926235377,5505900
2024-12-05,51.76865005493164,52.494335181795705,51.47648998718559,51.99483547918778,5198100
2024-12-06,52.400089263916016,52.62627828766218,51.599010178655455,51.62728245844151,6487900
2024-12-09,52.54145431518555,52.74879394006193,52.23044487787097,52.40008573546941,4459000
2024-12-10,53.60642623901367,54.01167903805204,52.70167371374624,52.76764836035606,5662200
2024-12-11,55.1803092956543,56.38664473470122,53.46505485693471,53.71951615434728,10358000
2024-12-12,54.473472595214844,55.1520360430037,53.84203440530765,55.10491438027446,10479800
2024-12-13,54.341529846191406,55.15203537790899,54.32268046229654,54.47347193830313,6356600
2024-12-16,53.823184967041016,54.82217715844474,53.823184967041016,54.52059420309806,5966200
2024-12-17,54.567718505859375,55.123762744138716,54.03052365135334,54.38865115758913,9401900
2024-12-18,53.76664352416992,55.180315151949074,53.30484613904767,54.46405644240823,10121900
2024-12-19,53.21059799194336,55.28398371771348,53.191748605918306,54.20016738976578,9028800
2024-12-20,52.34354019165039,53.125769824564365,51.27857340464118,52.90900730953634,14233300
2024-12-23,51.19188690185547,52.37164089608743,51.17301040590894,52.37164089608743,4062300
2024-12-26,51.58827209472656,51.81478640000464,51.059741115959554,51.19187656089336,3560800
2024-12-27,50.66334915161133,51.909168917608085,50.66334915161133,51.814790050614356,3720300
2024-12-30,49.80448913574219,50.974802942805404,49.7667361483342,50.672786244187606,4283000
2025-01-02,49.75730514526367,50.078198372692285,49.313716495497324,49.653486218695086,4029300
2025-01-03,49.51190948486328,50.12538293655964,49.32314814585493,49.6440413420722,5796000
2025-01-06,49.52135467529297,49.77618196937221,48.756872793055244,49.61573355443782,5551100
2025-01-07,50.51234436035156,50.635039776339696,49.49303524350848,49.83280494912284,7466200
2025-01-08,50.219764709472656,51.3145762186324,49.7101101447802,49.80449261990285,6627600
2025-01-09,51.23907470703125,51.390083069462825,50.210329112865075,50.210329112865075,4555800
2025-01-10,50.351898193359375,51.40896034678262,49.898873099173734,51.031437634799545,5768000
2025-01-13,50.25751876831055,50.823799229795966,49.72898769735368,50.38965063596892,4563200
2025-01-14,49.95549774169922,50.578407635839035,49.61572805392785,50.30470387620954,5413100
2025-01-15,51.11637496948242,51.2107538379084,49.757299822403866,50.57840749874364,4634000
2025-01-16,50.65391159057617,51.361763928736195,50.200886526192534,51.08806376089326,4442000
2025-01-17,51.12580871582031,51.12580871582031,50.370767007323316,50.6916601834749,4222700
2025-01-20,52.03186798095703,52.19231278618456,50.83323756423585,51.06918834862215,2471800
2025-01-21,52.50376892089844,52.81522208039003,51.56940224177726,51.82422951790122,3951600
2025-01-22,53.268245697021484,53.30599868511968,52.45657805484891,52.87185012295975,4930100
2025-01-23,54.03273010253906,54.05160659749577,53.18330583110345,53.26824825824702,4528400
2025-01-24,54.61788558959961,54.64620213144182,53.63633308026725,53.768464941120264,4763100
2025-01-27,50.31414794921875,53.54195304067731,49.8328063195865,53.40982117382089,22361900
2025-01-28,51.05030822753906,52.32444093258938,50.719978592992085,51.4278308958696,10279700
2025-01-29,51.37120056152344,52.59814381271637,50.72941419622444,50.776603628900524,7108300
2025-01-30,53.051177978515625,53.21162639761931,51.352332907499246,51.70153908979754,6202600
2025-01-31,51.946922302246094,53.239931511639135,51.626029111558445,53.05117017588351,7220600
2025-02-03,50.87099075317383,51.90917276841277,50.625599920269394,51.54109011937939,7771800
2025-02-04,51.02199935913086,51.54109036926705,50.87099099981263,50.96536987426529,5745400
2025-02-05,51.40896224975586,51.890300305044434,51.25795387943753,51.305143320101344,4234700
2025-02-06,51.465579986572266,51.60715188646308,50.672785267894255,51.39951406004268,5926400
2025-02-07,50.90874099731445,51.72041228846352,50.56897488503367,51.46558500401044,4872800
2025-02-10,51.16356658935547,51.380640876266874,50.77660745176154,51.15413014223898,3066100
2025-02-11,50.125389099121094,51.43727498601541,49.8516853039252,51.16357119081952,6808600
2025-02-12,49.738426208496094,50.10650885712157,48.700240594084406,49.54966486039186,8590300
2025-02-13,49.52135467529297,50.04988215902166,49.04001303081325,49.530791123078075,5410300
2025-02-14,50.776611328125,51.18244699125723,49.72898920238011,49.83280813020326,7097900
2025-02-17,49.50247573852539,50.41796234212457,49.4647227485996,50.12538567100787,5452400
2025-02-18,49.91775131225586,50.77661209125974,49.70067700551021,49.738429998072114,8727000
2025-02-19,49.275962829589844,50.10651063044859,48.964509654469936,49.776180959817864,6153300
2025-02-20,49.17213821411133,49.408088980206536,48.91731455501272,49.26652068074319,6433300
2025-02-21,49.97438049316406,49.97438049316406,48.61530157189822,49.45528944976881,8664000
2025-02-24,48.653053283691406,50.25751941222137,48.53035786201233,49.908313243175364,9130900
2025-02-25,49.45528030395508,49.76673343226549,48.98337878807887,49.24764248486624,8806700
2025-02-26,45.160987854003906,47.35061128932991,45.03829601346314,47.058034561537646,25725700
2025-02-27,46.151973724365234,46.66162466978604,45.20817061016818,45.481870777039724,11326100
2025-02-28,45.69894790649414,46.05759412030891,45.20817342484031,46.00096823413837,7843900
2025-03-05,45.255088806152344,45.94839820918381,44.97016405663176,45.58749618330144,9387200
2025-03-06,44.903682708740234,45.492523811317795,43.95394320222395,45.26458473564766,7728600
2025-03-07,45.483028411865234,45.90091615040833,44.571279274447775,44.60926972758243,7584000
2025-03-10,45.28358459472656,45.32157504838754,44.675751828027266,44.90368730405496,5747800
2025-03-11,44.25785827636719,45.33106490216914,44.13439475262298,45.036644359382805,8850600
2025-03-12,44.82770919799805,45.103134547537884,44.20088121595819,44.381330433086525,6859100
2025-03-13,44.39082717895508,44.89418796996814,43.963443666317204,44.82770649277656,6531300
2025-03-14,44.39082717895508,44.438313430810666,43.72600878407047,44.352836728283094,8528600
2025-03-17,45.255088806152344,45.663477082631914,44.57127520405284,45.54000993270424,8931300
2025-03-18,45.255088806152344,45.54000993270424,44.485798503790406,45.22659415741907,5953500
2025-03-19,45.720462799072266,45.77744847813804,45.312074489856656,45.312074489856656,5319200
2025-03-20,45.49251937866211,45.83442252440024,45.38804746344976,45.82492672436655,4807700
2025-03-21,45.445037841796875,45.72996261660459,44.827709283307854,45.55900920090757,9662300
2025-03-24,45.0556526184082,45.4361880426248,44.72268003949314,45.379109724991466,4934900
2025-03-25,44.713172912597656,45.322032558838245,44.58949716286449,45.13176301211562,5214000
2025-03-26,44.475337982177734,44.81782244889808,43.90453295703706,44.71317401416799,6298500
2025-03-27,44.13285446166992,44.770256928196495,43.89501842458044,44.665608491222734,8070000
2025-03-28,43.6191291809082,44.18993786609454,43.38129313601974,44.132855908848896,3862500
2025-03-31,43.07685852050781,43.50496407973602,42.953186403800494,43.36226464605304,6231100
2025-04-01,43.143455505371094,43.419346178282815,42.601189633283866,43.39080701525398,5457000
2025-04-02,42.71534729003906,43.267124925992185,42.382374710727056,43.143449189156904,5444800
2025-04-03,42.116004943847656,43.019782590445814,41.91622354813044,42.277731703497835,8146000
2025-04-04,41.59276580810547,41.992328593856335,40.641421694500785,41.84962915426951,10632400
2025-04-07,41.8591423034668,41.92573610316785,40.57482916170093,41.05050123333124,9948200
2025-04-08,41.8591423034668,42.591677729268255,41.62130626765165,42.3538416934531,8394700
2025-04-09,43.200538635253906,43.837941116586386,41.5356863369555,41.640334776360085,11604000
2025-04-10,42.724857330322266,43.24809578534426,42.14453693091835,43.19101747005156,5364200
2025-04-11,42.924652099609375,43.1434608444515,42.563143892873875,42.90562477887219,3282900
2025-04-14,43.59058380126953,43.619122961277945,42.85804845197413,43.286153997548,5625800
2025-04-15,43.59058380126953,44.07577129594976,43.286153997548,43.619122961277945,4444900
2025-04-16,43.609619140625,43.828427875486625,43.01027126655783,43.590591820755705,7962000
2025-04-17,43.71426010131836,43.93306879871913,43.267127233666166,43.50496324767868,3543500
2025-04-22,43.99015426635742,44.21847482577761,43.39080644697218,43.9616114746125,3871500
2025-04-23,44.01869201660156,44.827333051327116,43.99015285486223,44.247012568695716,8449700
2025-04-24,46.22581100463867,46.59683463133551,44.13285321171132,44.189935165468455,13221900
2025-04-25,47.462554931640625,47.84309401015396,46.216296526234196,46.50169902057439,10397400
2025-04-28,47.87163543701172,48.32828017539063,47.491096340484404,47.57671745574856,8104100
2025-04-29,48.014339447021484,48.385363077411846,47.68136682375819,47.85260905764449,5513900
2025-04-30,42.46800231933594,44.979550297283126,42.46800231933594,44.71317509631598,34414500
2025-05-02,42.25870132446289,43.01977947431583,42.25870132446289,42.7629161431039,18290500
2025-05-05,40.46065902709961,42.001838915031506,40.19428386927455,41.849624020690136,15804300
2025-05-06,40.8602294921875,41.26930774222455,40.641420786438104,40.736553744037074,6818100
2025-05-07,39.90888595581055,41.19319904673698,39.75667104407786,41.09806608781271,9070700
2025-05-08,40.15623474121094,40.850715518629436,40.042074462083335,40.356016136956704,12632900
2025-05-09,39.75667190551758,40.460664526626566,39.75667190551758,40.43212536414886,5972700
2025-05-12,40.593849182128906,40.98390372953926,40.00401688276105,40.099153465942685,10286700
2025-05-13,41.8591423034668,42.049411857936896,40.879258997217136,40.907798160206184,11479300
2025-05-14,41.92573547363281,42.239680778157926,41.67838759689866,41.88768083749222,7012500
2025-05-15,42.0208740234375,42.296764728513956,41.716444152004975,41.7830379595627,6936800
2025-05-16,42.81047821044922,43.28615019056532,41.84010693552167,41.85913425021702,8772000
2025-05-19,42.38237380981445,42.9151277479354,42.20161975912004,42.76291285548503,3814500
2025-05-20,42.36334991455078,42.534592136017736,41.58324807413003,42.382377231279285,4196400
2025-05-21,41.33590316772461,42.44897405768394,41.021957862911556,42.201626180722926,7585500
2025-05-22,41.54519271850586,42.22064974881296,41.20271191061478,41.573735507647264,8321200
2025-05-23,41.5642204284668,41.5642204284668,40.85071238769765,41.22173961733284,5707900
2025-05-26,41.60227966308594,41.992330623351485,41.564225025721015,41.75449458345566,1926500
2025-05-27,42.420433044433594,42.601187114746715,41.821085252631605,42.087464065148986,5502100
2025-05-28,42.48703384399414,42.48703384399414,41.91622874853007,42.429951882811615,5306500
2025-05-29,41.87816619873047,42.42994386959295,41.764005927015745,42.23967795976495,6974600
2025-05-30,40.289424896240234,41.99233186315334,40.289424896240234,41.94476537958779,13668500
2025-06-02,39.81374740600586,40.289419435368366,39.5759113913246,40.289419435368366,7716100
2025-06-03,39.671051025390625,40.31796532539909,39.65202370726216,39.671051025390625,6516500
2025-06-04,41.06000900268555,41.164657428712054,39.91839541826201,40.042071160756024,12869400
2025-06-05,40.47017288208008,41.76400124682213,40.47017288208008,41.03146596298761,12056700
2025-06-06,40.49871826171875,40.90779651721811,40.42261262044129,40.47017909987592,4539700
2025-06-09,40.755584716796875,40.86974500197277,39.785213220076706,40.365533749113375,4151900
2025-06-10,40.24185562133789,41.27882085913505,40.09915618053946,41.27882085913505,5988000
2025-06-11,40.23234558105469,40.508236259695806,39.59494310381797,40.24185742589853,5025600
2025-06-12,40.203800201416016,40.565311976750024,39.575913238514715,39.95645233140207,5467300
2025-06-13,40.32748031616211,40.841207058440766,39.575917522357045,39.71862060490894,4923100
2025-06-16,40.47017288208008,41.316868424836194,40.356008994069285,40.63189961312824,5928600
2025-06-17,39.39516067504883,40.812665039829945,39.109758158991326,40.4511532506425,8397400
2025-06-18,39.82326126098633,39.99450347492695,39.423694885428404,39.52834330829094,4336700
2025-06-20,39.61397171020508,40.33699533089739,39.30003001289428,39.41419030018093,9459600
2025-06-23,39.66550827026367,39.84667518582638,38.95038489781441,39.42713381278058,6081400
2025-06-24,39.5129508972168,40.14225935347135,39.30318383666912,40.04691102025021,4735500
2025-06-25,39.87528610229492,39.96110106785879,39.198303394683414,39.579700412617996,4072000
2025-06-26,41.06715393066406,41.591577043971576,39.942026126757725,39.942026126757725,11156400
2025-06-27,40.380638122558594,41.42948808617555,40.380638122558594,40.723897978385736,6984100
2025-06-30,40.7906379699707,41.124364408942924,40.26621486564948,40.34249644163367,10282300
2025-07-01,40.523658752441406,40.99087430082522,40.39016963499051,40.69528865696561,7110200
2025-07-02,40.45691680908203,41.11482906075225,40.151797767382284,40.31389066696395,7025100
2025-07-03,40.72389221191406,40.95273329583049,40.266213681386844,40.52365853680321,6963500
2025-07-04,41.00040817260742,41.362738379555125,40.80017449402015,40.876452431779526,3488100
2025-07-07,40.361572265625,41.1052995449986,40.275757299750644,41.00041418256259,4161300
2025-07-08,38.72154998779297,40.704823712353424,38.55945345470496,40.704823712353424,11029800
2025-07-09,38.24480438232422,38.66434218214748,38.10177823106537,38.6166680108299,11678900
2025-07-10,38.04457092285156,38.36876038210561,37.36758459152572,37.60595908693881,12622900
2025-07-11,37.90154266357422,38.21619872593338,37.53921243224407,38.00642801769394,11076600
2025-07-14,37.69176483154297,38.23525825716427,37.69176483154297,37.739442628808725,5026100
2025-07-15,37.825260162353516,38.11131244382608,37.396189014756374,37.758515599958145,7131200
2025-07-16,39.20783233642578,39.37946224812709,37.853867074455195,37.996889576002424,11531300
2025-07-17,40.132728576660156,40.53319596691603,39.455745909909886,39.474816305251494,17894300
2025-07-18,40.39971160888672,40.88599765427347,40.065988744253794,40.27575948048388,13711800
2025-07-21,40.018306732177734,41.048082539461134,39.83713980916352,41.03854916118415,7733200
2025-07-22,39.39853286743164,40.285286203849964,39.39853286743164,40.04691172927097,8965700
2025-07-23,36.24245834350586,38.082709823434506,36.24245834350586,37.482008686318466,31116000
2025-07-24,34.545230865478516,36.80502002604562,34.402208352987934,36.42362302209799,30042500
2025-07-25,34.48801803588867,34.89802243265617,34.26871395066748,34.793140716746315,19069200
2025-07-28,35.188777923583984,35.188777923583984,34.48940977503464,34.58521222922465,11133300
2025-07-29,35.04507064819336,36.3480007028485,35.04507064819336,35.59115262125671,14293400
2025-07-30,35.30373764038086,35.90730326705299,34.249896143956846,35.11213275348846,18990800
2025-07-31,35.552833557128906,35.763603340297315,34.39360705896132,35.07381398056749,15042800
2025-08-01,35.61989212036133,35.754017002428625,34.81513917332861,35.706115780923014,16118400
2025-08-04,35.5145149230957,36.20430435681071,35.46661369122766,35.84024841628004,6629900
2025-08-05,35.571998596191406,35.84024841837191,35.38039001407831,35.514514925168555,5735100
2025-08-06,36.558773040771484,36.61625670421625,35.75402002569104,35.830664910284064,9789400
2025-08-07,37.363525390625,37.967091054846655,36.55877238987252,36.57793361067963,14205400
2025-08-08,36.50129318237305,37.689263434999035,36.36716827498278,37.29646749708626,7471100
2025-08-11,35.6582145690918,36.568348741832224,35.47618481084056,36.530029957394696,9567300
2025-08-12,35.073814392089844,36.07017600013897,34.98759072111195,36.07017600013897,6654500
2025-08-13,35.08339309692383,35.332485325691515,34.738498413786644,35.08339309692383,7988800
2025-08-14,34.9588508605957,35.332485551505805,34.53731128756531,34.90136719482899,5821900
2025-08-15,34.460670471191406,35.25584109011741,34.22116067621149,35.25584109011741,7183300
2025-08-18,34.882205963134766,35.02591330019658,34.56605493807994,34.63311738747428,5425600
2025-08-19,34.10619354248047,34.613956795951424,33.885844968367564,34.489410678538235,5848800
2025-08-20,34.55646896362305,34.55646896362305,33.770877218568515,34.04870942598827,7037900
2025-08-21,34.4031867980957,34.76724270969122,34.31696312573438,34.31696312573438,4723200
2025-08-22,35.92646789550781,35.974369121775965,34.42234673198623,34.63311651312125,10637800
2025-08-25,36.146812438964844,36.39590463525634,35.88814146033701,36.06058877942223,8394800
2025-08-26,36.012691497802734,36.348003735686746,35.801921717058896,36.21387884053314,13465700
2025-08-27,36.156402587890625,36.47255363722754,35.80192543714693,36.09891891772497,7509800
2025-08-28,36.2330436706543,36.71206328941454,36.06059631553023,36.40549102577835,11601700
2025-08-29,36.079750061035156,36.501285922510995,36.00310883832541,36.271358599752865,12724500
2025-09-01,36.22346496582031,36.39591232132287,35.92647148587044,36.33842865127879,4831500
2025-09-02,36.098915100097656,36.405487332633705,35.89772775773887,35.9647902051918,7248500
2025-09-03,36.261775970458984,36.27135840738995,35.84024011121873,36.185134748155704,8758100
2025-09-04,35.686954498291016,36.35758256207059,35.686954498291016,36.14681280226386,8614300
2025-09-05,36.261775970458984,36.63541426355996,35.97436499122114,35.97436499122114,6112300
2025-09-08,35.86898422241211,36.40548745852001,35.61989565310123,36.271362563150355,6063500
2025-09-09,35.42828369140625,36.05101053682936,35.4091224718178,35.69653345638657,5401000
2025-09-10,35.715694427490234,35.974365408191154,35.40912222546594,35.44744466437621,6369400
2025-09-11,35.28458786010742,35.878571180705976,35.1696205170524,35.82108750917847,6560300
2025-09-12,35.3995475769043,35.44744880382143,34.939689220167,35.09297533907943,4908900
2025-09-15,34.978004455566406,35.4761852050798,34.776817130175125,35.13129055890676,6287600
2025-09-16,35.22710037231445,35.36122527005203,34.91094569510785,35.18877792878104,6047700
2025-09-17,35.16961669921875,35.4282877110679,34.93010690913206,35.24626158626859,9531700
2025-09-18,35.188777923583984,35.39954770835726,34.88220568462069,35.265422810639485,7699800
2025-09-19,34.8247184753418,35.43786654549986,34.8247184753418,35.18877434254805,9696300
2025-09-22,35.552833557128906,35.677379670331085,34.55647196077012,34.79598174905083,17499300
2025-09-23,35.160037994384766,35.84024492264309,35.09297554538067,35.55283390482134,6867600
2025-09-24,35.34206008911133,35.53366863068419,35.06422788656213,35.198356423903405,4562300
2025-09-25,34.8247184753418,35.43786654549986,34.59479114683289,35.43786654549986,8075800
2025-09-26,34.79597854614258,35.06422831484367,34.69059366425886,34.95884708758896,4491900
2025-09-29,34.949954986572266,35.52653055989894,34.62322992808026,35.52653055989894,4873200
2025-09-30,35.16136932373047,35.35356119750516,34.83464423804003,35.17097726782941,7668000
2025-10-01,34.392608642578125,34.94035315023399,34.13315013909555,34.873086538118734,11275700
2025-10-02,34.71933364868164,34.9307414293391,34.344561477862754,34.46948309096544,8501800
2025-10-03,34.978790283203125,35.69950708574916,34.77698679251627,34.786598402706474,7971200
2025-10-06,34.28689956665039,35.14214955057008,34.15236635557382,34.98839678566042,10721600
2025-10-07,34.3349494934082,34.89230560397312,34.21002421590997,34.277290827080854,5190500
2025-10-08,34.11392593383789,34.60401170756086,34.027439777797966,34.48869805475927,6387700
2025-10-09,35.74755096435547,35.891692112609,34.21963133203669,34.21963133203669,14768200
2025-10-10,35.257469177246094,36.2088170914037,35.257469177246094,35.79560577841921,10273600
2025-10-13,36.36256790161133,36.47788157209719,35.34395342601229,35.35356503691015,11420200
2025-10-14,35.872474670410156,36.612407264030395,35.85325511832519,36.208807667510264,10186200
2025-10-15,35.958961486816406,36.37217274202078,35.82442827177408,35.9205260437723,7314800
2025-10-16,36.92953109741211,37.07367593141197,35.84365003434456,36.12232809167475,10795000
2025-10-17,38.582374572753906,39.07246038906918,36.73733763880557,36.81421585785791,28853800
2025-10-20,37.996192932128906,38.630423608830746,37.996192932128906,38.52471788508787,12463500
2025-10-21,38.12111282348633,38.41901042550623,37.84243844210253,38.09228532404273,10407600
2025-10-22,38.45744705200195,39.18777176153862,37.16976628417662,37.669463681545935,16229100
2025-10-23,39.82200622558594,40.043025615217715,38.620811499920585,38.89948955605624,15783500
2025-10-24,39.754737854003906,40.15834117015008,39.39918525736113,39.831616072605165,10015800
2025-10-27,40.043025970458984,40.69647620027845,39.879665245881824,40.36014314041052,11591400
2025-10-28,40.66764831542969,41.186565316399374,40.04302559214151,40.11990381410237,9574200
2025-10-29,40.40818786621094,41.54211592516094,40.340921258116886,40.773352071403785,12072900
2025-10-30,39.83161544799805,40.43701857984625,39.6970822333107,40.28326214505481,11980500
2025-10-31,40.456233978271484,40.51389264061968,39.822003355461824,40.08146183739602,12528200
2025-11-03,41.12890625,41.22500402651664,40.34092281134024,40.73491453067012,8375200
2025-11-04,41.08085632324219,41.50367551309612,41.061636769282224,41.12890337526455,7341200
2025-11-05,41.81118392944336,41.89767009535222,40.77335360429241,41.080859157356045,6623200
2025-11-06,42.1955680847168,42.40697952901555,41.63821563941378,41.801576362186175,11139300
2025-11-07,43.24300765991211,43.35832132059376,41.99376594955457,42.185957827860776,12825500
2025-11-10,43.59856414794922,43.61778370407279,43.20457241180474,43.43520341953211,10066300
2025-11-11,44.2327880859375,44.818971628095426,43.723482756540264,43.973329616502596,10291400
2025-11-12,43.13730239868164,44.39615573240153,42.973941683138676,44.1559167984229,10226300
2025-11-13,43.070037841796875,43.36793545379072,42.68565406282129,43.05081828627256,10736800
2025-11-14,42.704872131347656,43.20456956031413,42.483852749147054,42.89706401414326,6639800
2025-11-17,42.25322341918945,42.77213671265429,41.974545385635594,42.570336894876014,9531800
2025-11-18,41.74391555786133,42.21478547811385,41.74391555786133,42.11869137149343,7190100
2025-11-19,41.94572067260742,42.17634800373663,41.51328984454599,41.70548173099055,7656600
2025-11-21,41.532508850097656,42.147519945976526,41.023199807896795,41.76313617817459,9992100
2025-11-24,41.50367736816406,41.71508880541792,41.330705040548224,41.71508880541792,12391300
2025-11-25,41.28265380859375,41.79196279536756,41.100073554923064,41.73430413674556,4409100
2025-11-26,42.666439056396484,42.90667800679116,41.43641313766203,41.43641313766203,8639200
2025-11-27,42.330101013183594,42.887457120371,42.29166190253163,42.83941006493372,3006400
2025-11-28,42.52228927612305,42.656822486182065,41.77274501107707,42.33009740500086,7531800
2025-12-01,43.41598129272461,43.656220231411325,42.28205320886286,42.935503415351164,17188500
2025-12-02,43.82918930053711,44.14630276982412,43.12769209163947,43.43519761702597,5818500
2025-12-03,43.29105758666992,44.02138603956097,43.29105758666992,44.0117744288423,10377300
2025-12-04,44.16761016845703,44.16761016845703,43.34250244870398,43.56576684695492,7415000
2025-12-05,45.33246612548828,45.516900947082746,44.16760546065328,44.16760546065328,15748300
2025-12-08,46.37113571166992,46.45850035997915,45.04125491228746,45.04125491228746,10859600
2025-12-09,46.26435852050781,46.40996750905383,45.439250793388126,46.10904399412092,8650500
2025-12-10,47.05064010620117,47.14771029597932,46.10904371279352,46.3031877953402,4290600
2025-12-11,47.128292083740234,47.35155646635563,46.70117809564863,47.16712163801859,5154200
2025-12-12,48.06989288330078,48.06989288330078,46.5749882313365,47.27390546144768,9931700
2025-12-15,48.2252082824707,48.535837345241006,47.62336493622706,48.11842884783269,12049800
2025-12-16,48.47758865356445,48.63290317100076,47.61365141888809,47.84662504653765,10274800
2025-12-17,48.3416862487793,48.73967990920678,47.86603718540961,48.53583031061977,10202400
2025-12-18,48.535831451416016,49.176504278455106,48.118423004694634,48.18637287248741,5144100
2025-12-19,48.264034271240234,49.234750946346495,47.85633134214068,48.53583375531311,12839100
2025-12-22,47.44621276855469,48.63087345294175,46.96836634634178,48.48154858214222,6391700
2025-12-23,48.06343078613281,48.06343078613281,47.50594519005993,47.595541631941046,4886100
2025-12-26,48.53132247924805,48.53132247924805,47.76477600694246,47.80459749065369,1829300
2025-12-29,48.49150085449219,48.83993313957347,48.053475927699786,48.77024744207435,3845900
2025-12-30,48.292396545410156,48.829975173524744,48.06342871438038,48.56118585946745,4334800
2026-01-02,48.033565521240234,48.87975116682883,47.93401560914242,48.29239757124599,4801300
2026-01-05,47.86432647705078,48.640826368942484,47.83445846749579,48.043515546453484,4531300
2026-01-06,47.953922271728516,48.461636694167055,47.38647942141653,48.31230802931203,5168600
2026-01-07,47.48603057861328,47.824505576187406,47.31679118103347,47.78468409468798,4904900
2026-01-08,45.50495910644531,47.5955414777012,45.45518414946951,47.336705625289746,9557100
2026-01-09,45.89320755004883,46.171954135429715,45.45518262671553,45.54477906530481,4871300
2026-01-12,46.5402946472168,46.77921975591565,45.604512549783315,45.72397320533985,4361500
2026-01-13,46.19186782836914,46.550249808038366,45.604514203997866,46.5004748495498,5294900
2026-01-14,46.79912567138672,46.8887221104803,45.8633435945315,46.24164009265837,6175000
2026-01-15,46.23168182373047,47.13759966716908,46.02262473622593,47.13759966716908,4604100
2026-01-16,46.112220764160156,46.87876720912635,45.29589936512303,46.440742296682345,9477300
2026-01-19,46.01266860961914,46.530336461371874,45.59455066114812,46.12217578178025,5052000
2026-01-20,46.22172927856445,47.06791491500173,45.79365782551905,46.331236459239186,5987900
2026-01-21,47.37652587890625,47.77473311953753,46.44074380028416,46.789172287647254,7600400
2026-01-22,49.00917053222656,49.32773481741299,47.35661687872729,47.68513843396782,14397700
2026-01-23,49.646297454833984,50.96037603701006,48.94943668002287,49.12862955919103,9064000
2026-01-26,51.37849044799805,51.51786183375104,49.775711916667674,49.775711916667674,14664900
2026-01-27,52.46360397338867,52.84190046785632,51.35858250111847,51.76674320913321,11316600
2026-01-28,51.33867263793945,52.76225840435436,50.49248699388504,52.46360487101667,13110700
2026-01-29,51.836429595947266,53.15050817571397,51.35858318490353,51.836429595947266,9387700
2026-01-30,51.48800277709961,52.06539911840073,51.2988526224228,51.86629549128158,7212600
2026-02-02,51.71696853637695,52.154993460330196,51.08979346536439,51.53777565894479,6846500
2026-02-03,53.757774353027344,53.757774353027344,52.00567078579237,52.56315638566513,6917500
2026-02-04,51.16943359375,53.21023703176535,50.960372716618316,53.200279762690506,8893000
2026-02-05,51.97580337524414,53.03104995486049,51.19930339637857,51.21921413911689,7437700
2026-02-06,51.61741256713867,52.563151868253925,51.26898409716303,52.135080435092135,5766400
2026-02-09,53.50889205932617,53.64826344963445,51.47804203532842,51.7667420853016,7661100
2026-02-10,52.16495132446289,53.73786195835529,51.78665482361861,53.45911916698883,8866200
2026-02-11,53.349613189697266,53.73786317146102,52.39392034265019,52.81203453913861,6680100
2026-02-12,53.787635803222656,53.8274572861912,52.35409659462578,53.02108934521354,6660500
2026-02-13,53.55867004394531,54.27544157475813,52.91158800981554,53.00118445116714,7178500
2026-02-18,53.150508880615234,54.2853945965936,53.00118401132563,54.2853945965936,7766100
2026-02-19,51.13957214355469,53.75777600100161,50.62190421524213,53.1903331136868,11680200
2026-02-20,51.75679016113281,52.36405069455032,49.67616512089494,50.97033295220784,14808500
2026-02-23,51.736881256103516,52.19481693923368,50.99024550411858,51.30880978782529,5164300
2026-02-24,51.17938995361328,51.975800633201644,51.000197076007694,51.73687932811797,11974100
2026-02-25,50.05445861816406,51.18934433135516,49.735894340692376,50.90064806573664,10719400
2026-02-26,49.15849685668945,49.76576118309524,47.894193248739924,49.67616474481265,9902400
2026-02-27,49.4770622253418,49.57661213782828,48.49150138234841,49.09876572223885,7316400
2026-03-02,48.47159194946289,49.07885630575443,48.212759891456024,49.07885630575443,5402000
2026-03-03,47.187381744384766,47.963881722739,45.84343509232643,47.008188857443656,13648400
2026-03-04,47.127647399902344,48.00370105254275,46.60997950505054,47.78468668998622,6449100
2026-03-05,46.50047302246094,47.2570660330685,46.27150518434137,46.88872300003698,7897500
2026-03-06,46.4108772277832,47.137602236519676,45.972852287576316,46.390966485375735,5517900
2026-03-09,46.37105941772461,47.02809872508745,45.664241355682044,46.33123793301515,5742300
2026-03-10,46.97832107543945,47.73491411237264,45.992763990005656,46.80908545782217,5655000
2026-03-11,46.66971206665039,47.366572845415156,46.390965476593045,46.789172720911694,3420400
2026-03-12,45.614463806152344,46.59006734057215,44.877785368824505,46.520381645083994,7215300
2026-03-13,46.002716064453125,46.67966610951933,45.70406252635586,46.29141613023431,4406200
2026-03-16,45.7637939453125,47.00818683007662,45.3556332310133,47.00818683007662,5913000
2026-03-17,45.99276351928711,47.05796356511127,45.53482783180091,45.634377747311525,5780200
2026-03-18,45.95294189453125,46.54029550846667,45.723974051483324,45.94298842204475,5688200
2026-03-19,46.381011962890625,46.60997979901393,44.7483690982996,44.79814405439845,5299300
2026-03-20,45.75383758544922,46.32128044837899,45.2361696793827,46.2914162337782,10234300
2026-03-23,47.140743255615234,47.69944973098251,46.17298498042371,46.41243170011726,5584500
2026-03-24,47.34028244018555,47.49991232100932,46.41243256856095,47.140744137686696,5779900
2026-03-25,48.0685920715332,48.856766241398084,47.55976923037935,48.16835931582246,8453500
2026-03-26,47.410118103027344,48.238196882524804,47.19062559974726,47.679494228177525,4612800
2026-03-27,47.30037307739258,47.569749209524865,46.811504436291045,47.430073542317714,3314900
2026-03-30,48.936580657958984,49.644938007700205,48.268131729411316,48.64725031312051,8682700
2026-03-31,50.89204788208008,51.23126185217961,49.305724287478846,49.455378964769665,11795500
2026-04-01,50.89204788208008,51.530571206761245,50.6326507547694,51.251216062876814,12831600
2026-04-02,50.193668365478516,51.37094012799928,49.28577273226773,49.38553997754856,7547300
2026-04-06,50.50294876098633,50.79227909853186,49.95422130397419,50.193668019223416,2617700
2026-04-07,50.53288269042969,50.62267473417762,49.42544875283066,50.11385188431384,3983500
2026-04-08,52.647979736328125,52.77768020137379,51.79994291826216,52.11920647973068,10118800
2026-04-09,52.378604888916016,52.74774827677341,51.779993783964755,52.42848851334919,6218000
2026-04-10,52.75772476196289,53.2166601742013,52.18904309769433,52.37860238382505,6331700
2026-04-13,51.91967010498047,52.75772794593419,51.91967010498047,52.647981687280776,5536700
2026-04-14,51.779991149902344,52.22894755283896,50.47301894333033,52.16908872891482,11897600
2026-04-15,49.84447479248047,51.979525785033566,49.19598009424432,51.779991296884845,14915400
2026-04-16,48.2880859375,50.13380665002597,48.04863921622764,50.08392302647488,10979400
2026-04-17,48.537506103515625,49.83449929826048,48.48761867589451,48.986462505094565,9369900
2026-04-20,48.36790084838867,48.906653137722145,48.128457923713796,48.63727699305541,4448400
2026-04-22,47.08087921142578,48.81685741095061,46.5121975508296,48.16835891089288,10210700
2026-04-23,48.16836166381836,48.936581661097456,47.19062815979313,47.35025804196303,10526700
2026-04-24,47.68947219848633,48.51755483192884,47.26046617492301,48.51755483192884,5113600
2026-04-27,48.07856750488281,48.397827255195836,47.509885836770465,47.76928676257256,5188300
2026-04-28,47.1806526184082,47.88900997758291,46.90129747220957,47.58970442639833,6446500
2026-04-29,43.99802780151367,46.68181025725651,43.79849329826099,45.91359024092827,18546300
2026-04-30,44.75627136230469,45.354882467061024,43.99802657001164,44.217519084498036,11343400
2026-05-04,44.25742721557617,45.0156681970104,43.92818844600993,44.81612989477721,7037600
2026-05-05,43.43932342529297,44.636549427953334,43.36948559067647,44.16763499049119,7527400
2026-05-06,44.836082458496094,45.2451342504028,43.89825742009147,43.968095252426046,6614900
2026-05-07,44.207542419433594,44.945829170483,44.207542419433594,44.66647783828879,4182700
2026-05-08,45.41474533081055,46.46231667239908,44.60661690999143,44.70638796520919,10953200
2026-05-11,44.05788803100586,45.17529717290641,43.918212364002855,45.015667295492044,6362800
2026-05-12,43.289669036865234,44.01798060692746,42.94047986145066,43.90823435011814,7511100
2026-05-13,43.20985412597656,43.399413412143986,42.092441201340925,43.27969195803174,9255500
2026-05-14,43.6189079284668,44.36717371147091,43.47923225791295,43.758583599020646,7130800
2026-05-15,43.030269622802734,43.399412989481675,42.730964087498826,43.030269622802734,5283900
2026-05-18,42.242095947265625,43.16994578148015,41.91285719053564,43.16994578148015,6993100
2026-05-19,41.72330093383789,42.32191205479149,41.414016364681736,42.092444331563385,6814600
2026-05-20,42.481544494628906,42.80080425717848,41.713324501657574,42.15230572369409,6975500
2026-05-21,42.37179946899414,42.730967663769135,41.83304717683164,42.022606477017696,3527300
2026-05-22,42.631195068359375,43.16994734108486,41.95276712623318,42.04255917168743,4827600
2026-05-25,43.20985412597656,43.41936762214209,42.90056957982049,43.169945705980346,2514500
2026-05-26,43.33955383300781,43.33955383300781,42.5613586176831,42.900572599776865,3932200
2026-05-27,43.34953308105469,44.257428772573135,43.299649455210606,44.077844674833074,3920700
2026-05-28,43.6189079284668,43.898259269574496,43.17992290001004,43.78851301246031,4259200
2026-05-29,43.99802780151367,44.197566110643045,43.00034006174351,43.499183931628586,25788200
2026-06-01,42.900569915771484,44.75626959548695,42.74094004041297,44.44698504690889,10985100
2026-06-02,41.90288162231445,43.25973744569153,41.5337382546204,42.7808478267131,9991100
2026-06-03,41.68339157104492,42.35184432005241,41.194526721326405,41.50380747763256,6573100
2026-06-05,42.361820220947266,42.56135852868104,41.42399512223818,41.823067931829065,10064100
2026-06-08,43.898258209228516,44.25742638533517,42.22214259131513,42.45161030252182,9657900
2026-06-09,43.22980880737305,44.0678628011737,42.68107754113245,43.98804976618736,9564900
2026-06-10,42.2919807434082,43.120063356321154,41.97272098577048,43.030271311618264,7939100
2026-06-11,42.252071380615234,42.69105639199138,41.58362246729455,42.01262847066137,9103200
2026-06-12,42.511474609375,43.13003993378515,41.76320881495289,41.76320881495289,5024100
2026-06-15,42.68107986450195,43.85835169017852,42.351844892711945,43.1699485267073,6230000
2026-06-16,42.73096466064453,42.97040756974874,42.08246615389085,42.68107723252777,5226700
2026-06-17,43.6987190246582,44.287354900035766,42.501493063871045,42.52144727390308,9704200
2026-06-18,45.70407485961914,46.12310186636294,43.70869946169277,43.70869946169277,16176500
2026-06-19,45.05557632446289,46.093172444599695,44.74629176772696,45.943517767432766,10422100
2026-06-22,45.25,45.79999923706055,44.61000061035156,45.02000045776367,5109100
2026-06-23,45.709999084472656,46.13999938964844,44.43000030517578,44.959999084472656,8107300
2026-06-24,46.61000061035156,46.61000061035156,45.380001068115234,45.529998779296875,9621200
2026-06-25,46.5,47.369998931884766,46.22999954223633,46.88999938964844,7163600
2026-06-26,46.900001525878906,47.31999969482422,46.18000030517578,46.599998474121094,6014600
2026-06-29,46.790000915527344,46.900001525878906,46.0099983215332,46.900001525878906,3248800
2026-06-30,46.90999984741211,47.13999938964844,46.18000030517578,46.25,6927400
2026-07-01,46.2599983215332,47.130001068115234,46.099998474121094,46.90999984741211,4539000
2026-07-02,46.2599983215332,46.45000076293945,45.90999984741211,46.400001525878906,7406500
2026-07-03,46.47999954223633,46.900001525878906,46.27000045776367,46.29999923706055,2348100
2026-07-06,46.2599983215332,46.54999923706055,45.77000045776367,46.20000076293945,3598900
2026-07-07,45.869998931884766,46.43000030517578,45.7599983215332,46.25,4428600
2026-07-08,45.349998474121094,45.97999954223633,45.119998931884766,45.70000076293945,3293300
2026-07-09,45.7400016784668,45.939998626708984,45.15999984741211,45.5099983215332,4324900
2026-07-10,46.5099983215332,46.79999923706055,46.11000061035156,46.79999923706055,7150700
2026-07-13,44.38999938964844,46.4900016784668,44.189998626708984,46.4900016784668,10194000
2026-07-14,44.20000076293945,44.779998779296875,44.150001525878906,44.619998931884766,6736400
2026-07-15,44.2599983215332,44.369998931884766,43.209999084472656,44.209999084472656,7916900
2026-07-16,43.4900016784668,44.349998474121094,43.119998931884766,44.06999969482422,5658700
2026-07-17,43.630001068115234,44.02000045776367,43.150001525878906,43.29999923706055,8201000
2026-07-20,43.130001068115234,43.790000915527344,43.02000045776367,43.630001068115234,3975400
2026-07-21,42.470001220703125,43.34000015258789,42.459999084472656,43.09000015258789,8949800
2026-07-22,46.7400016784668,47.060001373291016,44.79999923706055,44.79999923706055,34084500
2026-07-23,45.66999816894531,46.86000061035156,44.68000030517578,46.43000030517578,13598900
2026-07-24,45.9900016784668,46.189998626708984,44.939998626708984,45.41999816894531,7721100
2026-07-27,46.400001525878906,48.4900016784668,45.470001220703125,48.04999923706055,12593500
2026-07-28,46.70000076293945,47.56999969482422,46.209999084472656,47.04999923706055,10923600
2026-07-29,45.63999938964844,46.68000030517578,45.33000183105469,46.61000061035156,6456400
2026-07-30,46.81999969482422,46.959999084472656,45.810001373291016,45.91999816894531,7612900
2026-07-31,47.20000076293945,47.77000045776367,46.90999984741211,47.0,5153000
2026-08-03,48.20000076293945,48.630001068115234,47.27000045776367,47.900001525878906,6927700
2026-08-04,49.16999816894531,49.16999816894531,48.369998931884766,48.900001525878906,6265600
2026-08-05,48.79999923706055,49.959999084472656,48.79999923706055,49.18000030517578,5897400
2026-08-06,48.400001525878906,49.130001068115234,48.25,48.79999923706055,5958300
2026-08-07,48.119998931884766,48.400001525878906,47.65999984741211,48.119998931884766,6880500
2026-08-10,47.630001068115234,48.130001068115234,47.470001220703125,47.630001068115234,3125400
2026-08-11,47.36000061035156,47.939998626708984,46.93000030517578,47.56999969482422,5572800
2026-08-12,47.63999938964844,48.08000183105469,47.36000061035156,47.36000061035156,8033500
2026-08-13,47.5,48.13999938964844,47.2400016784668,47.400001525878906,4982500
2026-08-14,47.5,47.61000061035156,46.65999984741211,47.5,7327700
2026-08-17,47.9900016784668,48.400001525878906,47.4900016784668,47.5,7151700
2026-08-18,48.470001220703125,48.52000045776367,47.599998474121094,47.84000015258789,5889600
2026-08-19,48.5099983215332,48.970001220703125,48.20000076293945,48.650001525878906,5763600
2026-08-20,48.400001525878906,49.08000183105469,47.75,48.0,5478400
2026-08-21,49.27000045776367,49.63999938964844,48.209999084472656,48.4900016784668,7851700
